record_id,status,method,prob
mimic_perform_af_001,1,sigmoid,0.9595281328870968
mimic_perform_af_001,1,sigmoid,0.9595005658645129
mimic_perform_af_001,1,sigmoid,0.9595005658645129
mimic_perform_af_001,1,sigmoid,0.9595005658645129
mimic_perform_af_001,1,sigmoid,0.9595281328870968
mimic_perform_af_001,1,sigmoid,0.9594072998469079
mimic_perform_af_001,1,sigmoid,0.9594072998469079
mimic_perform_af_001,1,sigmoid,0.9594072998469079
mimic_perform_af_001,1,sigmoid,0.9595281328870968
mimic_perform_af_001,1,sigmoid,0.9595281328870968
mimic_perform_af_001,1,sigmoid,0.9595281328870968
mimic_perform_af_001,1,sigmoid,0.8687141378417159
mimic_perform_af_001,1,sigmoid,0.881608648752693
mimic_perform_af_001,1,sigmoid,0.9575408230025448
mimic_perform_af_001,1,sigmoid,0.8899700745085439
mimic_perform_af_001,1,sigmoid,0.9593145861266414
mimic_perform_af_001,1,sigmoid,0.9594072998469079
mimic_perform_af_001,1,sigmoid,0.9595125358568416
mimic_perform_af_001,1,sigmoid,0.9595281328870968
mimic_perform_af_001,1,sigmoid,0.9595281328870968
mimic_perform_af_001,1,sigmoid,0.9593857210114066
mimic_perform_af_001,1,sigmoid,0.9594655038758674
mimic_perform_af_001,1,sigmoid,0.9592758335530371
mimic_perform_af_001,1,sigmoid,0.9546126381604212
mimic_perform_af_001,1,sigmoid,0.958761541121145
mimic_perform_af_001,1,sigmoid,0.9594072998469079
mimic_perform_af_001,1,sigmoid,0.9593898801590046
mimic_perform_af_001,1,sigmoid,0.9595281328870968
mimic_perform_af_001,1,sigmoid,0.9564937475230878
mimic_perform_af_001,1,sigmoid,0.9551502216103712
mimic_perform_af_001,1,sigmoid,0.9594831845099441
mimic_perform_af_001,1,sigmoid,0.9595281328870968
mimic_perform_af_001,1,sigmoid,0.9595281328870968
mimic_perform_af_001,1,sigmoid,0.9595281328870968
mimic_perform_af_001,1,sigmoid,0.9594072998469079
mimic_perform_af_001,1,sigmoid,0.9595005658645129
mimic_perform_af_001,1,sigmoid,0.9484938650692419
mimic_perform_af_001,1,sigmoid,0.9595005658645129
mimic_perform_af_001,1,sigmoid,0.9594497955467314
mimic_perform_af_001,1,sigmoid,0.9594072998469079
mimic_perform_af_001,1,sigmoid,0.9595281328870968
mimic_perform_af_001,1,sigmoid,0.9595281328870968
mimic_perform_af_001,1,sigmoid,0.9530802925211221
mimic_perform_af_001,1,sigmoid,0.9485670373904731
mimic_perform_af_001,1,sigmoid,0.9532668848514705
mimic_perform_af_001,1,sigmoid,0.9595005658645129
mimic_perform_af_001,1,sigmoid,0.9500920770669917
mimic_perform_af_001,1,sigmoid,0.9594221774219281
mimic_perform_af_001,1,sigmoid,0.9595383757313979
mimic_perform_af_001,1,sigmoid,0.9595005658645129
mimic_perform_af_001,1,sigmoid,0.9574986773589369
mimic_perform_af_001,1,sigmoid,0.9575275467030115
mimic_perform_af_001,1,sigmoid,0.9595281328870968
mimic_perform_af_001,1,sigmoid,0.9593898801590046
mimic_perform_af_001,1,sigmoid,0.9593947037466166
mimic_perform_af_001,1,sigmoid,0.9591030577629408
mimic_perform_af_001,1,sigmoid,0.9593796540043035
mimic_perform_af_001,1,sigmoid,0.9595005658645129
mimic_perform_af_001,1,sigmoid,0.9595005658645129
mimic_perform_af_001,1,sigmoid,0.9574967000835721
mimic_perform_af_001,1,sigmoid,0.9593898801590046
mimic_perform_af_001,1,sigmoid,0.9595107628643609
mimic_perform_af_001,1,sigmoid,0.9592306200910723
mimic_perform_af_001,1,sigmoid,0.8594013679276554
mimic_perform_af_001,1,sigmoid,0.860885184133082
mimic_perform_af_001,1,sigmoid,0.9573990242582785
mimic_perform_af_001,1,sigmoid,0.9483796108123791
mimic_perform_af_001,1,sigmoid,0.9595281328870968
mimic_perform_af_001,1,sigmoid,0.9595005658645129
mimic_perform_af_001,1,sigmoid,0.9595005658645129
mimic_perform_af_001,1,sigmoid,0.939645787190997
mimic_perform_af_001,1,sigmoid,0.9595005658645129
mimic_perform_af_001,1,sigmoid,0.9595005658645129
mimic_perform_af_001,1,sigmoid,0.9595107628643609
mimic_perform_af_001,1,sigmoid,0.9595281328870968
mimic_perform_af_001,1,sigmoid,0.8451876531005047
mimic_perform_af_001,1,sigmoid,0.9552725088413729
mimic_perform_af_001,1,sigmoid,0.9595005658645129
mimic_perform_af_001,1,sigmoid,0.9594038987862401
mimic_perform_af_001,1,sigmoid,0.9595005658645129
mimic_perform_af_001,1,sigmoid,0.9546352585317426
mimic_perform_af_001,1,sigmoid,0.9592610597619936
mimic_perform_af_001,1,sigmoid,0.9501101822357704
mimic_perform_af_001,1,sigmoid,0.9568066204228713
mimic_perform_af_001,1,sigmoid,0.9595005658645129
mimic_perform_af_001,1,sigmoid,0.9575255707111473
mimic_perform_af_001,1,sigmoid,0.9595005658645129
mimic_perform_af_001,1,sigmoid,0.9595005658645129
mimic_perform_af_001,1,sigmoid,0.9594936954927146
mimic_perform_af_001,1,sigmoid,0.9592574946273061
mimic_perform_af_001,1,sigmoid,0.9574981450778096
mimic_perform_af_001,1,sigmoid,0.9595005658645129
mimic_perform_af_001,1,sigmoid,0.9595281328870968
mimic_perform_af_001,1,sigmoid,0.9595032771945435
mimic_perform_af_001,1,sigmoid,0.9595281328870968
mimic_perform_af_001,1,sigmoid,0.9593825149790506
mimic_perform_af_001,1,sigmoid,0.9595005658645129
mimic_perform_af_001,1,sigmoid,0.9593234925560691
mimic_perform_af_001,1,sigmoid,0.9595232287919399
mimic_perform_af_001,1,sigmoid,0.9595281328870968
mimic_perform_af_001,1,sigmoid,0.9593898801590046
mimic_perform_af_001,1,sigmoid,0.9116683598765315
mimic_perform_af_001,1,sigmoid,0.9573001702492763
mimic_perform_af_001,1,sigmoid,0.9595253324192072
mimic_perform_af_001,1,sigmoid,0.9573450336180795
mimic_perform_af_001,1,sigmoid,0.9595281328870968
mimic_perform_af_001,1,sigmoid,0.9594400619022745
mimic_perform_af_001,1,sigmoid,0.9575255707111473
mimic_perform_af_001,1,sigmoid,0.9594072998469079
mimic_perform_af_001,1,sigmoid,0.9594072998469079
mimic_perform_af_001,1,sigmoid,0.9595281328870968
mimic_perform_af_001,1,sigmoid,0.9584229391598689
mimic_perform_af_001,1,sigmoid,0.9595212669945119
mimic_perform_af_001,1,sigmoid,0.9595281328870968
mimic_perform_af_001,1,sigmoid,0.9595281328870968
mimic_perform_af_001,1,sigmoid,0.9595281328870968
mimic_perform_af_001,1,sigmoid,0.9595031701875345
mimic_perform_af_001,1,sigmoid,0.9574994275577862
mimic_perform_af_001,1,isotonic,1.0
mimic_perform_af_001,1,isotonic,1.0
mimic_perform_af_001,1,isotonic,1.0
mimic_perform_af_001,1,isotonic,1.0
mimic_perform_af_001,1,isotonic,1.0
mimic_perform_af_001,1,isotonic,1.0
mimic_perform_af_001,1,isotonic,1.0
mimic_perform_af_001,1,isotonic,1.0
mimic_perform_af_001,1,isotonic,1.0
mimic_perform_af_001,1,isotonic,1.0
mimic_perform_af_001,1,isotonic,1.0
mimic_perform_af_001,1,isotonic,0.6554621848739496
mimic_perform_af_001,1,isotonic,0.6818181818181818
mimic_perform_af_001,1,isotonic,0.9946236559139785
mimic_perform_af_001,1,isotonic,0.7582417582417582
mimic_perform_af_001,1,isotonic,1.0
mimic_perform_af_001,1,isotonic,1.0
mimic_perform_af_001,1,isotonic,1.0
mimic_perform_af_001,1,isotonic,1.0
mimic_perform_af_001,1,isotonic,1.0
mimic_perform_af_001,1,isotonic,1.0
mimic_perform_af_001,1,isotonic,1.0
mimic_perform_af_001,1,isotonic,1.0
mimic_perform_af_001,1,isotonic,0.9877300613496932
mimic_perform_af_001,1,isotonic,0.9946236559139785
mimic_perform_af_001,1,isotonic,1.0
mimic_perform_af_001,1,isotonic,1.0
mimic_perform_af_001,1,isotonic,1.0
mimic_perform_af_001,1,isotonic,0.9877300613496932
mimic_perform_af_001,1,isotonic,0.9877300613496932
mimic_perform_af_001,1,isotonic,1.0
mimic_perform_af_001,1,isotonic,1.0
mimic_perform_af_001,1,isotonic,1.0
mimic_perform_af_001,1,isotonic,1.0
mimic_perform_af_001,1,isotonic,1.0
mimic_perform_af_001,1,isotonic,1.0
mimic_perform_af_001,1,isotonic,0.8870967741935484
mimic_perform_af_001,1,isotonic,1.0
mimic_perform_af_001,1,isotonic,1.0
mimic_perform_af_001,1,isotonic,1.0
mimic_perform_af_001,1,isotonic,1.0
mimic_perform_af_001,1,isotonic,1.0
mimic_perform_af_001,1,isotonic,0.9821428571428571
mimic_perform_af_001,1,isotonic,0.8870967741935484
mimic_perform_af_001,1,isotonic,0.9821428571428571
mimic_perform_af_001,1,isotonic,1.0
mimic_perform_af_001,1,isotonic,0.9615384615384616
mimic_perform_af_001,1,isotonic,1.0
mimic_perform_af_001,1,isotonic,1.0
mimic_perform_af_001,1,isotonic,1.0
mimic_perform_af_001,1,isotonic,0.9946236559139785
mimic_perform_af_001,1,isotonic,0.9946236559139785
mimic_perform_af_001,1,isotonic,1.0
mimic_perform_af_001,1,isotonic,1.0
mimic_perform_af_001,1,isotonic,1.0
mimic_perform_af_001,1,isotonic,0.9986450935168636
mimic_perform_af_001,1,isotonic,1.0
mimic_perform_af_001,1,isotonic,1.0
mimic_perform_af_001,1,isotonic,1.0
mimic_perform_af_001,1,isotonic,0.9946236559139785
mimic_perform_af_001,1,isotonic,1.0
mimic_perform_af_001,1,isotonic,1.0
mimic_perform_af_001,1,isotonic,1.0
mimic_perform_af_001,1,isotonic,0.6554621848739496
mimic_perform_af_001,1,isotonic,0.6554621848739496
mimic_perform_af_001,1,isotonic,0.9946236559139785
mimic_perform_af_001,1,isotonic,0.8870967741935484
mimic_perform_af_001,1,isotonic,1.0
mimic_perform_af_001,1,isotonic,1.0
mimic_perform_af_001,1,isotonic,1.0
mimic_perform_af_001,1,isotonic,0.8640350877192983
mimic_perform_af_001,1,isotonic,1.0
mimic_perform_af_001,1,isotonic,1.0
mimic_perform_af_001,1,isotonic,1.0
mimic_perform_af_001,1,isotonic,1.0
mimic_perform_af_001,1,isotonic,0.6554621848739496
mimic_perform_af_001,1,isotonic,0.9877300613496932
mimic_perform_af_001,1,isotonic,1.0
mimic_perform_af_001,1,isotonic,1.0
mimic_perform_af_001,1,isotonic,1.0
mimic_perform_af_001,1,isotonic,0.9877300613496932
mimic_perform_af_001,1,isotonic,1.0
mimic_perform_af_001,1,isotonic,0.9615384615384616
mimic_perform_af_001,1,isotonic,0.9877300613496932
mimic_perform_af_001,1,isotonic,1.0
mimic_perform_af_001,1,isotonic,0.9946236559139785
mimic_perform_af_001,1,isotonic,1.0
mimic_perform_af_001,1,isotonic,1.0
mimic_perform_af_001,1,isotonic,1.0
mimic_perform_af_001,1,isotonic,1.0
mimic_perform_af_001,1,isotonic,0.9946236559139785
mimic_perform_af_001,1,isotonic,1.0
mimic_perform_af_001,1,isotonic,1.0
mimic_perform_af_001,1,isotonic,1.0
mimic_perform_af_001,1,isotonic,1.0
mimic_perform_af_001,1,isotonic,1.0
mimic_perform_af_001,1,isotonic,1.0
mimic_perform_af_001,1,isotonic,1.0
mimic_perform_af_001,1,isotonic,1.0
mimic_perform_af_001,1,isotonic,1.0
mimic_perform_af_001,1,isotonic,1.0
mimic_perform_af_001,1,isotonic,0.8048780487804879
mimic_perform_af_001,1,isotonic,0.9946236559139785
mimic_perform_af_001,1,isotonic,1.0
mimic_perform_af_001,1,isotonic,0.9946236559139785
mimic_perform_af_001,1,isotonic,1.0
mimic_perform_af_001,1,isotonic,1.0
mimic_perform_af_001,1,isotonic,0.9946236559139785
mimic_perform_af_001,1,isotonic,1.0
mimic_perform_af_001,1,isotonic,1.0
mimic_perform_af_001,1,isotonic,1.0
mimic_perform_af_001,1,isotonic,0.9946236559139785
mimic_perform_af_001,1,isotonic,1.0
mimic_perform_af_001,1,isotonic,1.0
mimic_perform_af_001,1,isotonic,1.0
mimic_perform_af_001,1,isotonic,1.0
mimic_perform_af_001,1,isotonic,1.0
mimic_perform_af_001,1,isotonic,0.9946236559139785
mimic_perform_af_001,1,raw,0.9997999687819866
mimic_perform_af_001,1,raw,0.9997060720683715
mimic_perform_af_001,1,raw,0.9997060720683715
mimic_perform_af_001,1,raw,0.9997060720683715
mimic_perform_af_001,1,raw,0.9997999687819866
mimic_perform_af_001,1,raw,0.9993888496547351
mimic_perform_af_001,1,raw,0.9993888496547351
mimic_perform_af_001,1,raw,0.9993888496547351
mimic_perform_af_001,1,raw,0.9997999687819866
mimic_perform_af_001,1,raw,0.9997999687819866
mimic_perform_af_001,1,raw,0.9997999687819866
mimic_perform_af_001,1,raw,0.8309383263003093
mimic_perform_af_001,1,raw,0.8465669315816144
mimic_perform_af_001,1,raw,0.9931829321753977
mimic_perform_af_001,1,raw,0.8575072188328371
mimic_perform_af_001,1,raw,0.9990741968233597
mimic_perform_af_001,1,raw,0.9993888496547351
mimic_perform_af_001,1,raw,0.9997468358316964
mimic_perform_af_001,1,raw,0.9997999687819866
mimic_perform_af_001,1,raw,0.9997999687819866
mimic_perform_af_001,1,raw,0.9993155537633165
mimic_perform_af_001,1,raw,0.9995867349699952
mimic_perform_af_001,1,raw,0.99894288135222
mimic_perform_af_001,1,raw,0.9839534345339613
mimic_perform_af_001,1,raw,0.9972114081430311
mimic_perform_af_001,1,raw,0.9993888496547351
mimic_perform_af_001,1,raw,0.9993296780571018
mimic_perform_af_001,1,raw,0.9997999687819866
mimic_perform_af_001,1,raw,0.9898147309163484
mimic_perform_af_001,1,raw,0.985604480379043
mimic_perform_af_001,1,raw,0.9996469004707383
mimic_perform_af_001,1,raw,0.9997999687819866
mimic_perform_af_001,1,raw,0.9997999687819866
mimic_perform_af_001,1,raw,0.9997999687819866
mimic_perform_af_001,1,raw,0.9993888496547351
mimic_perform_af_001,1,raw,0.9997060720683715
mimic_perform_af_001,1,raw,0.9663689313613969
mimic_perform_af_001,1,raw,0.9997060720683715
mimic_perform_af_001,1,raw,0.9995333021153198
mimic_perform_af_001,1,raw,0.9993888496547351
mimic_perform_af_001,1,raw,0.9997999687819866
mimic_perform_af_001,1,raw,0.9997999687819866
mimic_perform_af_001,1,raw,0.9793474288696854
mimic_perform_af_001,1,raw,0.9665672476444152
mimic_perform_af_001,1,raw,0.9799005809777485
mimic_perform_af_001,1,raw,0.9997060720683715
mimic_perform_af_001,1,raw,0.9707624574193089
mimic_perform_af_001,1,raw,0.9994394054017048
mimic_perform_af_001,1,raw,0.9998348727959481
mimic_perform_af_001,1,raw,0.9997060720683715
mimic_perform_af_001,1,raw,0.9930458342027333
mimic_perform_af_001,1,raw,0.9931397309163484
mimic_perform_af_001,1,raw,0.9997999687819866
mimic_perform_af_001,1,raw,0.9993296780571018
mimic_perform_af_001,1,raw,0.9993460604968618
mimic_perform_af_001,1,raw,0.9983588720892191
mimic_perform_af_001,1,raw,0.9992949529411199
mimic_perform_af_001,1,raw,0.9997060720683715
mimic_perform_af_001,1,raw,0.9997060720683715
mimic_perform_af_001,1,raw,0.9930394054017048
mimic_perform_af_001,1,raw,0.9993296780571018
mimic_perform_af_001,1,raw,0.9997407971843533
mimic_perform_af_001,1,raw,0.9987898239192685
mimic_perform_af_001,1,raw,0.8204442993820081
mimic_perform_af_001,1,raw,0.8220763836942079
mimic_perform_af_001,1,raw,0.9927221829880684
mimic_perform_af_001,1,raw,0.9660598043772698
mimic_perform_af_001,1,raw,0.9997999687819866
mimic_perform_af_001,1,raw,0.9997060720683715
mimic_perform_af_001,1,raw,0.9997060720683715
mimic_perform_af_001,1,raw,0.9441527502339401
mimic_perform_af_001,1,raw,0.9997060720683715
mimic_perform_af_001,1,raw,0.9997060720683715
mimic_perform_af_001,1,raw,0.9997407971843533
mimic_perform_af_001,1,raw,0.9997999687819866
mimic_perform_af_001,1,raw,0.8054949666700276
mimic_perform_af_001,1,raw,0.9859826852989922
mimic_perform_af_001,1,raw,0.9997060720683715
mimic_perform_af_001,1,raw,0.9993772949432108
mimic_perform_af_001,1,raw,0.9997060720683715
mimic_perform_af_001,1,raw,0.9840225306793818
mimic_perform_af_001,1,raw,0.998892850956769
mimic_perform_af_001,1,raw,0.9708129880995783
mimic_perform_af_001,1,raw,0.9908129880995783
mimic_perform_af_001,1,raw,0.9997060720683715
mimic_perform_af_001,1,raw,0.9931333021153199
mimic_perform_af_001,1,raw,0.9997060720683715
mimic_perform_af_001,1,raw,0.9997060720683715
mimic_perform_af_001,1,raw,0.9996826802555059
mimic_perform_af_001,1,raw,0.9988807804830395
mimic_perform_af_001,1,raw,0.9930441035459378
mimic_perform_af_001,1,raw,0.9997060720683715
mimic_perform_af_001,1,raw,0.9997999687819866
mimic_perform_af_001,1,raw,0.9997153044814837
mimic_perform_af_001,1,raw,0.9997999687819866
mimic_perform_af_001,1,raw,0.9993046671549775
mimic_perform_af_001,1,raw,0.9997060720683715
mimic_perform_af_001,1,raw,0.9991043937316353
mimic_perform_af_001,1,raw,0.9997832603442254
mimic_perform_af_001,1,raw,0.9997999687819866
mimic_perform_af_001,1,raw,0.9993296780571018
mimic_perform_af_001,1,raw,0.8897583010839194
mimic_perform_af_001,1,raw,0.9924018409838585
mimic_perform_af_001,1,raw,0.9997904272444312
mimic_perform_af_001,1,raw,0.9925471353534033
mimic_perform_af_001,1,raw,0.9997999687819866
mimic_perform_af_001,1,raw,0.9995002024676505
mimic_perform_af_001,1,raw,0.9931333021153199
mimic_perform_af_001,1,raw,0.9993888496547351
mimic_perform_af_001,1,raw,0.9993888496547351
mimic_perform_af_001,1,raw,0.9997999687819866
mimic_perform_af_001,1,raw,0.996082680255506
mimic_perform_af_001,1,raw,0.999776576969121
mimic_perform_af_001,1,raw,0.9997999687819866
mimic_perform_af_001,1,raw,0.9997999687819866
mimic_perform_af_001,1,raw,0.9997999687819866
mimic_perform_af_001,1,raw,0.9997149400982003
mimic_perform_af_001,1,raw,0.9930482734315338
mimic_perform_af_002,1,sigmoid,0.9591063950716058
mimic_perform_af_002,1,sigmoid,0.9491287212454327
mimic_perform_af_002,1,sigmoid,0.945611901359003
mimic_perform_af_002,1,sigmoid,0.9529196954376241
mimic_perform_af_002,1,sigmoid,0.9561640683263368
mimic_perform_af_002,1,sigmoid,0.9590065506322966
mimic_perform_af_002,1,sigmoid,0.9473297951575511
mimic_perform_af_002,1,sigmoid,0.955688512679742
mimic_perform_af_002,1,sigmoid,0.9589769506690162
mimic_perform_af_002,1,sigmoid,0.9536137247323754
mimic_perform_af_002,1,sigmoid,0.9592423208473705
mimic_perform_af_002,1,sigmoid,0.9593776293804807
mimic_perform_af_002,1,sigmoid,0.9593145059595499
mimic_perform_af_002,1,sigmoid,0.9592515864417585
mimic_perform_af_002,1,sigmoid,0.9582008441542892
mimic_perform_af_002,1,sigmoid,0.9533903475682876
mimic_perform_af_002,1,sigmoid,0.958094149155367
mimic_perform_af_002,1,sigmoid,0.958200047059856
mimic_perform_af_002,1,sigmoid,0.9585886566886428
mimic_perform_af_002,1,sigmoid,0.9517434277279677
mimic_perform_af_002,1,sigmoid,0.9590667653557308
mimic_perform_af_002,1,sigmoid,0.9591174359923508
mimic_perform_af_002,1,sigmoid,0.9592376417471329
mimic_perform_af_002,1,sigmoid,0.959196030006001
mimic_perform_af_002,1,sigmoid,0.9477432276632214
mimic_perform_af_002,1,sigmoid,0.8305918672456822
mimic_perform_af_002,1,sigmoid,0.916957719228984
mimic_perform_af_002,1,sigmoid,0.9413108299406608
mimic_perform_af_002,1,sigmoid,0.958875369188539
mimic_perform_af_002,1,sigmoid,0.9586369307749709
mimic_perform_af_002,1,sigmoid,0.9550607321035006
mimic_perform_af_002,1,sigmoid,0.9593889521253655
mimic_perform_af_002,1,sigmoid,0.9590508362194742
mimic_perform_af_002,1,sigmoid,0.9590735363294731
mimic_perform_af_002,1,sigmoid,0.9592515864417585
mimic_perform_af_002,1,sigmoid,0.9592532810529864
mimic_perform_af_002,1,sigmoid,0.957160844166588
mimic_perform_af_002,1,sigmoid,0.9129339328959705
mimic_perform_af_002,1,sigmoid,0.9480624197406146
mimic_perform_af_002,1,sigmoid,0.8493512706753139
mimic_perform_af_002,1,sigmoid,0.9534010557969932
mimic_perform_af_002,1,sigmoid,0.9581910573992285
mimic_perform_af_002,1,sigmoid,0.9555917011464753
mimic_perform_af_002,1,sigmoid,0.9584714413301233
mimic_perform_af_002,1,sigmoid,0.958730384328142
mimic_perform_af_002,1,sigmoid,0.9589994919315586
mimic_perform_af_002,1,sigmoid,0.9580631152275788
mimic_perform_af_002,1,sigmoid,0.9502845970106055
mimic_perform_af_002,1,sigmoid,0.9593317740526346
mimic_perform_af_002,1,sigmoid,0.9577999268835395
mimic_perform_af_002,1,sigmoid,0.9592257328071274
mimic_perform_af_002,1,sigmoid,0.9591848797631615
mimic_perform_af_002,1,sigmoid,0.9581004375702442
mimic_perform_af_002,1,sigmoid,0.9590360165633873
mimic_perform_af_002,1,sigmoid,0.9591376712418879
mimic_perform_af_002,1,sigmoid,0.9591613684268872
mimic_perform_af_002,1,sigmoid,0.959224951101703
mimic_perform_af_002,1,sigmoid,0.9592515864417585
mimic_perform_af_002,1,sigmoid,0.9592532810529864
mimic_perform_af_002,1,sigmoid,0.9591701426228368
mimic_perform_af_002,1,sigmoid,0.959202751934737
mimic_perform_af_002,1,sigmoid,0.959224951101703
mimic_perform_af_002,1,sigmoid,0.9591675519522384
mimic_perform_af_002,1,sigmoid,0.9565923825551991
mimic_perform_af_002,1,sigmoid,0.9564404272492001
mimic_perform_af_002,1,sigmoid,0.9587535772909493
mimic_perform_af_002,1,sigmoid,0.9592250163860493
mimic_perform_af_002,1,sigmoid,0.9586786562550532
mimic_perform_af_002,1,sigmoid,0.9587702698464922
mimic_perform_af_002,1,sigmoid,0.9585748727642225
mimic_perform_af_002,1,sigmoid,0.9578514979866717
mimic_perform_af_002,1,sigmoid,0.9354802344454598
mimic_perform_af_002,1,sigmoid,0.9572494560100229
mimic_perform_af_002,1,sigmoid,0.9561924668886941
mimic_perform_af_002,1,sigmoid,0.9578920973577891
mimic_perform_af_002,1,sigmoid,0.9548747882645742
mimic_perform_af_002,1,sigmoid,0.9577021771604994
mimic_perform_af_002,1,sigmoid,0.9574194321469198
mimic_perform_af_002,1,sigmoid,0.9573897459675133
mimic_perform_af_002,1,sigmoid,0.9550411615762161
mimic_perform_af_002,1,sigmoid,0.9593224607836942
mimic_perform_af_002,1,sigmoid,0.9577035345930063
mimic_perform_af_002,1,sigmoid,0.9351352389271255
mimic_perform_af_002,1,sigmoid,0.9582365534921269
mimic_perform_af_002,1,sigmoid,0.9574929842823896
mimic_perform_af_002,1,sigmoid,0.9589613472668334
mimic_perform_af_002,1,sigmoid,0.9588145810237911
mimic_perform_af_002,1,sigmoid,0.9580887539965063
mimic_perform_af_002,1,sigmoid,0.9578883538063641
mimic_perform_af_002,1,sigmoid,0.9564257511745966
mimic_perform_af_002,1,sigmoid,0.959196030006001
mimic_perform_af_002,1,sigmoid,0.9593624027710279
mimic_perform_af_002,1,sigmoid,0.9564223142229151
mimic_perform_af_002,1,sigmoid,0.9540059135639521
mimic_perform_af_002,1,sigmoid,0.9567387831504717
mimic_perform_af_002,1,sigmoid,0.9591675519522384
mimic_perform_af_002,1,sigmoid,0.9593111518673267
mimic_perform_af_002,1,sigmoid,0.9590998208132726
mimic_perform_af_002,1,sigmoid,0.9582173309051853
mimic_perform_af_002,1,sigmoid,0.9550975391323119
mimic_perform_af_002,1,sigmoid,0.9254858595083869
mimic_perform_af_002,1,sigmoid,0.9577482851363341
mimic_perform_af_002,1,sigmoid,0.9550016921185146
mimic_perform_af_002,1,sigmoid,0.9577006589448978
mimic_perform_af_002,1,sigmoid,0.9559265004592261
mimic_perform_af_002,1,sigmoid,0.9222522852643991
mimic_perform_af_002,1,sigmoid,0.9580241375392384
mimic_perform_af_002,1,sigmoid,0.9593631819529771
mimic_perform_af_002,1,sigmoid,0.9590890353616509
mimic_perform_af_002,1,sigmoid,0.9563131795243069
mimic_perform_af_002,1,sigmoid,0.9593495846279578
mimic_perform_af_002,1,sigmoid,0.9285646910331756
mimic_perform_af_002,1,sigmoid,0.9578514979866717
mimic_perform_af_002,1,sigmoid,0.9590285463080307
mimic_perform_af_002,1,sigmoid,0.9593352663805191
mimic_perform_af_002,1,sigmoid,0.9593419663441167
mimic_perform_af_002,1,sigmoid,0.9443114179071499
mimic_perform_af_002,1,sigmoid,0.9592359810472827
mimic_perform_af_002,1,isotonic,0.9864864864864865
mimic_perform_af_002,1,isotonic,0.9212962962962963
mimic_perform_af_002,1,isotonic,0.9212962962962963
mimic_perform_af_002,1,isotonic,0.9487179487179487
mimic_perform_af_002,1,isotonic,0.9803921568627451
mimic_perform_af_002,1,isotonic,0.9864864864864865
mimic_perform_af_002,1,isotonic,0.9212962962962963
mimic_perform_af_002,1,isotonic,0.9803921568627451
mimic_perform_af_002,1,isotonic,0.9864864864864865
mimic_perform_af_002,1,isotonic,0.9487179487179487
mimic_perform_af_002,1,isotonic,1.0
mimic_perform_af_002,1,isotonic,1.0
mimic_perform_af_002,1,isotonic,1.0
mimic_perform_af_002,1,isotonic,1.0
mimic_perform_af_002,1,isotonic,0.9864864864864865
mimic_perform_af_002,1,isotonic,0.9487179487179487
mimic_perform_af_002,1,isotonic,0.9864864864864865
mimic_perform_af_002,1,isotonic,0.9864864864864865
mimic_perform_af_002,1,isotonic,0.9864864864864865
mimic_perform_af_002,1,isotonic,0.9487179487179487
mimic_perform_af_002,1,isotonic,0.9864864864864865
mimic_perform_af_002,1,isotonic,0.9864864864864865
mimic_perform_af_002,1,isotonic,1.0
mimic_perform_af_002,1,isotonic,1.0
mimic_perform_af_002,1,isotonic,0.9212962962962963
mimic_perform_af_002,1,isotonic,0.6666666666666666
mimic_perform_af_002,1,isotonic,0.7205046057754688
mimic_perform_af_002,1,isotonic,0.9212962962962963
mimic_perform_af_002,1,isotonic,0.9864864864864865
mimic_perform_af_002,1,isotonic,0.9864864864864865
mimic_perform_af_002,1,isotonic,0.9803921568627451
mimic_perform_af_002,1,isotonic,1.0
mimic_perform_af_002,1,isotonic,0.9864864864864865
mimic_perform_af_002,1,isotonic,0.9864864864864865
mimic_perform_af_002,1,isotonic,1.0
mimic_perform_af_002,1,isotonic,1.0
mimic_perform_af_002,1,isotonic,0.9803921568627451
mimic_perform_af_002,1,isotonic,0.7024793388429752
mimic_perform_af_002,1,isotonic,0.9212962962962963
mimic_perform_af_002,1,isotonic,0.6666666666666666
mimic_perform_af_002,1,isotonic,0.9487179487179487
mimic_perform_af_002,1,isotonic,0.9864864864864865
mimic_perform_af_002,1,isotonic,0.9803921568627451
mimic_perform_af_002,1,isotonic,0.9864864864864865
mimic_perform_af_002,1,isotonic,0.9864864864864865
mimic_perform_af_002,1,isotonic,0.9864864864864865
mimic_perform_af_002,1,isotonic,0.9864864864864865
mimic_perform_af_002,1,isotonic,0.9212962962962963
mimic_perform_af_002,1,isotonic,1.0
mimic_perform_af_002,1,isotonic,0.9803921568627451
mimic_perform_af_002,1,isotonic,1.0
mimic_perform_af_002,1,isotonic,0.9864864864864865
mimic_perform_af_002,1,isotonic,0.9864864864864865
mimic_perform_af_002,1,isotonic,0.9864864864864865
mimic_perform_af_002,1,isotonic,0.9864864864864865
mimic_perform_af_002,1,isotonic,0.9864864864864865
mimic_perform_af_002,1,isotonic,1.0
mimic_perform_af_002,1,isotonic,1.0
mimic_perform_af_002,1,isotonic,1.0
mimic_perform_af_002,1,isotonic,0.9864864864864865
mimic_perform_af_002,1,isotonic,1.0
mimic_perform_af_002,1,isotonic,1.0
mimic_perform_af_002,1,isotonic,0.9864864864864865
mimic_perform_af_002,1,isotonic,0.9803921568627451
mimic_perform_af_002,1,isotonic,0.9803921568627451
mimic_perform_af_002,1,isotonic,0.9864864864864865
mimic_perform_af_002,1,isotonic,1.0
mimic_perform_af_002,1,isotonic,0.9864864864864865
mimic_perform_af_002,1,isotonic,0.9864864864864865
mimic_perform_af_002,1,isotonic,0.9864864864864865
mimic_perform_af_002,1,isotonic,0.9859633253216915
mimic_perform_af_002,1,isotonic,0.8611111111111112
mimic_perform_af_002,1,isotonic,0.9803921568627451
mimic_perform_af_002,1,isotonic,0.9803921568627451
mimic_perform_af_002,1,isotonic,0.9864864864864865
mimic_perform_af_002,1,isotonic,0.9803921568627451
mimic_perform_af_002,1,isotonic,0.9803921568627451
mimic_perform_af_002,1,isotonic,0.9803921568627451
mimic_perform_af_002,1,isotonic,0.9803921568627451
mimic_perform_af_002,1,isotonic,0.9803921568627451
mimic_perform_af_002,1,isotonic,1.0
mimic_perform_af_002,1,isotonic,0.9803921568627451
mimic_perform_af_002,1,isotonic,0.8611111111111112
mimic_perform_af_002,1,isotonic,0.9864864864864865
mimic_perform_af_002,1,isotonic,0.9803921568627451
mimic_perform_af_002,1,isotonic,0.9864864864864865
mimic_perform_af_002,1,isotonic,0.9864864864864865
mimic_perform_af_002,1,isotonic,0.9864864864864865
mimic_perform_af_002,1,isotonic,0.9864864864864865
mimic_perform_af_002,1,isotonic,0.9803921568627451
mimic_perform_af_002,1,isotonic,1.0
mimic_perform_af_002,1,isotonic,1.0
mimic_perform_af_002,1,isotonic,0.9803921568627451
mimic_perform_af_002,1,isotonic,0.9487179487179487
mimic_perform_af_002,1,isotonic,0.9803921568627451
mimic_perform_af_002,1,isotonic,0.9864864864864865
mimic_perform_af_002,1,isotonic,1.0
mimic_perform_af_002,1,isotonic,0.9864864864864865
mimic_perform_af_002,1,isotonic,0.9864864864864865
mimic_perform_af_002,1,isotonic,0.9803921568627451
mimic_perform_af_002,1,isotonic,0.7692307692307693
mimic_perform_af_002,1,isotonic,0.9803921568627451
mimic_perform_af_002,1,isotonic,0.9803921568627451
mimic_perform_af_002,1,isotonic,0.9803921568627451
mimic_perform_af_002,1,isotonic,0.9803921568627451
mimic_perform_af_002,1,isotonic,0.7407407407407407
mimic_perform_af_002,1,isotonic,0.9864864864864865
mimic_perform_af_002,1,isotonic,1.0
mimic_perform_af_002,1,isotonic,0.9864864864864865
mimic_perform_af_002,1,isotonic,0.9803921568627451
mimic_perform_af_002,1,isotonic,1.0
mimic_perform_af_002,1,isotonic,0.8611111111111112
mimic_perform_af_002,1,isotonic,0.9859633253216915
mimic_perform_af_002,1,isotonic,0.9864864864864865
mimic_perform_af_002,1,isotonic,1.0
mimic_perform_af_002,1,isotonic,1.0
mimic_perform_af_002,1,isotonic,0.9212962962962963
mimic_perform_af_002,1,isotonic,1.0
mimic_perform_af_002,1,raw,0.9989225646633796
mimic_perform_af_002,1,raw,0.9689225646633796
mimic_perform_af_002,1,raw,0.9596702282147814
mimic_perform_af_002,1,raw,0.9796003907276071
mimic_perform_af_002,1,raw,0.9894088111905197
mimic_perform_af_002,1,raw,0.998589143378819
mimic_perform_af_002,1,raw,0.9641168753132611
mimic_perform_af_002,1,raw,0.9879286806308228
mimic_perform_af_002,1,raw,0.9984904464236591
mimic_perform_af_002,1,raw,0.9816432727902173
mimic_perform_af_002,1,raw,0.9993777311594397
mimic_perform_af_002,1,raw,0.9998322766139851
mimic_perform_af_002,1,raw,0.999620044345364
mimic_perform_af_002,1,raw,0.9994088111905196
mimic_perform_af_002,1,raw,0.9959266532156874
mimic_perform_af_002,1,raw,0.9809826056991275
mimic_perform_af_002,1,raw,0.9955777627150387
mimic_perform_af_002,1,raw,0.9959240435767669
mimic_perform_af_002,1,raw,0.997202007845351
mimic_perform_af_002,1,raw,0.9762025209681982
mimic_perform_af_002,1,raw,0.9987901317112378
mimic_perform_af_002,1,raw,0.9989594826415396
mimic_perform_af_002,1,raw,0.999362038398167
mimic_perform_af_002,1,raw,0.999222556811317
mimic_perform_af_002,1,raw,0.9652074421706849
mimic_perform_af_002,1,raw,0.7936794187110381
mimic_perform_af_002,1,raw,0.9001408996162769
mimic_perform_af_002,1,raw,0.9490922259701126
mimic_perform_af_002,1,raw,0.9981522547264029
mimic_perform_af_002,1,raw,0.9973615602826663
mimic_perform_af_002,1,raw,0.9859977895423429
mimic_perform_af_002,1,raw,0.9998703791169754
mimic_perform_af_002,1,raw,0.9987369349608829
mimic_perform_af_002,1,raw,0.998812749975665
mimic_perform_af_002,1,raw,0.9994088111905196
mimic_perform_af_002,1,raw,0.9994144962388427
mimic_perform_af_002,1,raw,0.9925615751929733
mimic_perform_af_002,1,raw,0.8933595403491053
mimic_perform_af_002,1,raw,0.9660550092009548
mimic_perform_af_002,1,raw,0.8119973846665737
mimic_perform_af_002,1,raw,0.9810142078863855
mimic_perform_af_002,1,raw,0.9958946152667743
mimic_perform_af_002,1,raw,0.9876292190799734
mimic_perform_af_002,1,raw,0.9968153345243893
mimic_perform_af_002,1,raw,0.9976709440107793
mimic_perform_af_002,1,raw,0.9985656009314464
mimic_perform_af_002,1,raw,0.9954764418635638
mimic_perform_af_002,1,raw,0.9720959880142224
mimic_perform_af_002,1,raw,0.9996780714246677
mimic_perform_af_002,1,raw,0.994620044345364
mimic_perform_af_002,1,raw,0.9993221059882076
mimic_perform_af_002,1,raw,0.9991852045936735
mimic_perform_af_002,1,raw,0.9955983021344308
mimic_perform_af_002,1,raw,0.9986874612023132
mimic_perform_af_002,1,raw,0.9990271688579019
mimic_perform_af_002,1,raw,0.9991064759372794
mimic_perform_af_002,1,raw,0.9993194852066776
mimic_perform_af_002,1,raw,0.9994088111905196
mimic_perform_af_002,1,raw,0.9994144962388427
mimic_perform_af_002,1,raw,0.9991358516090049
mimic_perform_af_002,1,raw,0.9992450793338395
mimic_perform_af_002,1,raw,0.9993194852066776
mimic_perform_af_002,1,raw,0.9991271775143699
mimic_perform_af_002,1,raw,0.9907550791071593
mimic_perform_af_002,1,raw,0.9902760111855413
mimic_perform_af_002,1,raw,0.9977478295721761
mimic_perform_af_002,1,raw,0.9993197040801359
mimic_perform_af_002,1,raw,0.9974996123084299
mimic_perform_af_002,1,raw,0.997803191642622
mimic_perform_af_002,1,raw,0.9971564827568884
mimic_perform_af_002,1,raw,0.9947874502962584
mimic_perform_af_002,1,raw,0.9358574057287131
mimic_perform_af_002,1,raw,0.992845232549374
mimic_perform_af_002,1,raw,0.9894976835322429
mimic_perform_af_002,1,raw,0.9949193785122407
mimic_perform_af_002,1,raw,0.9854308081722049
mimic_perform_af_002,1,raw,0.994303273028952
mimic_perform_af_002,1,raw,0.9933909226513147
mimic_perform_af_002,1,raw,0.9932954685325658
mimic_perform_af_002,1,raw,0.9859380097900194
mimic_perform_af_002,1,raw,0.9996467725201293
mimic_perform_af_002,1,raw,0.9943076671810239
mimic_perform_af_002,1,raw,0.9351097421773114
mimic_perform_af_002,1,raw,0.9960436122800149
mimic_perform_af_002,1,raw,0.9936276993391537
mimic_perform_af_002,1,raw,0.998438446487266
mimic_perform_af_002,1,raw,0.9979502569878328
mimic_perform_af_002,1,raw,0.9955601432256259
mimic_perform_af_002,1,raw,0.9949072087018368
mimic_perform_af_002,1,raw,0.9902298265819067
mimic_perform_af_002,1,raw,0.999222556811317
mimic_perform_af_002,1,raw,0.9997810531331334
mimic_perform_af_002,1,raw,0.9902190128754738
mimic_perform_af_002,1,raw,0.9828105793456408
mimic_perform_af_002,1,raw,0.9912181513967123
mimic_perform_af_002,1,raw,0.9991271775143699
mimic_perform_af_002,1,raw,0.9996087761097923
mimic_perform_af_002,1,raw,0.9989005865794208
mimic_perform_af_002,1,raw,0.9959806405156243
mimic_perform_af_002,1,raw,0.9861102868133602
mimic_perform_af_002,1,raw,0.9155640879353953
mimic_perform_af_002,1,raw,0.9944526049295959
mimic_perform_af_002,1,raw,0.9858175225485468
mimic_perform_af_002,1,raw,0.9942983585647381
mimic_perform_af_002,1,raw,0.9886674950833069
mimic_perform_af_002,1,raw,0.9095347404060328
mimic_perform_af_002,1,raw,0.9953492874193836
mimic_perform_af_002,1,raw,0.9997836739146632
mimic_perform_af_002,1,raw,0.9988645375840758
mimic_perform_af_002,1,raw,0.9898760641652983
mimic_perform_af_002,1,raw,0.9997379461648335
mimic_perform_af_002,1,raw,0.9215327956260511
mimic_perform_af_002,1,raw,0.9947874502962584
mimic_perform_af_002,1,raw,0.9986625290880449
mimic_perform_af_002,1,raw,0.9996898097860956
mimic_perform_af_002,1,raw,0.999712332308618
mimic_perform_af_002,1,raw,0.9563912156804497
mimic_perform_af_002,1,raw,0.9993564691595389
mimic_perform_af_003,1,sigmoid,0.9577035319994106
mimic_perform_af_003,1,sigmoid,0.9561947223998482
mimic_perform_af_003,1,sigmoid,0.956686217216869
mimic_perform_af_003,1,sigmoid,0.956778583507073
mimic_perform_af_003,1,sigmoid,0.9565472365184106
mimic_perform_af_003,1,sigmoid,0.9562658386759254
mimic_perform_af_003,1,sigmoid,0.9565699989071758
mimic_perform_af_003,1,sigmoid,0.9576066009591385
mimic_perform_af_003,1,sigmoid,0.9512743124247514
mimic_perform_af_003,1,sigmoid,0.9574364054470695
mimic_perform_af_003,1,sigmoid,0.9571036017828601
mimic_perform_af_003,1,sigmoid,0.9567478128613246
mimic_perform_af_003,1,sigmoid,0.9303694575682617
mimic_perform_af_003,1,sigmoid,0.9530154099312454
mimic_perform_af_003,1,sigmoid,0.9557154574311587
mimic_perform_af_003,1,sigmoid,0.9545555770257335
mimic_perform_af_003,1,sigmoid,0.9423897212884976
mimic_perform_af_003,1,sigmoid,0.9451760012140534
mimic_perform_af_003,1,sigmoid,0.9428596791232654
mimic_perform_af_003,1,sigmoid,0.9521755733806436
mimic_perform_af_003,1,sigmoid,0.9421208069091376
mimic_perform_af_003,1,sigmoid,0.9548889562921344
mimic_perform_af_003,1,sigmoid,0.9573441764203379
mimic_perform_af_003,1,sigmoid,0.9560954936210871
mimic_perform_af_003,1,sigmoid,0.9563229141485581
mimic_perform_af_003,1,sigmoid,0.9568393444143393
mimic_perform_af_003,1,sigmoid,0.9577147629997478
mimic_perform_af_003,1,sigmoid,0.9461227725869568
mimic_perform_af_003,1,sigmoid,0.9050663876744878
mimic_perform_af_003,1,sigmoid,0.7143929160017914
mimic_perform_af_003,1,sigmoid,0.8880333032028036
mimic_perform_af_003,1,sigmoid,0.9572345664895211
mimic_perform_af_003,1,sigmoid,0.9571878179030505
mimic_perform_af_003,1,sigmoid,0.9571824442031602
mimic_perform_af_003,1,sigmoid,0.931566331691777
mimic_perform_af_003,1,sigmoid,0.9188638384544198
mimic_perform_af_003,1,sigmoid,0.940728755213291
mimic_perform_af_003,1,sigmoid,0.9553683246550182
mimic_perform_af_003,1,sigmoid,0.9382227443556076
mimic_perform_af_003,1,sigmoid,0.9279965657895864
mimic_perform_af_003,1,sigmoid,0.7805756095319709
mimic_perform_af_003,1,sigmoid,0.9546542604087562
mimic_perform_af_003,1,sigmoid,0.9535729124853146
mimic_perform_af_003,1,sigmoid,0.9514270024919985
mimic_perform_af_003,1,sigmoid,0.9185623729699235
mimic_perform_af_003,1,sigmoid,0.956217461035966
mimic_perform_af_003,1,sigmoid,0.9423090678433588
mimic_perform_af_003,1,sigmoid,0.9524608865905673
mimic_perform_af_003,1,sigmoid,0.94191021841447
mimic_perform_af_003,1,sigmoid,0.9565617193675185
mimic_perform_af_003,1,sigmoid,0.9407106054611625
mimic_perform_af_003,1,sigmoid,0.9311727518537765
mimic_perform_af_003,1,sigmoid,0.93719481920073
mimic_perform_af_003,1,sigmoid,0.9497298851400816
mimic_perform_af_003,1,sigmoid,0.9571126176655249
mimic_perform_af_003,1,sigmoid,0.9531372782936959
mimic_perform_af_003,1,sigmoid,0.8874143504932785
mimic_perform_af_003,1,sigmoid,0.9107657955460701
mimic_perform_af_003,1,sigmoid,0.9321714908884656
mimic_perform_af_003,1,sigmoid,0.9566493279454
mimic_perform_af_003,1,sigmoid,0.9254328162614402
mimic_perform_af_003,1,sigmoid,0.956494465329751
mimic_perform_af_003,1,sigmoid,0.9460577321699731
mimic_perform_af_003,1,sigmoid,0.9556157758538696
mimic_perform_af_003,1,sigmoid,0.9470575784036418
mimic_perform_af_003,1,sigmoid,0.9558268883673922
mimic_perform_af_003,1,sigmoid,0.9457516451066652
mimic_perform_af_003,1,sigmoid,0.9082232008026947
mimic_perform_af_003,1,sigmoid,0.9428979366626857
mimic_perform_af_003,1,sigmoid,0.94333846410908
mimic_perform_af_003,1,sigmoid,0.9481125581482386
mimic_perform_af_003,1,sigmoid,0.9427747483077575
mimic_perform_af_003,1,sigmoid,0.9334696122401416
mimic_perform_af_003,1,sigmoid,0.9542171818860778
mimic_perform_af_003,1,sigmoid,0.9377778554809751
mimic_perform_af_003,1,sigmoid,0.940531593826397
mimic_perform_af_003,1,sigmoid,0.9567694937399618
mimic_perform_af_003,1,sigmoid,0.9333868643002025
mimic_perform_af_003,1,sigmoid,0.9432162380190403
mimic_perform_af_003,1,sigmoid,0.9460473914731242
mimic_perform_af_003,1,sigmoid,0.9572648502600707
mimic_perform_af_003,1,sigmoid,0.9577719466767021
mimic_perform_af_003,1,sigmoid,0.9560035456310294
mimic_perform_af_003,1,sigmoid,0.9536029653527832
mimic_perform_af_003,1,sigmoid,0.9440825536782668
mimic_perform_af_003,1,sigmoid,0.9576219772750417
mimic_perform_af_003,1,sigmoid,0.9566473943921815
mimic_perform_af_003,1,sigmoid,0.9303121511098947
mimic_perform_af_003,1,sigmoid,0.9383993670518174
mimic_perform_af_003,1,sigmoid,0.9240858168364837
mimic_perform_af_003,1,sigmoid,0.8584094411831908
mimic_perform_af_003,1,sigmoid,0.8166301315141916
mimic_perform_af_003,1,sigmoid,0.944843845799147
mimic_perform_af_003,1,sigmoid,0.9480902551284094
mimic_perform_af_003,1,sigmoid,0.941150678935303
mimic_perform_af_003,1,sigmoid,0.9523037518784483
mimic_perform_af_003,1,sigmoid,0.9363798741565343
mimic_perform_af_003,1,sigmoid,0.920697762263436
mimic_perform_af_003,1,sigmoid,0.9261963623170839
mimic_perform_af_003,1,sigmoid,0.9150337446824263
mimic_perform_af_003,1,sigmoid,0.904308581478552
mimic_perform_af_003,1,sigmoid,0.9363298565126749
mimic_perform_af_003,1,sigmoid,0.9556003241937121
mimic_perform_af_003,1,sigmoid,0.9439038022307455
mimic_perform_af_003,1,sigmoid,0.9224407673615822
mimic_perform_af_003,1,sigmoid,0.8578950119894334
mimic_perform_af_003,1,sigmoid,0.9041956366715791
mimic_perform_af_003,1,sigmoid,0.9252083053340012
mimic_perform_af_003,1,sigmoid,0.9343939171040581
mimic_perform_af_003,1,sigmoid,0.952570547897121
mimic_perform_af_003,1,sigmoid,0.9554298823957029
mimic_perform_af_003,1,sigmoid,0.9568564891167574
mimic_perform_af_003,1,sigmoid,0.9542887450212374
mimic_perform_af_003,1,sigmoid,0.905068658302848
mimic_perform_af_003,1,sigmoid,0.9310055567252828
mimic_perform_af_003,1,sigmoid,0.9512175109806387
mimic_perform_af_003,1,sigmoid,0.9481040099709782
mimic_perform_af_003,1,sigmoid,0.9420875595304163
mimic_perform_af_003,1,isotonic,0.9881889763779528
mimic_perform_af_003,1,isotonic,0.9881889763779528
mimic_perform_af_003,1,isotonic,0.9881889763779528
mimic_perform_af_003,1,isotonic,0.9881889763779528
mimic_perform_af_003,1,isotonic,0.9881889763779528
mimic_perform_af_003,1,isotonic,0.9881889763779528
mimic_perform_af_003,1,isotonic,0.9881889763779528
mimic_perform_af_003,1,isotonic,0.9881889763779528
mimic_perform_af_003,1,isotonic,0.9571428571428572
mimic_perform_af_003,1,isotonic,0.9881889763779528
mimic_perform_af_003,1,isotonic,0.9881889763779528
mimic_perform_af_003,1,isotonic,0.9881889763779528
mimic_perform_af_003,1,isotonic,0.8478260869565217
mimic_perform_af_003,1,isotonic,0.9571428571428572
mimic_perform_af_003,1,isotonic,0.9881889763779528
mimic_perform_af_003,1,isotonic,0.9571428571428572
mimic_perform_af_003,1,isotonic,0.9221311475409836
mimic_perform_af_003,1,isotonic,0.9221311475409836
mimic_perform_af_003,1,isotonic,0.9221311475409836
mimic_perform_af_003,1,isotonic,0.9571428571428572
mimic_perform_af_003,1,isotonic,0.9221311475409836
mimic_perform_af_003,1,isotonic,0.9571428571428572
mimic_perform_af_003,1,isotonic,0.9881889763779528
mimic_perform_af_003,1,isotonic,0.9881889763779528
mimic_perform_af_003,1,isotonic,0.9881889763779528
mimic_perform_af_003,1,isotonic,0.9881889763779528
mimic_perform_af_003,1,isotonic,0.9881889763779528
mimic_perform_af_003,1,isotonic,0.9221311475409836
mimic_perform_af_003,1,isotonic,0.7692307692307693
mimic_perform_af_003,1,isotonic,0.6198830409356725
mimic_perform_af_003,1,isotonic,0.7
mimic_perform_af_003,1,isotonic,0.9881889763779528
mimic_perform_af_003,1,isotonic,0.9881889763779528
mimic_perform_af_003,1,isotonic,0.9881889763779528
mimic_perform_af_003,1,isotonic,0.8478260869565217
mimic_perform_af_003,1,isotonic,0.8108108108108109
mimic_perform_af_003,1,isotonic,0.9221311475409836
mimic_perform_af_003,1,isotonic,0.9881889763779528
mimic_perform_af_003,1,isotonic,0.9221311475409836
mimic_perform_af_003,1,isotonic,0.8478260869565217
mimic_perform_af_003,1,isotonic,0.6198830409356725
mimic_perform_af_003,1,isotonic,0.9571428571428572
mimic_perform_af_003,1,isotonic,0.9571428571428572
mimic_perform_af_003,1,isotonic,0.9571428571428572
mimic_perform_af_003,1,isotonic,0.8108108108108109
mimic_perform_af_003,1,isotonic,0.9881889763779528
mimic_perform_af_003,1,isotonic,0.9221311475409836
mimic_perform_af_003,1,isotonic,0.9571428571428572
mimic_perform_af_003,1,isotonic,0.9221311475409836
mimic_perform_af_003,1,isotonic,0.9881889763779528
mimic_perform_af_003,1,isotonic,0.9221311475409836
mimic_perform_af_003,1,isotonic,0.8478260869565217
mimic_perform_af_003,1,isotonic,0.9221311475409836
mimic_perform_af_003,1,isotonic,0.9221311475409836
mimic_perform_af_003,1,isotonic,0.9881889763779528
mimic_perform_af_003,1,isotonic,0.9571428571428572
mimic_perform_af_003,1,isotonic,0.7
mimic_perform_af_003,1,isotonic,0.7692307692307693
mimic_perform_af_003,1,isotonic,0.8478260869565217
mimic_perform_af_003,1,isotonic,0.9881889763779528
mimic_perform_af_003,1,isotonic,0.8478260869565217
mimic_perform_af_003,1,isotonic,0.9881889763779528
mimic_perform_af_003,1,isotonic,0.9221311475409836
mimic_perform_af_003,1,isotonic,0.9881889763779528
mimic_perform_af_003,1,isotonic,0.9221311475409836
mimic_perform_af_003,1,isotonic,0.9881889763779528
mimic_perform_af_003,1,isotonic,0.9221311475409836
mimic_perform_af_003,1,isotonic,0.7692307692307693
mimic_perform_af_003,1,isotonic,0.9221311475409836
mimic_perform_af_003,1,isotonic,0.9221311475409836
mimic_perform_af_003,1,isotonic,0.9221311475409836
mimic_perform_af_003,1,isotonic,0.9221311475409836
mimic_perform_af_003,1,isotonic,0.8478260869565217
mimic_perform_af_003,1,isotonic,0.9571428571428572
mimic_perform_af_003,1,isotonic,0.9221311475409836
mimic_perform_af_003,1,isotonic,0.9221311475409836
mimic_perform_af_003,1,isotonic,0.9881889763779528
mimic_perform_af_003,1,isotonic,0.8478260869565217
mimic_perform_af_003,1,isotonic,0.9221311475409836
mimic_perform_af_003,1,isotonic,0.9221311475409836
mimic_perform_af_003,1,isotonic,0.9881889763779528
mimic_perform_af_003,1,isotonic,0.9881889763779528
mimic_perform_af_003,1,isotonic,0.9881889763779528
mimic_perform_af_003,1,isotonic,0.9571428571428572
mimic_perform_af_003,1,isotonic,0.9221311475409836
mimic_perform_af_003,1,isotonic,0.9881889763779528
mimic_perform_af_003,1,isotonic,0.9881889763779528
mimic_perform_af_003,1,isotonic,0.8478260869565217
mimic_perform_af_003,1,isotonic,0.9221311475409836
mimic_perform_af_003,1,isotonic,0.8478260869565217
mimic_perform_af_003,1,isotonic,0.6198830409356725
mimic_perform_af_003,1,isotonic,0.6198830409356725
mimic_perform_af_003,1,isotonic,0.9221311475409836
mimic_perform_af_003,1,isotonic,0.9221311475409836
mimic_perform_af_003,1,isotonic,0.9221311475409836
mimic_perform_af_003,1,isotonic,0.9571428571428572
mimic_perform_af_003,1,isotonic,0.9221311475409836
mimic_perform_af_003,1,isotonic,0.8108108108108109
mimic_perform_af_003,1,isotonic,0.8478260869565217
mimic_perform_af_003,1,isotonic,0.7692307692307693
mimic_perform_af_003,1,isotonic,0.7692307692307693
mimic_perform_af_003,1,isotonic,0.9221311475409836
mimic_perform_af_003,1,isotonic,0.9881889763779528
mimic_perform_af_003,1,isotonic,0.9221311475409836
mimic_perform_af_003,1,isotonic,0.8108108108108109
mimic_perform_af_003,1,isotonic,0.6198830409356725
mimic_perform_af_003,1,isotonic,0.7692307692307693
mimic_perform_af_003,1,isotonic,0.8478260869565217
mimic_perform_af_003,1,isotonic,0.9221311475409836
mimic_perform_af_003,1,isotonic,0.9571428571428572
mimic_perform_af_003,1,isotonic,0.9881889763779528
mimic_perform_af_003,1,isotonic,0.9881889763779528
mimic_perform_af_003,1,isotonic,0.9571428571428572
mimic_perform_af_003,1,isotonic,0.7692307692307693
mimic_perform_af_003,1,isotonic,0.8478260869565217
mimic_perform_af_003,1,isotonic,0.9571428571428572
mimic_perform_af_003,1,isotonic,0.9221311475409836
mimic_perform_af_003,1,isotonic,0.9221311475409836
mimic_perform_af_003,1,raw,0.9974505070871177
mimic_perform_af_003,1,raw,0.9931336041574599
mimic_perform_af_003,1,raw,0.9945240315815402
mimic_perform_af_003,1,raw,0.9947870138582372
mimic_perform_af_003,1,raw,0.9941293374527758
mimic_perform_af_003,1,raw,0.9933338663421852
mimic_perform_af_003,1,raw,0.9941938982266992
mimic_perform_af_003,1,raw,0.9971687864929889
mimic_perform_af_003,1,raw,0.9799791225000187
mimic_perform_af_003,1,raw,0.9966756159923714
mimic_perform_af_003,1,raw,0.9957166813658449
mimic_perform_af_003,1,raw,0.9946993451292362
mimic_perform_af_003,1,raw,0.9352845658897528
mimic_perform_af_003,1,raw,0.9844831726535473
mimic_perform_af_003,1,raw,0.9917920362166421
mimic_perform_af_003,1,raw,0.9886017123989826
mimic_perform_af_003,1,raw,0.9591322729579319
mimic_perform_af_003,1,raw,0.9653228904929447
mimic_perform_af_003,1,raw,0.9601564228096513
mimic_perform_af_003,1,raw,0.9822911576006902
mimic_perform_af_003,1,raw,0.958549767633144
mimic_perform_af_003,1,raw,0.9895106725360017
mimic_perform_af_003,1,raw,0.9964091533645245
mimic_perform_af_003,1,raw,0.9928546954475479
mimic_perform_af_003,1,raw,0.9934948147774859
mimic_perform_af_003,1,raw,0.9949603030865664
mimic_perform_af_003,1,raw,0.9974831887746765
mimic_perform_af_003,1,raw,0.9674940264451722
mimic_perform_af_003,1,raw,0.8955011881123651
mimic_perform_af_003,1,raw,0.7378029322579925
mimic_perform_af_003,1,raw,0.8738122893047984
mimic_perform_af_003,1,raw,0.9960931897754292
mimic_perform_af_003,1,raw,0.9959586667341301
mimic_perform_af_003,1,raw,0.9959432124478634
mimic_perform_af_003,1,raw,0.9374795879717532
mimic_perform_af_003,1,raw,0.9157941578733994
mimic_perform_af_003,1,raw,0.9555743963142583
mimic_perform_af_003,1,raw,0.9908289545419403
mimic_perform_af_003,1,raw,0.9503793146460918
mimic_perform_af_003,1,raw,0.9310340357392306
mimic_perform_af_003,1,raw,0.7793141141577813
mimic_perform_af_003,1,raw,0.9888701095077319
mimic_perform_af_003,1,raw,0.9859589463826025
mimic_perform_af_003,1,raw,0.9803679523822677
mimic_perform_af_003,1,raw,0.915318380573515
mimic_perform_af_003,1,raw,0.9931976019975441
mimic_perform_af_003,1,raw,0.9589572990595555
mimic_perform_af_003,1,raw,0.9830317082272951
mimic_perform_af_003,1,raw,0.9580953749600106
mimic_perform_af_003,1,raw,0.994170411300322
mimic_perform_af_003,1,raw,0.9555360374233961
mimic_perform_af_003,1,raw,0.9367538812792591
mimic_perform_af_003,1,raw,0.9483051556847869
mimic_perform_af_003,1,raw,0.9761098688084848
mimic_perform_af_003,1,raw,0.9957425657702578
mimic_perform_af_003,1,raw,0.9848043447326379
mimic_perform_af_003,1,raw,0.8730803769555352
mimic_perform_af_003,1,raw,0.9035381599673051
mimic_perform_af_003,1,raw,0.9386029978901411
mimic_perform_af_003,1,raw,0.9944191512498883
mimic_perform_af_003,1,raw,0.9265844477396575
mimic_perform_af_003,1,raw,0.9939797870604993
mimic_perform_af_003,1,raw,0.9673437296893025
mimic_perform_af_003,1,raw,0.9915147459986144
mimic_perform_af_003,1,raw,0.969673315640252
mimic_perform_af_003,1,raw,0.9921027158294952
mimic_perform_af_003,1,raw,0.9666387036227474
mimic_perform_af_003,1,raw,0.8998973819507115
mimic_perform_af_003,1,raw,0.9602401429637306
mimic_perform_af_003,1,raw,0.9612079787395925
mimic_perform_af_003,1,raw,0.9721768346344807
mimic_perform_af_003,1,raw,0.9599707541254028
mimic_perform_af_003,1,raw,0.9410445133061717
mimic_perform_af_003,1,raw,0.9876855481379238
mimic_perform_af_003,1,raw,0.94947768780002
mimic_perform_af_003,1,raw,0.9551582906116926
mimic_perform_af_003,1,raw,0.9947611099781731
mimic_perform_af_003,1,raw,0.9408875665427968
mimic_perform_af_003,1,raw,0.9609387420307216
mimic_perform_af_003,1,raw,0.9673198499367652
mimic_perform_af_003,1,raw,0.9961804089046428
mimic_perform_af_003,1,raw,0.9976497193894335
mimic_perform_af_003,1,raw,0.992596787643202
mimic_perform_af_003,1,raw,0.9860389777859765
mimic_perform_af_003,1,raw,0.9628589183167895
mimic_perform_af_003,1,raw,0.9972134351411934
mimic_perform_af_003,1,raw,0.9944136562917947
mimic_perform_af_003,1,raw,0.9351803463445705
mimic_perform_af_003,1,raw,0.9507389469733507
mimic_perform_af_003,1,raw,0.9243027253590088
mimic_perform_af_003,1,raw,0.8421473288489649
mimic_perform_af_003,1,raw,0.8057921829731618
mimic_perform_af_003,1,raw,0.9645695557475905
mimic_perform_af_003,1,raw,0.9721234127252317
mimic_perform_af_003,1,raw,0.9564692344096981
mimic_perform_af_003,1,raw,0.9826233333164942
mimic_perform_af_003,1,raw,0.9466831400719204
mimic_perform_af_003,1,raw,0.9187237161456285
mimic_perform_af_003,1,raw,0.9278947224839714
mimic_perform_af_003,1,raw,0.9098655172851535
mimic_perform_af_003,1,raw,0.8944653835568654
mimic_perform_af_003,1,raw,0.9465842201702356
mimic_perform_af_003,1,raw,0.9914718163596304
mimic_perform_af_003,1,raw,0.9624604385857614
mimic_perform_af_003,1,raw,0.921565996930223
mimic_perform_af_003,1,raw,0.8416492417802947
mimic_perform_af_003,1,raw,0.8943116340708034
mimic_perform_af_003,1,raw,0.9262015254626434
mimic_perform_af_003,1,raw,0.9428100636629906
mimic_perform_af_003,1,raw,0.9833174657506273
mimic_perform_af_003,1,raw,0.9909992175988782
mimic_perform_af_003,1,raw,0.9950092416684904
mimic_perform_af_003,1,raw,0.9878787579001723
mimic_perform_af_003,1,raw,0.8955043028134229
mimic_perform_af_003,1,raw,0.9364467591736995
mimic_perform_af_003,1,raw,0.979834770871555
mimic_perform_af_003,1,raw,0.9721563568176786
mimic_perform_af_003,1,raw,0.95847792579913
mimic_perform_af_004,1,sigmoid,0.9567281834360538
mimic_perform_af_004,1,sigmoid,0.9490569207905089
mimic_perform_af_004,1,sigmoid,0.6635137725583159
mimic_perform_af_004,1,sigmoid,0.9207846997850863
mimic_perform_af_004,1,sigmoid,0.9212210951540365
mimic_perform_af_004,1,sigmoid,0.9118518358855419
mimic_perform_af_004,1,sigmoid,0.8835634237767025
mimic_perform_af_004,1,sigmoid,0.5836893930164196
mimic_perform_af_004,1,sigmoid,0.774126720574673
mimic_perform_af_004,1,sigmoid,0.921290511540113
mimic_perform_af_004,1,sigmoid,0.9233797371959146
mimic_perform_af_004,1,sigmoid,0.9259696450820623
mimic_perform_af_004,1,sigmoid,0.9170855469123359
mimic_perform_af_004,1,sigmoid,0.9567224905359927
mimic_perform_af_004,1,sigmoid,0.6875537491794863
mimic_perform_af_004,1,sigmoid,0.8573218547742623
mimic_perform_af_004,1,sigmoid,0.843728933216303
mimic_perform_af_004,1,sigmoid,0.9019200657795369
mimic_perform_af_004,1,sigmoid,0.7182882788203625
mimic_perform_af_004,1,sigmoid,0.8567659235587042
mimic_perform_af_004,1,sigmoid,0.6997883530177507
mimic_perform_af_004,1,sigmoid,0.9567221588910347
mimic_perform_af_004,1,sigmoid,0.9567317312096643
mimic_perform_af_004,1,sigmoid,0.9567170990780421
mimic_perform_af_004,1,sigmoid,0.9567281834360538
mimic_perform_af_004,1,sigmoid,0.9567410074462178
mimic_perform_af_004,1,sigmoid,0.9567170990780421
mimic_perform_af_004,1,sigmoid,0.9567073359808397
mimic_perform_af_004,1,sigmoid,0.9406207715105501
mimic_perform_af_004,1,sigmoid,0.9517280086074213
mimic_perform_af_004,1,sigmoid,0.9460496234993652
mimic_perform_af_004,1,sigmoid,0.7364474481812678
mimic_perform_af_004,1,sigmoid,0.956719901868214
mimic_perform_af_004,1,sigmoid,0.9567281834360538
mimic_perform_af_004,1,sigmoid,0.9567437160637566
mimic_perform_af_004,1,sigmoid,0.9567281834360538
mimic_perform_af_004,1,sigmoid,0.9567482043097241
mimic_perform_af_004,1,sigmoid,0.9567108853863554
mimic_perform_af_004,1,sigmoid,0.9567281834360538
mimic_perform_af_004,1,sigmoid,0.9565725615599573
mimic_perform_af_004,1,sigmoid,0.9567317312096643
mimic_perform_af_004,1,sigmoid,0.9567574771742516
mimic_perform_af_004,1,sigmoid,0.9567273660638775
mimic_perform_af_004,1,sigmoid,0.9567317312096643
mimic_perform_af_004,1,sigmoid,0.9567281834360538
mimic_perform_af_004,1,sigmoid,0.9567281834360538
mimic_perform_af_004,1,sigmoid,0.9567108853863554
mimic_perform_af_004,1,sigmoid,0.9567108853863554
mimic_perform_af_004,1,sigmoid,0.9567317312096643
mimic_perform_af_004,1,sigmoid,0.9567317312096643
mimic_perform_af_004,1,sigmoid,0.8337670806456492
mimic_perform_af_004,1,sigmoid,0.8391932397118916
mimic_perform_af_004,1,sigmoid,0.7835401231180693
mimic_perform_af_004,1,sigmoid,0.9565410602137454
mimic_perform_af_004,1,sigmoid,0.9565410602137454
mimic_perform_af_004,1,sigmoid,0.9564984078805686
mimic_perform_af_004,1,sigmoid,0.9491645483530856
mimic_perform_af_004,1,sigmoid,0.9496382103390674
mimic_perform_af_004,1,sigmoid,0.9567125419104839
mimic_perform_af_004,1,sigmoid,0.9567317312096643
mimic_perform_af_004,1,sigmoid,0.9566402382241848
mimic_perform_af_004,1,sigmoid,0.9567016404621852
mimic_perform_af_004,1,sigmoid,0.9567229763571196
mimic_perform_af_004,1,sigmoid,0.9352232415239615
mimic_perform_af_004,1,sigmoid,0.92246559041743
mimic_perform_af_004,1,sigmoid,0.9250207607022937
mimic_perform_af_004,1,sigmoid,0.9347122154300598
mimic_perform_af_004,1,sigmoid,0.9398130845776012
mimic_perform_af_004,1,sigmoid,0.9076197119584788
mimic_perform_af_004,1,sigmoid,0.8711877932792779
mimic_perform_af_004,1,sigmoid,0.9455937026954423
mimic_perform_af_004,1,sigmoid,0.9515673864429841
mimic_perform_af_004,1,sigmoid,0.9566768239194865
mimic_perform_af_004,1,sigmoid,0.9566711717010655
mimic_perform_af_004,1,sigmoid,0.9480266345229644
mimic_perform_af_004,1,sigmoid,0.9566980903329592
mimic_perform_af_004,1,sigmoid,0.9567241495813567
mimic_perform_af_004,1,sigmoid,0.9567317312096643
mimic_perform_af_004,1,sigmoid,0.9563917268941472
mimic_perform_af_004,1,sigmoid,0.9567317312096643
mimic_perform_af_004,1,sigmoid,0.9543392021773996
mimic_perform_af_004,1,sigmoid,0.9565984500434689
mimic_perform_af_004,1,sigmoid,0.9566036242231031
mimic_perform_af_004,1,sigmoid,0.956706636430189
mimic_perform_af_004,1,sigmoid,0.9542242146434617
mimic_perform_af_004,1,sigmoid,0.9542242146434617
mimic_perform_af_004,1,sigmoid,0.9542320847233391
mimic_perform_af_004,1,sigmoid,0.9567317312096643
mimic_perform_af_004,1,sigmoid,0.9567317312096643
mimic_perform_af_004,1,sigmoid,0.9567317312096643
mimic_perform_af_004,1,sigmoid,0.9567317312096643
mimic_perform_af_004,1,sigmoid,0.9567482043097241
mimic_perform_af_004,1,sigmoid,0.9567281834360538
mimic_perform_af_004,1,sigmoid,0.9567281834360538
mimic_perform_af_004,1,sigmoid,0.9567281834360538
mimic_perform_af_004,1,sigmoid,0.9565632508426369
mimic_perform_af_004,1,sigmoid,0.9567281834360538
mimic_perform_af_004,1,sigmoid,0.9567281834360538
mimic_perform_af_004,1,sigmoid,0.9565000278153637
mimic_perform_af_004,1,sigmoid,0.9565944046435436
mimic_perform_af_004,1,sigmoid,0.9567281834360538
mimic_perform_af_004,1,sigmoid,0.9567281834360538
mimic_perform_af_004,1,sigmoid,0.9567189420389712
mimic_perform_af_004,1,sigmoid,0.9543083879171954
mimic_perform_af_004,1,sigmoid,0.9567189420389712
mimic_perform_af_004,1,sigmoid,0.9530487443657003
mimic_perform_af_004,1,sigmoid,0.9332615741926682
mimic_perform_af_004,1,sigmoid,0.948891698901801
mimic_perform_af_004,1,sigmoid,0.9516462183724492
mimic_perform_af_004,1,sigmoid,0.9567073359808397
mimic_perform_af_004,1,sigmoid,0.9567281834360538
mimic_perform_af_004,1,sigmoid,0.9567241495813567
mimic_perform_af_004,1,sigmoid,0.9567281834360538
mimic_perform_af_004,1,sigmoid,0.9567281834360538
mimic_perform_af_004,1,sigmoid,0.9567281834360538
mimic_perform_af_004,1,sigmoid,0.9567021265067764
mimic_perform_af_004,1,sigmoid,0.9567276976707367
mimic_perform_af_004,1,sigmoid,0.9567281834360538
mimic_perform_af_004,1,isotonic,1.0
mimic_perform_af_004,1,isotonic,0.992
mimic_perform_af_004,1,isotonic,0.6049382716049383
mimic_perform_af_004,1,isotonic,0.75
mimic_perform_af_004,1,isotonic,0.7757126712428515
mimic_perform_af_004,1,isotonic,0.6333333333333333
mimic_perform_af_004,1,isotonic,0.6049382716049383
mimic_perform_af_004,1,isotonic,0.6049382716049383
mimic_perform_af_004,1,isotonic,0.6049382716049383
mimic_perform_af_004,1,isotonic,0.78456645379504
mimic_perform_af_004,1,isotonic,0.8055555555555556
mimic_perform_af_004,1,isotonic,0.8055555555555556
mimic_perform_af_004,1,isotonic,0.75
mimic_perform_af_004,1,isotonic,1.0
mimic_perform_af_004,1,isotonic,0.6049382716049383
mimic_perform_af_004,1,isotonic,0.6049382716049383
mimic_perform_af_004,1,isotonic,0.6049382716049383
mimic_perform_af_004,1,isotonic,0.6222222222222222
mimic_perform_af_004,1,isotonic,0.6049382716049383
mimic_perform_af_004,1,isotonic,0.6049382716049383
mimic_perform_af_004,1,isotonic,0.6049382716049383
mimic_perform_af_004,1,isotonic,1.0
mimic_perform_af_004,1,isotonic,1.0
mimic_perform_af_004,1,isotonic,1.0
mimic_perform_af_004,1,isotonic,1.0
mimic_perform_af_004,1,isotonic,1.0
mimic_perform_af_004,1,isotonic,1.0
mimic_perform_af_004,1,isotonic,1.0
mimic_perform_af_004,1,isotonic,0.9026323148244826
mimic_perform_af_004,1,isotonic,0.9935064935064936
mimic_perform_af_004,1,isotonic,0.9659090909090909
mimic_perform_af_004,1,isotonic,0.6049382716049383
mimic_perform_af_004,1,isotonic,1.0
mimic_perform_af_004,1,isotonic,1.0
mimic_perform_af_004,1,isotonic,1.0
mimic_perform_af_004,1,isotonic,1.0
mimic_perform_af_004,1,isotonic,1.0
mimic_perform_af_004,1,isotonic,1.0
mimic_perform_af_004,1,isotonic,1.0
mimic_perform_af_004,1,isotonic,1.0
mimic_perform_af_004,1,isotonic,1.0
mimic_perform_af_004,1,isotonic,1.0
mimic_perform_af_004,1,isotonic,1.0
mimic_perform_af_004,1,isotonic,1.0
mimic_perform_af_004,1,isotonic,1.0
mimic_perform_af_004,1,isotonic,1.0
mimic_perform_af_004,1,isotonic,1.0
mimic_perform_af_004,1,isotonic,1.0
mimic_perform_af_004,1,isotonic,1.0
mimic_perform_af_004,1,isotonic,1.0
mimic_perform_af_004,1,isotonic,0.6049382716049383
mimic_perform_af_004,1,isotonic,0.6049382716049383
mimic_perform_af_004,1,isotonic,0.6049382716049383
mimic_perform_af_004,1,isotonic,1.0
mimic_perform_af_004,1,isotonic,1.0
mimic_perform_af_004,1,isotonic,1.0
mimic_perform_af_004,1,isotonic,0.992
mimic_perform_af_004,1,isotonic,0.992
mimic_perform_af_004,1,isotonic,1.0
mimic_perform_af_004,1,isotonic,1.0
mimic_perform_af_004,1,isotonic,1.0
mimic_perform_af_004,1,isotonic,1.0
mimic_perform_af_004,1,isotonic,1.0
mimic_perform_af_004,1,isotonic,0.8709677419354839
mimic_perform_af_004,1,isotonic,0.8055555555555556
mimic_perform_af_004,1,isotonic,0.8055555555555556
mimic_perform_af_004,1,isotonic,0.8709677419354839
mimic_perform_af_004,1,isotonic,0.8709677419354839
mimic_perform_af_004,1,isotonic,0.6222222222222222
mimic_perform_af_004,1,isotonic,0.6049382716049383
mimic_perform_af_004,1,isotonic,0.9659090909090909
mimic_perform_af_004,1,isotonic,0.9935064935064936
mimic_perform_af_004,1,isotonic,1.0
mimic_perform_af_004,1,isotonic,1.0
mimic_perform_af_004,1,isotonic,0.992
mimic_perform_af_004,1,isotonic,1.0
mimic_perform_af_004,1,isotonic,1.0
mimic_perform_af_004,1,isotonic,1.0
mimic_perform_af_004,1,isotonic,1.0
mimic_perform_af_004,1,isotonic,1.0
mimic_perform_af_004,1,isotonic,1.0
mimic_perform_af_004,1,isotonic,1.0
mimic_perform_af_004,1,isotonic,1.0
mimic_perform_af_004,1,isotonic,1.0
mimic_perform_af_004,1,isotonic,1.0
mimic_perform_af_004,1,isotonic,1.0
mimic_perform_af_004,1,isotonic,1.0
mimic_perform_af_004,1,isotonic,1.0
mimic_perform_af_004,1,isotonic,1.0
mimic_perform_af_004,1,isotonic,1.0
mimic_perform_af_004,1,isotonic,1.0
mimic_perform_af_004,1,isotonic,1.0
mimic_perform_af_004,1,isotonic,1.0
mimic_perform_af_004,1,isotonic,1.0
mimic_perform_af_004,1,isotonic,1.0
mimic_perform_af_004,1,isotonic,1.0
mimic_perform_af_004,1,isotonic,1.0
mimic_perform_af_004,1,isotonic,1.0
mimic_perform_af_004,1,isotonic,1.0
mimic_perform_af_004,1,isotonic,1.0
mimic_perform_af_004,1,isotonic,1.0
mimic_perform_af_004,1,isotonic,1.0
mimic_perform_af_004,1,isotonic,1.0
mimic_perform_af_004,1,isotonic,1.0
mimic_perform_af_004,1,isotonic,1.0
mimic_perform_af_004,1,isotonic,0.9935064935064936
mimic_perform_af_004,1,isotonic,0.8055555555555556
mimic_perform_af_004,1,isotonic,0.992
mimic_perform_af_004,1,isotonic,0.9935064935064936
mimic_perform_af_004,1,isotonic,1.0
mimic_perform_af_004,1,isotonic,1.0
mimic_perform_af_004,1,isotonic,1.0
mimic_perform_af_004,1,isotonic,1.0
mimic_perform_af_004,1,isotonic,1.0
mimic_perform_af_004,1,isotonic,1.0
mimic_perform_af_004,1,isotonic,1.0
mimic_perform_af_004,1,isotonic,1.0
mimic_perform_af_004,1,isotonic,1.0
mimic_perform_af_004,1,raw,0.9998207952916118
mimic_perform_af_004,1,raw,0.9795123640972713
mimic_perform_af_004,1,raw,0.713200517832541
mimic_perform_af_004,1,raw,0.9235759766096021
mimic_perform_af_004,1,raw,0.9242872469362984
mimic_perform_af_004,1,raw,0.909749291464797
mimic_perform_af_004,1,raw,0.8730070126581139
mimic_perform_af_004,1,raw,0.6727568833794962
mimic_perform_af_004,1,raw,0.7787500240020471
mimic_perform_af_004,1,raw,0.924400718994211
mimic_perform_af_004,1,raw,0.9278594900975619
mimic_perform_af_004,1,raw,0.9322692984270264
mimic_perform_af_004,1,raw,0.9176864591237622
mimic_perform_af_004,1,raw,0.9998044896351153
mimic_perform_af_004,1,raw,0.7262109683007033
mimic_perform_af_004,1,raw,0.8453302065654186
mimic_perform_af_004,1,raw,0.832643760295911
mimic_perform_af_004,1,raw,0.8957901484973333
mimic_perform_af_004,1,raw,0.7436759040331161
mimic_perform_af_004,1,raw,0.8447921332642588
mimic_perform_af_004,1,raw,0.7330393454644241
mimic_perform_af_004,1,raw,0.9998035397977164
mimic_perform_af_004,1,raw,0.9998309578932378
mimic_perform_af_004,1,raw,0.9997890492598657
mimic_perform_af_004,1,raw,0.9998207952916118
mimic_perform_af_004,1,raw,0.9998575334437313
mimic_perform_af_004,1,raw,0.9997890492598657
mimic_perform_af_004,1,raw,0.9997610937990745
mimic_perform_af_004,1,raw,0.9602822920918402
mimic_perform_af_004,1,raw,0.9862322670029596
mimic_perform_af_004,1,raw,0.9723345395215771
mimic_perform_af_004,1,raw,0.7545379971028562
mimic_perform_af_004,1,raw,0.9997970758264699
mimic_perform_af_004,1,raw,0.9998207952916118
mimic_perform_af_004,1,raw,0.9998652944060906
mimic_perform_af_004,1,raw,0.9998207952916118
mimic_perform_af_004,1,raw,0.9998781555333558
mimic_perform_af_004,1,raw,0.9997712564007005
mimic_perform_af_004,1,raw,0.9998207952916118
mimic_perform_af_004,1,raw,0.9993757971710856
mimic_perform_af_004,1,raw,0.9998309578932378
mimic_perform_af_004,1,raw,0.9999047310838493
mimic_perform_af_004,1,raw,0.9998184540408185
mimic_perform_af_004,1,raw,0.9998309578932378
mimic_perform_af_004,1,raw,0.9998207952916118
mimic_perform_af_004,1,raw,0.9998207952916118
mimic_perform_af_004,1,raw,0.9997712564007005
mimic_perform_af_004,1,raw,0.9997712564007005
mimic_perform_af_004,1,raw,0.9998309578932378
mimic_perform_af_004,1,raw,0.9998309578932378
mimic_perform_af_004,1,raw,0.8239070900780888
mimic_perform_af_004,1,raw,0.8286117226416401
mimic_perform_af_004,1,raw,0.7852312996655105
mimic_perform_af_004,1,raw,0.9992859048977571
mimic_perform_af_004,1,raw,0.9992859048977571
mimic_perform_af_004,1,raw,0.9991642912265712
mimic_perform_af_004,1,raw,0.9797766088001477
mimic_perform_af_004,1,raw,0.9809458623728748
mimic_perform_af_004,1,raw,0.9997759996066253
mimic_perform_af_004,1,raw,0.9998309578932378
mimic_perform_af_004,1,raw,0.9995691300698887
mimic_perform_af_004,1,raw,0.9997447881425782
mimic_perform_af_004,1,raw,0.9998058810485095
mimic_perform_af_004,1,raw,0.9492827837853861
mimic_perform_af_004,1,raw,0.9263355976200499
mimic_perform_af_004,1,raw,0.9306374266789224
mimic_perform_af_004,1,raw,0.9482861277048265
mimic_perform_af_004,1,raw,0.958578295685201
mimic_perform_af_004,1,raw,0.9036366966964213
mimic_perform_af_004,1,raw,0.859356301113372
mimic_perform_af_004,1,raw,0.9712794662849885
mimic_perform_af_004,1,raw,0.985818326243511
mimic_perform_af_004,1,raw,0.9996737649452941
mimic_perform_af_004,1,raw,0.9996575941251029
mimic_perform_af_004,1,raw,0.9770092183845466
mimic_perform_af_004,1,raw,0.9997346255409522
mimic_perform_af_004,1,raw,0.9998092412765915
mimic_perform_af_004,1,raw,0.9998309578932378
mimic_perform_af_004,1,raw,0.9988606116737068
mimic_perform_af_004,1,raw,0.9998309578932378
mimic_perform_af_004,1,raw,0.9931517873741518
mimic_perform_af_004,1,raw,0.9994497191833521
mimic_perform_af_004,1,raw,0.999464498590149
mimic_perform_af_004,1,raw,0.9997590909505789
mimic_perform_af_004,1,raw,0.9928392441523393
mimic_perform_af_004,1,raw,0.9928392441523393
mimic_perform_af_004,1,raw,0.9928606116737068
mimic_perform_af_004,1,raw,0.9998309578932378
mimic_perform_af_004,1,raw,0.9998309578932378
mimic_perform_af_004,1,raw,0.9998309578932378
mimic_perform_af_004,1,raw,0.9998309578932378
mimic_perform_af_004,1,raw,0.9998781555333558
mimic_perform_af_004,1,raw,0.9998207952916118
mimic_perform_af_004,1,raw,0.9998207952916118
mimic_perform_af_004,1,raw,0.9998207952916118
mimic_perform_af_004,1,raw,0.9993492216205921
mimic_perform_af_004,1,raw,0.9998207952916118
mimic_perform_af_004,1,raw,0.9998207952916118
mimic_perform_af_004,1,raw,0.9991689080317419
mimic_perform_af_004,1,raw,0.9994381651683318
mimic_perform_af_004,1,raw,0.9998207952916118
mimic_perform_af_004,1,raw,0.9998207952916118
mimic_perform_af_004,1,raw,0.9997943270334892
mimic_perform_af_004,1,raw,0.9930679588742855
mimic_perform_af_004,1,raw,0.9997943270334892
mimic_perform_af_004,1,raw,0.9896864161535207
mimic_perform_af_004,1,raw,0.9454959548895803
mimic_perform_af_004,1,raw,0.979107741346512
mimic_perform_af_004,1,raw,0.9860213215934256
mimic_perform_af_004,1,raw,0.9997610937990745
mimic_perform_af_004,1,raw,0.9998207952916118
mimic_perform_af_004,1,raw,0.9998092412765915
mimic_perform_af_004,1,raw,0.9998207952916118
mimic_perform_af_004,1,raw,0.9998207952916118
mimic_perform_af_004,1,raw,0.9998207952916118
mimic_perform_af_004,1,raw,0.9997461795559723
mimic_perform_af_004,1,raw,0.9998194038782175
mimic_perform_af_004,1,raw,0.9998207952916118
mimic_perform_af_005,1,sigmoid,0.3222089960595044
mimic_perform_af_005,1,sigmoid,0.3222089960595044
mimic_perform_af_005,1,sigmoid,0.8152892691708786
mimic_perform_af_005,1,sigmoid,0.8599511069183357
mimic_perform_af_005,1,sigmoid,0.6015249657610594
mimic_perform_af_005,1,sigmoid,0.5204114634386705
mimic_perform_af_005,1,sigmoid,0.13021032695472162
mimic_perform_af_005,1,sigmoid,0.9382813632272621
mimic_perform_af_005,1,sigmoid,0.6397740527885997
mimic_perform_af_005,1,sigmoid,0.9382105187602221
mimic_perform_af_005,1,sigmoid,0.9279204237278071
mimic_perform_af_005,1,sigmoid,0.9333254686553961
mimic_perform_af_005,1,sigmoid,0.5613781828302175
mimic_perform_af_005,1,sigmoid,0.47988007156879114
mimic_perform_af_005,1,sigmoid,0.6210366894187533
mimic_perform_af_005,1,sigmoid,0.5547337504834575
mimic_perform_af_005,1,sigmoid,0.3222089960595044
mimic_perform_af_005,1,sigmoid,0.895171010220098
mimic_perform_af_005,1,sigmoid,0.17231621905289532
mimic_perform_af_005,1,sigmoid,0.9330588628614481
mimic_perform_af_005,1,sigmoid,0.942649649025849
mimic_perform_af_005,1,sigmoid,0.9468666299750623
mimic_perform_af_005,1,sigmoid,0.6764008827098457
mimic_perform_af_005,1,sigmoid,0.8874446363701043
mimic_perform_af_005,1,sigmoid,0.9450512660286211
mimic_perform_af_005,1,sigmoid,0.581459574677573
mimic_perform_af_005,1,sigmoid,0.7886251859721385
mimic_perform_af_005,1,sigmoid,0.9449980523191646
mimic_perform_af_005,1,sigmoid,0.9509140422578005
mimic_perform_af_005,1,sigmoid,0.8594986835221773
mimic_perform_af_005,1,sigmoid,0.8384548301827679
mimic_perform_af_005,1,sigmoid,0.9402563238198058
mimic_perform_af_005,1,sigmoid,0.9509882290481934
mimic_perform_af_005,1,sigmoid,0.9487300147160925
mimic_perform_af_005,1,sigmoid,0.9470537090159896
mimic_perform_af_005,1,sigmoid,0.9451386675504191
mimic_perform_af_005,1,sigmoid,0.926730673231727
mimic_perform_af_005,1,sigmoid,0.3590851879341016
mimic_perform_af_005,1,sigmoid,0.9454765265858042
mimic_perform_af_005,1,sigmoid,0.9511241871340123
mimic_perform_af_005,1,sigmoid,0.9509653495122995
mimic_perform_af_005,1,sigmoid,0.9330459362887292
mimic_perform_af_005,1,sigmoid,0.9276369727458503
mimic_perform_af_005,1,sigmoid,0.8786418332395848
mimic_perform_af_005,1,sigmoid,0.8265720898178592
mimic_perform_af_005,1,sigmoid,0.45853565685075975
mimic_perform_af_005,1,sigmoid,0.7160190796632044
mimic_perform_af_005,1,sigmoid,0.14146885637089127
mimic_perform_af_005,1,sigmoid,0.04502091958058326
mimic_perform_af_005,1,sigmoid,0.25078992502670555
mimic_perform_af_005,1,sigmoid,0.9095976947392469
mimic_perform_af_005,1,sigmoid,0.9096899785649674
mimic_perform_af_005,1,sigmoid,0.6403132225938111
mimic_perform_af_005,1,sigmoid,0.8950562157339691
mimic_perform_af_005,1,sigmoid,0.9026472612014828
mimic_perform_af_005,1,sigmoid,0.7750102806070288
mimic_perform_af_005,1,sigmoid,0.7449306418867152
mimic_perform_af_005,1,sigmoid,0.23911707240753227
mimic_perform_af_005,1,sigmoid,0.7449936167267427
mimic_perform_af_005,1,sigmoid,0.6015249657610594
mimic_perform_af_005,1,sigmoid,0.8152661511754961
mimic_perform_af_005,1,sigmoid,0.8695696725851084
mimic_perform_af_005,1,sigmoid,0.8273874854900501
mimic_perform_af_005,1,sigmoid,0.8695732151512279
mimic_perform_af_005,1,sigmoid,0.2390111311772832
mimic_perform_af_005,1,sigmoid,0.34362852276841394
mimic_perform_af_005,1,sigmoid,0.18443248507504104
mimic_perform_af_005,1,sigmoid,0.11262875742063362
mimic_perform_af_005,1,sigmoid,0.038433725686788364
mimic_perform_af_005,1,sigmoid,0.3358733183239332
mimic_perform_af_005,1,sigmoid,0.9428423491346927
mimic_perform_af_005,1,sigmoid,0.9096627442449715
mimic_perform_af_005,1,sigmoid,0.8695732151512279
mimic_perform_af_005,1,sigmoid,0.8951866027009797
mimic_perform_af_005,1,sigmoid,0.9469345631450669
mimic_perform_af_005,1,sigmoid,0.9426343267062445
mimic_perform_af_005,1,sigmoid,0.802208592730426
mimic_perform_af_005,1,sigmoid,0.8950909883040118
mimic_perform_af_005,1,sigmoid,0.8273488753464608
mimic_perform_af_005,1,sigmoid,0.5409640357169754
mimic_perform_af_005,1,sigmoid,0.7399789705236894
mimic_perform_af_005,1,sigmoid,0.16258463811366383
mimic_perform_af_005,1,sigmoid,0.2830590774755033
mimic_perform_af_005,1,sigmoid,0.07169282255419142
mimic_perform_af_005,1,sigmoid,0.7312900089515249
mimic_perform_af_005,1,sigmoid,0.9427786256439386
mimic_perform_af_005,1,sigmoid,0.9467975451408362
mimic_perform_af_005,1,sigmoid,0.8895235191841655
mimic_perform_af_005,1,sigmoid,0.023713395478112326
mimic_perform_af_005,1,sigmoid,0.08360851466344438
mimic_perform_af_005,1,sigmoid,0.16090613028893158
mimic_perform_af_005,1,sigmoid,0.8782907308601435
mimic_perform_af_005,1,sigmoid,0.08126855694838699
mimic_perform_af_005,1,sigmoid,0.1300788285433384
mimic_perform_af_005,1,sigmoid,0.061995796041194005
mimic_perform_af_005,1,sigmoid,0.5409640357169754
mimic_perform_af_005,1,sigmoid,0.7750680714131957
mimic_perform_af_005,1,sigmoid,0.8019994373283389
mimic_perform_af_005,1,sigmoid,0.7449505991327607
mimic_perform_af_005,1,sigmoid,0.44223424431712915
mimic_perform_af_005,1,sigmoid,0.7573635206113173
mimic_perform_af_005,1,sigmoid,0.8372655797838802
mimic_perform_af_005,1,sigmoid,0.8692535464372002
mimic_perform_af_005,1,sigmoid,0.07179989914846081
mimic_perform_af_005,1,sigmoid,0.2546866941693771
mimic_perform_af_005,1,sigmoid,0.7449505991327607
mimic_perform_af_005,1,sigmoid,0.838439832976352
mimic_perform_af_005,1,sigmoid,0.8685460329509664
mimic_perform_af_005,1,sigmoid,0.9095138663502562
mimic_perform_af_005,1,sigmoid,0.8016476922402922
mimic_perform_af_005,1,sigmoid,0.6343104416834355
mimic_perform_af_005,1,sigmoid,0.11262875742063362
mimic_perform_af_005,1,sigmoid,0.4382073365763815
mimic_perform_af_005,1,sigmoid,0.8595234663349811
mimic_perform_af_005,1,sigmoid,0.8273874854900501
mimic_perform_af_005,1,sigmoid,0.6591305701280991
mimic_perform_af_005,1,sigmoid,0.712390201722667
mimic_perform_af_005,1,sigmoid,0.8781728507147217
mimic_perform_af_005,1,isotonic,0.5882352941176471
mimic_perform_af_005,1,isotonic,0.5882352941176471
mimic_perform_af_005,1,isotonic,0.6171875
mimic_perform_af_005,1,isotonic,0.6171875
mimic_perform_af_005,1,isotonic,0.5882352941176471
mimic_perform_af_005,1,isotonic,0.5882352941176471
mimic_perform_af_005,1,isotonic,0.2558139534883721
mimic_perform_af_005,1,isotonic,0.9157894736842105
mimic_perform_af_005,1,isotonic,0.5882352941176471
mimic_perform_af_005,1,isotonic,0.9157894736842105
mimic_perform_af_005,1,isotonic,0.8921568627450981
mimic_perform_af_005,1,isotonic,0.9157894736842105
mimic_perform_af_005,1,isotonic,0.5882352941176471
mimic_perform_af_005,1,isotonic,0.5882352941176471
mimic_perform_af_005,1,isotonic,0.5882352941176471
mimic_perform_af_005,1,isotonic,0.5882352941176471
mimic_perform_af_005,1,isotonic,0.5882352941176471
mimic_perform_af_005,1,isotonic,0.75
mimic_perform_af_005,1,isotonic,0.2558139534883721
mimic_perform_af_005,1,isotonic,0.9157894736842105
mimic_perform_af_005,1,isotonic,0.9572649572649573
mimic_perform_af_005,1,isotonic,0.9883720930232558
mimic_perform_af_005,1,isotonic,0.5882352941176471
mimic_perform_af_005,1,isotonic,0.6171875
mimic_perform_af_005,1,isotonic,0.9572649572649573
mimic_perform_af_005,1,isotonic,0.5882352941176471
mimic_perform_af_005,1,isotonic,0.6171875
mimic_perform_af_005,1,isotonic,0.9572649572649573
mimic_perform_af_005,1,isotonic,1.0
mimic_perform_af_005,1,isotonic,0.6171875
mimic_perform_af_005,1,isotonic,0.6171875
mimic_perform_af_005,1,isotonic,0.9157894736842105
mimic_perform_af_005,1,isotonic,1.0
mimic_perform_af_005,1,isotonic,0.9883720930232558
mimic_perform_af_005,1,isotonic,0.9883720930232558
mimic_perform_af_005,1,isotonic,0.9572649572649573
mimic_perform_af_005,1,isotonic,0.8921568627450981
mimic_perform_af_005,1,isotonic,0.5882352941176471
mimic_perform_af_005,1,isotonic,0.9572649572649573
mimic_perform_af_005,1,isotonic,1.0
mimic_perform_af_005,1,isotonic,1.0
mimic_perform_af_005,1,isotonic,0.9157894736842105
mimic_perform_af_005,1,isotonic,0.8921568627450981
mimic_perform_af_005,1,isotonic,0.6171875
mimic_perform_af_005,1,isotonic,0.6171875
mimic_perform_af_005,1,isotonic,0.5882352941176471
mimic_perform_af_005,1,isotonic,0.6171875
mimic_perform_af_005,1,isotonic,0.2558139534883721
mimic_perform_af_005,1,isotonic,0.102803738317757
mimic_perform_af_005,1,isotonic,0.5882352941176471
mimic_perform_af_005,1,isotonic,0.8289473684210527
mimic_perform_af_005,1,isotonic,0.8289473684210527
mimic_perform_af_005,1,isotonic,0.5882352941176471
mimic_perform_af_005,1,isotonic,0.75
mimic_perform_af_005,1,isotonic,0.7872340425531915
mimic_perform_af_005,1,isotonic,0.6171875
mimic_perform_af_005,1,isotonic,0.6171875
mimic_perform_af_005,1,isotonic,0.5348297542420455
mimic_perform_af_005,1,isotonic,0.6171875
mimic_perform_af_005,1,isotonic,0.5882352941176471
mimic_perform_af_005,1,isotonic,0.6171875
mimic_perform_af_005,1,isotonic,0.6171875
mimic_perform_af_005,1,isotonic,0.6171875
mimic_perform_af_005,1,isotonic,0.6171875
mimic_perform_af_005,1,isotonic,0.5334203545423839
mimic_perform_af_005,1,isotonic,0.5882352941176471
mimic_perform_af_005,1,isotonic,0.2558139534883721
mimic_perform_af_005,1,isotonic,0.2558139534883721
mimic_perform_af_005,1,isotonic,0.102803738317757
mimic_perform_af_005,1,isotonic,0.5882352941176471
mimic_perform_af_005,1,isotonic,0.9572649572649573
mimic_perform_af_005,1,isotonic,0.8289473684210527
mimic_perform_af_005,1,isotonic,0.6171875
mimic_perform_af_005,1,isotonic,0.75
mimic_perform_af_005,1,isotonic,0.9883720930232558
mimic_perform_af_005,1,isotonic,0.9572649572649573
mimic_perform_af_005,1,isotonic,0.6171875
mimic_perform_af_005,1,isotonic,0.75
mimic_perform_af_005,1,isotonic,0.6171875
mimic_perform_af_005,1,isotonic,0.5882352941176471
mimic_perform_af_005,1,isotonic,0.6171875
mimic_perform_af_005,1,isotonic,0.2558139534883721
mimic_perform_af_005,1,isotonic,0.5882352941176471
mimic_perform_af_005,1,isotonic,0.2558139534883721
mimic_perform_af_005,1,isotonic,0.6171875
mimic_perform_af_005,1,isotonic,0.9572649572649573
mimic_perform_af_005,1,isotonic,0.9883720930232558
mimic_perform_af_005,1,isotonic,0.6171875
mimic_perform_af_005,1,isotonic,0.03125
mimic_perform_af_005,1,isotonic,0.2558139534883721
mimic_perform_af_005,1,isotonic,0.2558139534883721
mimic_perform_af_005,1,isotonic,0.6171875
mimic_perform_af_005,1,isotonic,0.2558139534883721
mimic_perform_af_005,1,isotonic,0.2558139534883721
mimic_perform_af_005,1,isotonic,0.16982315064390535
mimic_perform_af_005,1,isotonic,0.5882352941176471
mimic_perform_af_005,1,isotonic,0.6171875
mimic_perform_af_005,1,isotonic,0.6171875
mimic_perform_af_005,1,isotonic,0.6171875
mimic_perform_af_005,1,isotonic,0.5882352941176471
mimic_perform_af_005,1,isotonic,0.6171875
mimic_perform_af_005,1,isotonic,0.6171875
mimic_perform_af_005,1,isotonic,0.6171875
mimic_perform_af_005,1,isotonic,0.2558139534883721
mimic_perform_af_005,1,isotonic,0.5882352941176471
mimic_perform_af_005,1,isotonic,0.6171875
mimic_perform_af_005,1,isotonic,0.6171875
mimic_perform_af_005,1,isotonic,0.6171875
mimic_perform_af_005,1,isotonic,0.8289473684210527
mimic_perform_af_005,1,isotonic,0.6171875
mimic_perform_af_005,1,isotonic,0.5882352941176471
mimic_perform_af_005,1,isotonic,0.2558139534883721
mimic_perform_af_005,1,isotonic,0.5882352941176471
mimic_perform_af_005,1,isotonic,0.6171875
mimic_perform_af_005,1,isotonic,0.6171875
mimic_perform_af_005,1,isotonic,0.5882352941176471
mimic_perform_af_005,1,isotonic,0.6171875
mimic_perform_af_005,1,isotonic,0.6171875
mimic_perform_af_005,1,raw,0.55
mimic_perform_af_005,1,raw,0.55
mimic_perform_af_005,1,raw,0.82
mimic_perform_af_005,1,raw,0.86
mimic_perform_af_005,1,raw,0.69
mimic_perform_af_005,1,raw,0.65
mimic_perform_af_005,1,raw,0.41
mimic_perform_af_005,1,raw,0.9698445655822135
mimic_perform_af_005,1,raw,0.7096964174340654
mimic_perform_af_005,1,raw,0.9696964174340654
mimic_perform_af_005,1,raw,0.9496964174340654
mimic_perform_af_005,1,raw,0.9598445655822135
mimic_perform_af_005,1,raw,0.67
mimic_perform_af_005,1,raw,0.630345500811072
mimic_perform_af_005,1,raw,0.6999508788449467
mimic_perform_af_005,1,raw,0.6667356844526648
mimic_perform_af_005,1,raw,0.55
mimic_perform_af_005,1,raw,0.8999598393574297
mimic_perform_af_005,1,raw,0.4499598393574297
mimic_perform_af_005,1,raw,0.9593264291959671
mimic_perform_af_005,1,raw,0.9793016084013456
mimic_perform_af_005,1,raw,0.9890961600883158
mimic_perform_af_005,1,raw,0.7294335999661586
mimic_perform_af_005,1,raw,0.8902929766857038
mimic_perform_af_005,1,raw,0.9847930870851576
mimic_perform_af_005,1,raw,0.6799367235964161
mimic_perform_af_005,1,raw,0.7996331410304814
mimic_perform_af_005,1,raw,0.9846689833243883
mimic_perform_af_005,1,raw,0.9992130352009033
mimic_perform_af_005,1,raw,0.8595454541221685
mimic_perform_af_005,1,raw,0.8396314140075554
mimic_perform_af_005,1,raw,0.9740398883317977
mimic_perform_af_005,1,raw,0.9994057486174184
mimic_perform_af_005,1,raw,0.9936598729013495
mimic_perform_af_005,1,raw,0.9895474588782405
mimic_perform_af_005,1,raw,0.9849971687178106
mimic_perform_af_005,1,raw,0.9475573555277825
mimic_perform_af_005,1,raw,0.5699073980832197
mimic_perform_af_005,1,raw,0.9857889571242676
mimic_perform_af_005,1,raw,0.9997596432344382
mimic_perform_af_005,1,raw,0.9993462854557204
mimic_perform_af_005,1,raw,0.9593013557056703
mimic_perform_af_005,1,raw,0.9491838615518787
mimic_perform_af_005,1,raw,0.879961373948521
mimic_perform_af_005,1,raw,0.8293021146892617
mimic_perform_af_005,1,raw,0.6199598393574297
mimic_perform_af_005,1,raw,0.7521541274875682
mimic_perform_af_005,1,raw,0.4216265060240964
mimic_perform_af_005,1,raw,0.27
mimic_perform_af_005,1,raw,0.5075
mimic_perform_af_005,1,raw,0.9198365251742453
mimic_perform_af_005,1,raw,0.919972565890323
mimic_perform_af_005,1,raw,0.7099799732977303
mimic_perform_af_005,1,raw,0.8998116912092816
mimic_perform_af_005,1,raw,0.9099324052477527
mimic_perform_af_005,1,raw,0.7899598393574297
mimic_perform_af_005,1,raw,0.7699598393574297
mimic_perform_af_005,1,raw,0.4998518518518519
mimic_perform_af_005,1,raw,0.77
mimic_perform_af_005,1,raw,0.69
mimic_perform_af_005,1,raw,0.8199814006507907
mimic_perform_af_005,1,raw,0.8699687813559284
mimic_perform_af_005,1,raw,0.8299925925925926
mimic_perform_af_005,1,raw,0.8699725658903229
mimic_perform_af_005,1,raw,0.4997812891786297
mimic_perform_af_005,1,raw,0.5616890100266579
mimic_perform_af_005,1,raw,0.45997997329773027
mimic_perform_af_005,1,raw,0.39
mimic_perform_af_005,1,raw,0.25
mimic_perform_af_005,1,raw,0.5575
mimic_perform_af_005,1,raw,0.9797341762689138
mimic_perform_af_005,1,raw,0.9199324052477525
mimic_perform_af_005,1,raw,0.8699725658903229
mimic_perform_af_005,1,raw,0.8999799732977303
mimic_perform_af_005,1,raw,0.9892598644883559
mimic_perform_af_005,1,raw,0.9792672718957632
mimic_perform_af_005,1,raw,0.80975
mimic_perform_af_005,1,raw,0.899856551876515
mimic_perform_af_005,1,raw,0.8299598393574297
mimic_perform_af_005,1,raw,0.66
mimic_perform_af_005,1,raw,0.7668221413915313
mimic_perform_af_005,1,raw,0.4415
mimic_perform_af_005,1,raw,0.5275
mimic_perform_af_005,1,raw,0.32980519480519477
mimic_perform_af_005,1,raw,0.7614083247251524
mimic_perform_af_005,1,raw,0.9795909801496947
mimic_perform_af_005,1,raw,0.988929882908801
mimic_perform_af_005,1,raw,0.8928352785991229
mimic_perform_af_005,1,raw,0.18964983164983162
mimic_perform_af_005,1,raw,0.35
mimic_perform_af_005,1,raw,0.44
mimic_perform_af_005,1,raw,0.8795629140631341
mimic_perform_af_005,1,raw,0.34625163565776473
mimic_perform_af_005,1,raw,0.40985925925925926
mimic_perform_af_005,1,raw,0.31093809523809524
mimic_perform_af_005,1,raw,0.66
mimic_perform_af_005,1,raw,0.79
mimic_perform_af_005,1,raw,0.8095903481728112
mimic_perform_af_005,1,raw,0.7699725658903229
mimic_perform_af_005,1,raw,0.6119799732977304
mimic_perform_af_005,1,raw,0.7780200569297494
mimic_perform_af_005,1,raw,0.8385707295298702
mimic_perform_af_005,1,raw,0.8696314140075553
mimic_perform_af_005,1,raw,0.33
mimic_perform_af_005,1,raw,0.51
mimic_perform_af_005,1,raw,0.7699725658903229
mimic_perform_af_005,1,raw,0.8396179989390667
mimic_perform_af_005,1,raw,0.8688788646162727
mimic_perform_af_005,1,raw,0.9197130574502045
mimic_perform_af_005,1,raw,0.8093221413915315
mimic_perform_af_005,1,raw,0.7068333333333334
mimic_perform_af_005,1,raw,0.39
mimic_perform_af_005,1,raw,0.61
mimic_perform_af_005,1,raw,0.8595703214705415
mimic_perform_af_005,1,raw,0.8299925925925926
mimic_perform_af_005,1,raw,0.72
mimic_perform_af_005,1,raw,0.75
mimic_perform_af_005,1,raw,0.8794293560137797
mimic_perform_af_006,1,sigmoid,0.9593205728758669
mimic_perform_af_006,1,sigmoid,0.9593280739092485
mimic_perform_af_006,1,sigmoid,0.959317103699267
mimic_perform_af_006,1,sigmoid,0.959317103699267
mimic_perform_af_006,1,sigmoid,0.9593221585272667
mimic_perform_af_006,1,sigmoid,0.9593205728758669
mimic_perform_af_006,1,sigmoid,0.9593205728758669
mimic_perform_af_006,1,sigmoid,0.8616696212875111
mimic_perform_af_006,1,sigmoid,0.8417157815043975
mimic_perform_af_006,1,sigmoid,0.9422571872945094
mimic_perform_af_006,1,sigmoid,0.9422524222140214
mimic_perform_af_006,1,sigmoid,0.9531871095422579
mimic_perform_af_006,1,sigmoid,0.9593437794177748
mimic_perform_af_006,1,sigmoid,0.9593205728758669
mimic_perform_af_006,1,sigmoid,0.9593455245757018
mimic_perform_af_006,1,sigmoid,0.9593455245757018
mimic_perform_af_006,1,sigmoid,0.9593455245757018
mimic_perform_af_006,1,sigmoid,0.9593205728758669
mimic_perform_af_006,1,sigmoid,0.9593455245757018
mimic_perform_af_006,1,sigmoid,0.9563379602311705
mimic_perform_af_006,1,sigmoid,0.9531884418589903
mimic_perform_af_006,1,sigmoid,0.959317103699267
mimic_perform_af_006,1,sigmoid,0.9593420574368193
mimic_perform_af_006,1,sigmoid,0.9593420574368193
mimic_perform_af_006,1,sigmoid,0.959317103699267
mimic_perform_af_006,1,sigmoid,0.9558916889346796
mimic_perform_af_006,1,sigmoid,0.9593420574368193
mimic_perform_af_006,1,sigmoid,0.9592331263933779
mimic_perform_af_006,1,sigmoid,0.9593420574368193
mimic_perform_af_006,1,sigmoid,0.9593420574368193
mimic_perform_af_006,1,sigmoid,0.9593205728758669
mimic_perform_af_006,1,sigmoid,0.8119896034549361
mimic_perform_af_006,1,sigmoid,0.8529920915449837
mimic_perform_af_006,1,sigmoid,0.9531510702513166
mimic_perform_af_006,1,sigmoid,0.9420626576007637
mimic_perform_af_006,1,sigmoid,0.9593471092957196
mimic_perform_af_006,1,sigmoid,0.959317103699267
mimic_perform_af_006,1,sigmoid,0.9563441811402631
mimic_perform_af_006,1,sigmoid,0.9497819202763541
mimic_perform_af_006,1,sigmoid,0.9593205728758669
mimic_perform_af_006,1,sigmoid,0.8594605914961188
mimic_perform_af_006,1,sigmoid,0.9364858082861391
mimic_perform_af_006,1,sigmoid,0.24310196214883337
mimic_perform_af_006,1,sigmoid,0.18109340905792962
mimic_perform_af_006,1,sigmoid,0.9224866195390176
mimic_perform_af_006,1,sigmoid,0.9472451990558933
mimic_perform_af_006,1,sigmoid,0.5137327172189786
mimic_perform_af_006,1,sigmoid,0.9054393917662573
mimic_perform_af_006,1,sigmoid,0.9413448063247154
mimic_perform_af_006,1,sigmoid,0.9592331263933779
mimic_perform_af_006,1,sigmoid,0.959317103699267
mimic_perform_af_006,1,sigmoid,0.9593420574368193
mimic_perform_af_006,1,sigmoid,0.9411906127924226
mimic_perform_af_006,1,sigmoid,0.9173534972013389
mimic_perform_af_006,1,sigmoid,0.955685435498558
mimic_perform_af_006,1,sigmoid,0.9593205728758669
mimic_perform_af_006,1,sigmoid,0.906805942608205
mimic_perform_af_006,1,sigmoid,0.9593455245757018
mimic_perform_af_006,1,sigmoid,0.9563441811402631
mimic_perform_af_006,1,sigmoid,0.959317103699267
mimic_perform_af_006,1,sigmoid,0.9593455245757018
mimic_perform_af_006,1,sigmoid,0.9593205728758669
mimic_perform_af_006,1,sigmoid,0.9529193787023479
mimic_perform_af_006,1,sigmoid,0.9593078026701194
mimic_perform_af_006,1,sigmoid,0.959208108642371
mimic_perform_af_006,1,sigmoid,0.9563360368365369
mimic_perform_af_006,1,sigmoid,0.9563609483813363
mimic_perform_af_006,1,sigmoid,0.9453498511486267
mimic_perform_af_006,1,sigmoid,0.9593468569387574
mimic_perform_af_006,1,sigmoid,0.9592331263933779
mimic_perform_af_006,1,sigmoid,0.9593420574368193
mimic_perform_af_006,1,sigmoid,0.9593420574368193
mimic_perform_af_006,1,sigmoid,0.9593455245757018
mimic_perform_af_006,1,sigmoid,0.9593455245757018
mimic_perform_af_006,1,sigmoid,0.9593221585272667
mimic_perform_af_006,1,sigmoid,0.9593455245757018
mimic_perform_af_006,1,sigmoid,0.9593471092957196
mimic_perform_af_006,1,sigmoid,0.959317103699267
mimic_perform_af_006,1,sigmoid,0.9593205728758669
mimic_perform_af_006,1,sigmoid,0.9593455245757018
mimic_perform_af_006,1,sigmoid,0.9593205728758669
mimic_perform_af_006,1,sigmoid,0.959317103699267
mimic_perform_af_006,1,sigmoid,0.9563441811402631
mimic_perform_af_006,1,sigmoid,0.9531871095422579
mimic_perform_af_006,1,sigmoid,0.9185674133324788
mimic_perform_af_006,1,sigmoid,0.8935490670270614
mimic_perform_af_006,1,sigmoid,0.8620351992302978
mimic_perform_af_006,1,sigmoid,0.9531738406001058
mimic_perform_af_006,1,sigmoid,0.959208108642371
mimic_perform_af_006,1,sigmoid,0.9592331263933779
mimic_perform_af_006,1,sigmoid,0.9592331263933779
mimic_perform_af_006,1,sigmoid,0.9531719288487979
mimic_perform_af_006,1,sigmoid,0.9593078026701194
mimic_perform_af_006,1,sigmoid,0.9593455245757018
mimic_perform_af_006,1,sigmoid,0.9593471092957196
mimic_perform_af_006,1,sigmoid,0.9593420574368193
mimic_perform_af_006,1,sigmoid,0.9593205728758669
mimic_perform_af_006,1,sigmoid,0.9593471092957196
mimic_perform_af_006,1,sigmoid,0.9563388223203289
mimic_perform_af_006,1,sigmoid,0.9593302177353161
mimic_perform_af_006,1,sigmoid,0.9512842650743581
mimic_perform_af_006,1,sigmoid,0.9359141014758228
mimic_perform_af_006,1,sigmoid,0.8677184488103875
mimic_perform_af_006,1,sigmoid,0.9364840432634083
mimic_perform_af_006,1,sigmoid,0.6193147651521729
mimic_perform_af_006,1,sigmoid,0.9440769704657417
mimic_perform_af_006,1,sigmoid,0.9593455245757018
mimic_perform_af_006,1,sigmoid,0.9593420574368193
mimic_perform_af_006,1,sigmoid,0.9593455245757018
mimic_perform_af_006,1,sigmoid,0.9592073266008346
mimic_perform_af_006,1,sigmoid,0.5965293127213013
mimic_perform_af_006,1,sigmoid,0.9068520022067953
mimic_perform_af_006,1,sigmoid,0.9108963154951973
mimic_perform_af_006,1,sigmoid,0.9362163093533832
mimic_perform_af_006,1,sigmoid,0.9590023703087658
mimic_perform_af_006,1,sigmoid,0.959319792898997
mimic_perform_af_006,1,sigmoid,0.9593455245757018
mimic_perform_af_006,1,sigmoid,0.9593455245757018
mimic_perform_af_006,1,isotonic,1.0
mimic_perform_af_006,1,isotonic,1.0
mimic_perform_af_006,1,isotonic,1.0
mimic_perform_af_006,1,isotonic,1.0
mimic_perform_af_006,1,isotonic,1.0
mimic_perform_af_006,1,isotonic,1.0
mimic_perform_af_006,1,isotonic,1.0
mimic_perform_af_006,1,isotonic,0.7011494252873564
mimic_perform_af_006,1,isotonic,0.7011494252873564
mimic_perform_af_006,1,isotonic,0.8571428571428571
mimic_perform_af_006,1,isotonic,0.8571428571428571
mimic_perform_af_006,1,isotonic,0.9646017699115044
mimic_perform_af_006,1,isotonic,1.0
mimic_perform_af_006,1,isotonic,1.0
mimic_perform_af_006,1,isotonic,1.0
mimic_perform_af_006,1,isotonic,1.0
mimic_perform_af_006,1,isotonic,1.0
mimic_perform_af_006,1,isotonic,1.0
mimic_perform_af_006,1,isotonic,1.0
mimic_perform_af_006,1,isotonic,0.9852216748768473
mimic_perform_af_006,1,isotonic,0.9646017699115044
mimic_perform_af_006,1,isotonic,1.0
mimic_perform_af_006,1,isotonic,1.0
mimic_perform_af_006,1,isotonic,1.0
mimic_perform_af_006,1,isotonic,1.0
mimic_perform_af_006,1,isotonic,0.9833333333333333
mimic_perform_af_006,1,isotonic,1.0
mimic_perform_af_006,1,isotonic,1.0
mimic_perform_af_006,1,isotonic,1.0
mimic_perform_af_006,1,isotonic,1.0
mimic_perform_af_006,1,isotonic,1.0
mimic_perform_af_006,1,isotonic,0.7011494252873564
mimic_perform_af_006,1,isotonic,0.7011494252873564
mimic_perform_af_006,1,isotonic,0.9646017699115044
mimic_perform_af_006,1,isotonic,0.8571428571428571
mimic_perform_af_006,1,isotonic,1.0
mimic_perform_af_006,1,isotonic,1.0
mimic_perform_af_006,1,isotonic,0.9852216748768473
mimic_perform_af_006,1,isotonic,0.9345794392523364
mimic_perform_af_006,1,isotonic,1.0
mimic_perform_af_006,1,isotonic,0.7011494252873564
mimic_perform_af_006,1,isotonic,0.8311688311688312
mimic_perform_af_006,1,isotonic,0.46153846153846156
mimic_perform_af_006,1,isotonic,0.375
mimic_perform_af_006,1,isotonic,0.7647058823529411
mimic_perform_af_006,1,isotonic,0.9345794392523364
mimic_perform_af_006,1,isotonic,0.6759259259259259
mimic_perform_af_006,1,isotonic,0.7011494252873564
mimic_perform_af_006,1,isotonic,0.8571428571428571
mimic_perform_af_006,1,isotonic,1.0
mimic_perform_af_006,1,isotonic,1.0
mimic_perform_af_006,1,isotonic,1.0
mimic_perform_af_006,1,isotonic,0.8571428571428571
mimic_perform_af_006,1,isotonic,0.75
mimic_perform_af_006,1,isotonic,0.9646017699115044
mimic_perform_af_006,1,isotonic,1.0
mimic_perform_af_006,1,isotonic,0.7011494252873564
mimic_perform_af_006,1,isotonic,1.0
mimic_perform_af_006,1,isotonic,0.9852216748768473
mimic_perform_af_006,1,isotonic,1.0
mimic_perform_af_006,1,isotonic,1.0
mimic_perform_af_006,1,isotonic,1.0
mimic_perform_af_006,1,isotonic,0.9646017699115044
mimic_perform_af_006,1,isotonic,1.0
mimic_perform_af_006,1,isotonic,1.0
mimic_perform_af_006,1,isotonic,0.9852216748768473
mimic_perform_af_006,1,isotonic,0.9852216748768473
mimic_perform_af_006,1,isotonic,0.9345794392523364
mimic_perform_af_006,1,isotonic,1.0
mimic_perform_af_006,1,isotonic,1.0
mimic_perform_af_006,1,isotonic,1.0
mimic_perform_af_006,1,isotonic,1.0
mimic_perform_af_006,1,isotonic,1.0
mimic_perform_af_006,1,isotonic,1.0
mimic_perform_af_006,1,isotonic,1.0
mimic_perform_af_006,1,isotonic,1.0
mimic_perform_af_006,1,isotonic,1.0
mimic_perform_af_006,1,isotonic,1.0
mimic_perform_af_006,1,isotonic,1.0
mimic_perform_af_006,1,isotonic,1.0
mimic_perform_af_006,1,isotonic,1.0
mimic_perform_af_006,1,isotonic,1.0
mimic_perform_af_006,1,isotonic,0.9852216748768473
mimic_perform_af_006,1,isotonic,0.9646017699115044
mimic_perform_af_006,1,isotonic,0.7647058823529411
mimic_perform_af_006,1,isotonic,0.7011494252873564
mimic_perform_af_006,1,isotonic,0.7011494252873564
mimic_perform_af_006,1,isotonic,0.9646017699115044
mimic_perform_af_006,1,isotonic,1.0
mimic_perform_af_006,1,isotonic,1.0
mimic_perform_af_006,1,isotonic,1.0
mimic_perform_af_006,1,isotonic,0.9646017699115044
mimic_perform_af_006,1,isotonic,1.0
mimic_perform_af_006,1,isotonic,1.0
mimic_perform_af_006,1,isotonic,1.0
mimic_perform_af_006,1,isotonic,1.0
mimic_perform_af_006,1,isotonic,1.0
mimic_perform_af_006,1,isotonic,1.0
mimic_perform_af_006,1,isotonic,0.9852216748768473
mimic_perform_af_006,1,isotonic,1.0
mimic_perform_af_006,1,isotonic,0.9345794392523364
mimic_perform_af_006,1,isotonic,0.8311688311688312
mimic_perform_af_006,1,isotonic,0.7011494252873564
mimic_perform_af_006,1,isotonic,0.8311688311688312
mimic_perform_af_006,1,isotonic,0.6759259259259259
mimic_perform_af_006,1,isotonic,0.9345794392523364
mimic_perform_af_006,1,isotonic,1.0
mimic_perform_af_006,1,isotonic,1.0
mimic_perform_af_006,1,isotonic,1.0
mimic_perform_af_006,1,isotonic,1.0
mimic_perform_af_006,1,isotonic,0.6759259259259259
mimic_perform_af_006,1,isotonic,0.7011494252873564
mimic_perform_af_006,1,isotonic,0.7011494252873564
mimic_perform_af_006,1,isotonic,0.8311688311688312
mimic_perform_af_006,1,isotonic,0.9852216748768473
mimic_perform_af_006,1,isotonic,1.0
mimic_perform_af_006,1,isotonic,1.0
mimic_perform_af_006,1,isotonic,1.0
mimic_perform_af_006,1,raw,0.9997482954238758
mimic_perform_af_006,1,raw,0.9997743179674465
mimic_perform_af_006,1,raw,0.9997362617295316
mimic_perform_af_006,1,raw,0.9997362617295316
mimic_perform_af_006,1,raw,0.9997537959739309
mimic_perform_af_006,1,raw,0.9997482954238758
mimic_perform_af_006,1,raw,0.9997482954238758
mimic_perform_af_006,1,raw,0.8195308167911404
mimic_perform_af_006,1,raw,0.7981180890977584
mimic_perform_af_006,1,raw,0.9499011477913081
mimic_perform_af_006,1,raw,0.9498892924267557
mimic_perform_af_006,1,raw,0.979868889726792
mimic_perform_af_006,1,raw,0.9998288183193023
mimic_perform_af_006,1,raw,0.9997482954238758
mimic_perform_af_006,1,raw,0.9998348755104558
mimic_perform_af_006,1,raw,0.9998348755104558
mimic_perform_af_006,1,raw,0.9998348755104558
mimic_perform_af_006,1,raw,0.9997482954238758
mimic_perform_af_006,1,raw,0.9998348755104558
mimic_perform_af_006,1,raw,0.9897482954238758
mimic_perform_af_006,1,raw,0.9798729317483708
mimic_perform_af_006,1,raw,0.9997362617295316
mimic_perform_af_006,1,raw,0.9998228418161116
mimic_perform_af_006,1,raw,0.9998228418161116
mimic_perform_af_006,1,raw,0.9997362617295316
mimic_perform_af_006,1,raw,0.9883084909144608
mimic_perform_af_006,1,raw,0.9998228418161116
mimic_perform_af_006,1,raw,0.9994452651208454
mimic_perform_af_006,1,raw,0.9998228418161116
mimic_perform_af_006,1,raw,0.9998228418161116
mimic_perform_af_006,1,raw,0.9997482954238758
mimic_perform_af_006,1,raw,0.7699526066350711
mimic_perform_af_006,1,raw,0.8099243905921338
mimic_perform_af_006,1,raw,0.9797595941473296
mimic_perform_af_006,1,raw,0.9494179091186057
mimic_perform_af_006,1,raw,0.9998403760605109
mimic_perform_af_006,1,raw,0.9997362617295316
mimic_perform_af_006,1,raw,0.9897684650038545
mimic_perform_af_006,1,raw,0.969879066717696
mimic_perform_af_006,1,raw,0.9997482954238758
mimic_perform_af_006,1,raw,0.817038615549502
mimic_perform_af_006,1,raw,0.9361732914923736
mimic_perform_af_006,1,raw,0.4181562295338758
mimic_perform_af_006,1,raw,0.367634114333113
mimic_perform_af_006,1,raw,0.907170014159023
mimic_perform_af_006,1,raw,0.9628459376897136
mimic_perform_af_006,1,raw,0.5793426412079404
mimic_perform_af_006,1,raw,0.8777343252721497
mimic_perform_af_006,1,raw,0.9476477451855696
mimic_perform_af_006,1,raw,0.9994452651208454
mimic_perform_af_006,1,raw,0.9997362617295316
mimic_perform_af_006,1,raw,0.9998228418161116
mimic_perform_af_006,1,raw,0.9472701684903033
mimic_perform_af_006,1,raw,0.8977343252721497
mimic_perform_af_006,1,raw,0.9876477451855696
mimic_perform_af_006,1,raw,0.9997482954238758
mimic_perform_af_006,1,raw,0.879909098113651
mimic_perform_af_006,1,raw,0.9998348755104558
mimic_perform_af_006,1,raw,0.9897684650038545
mimic_perform_af_006,1,raw,0.9997362617295316
mimic_perform_af_006,1,raw,0.9998348755104558
mimic_perform_af_006,1,raw,0.9997482954238758
mimic_perform_af_006,1,raw,0.9790588512315395
mimic_perform_af_006,1,raw,0.9997040036650156
mimic_perform_af_006,1,raw,0.9993586850342653
mimic_perform_af_006,1,raw,0.9897420599029304
mimic_perform_af_006,1,raw,0.9898228418161117
mimic_perform_af_006,1,raw,0.9577965525746943
mimic_perform_af_006,1,raw,0.9998395001178403
mimic_perform_af_006,1,raw,0.9994452651208454
mimic_perform_af_006,1,raw,0.9998228418161116
mimic_perform_af_006,1,raw,0.9998228418161116
mimic_perform_af_006,1,raw,0.9998348755104558
mimic_perform_af_006,1,raw,0.9998348755104558
mimic_perform_af_006,1,raw,0.9997537959739309
mimic_perform_af_006,1,raw,0.9998348755104558
mimic_perform_af_006,1,raw,0.9998403760605109
mimic_perform_af_006,1,raw,0.9997362617295316
mimic_perform_af_006,1,raw,0.9997482954238758
mimic_perform_af_006,1,raw,0.9998348755104558
mimic_perform_af_006,1,raw,0.9997482954238758
mimic_perform_af_006,1,raw,0.9997362617295316
mimic_perform_af_006,1,raw,0.9897684650038545
mimic_perform_af_006,1,raw,0.979868889726792
mimic_perform_af_006,1,raw,0.8999164402697909
mimic_perform_af_006,1,raw,0.8599109397197359
mimic_perform_af_006,1,raw,0.819946471665746
mimic_perform_af_006,1,raw,0.9798286399895104
mimic_perform_af_006,1,raw,0.9993586850342653
mimic_perform_af_006,1,raw,0.9994452651208454
mimic_perform_af_006,1,raw,0.9994452651208454
mimic_perform_af_006,1,raw,0.9798228418161117
mimic_perform_af_006,1,raw,0.9997040036650156
mimic_perform_af_006,1,raw,0.9998348755104558
mimic_perform_af_006,1,raw,0.9998403760605109
mimic_perform_af_006,1,raw,0.9998228418161116
mimic_perform_af_006,1,raw,0.9997482954238758
mimic_perform_af_006,1,raw,0.9998403760605109
mimic_perform_af_006,1,raw,0.9897510903462251
mimic_perform_af_006,1,raw,0.9997817561614505
mimic_perform_af_006,1,raw,0.9742046855003167
mimic_perform_af_006,1,raw,0.9348775589317385
mimic_perform_af_006,1,raw,0.8265305820867741
mimic_perform_af_006,1,raw,0.9361692744946225
mimic_perform_af_006,1,raw,0.6377822090052384
mimic_perform_af_006,1,raw,0.9544973055600738
mimic_perform_af_006,1,raw,0.9998348755104558
mimic_perform_af_006,1,raw,0.9998228418161116
mimic_perform_af_006,1,raw,0.9998348755104558
mimic_perform_af_006,1,raw,0.9993559794065598
mimic_perform_af_006,1,raw,0.6248384477063853
mimic_perform_af_006,1,raw,0.8799828958042256
mimic_perform_af_006,1,raw,0.8865942928857159
mimic_perform_af_006,1,raw,0.9355611431823135
mimic_perform_af_006,1,raw,0.998648598870283
mimic_perform_af_006,1,raw,0.9997455897961701
mimic_perform_af_006,1,raw,0.9998348755104558
mimic_perform_af_006,1,raw,0.9998348755104558
mimic_perform_af_007,1,sigmoid,0.6443989149170262
mimic_perform_af_007,1,sigmoid,0.8266480824163166
mimic_perform_af_007,1,sigmoid,0.9220521162604283
mimic_perform_af_007,1,sigmoid,0.9474957678497877
mimic_perform_af_007,1,sigmoid,0.947360121067123
mimic_perform_af_007,1,sigmoid,0.9473751422553958
mimic_perform_af_007,1,sigmoid,0.9467386548848249
mimic_perform_af_007,1,sigmoid,0.9469090540249695
mimic_perform_af_007,1,sigmoid,0.947360121067123
mimic_perform_af_007,1,sigmoid,0.943368938507332
mimic_perform_af_007,1,sigmoid,0.9452744886600081
mimic_perform_af_007,1,sigmoid,0.9336539325886907
mimic_perform_af_007,1,sigmoid,0.9394615810893565
mimic_perform_af_007,1,sigmoid,0.9473751422553958
mimic_perform_af_007,1,sigmoid,0.9454178359640086
mimic_perform_af_007,1,sigmoid,0.9446204805926265
mimic_perform_af_007,1,sigmoid,0.9451841063225602
mimic_perform_af_007,1,sigmoid,0.9454859676000448
mimic_perform_af_007,1,sigmoid,0.943778988037815
mimic_perform_af_007,1,sigmoid,0.9437495077576847
mimic_perform_af_007,1,sigmoid,0.944604719092534
mimic_perform_af_007,1,sigmoid,0.9454859676000448
mimic_perform_af_007,1,sigmoid,0.947360121067123
mimic_perform_af_007,1,sigmoid,0.947360121067123
mimic_perform_af_007,1,sigmoid,0.9455587518743307
mimic_perform_af_007,1,sigmoid,0.9450353049500427
mimic_perform_af_007,1,sigmoid,0.91810260008273
mimic_perform_af_007,1,sigmoid,0.9351050015955835
mimic_perform_af_007,1,sigmoid,0.9435242344588173
mimic_perform_af_007,1,sigmoid,0.9048131013603132
mimic_perform_af_007,1,sigmoid,0.8903008933337283
mimic_perform_af_007,1,sigmoid,0.9472942011763588
mimic_perform_af_007,1,sigmoid,0.9470680565768035
mimic_perform_af_007,1,sigmoid,0.9386859160457992
mimic_perform_af_007,1,sigmoid,0.9424062032797061
mimic_perform_af_007,1,sigmoid,0.943736509773319
mimic_perform_af_007,1,sigmoid,0.931394405957389
mimic_perform_af_007,1,sigmoid,0.9442295791746917
mimic_perform_af_007,1,sigmoid,0.947360121067123
mimic_perform_af_007,1,sigmoid,0.9453891936382619
mimic_perform_af_007,1,sigmoid,0.9462642558184492
mimic_perform_af_007,1,sigmoid,0.9465227059323577
mimic_perform_af_007,1,sigmoid,0.9457325431184375
mimic_perform_af_007,1,sigmoid,0.9449808969320757
mimic_perform_af_007,1,sigmoid,0.9468788030490694
mimic_perform_af_007,1,sigmoid,0.9455014928267025
mimic_perform_af_007,1,sigmoid,0.9473751422553958
mimic_perform_af_007,1,sigmoid,0.8523794657766572
mimic_perform_af_007,1,sigmoid,0.9443800082467483
mimic_perform_af_007,1,sigmoid,0.947360121067123
mimic_perform_af_007,1,sigmoid,0.9118819225725682
mimic_perform_af_007,1,sigmoid,0.8927978221863665
mimic_perform_af_007,1,sigmoid,0.69598457155889
mimic_perform_af_007,1,sigmoid,0.7893655348157468
mimic_perform_af_007,1,sigmoid,0.9079175932700784
mimic_perform_af_007,1,sigmoid,0.9431592941414483
mimic_perform_af_007,1,sigmoid,0.7935945332950659
mimic_perform_af_007,1,sigmoid,0.9387770950398056
mimic_perform_af_007,1,sigmoid,0.9414615464800419
mimic_perform_af_007,1,sigmoid,0.947360121067123
mimic_perform_af_007,1,sigmoid,0.7570340796319945
mimic_perform_af_007,1,sigmoid,0.9454859676000448
mimic_perform_af_007,1,sigmoid,0.8787481600056706
mimic_perform_af_007,1,sigmoid,0.9454859676000448
mimic_perform_af_007,1,sigmoid,0.9454859676000448
mimic_perform_af_007,1,sigmoid,0.947360121067123
mimic_perform_af_007,1,sigmoid,0.9149410654844392
mimic_perform_af_007,1,sigmoid,0.947360121067123
mimic_perform_af_007,1,sigmoid,0.9454859676000448
mimic_perform_af_007,1,sigmoid,0.9473150794845036
mimic_perform_af_007,1,sigmoid,0.9473150794845036
mimic_perform_af_007,1,sigmoid,0.9471142949633203
mimic_perform_af_007,1,sigmoid,0.9454022882818114
mimic_perform_af_007,1,sigmoid,0.9465074551642189
mimic_perform_af_007,1,sigmoid,0.9443800082467483
mimic_perform_af_007,1,sigmoid,0.9454022882818114
mimic_perform_af_007,1,sigmoid,0.947360121067123
mimic_perform_af_007,1,sigmoid,0.926862734754412
mimic_perform_af_007,1,sigmoid,0.9426398590015725
mimic_perform_af_007,1,sigmoid,0.9472791581700523
mimic_perform_af_007,1,sigmoid,0.947360121067123
mimic_perform_af_007,1,sigmoid,0.9454022882818114
mimic_perform_af_007,1,sigmoid,0.9473256369313713
mimic_perform_af_007,1,sigmoid,0.9443958299197118
mimic_perform_af_007,1,sigmoid,0.9465227059323577
mimic_perform_af_007,1,sigmoid,0.9412381102729025
mimic_perform_af_007,1,sigmoid,0.9330794800278038
mimic_perform_af_007,1,sigmoid,0.943195625752702
mimic_perform_af_007,1,sigmoid,0.9434490574098795
mimic_perform_af_007,1,sigmoid,0.8765800816164824
mimic_perform_af_007,1,sigmoid,0.9413758540814382
mimic_perform_af_007,1,sigmoid,0.799541522444009
mimic_perform_af_007,1,sigmoid,0.9443958299197118
mimic_perform_af_007,1,sigmoid,0.945494930585384
mimic_perform_af_007,1,sigmoid,0.9452683352207825
mimic_perform_af_007,1,sigmoid,0.9466424218553039
mimic_perform_af_007,1,sigmoid,0.9454178359640086
mimic_perform_af_007,1,sigmoid,0.9386859160457992
mimic_perform_af_007,1,sigmoid,0.9448490126429255
mimic_perform_af_007,1,sigmoid,0.8952050008281812
mimic_perform_af_007,1,sigmoid,0.8276806553794789
mimic_perform_af_007,1,sigmoid,0.9005810855200215
mimic_perform_af_007,1,sigmoid,0.9302546795382935
mimic_perform_af_007,1,sigmoid,0.8585024567672892
mimic_perform_af_007,1,sigmoid,0.24446467628639076
mimic_perform_af_007,1,sigmoid,0.09422049538092162
mimic_perform_af_007,1,sigmoid,0.03645851296605482
mimic_perform_af_007,1,sigmoid,0.041321508855486404
mimic_perform_af_007,1,sigmoid,0.04346699024674618
mimic_perform_af_007,1,sigmoid,0.3305128775557198
mimic_perform_af_007,1,sigmoid,0.5922637157614146
mimic_perform_af_007,1,sigmoid,0.2539886933603449
mimic_perform_af_007,1,sigmoid,0.10288302084867301
mimic_perform_af_007,1,sigmoid,0.4820274645310032
mimic_perform_af_007,1,sigmoid,0.1148928497408688
mimic_perform_af_007,1,sigmoid,0.03760444904941549
mimic_perform_af_007,1,sigmoid,0.06324667705905848
mimic_perform_af_007,1,sigmoid,0.11152964001752057
mimic_perform_af_007,1,isotonic,0.6344086021505377
mimic_perform_af_007,1,isotonic,0.6388888888888888
mimic_perform_af_007,1,isotonic,0.9051987767584098
mimic_perform_af_007,1,isotonic,0.9717586649550706
mimic_perform_af_007,1,isotonic,0.9717586649550706
mimic_perform_af_007,1,isotonic,0.9717586649550706
mimic_perform_af_007,1,isotonic,0.9717586649550706
mimic_perform_af_007,1,isotonic,0.9717586649550706
mimic_perform_af_007,1,isotonic,0.9717586649550706
mimic_perform_af_007,1,isotonic,0.9717586649550706
mimic_perform_af_007,1,isotonic,0.9717586649550706
mimic_perform_af_007,1,isotonic,0.9051987767584098
mimic_perform_af_007,1,isotonic,0.9333333333333333
mimic_perform_af_007,1,isotonic,0.9717586649550706
mimic_perform_af_007,1,isotonic,0.9717586649550706
mimic_perform_af_007,1,isotonic,0.9717586649550706
mimic_perform_af_007,1,isotonic,0.9717586649550706
mimic_perform_af_007,1,isotonic,0.9717586649550706
mimic_perform_af_007,1,isotonic,0.9717586649550706
mimic_perform_af_007,1,isotonic,0.9717586649550706
mimic_perform_af_007,1,isotonic,0.9717586649550706
mimic_perform_af_007,1,isotonic,0.9717586649550706
mimic_perform_af_007,1,isotonic,0.9717586649550706
mimic_perform_af_007,1,isotonic,0.9717586649550706
mimic_perform_af_007,1,isotonic,0.9717586649550706
mimic_perform_af_007,1,isotonic,0.9717586649550706
mimic_perform_af_007,1,isotonic,0.8278145695364238
mimic_perform_af_007,1,isotonic,0.9051987767584098
mimic_perform_af_007,1,isotonic,0.9717586649550706
mimic_perform_af_007,1,isotonic,0.8278145695364238
mimic_perform_af_007,1,isotonic,0.7643312101910829
mimic_perform_af_007,1,isotonic,0.9717586649550706
mimic_perform_af_007,1,isotonic,0.9717586649550706
mimic_perform_af_007,1,isotonic,0.9051987767584098
mimic_perform_af_007,1,isotonic,0.9333333333333333
mimic_perform_af_007,1,isotonic,0.9717586649550706
mimic_perform_af_007,1,isotonic,0.9051987767584098
mimic_perform_af_007,1,isotonic,0.9717586649550706
mimic_perform_af_007,1,isotonic,0.9717586649550706
mimic_perform_af_007,1,isotonic,0.9717586649550706
mimic_perform_af_007,1,isotonic,0.9717586649550706
mimic_perform_af_007,1,isotonic,0.9717586649550706
mimic_perform_af_007,1,isotonic,0.9717586649550706
mimic_perform_af_007,1,isotonic,0.9717586649550706
mimic_perform_af_007,1,isotonic,0.9717586649550706
mimic_perform_af_007,1,isotonic,0.9717586649550706
mimic_perform_af_007,1,isotonic,0.9717586649550706
mimic_perform_af_007,1,isotonic,0.7619047619047619
mimic_perform_af_007,1,isotonic,0.9717586649550706
mimic_perform_af_007,1,isotonic,0.9717586649550706
mimic_perform_af_007,1,isotonic,0.8278145695364238
mimic_perform_af_007,1,isotonic,0.7643312101910829
mimic_perform_af_007,1,isotonic,0.6344086021505377
mimic_perform_af_007,1,isotonic,0.6344086021505377
mimic_perform_af_007,1,isotonic,0.8278145695364238
mimic_perform_af_007,1,isotonic,0.9717586649550706
mimic_perform_af_007,1,isotonic,0.6344086021505377
mimic_perform_af_007,1,isotonic,0.9051987767584098
mimic_perform_af_007,1,isotonic,0.9333333333333333
mimic_perform_af_007,1,isotonic,0.9717586649550706
mimic_perform_af_007,1,isotonic,0.6344086021505377
mimic_perform_af_007,1,isotonic,0.9717586649550706
mimic_perform_af_007,1,isotonic,0.7643312101910829
mimic_perform_af_007,1,isotonic,0.9717586649550706
mimic_perform_af_007,1,isotonic,0.9717586649550706
mimic_perform_af_007,1,isotonic,0.9717586649550706
mimic_perform_af_007,1,isotonic,0.8278145695364238
mimic_perform_af_007,1,isotonic,0.9717586649550706
mimic_perform_af_007,1,isotonic,0.9717586649550706
mimic_perform_af_007,1,isotonic,0.9717586649550706
mimic_perform_af_007,1,isotonic,0.9717586649550706
mimic_perform_af_007,1,isotonic,0.9717586649550706
mimic_perform_af_007,1,isotonic,0.9717586649550706
mimic_perform_af_007,1,isotonic,0.9717586649550706
mimic_perform_af_007,1,isotonic,0.9717586649550706
mimic_perform_af_007,1,isotonic,0.9717586649550706
mimic_perform_af_007,1,isotonic,0.9717586649550706
mimic_perform_af_007,1,isotonic,0.9051987767584098
mimic_perform_af_007,1,isotonic,0.9717586649550706
mimic_perform_af_007,1,isotonic,0.9717586649550706
mimic_perform_af_007,1,isotonic,0.9717586649550706
mimic_perform_af_007,1,isotonic,0.9717586649550706
mimic_perform_af_007,1,isotonic,0.9717586649550706
mimic_perform_af_007,1,isotonic,0.9717586649550706
mimic_perform_af_007,1,isotonic,0.9717586649550706
mimic_perform_af_007,1,isotonic,0.9333333333333333
mimic_perform_af_007,1,isotonic,0.9051987767584098
mimic_perform_af_007,1,isotonic,0.9717586649550706
mimic_perform_af_007,1,isotonic,0.9717586649550706
mimic_perform_af_007,1,isotonic,0.7643312101910829
mimic_perform_af_007,1,isotonic,0.9333333333333333
mimic_perform_af_007,1,isotonic,0.6344086021505377
mimic_perform_af_007,1,isotonic,0.9717586649550706
mimic_perform_af_007,1,isotonic,0.9717586649550706
mimic_perform_af_007,1,isotonic,0.9717586649550706
mimic_perform_af_007,1,isotonic,0.9717586649550706
mimic_perform_af_007,1,isotonic,0.9717586649550706
mimic_perform_af_007,1,isotonic,0.9051987767584098
mimic_perform_af_007,1,isotonic,0.9717586649550706
mimic_perform_af_007,1,isotonic,0.8278145695364238
mimic_perform_af_007,1,isotonic,0.6388888888888888
mimic_perform_af_007,1,isotonic,0.8278145695364238
mimic_perform_af_007,1,isotonic,0.9051987767584098
mimic_perform_af_007,1,isotonic,0.7636203883903944
mimic_perform_af_007,1,isotonic,0.5522388059701492
mimic_perform_af_007,1,isotonic,0.1678832116788321
mimic_perform_af_007,1,isotonic,0.0022675736961451248
mimic_perform_af_007,1,isotonic,0.05844155844155844
mimic_perform_af_007,1,isotonic,0.05844155844155844
mimic_perform_af_007,1,isotonic,0.5522388059701492
mimic_perform_af_007,1,isotonic,0.6344086021505377
mimic_perform_af_007,1,isotonic,0.5522388059701492
mimic_perform_af_007,1,isotonic,0.1678832116788321
mimic_perform_af_007,1,isotonic,0.5522388059701492
mimic_perform_af_007,1,isotonic,0.1678832116788321
mimic_perform_af_007,1,isotonic,0.0022675736961451248
mimic_perform_af_007,1,isotonic,0.1678832116788321
mimic_perform_af_007,1,isotonic,0.1678832116788321
mimic_perform_af_007,1,raw,0.6470262986822115
mimic_perform_af_007,1,raw,0.7912814190809401
mimic_perform_af_007,1,raw,0.926733906563298
mimic_perform_af_007,1,raw,0.989706210371389
mimic_perform_af_007,1,raw,0.9893001713437907
mimic_perform_af_007,1,raw,0.9893450864094386
mimic_perform_af_007,1,raw,0.9874524443104481
mimic_perform_af_007,1,raw,0.98795703694488
mimic_perform_af_007,1,raw,0.9893001713437907
mimic_perform_af_007,1,raw,0.977774412448645
mimic_perform_af_007,1,raw,0.9831783931874244
mimic_perform_af_007,1,raw,0.9526255217298683
mimic_perform_af_007,1,raw,0.9672079827252008
mimic_perform_af_007,1,raw,0.9893450864094386
mimic_perform_af_007,1,raw,0.983592047387268
mimic_perform_af_007,1,raw,0.9813039931068992
mimic_perform_af_007,1,raw,0.9829181032506764
mimic_perform_af_007,1,raw,0.9837890123685071
mimic_perform_af_007,1,raw,0.9789226766582608
mimic_perform_af_007,1,raw,0.9788398605557518
mimic_perform_af_007,1,raw,0.9812590780412513
mimic_perform_af_007,1,raw,0.9837890123685071
mimic_perform_af_007,1,raw,0.9893001713437907
mimic_perform_af_007,1,raw,0.9893001713437907
mimic_perform_af_007,1,raw,0.9839996843245703
mimic_perform_af_007,1,raw,0.9824904531219602
mimic_perform_af_007,1,raw,0.9187246848601431
mimic_perform_af_007,1,raw,0.9561541082502978
mimic_perform_af_007,1,raw,0.9782083662047589
mimic_perform_af_007,1,raw,0.8941308173266784
mimic_perform_af_007,1,raw,0.8705639050357641
mimic_perform_af_007,1,raw,0.9891032063625517
mimic_perform_af_007,1,raw,0.9884292622259601
mimic_perform_af_007,1,raw,0.9651866641226811
mimic_perform_af_007,1,raw,0.9751088723447044
mimic_perform_af_007,1,raw,0.978803359538766
mimic_perform_af_007,1,raw,0.947271178682638
mimic_perform_af_007,1,raw,0.9801935880978754
mimic_perform_af_007,1,raw,0.9893001713437907
mimic_perform_af_007,1,raw,0.9835093130879344
mimic_perform_af_007,1,raw,0.9860556178051805
mimic_perform_af_007,1,raw,0.9868151520821828
mimic_perform_af_007,1,raw,0.9845037936007954
mimic_perform_af_007,1,raw,0.9823343585176489
mimic_perform_af_007,1,raw,0.9878673450715731
mimic_perform_af_007,1,raw,0.983833927434155
mimic_perform_af_007,1,raw,0.9893450864094386
mimic_perform_af_007,1,raw,0.8198077271267306
mimic_perform_af_007,1,raw,0.9806200313199881
mimic_perform_af_007,1,raw,0.9893001713437907
mimic_perform_af_007,1,raw,0.9067958347499148
mimic_perform_af_007,1,raw,0.8744142973811527
mimic_perform_af_007,1,raw,0.6818755465644029
mimic_perform_af_007,1,raw,0.7553572889184922
mimic_perform_af_007,1,raw,0.8995852042196539
mimic_perform_af_007,1,raw,0.977190360165114
mimic_perform_af_007,1,raw,0.759177796971748
mimic_perform_af_007,1,raw,0.9654230249331968
mimic_perform_af_007,1,raw,0.9725337431652502
mimic_perform_af_007,1,raw,0.9893001713437907
mimic_perform_af_007,1,raw,0.7278318871499063
mimic_perform_af_007,1,raw,0.9837890123685071
mimic_perform_af_007,1,raw,0.853688049353787
mimic_perform_af_007,1,raw,0.9837890123685071
mimic_perform_af_007,1,raw,0.9837890123685071
mimic_perform_af_007,1,raw,0.9893001713437907
mimic_perform_af_007,1,raw,0.9125631481480626
mimic_perform_af_007,1,raw,0.9893001713437907
mimic_perform_af_007,1,raw,0.9837890123685071
mimic_perform_af_007,1,raw,0.989165564404836
mimic_perform_af_007,1,raw,0.989165564404836
mimic_perform_af_007,1,raw,0.9885668380104573
mimic_perform_af_007,1,raw,0.9835471323216202
mimic_perform_af_007,1,raw,0.9867702370165348
mimic_perform_af_007,1,raw,0.9806200313199881
mimic_perform_af_007,1,raw,0.9835471323216202
mimic_perform_af_007,1,raw,0.9893001713437907
mimic_perform_af_007,1,raw,0.9370073783919168
mimic_perform_af_007,1,raw,0.975751930659269
mimic_perform_af_007,1,raw,0.9890582912969037
mimic_perform_af_007,1,raw,0.9893001713437907
mimic_perform_af_007,1,raw,0.9835471323216202
mimic_perform_af_007,1,raw,0.9891971056201824
mimic_perform_af_007,1,raw,0.980664946385636
mimic_perform_af_007,1,raw,0.9868151520821828
mimic_perform_af_007,1,raw,0.9719303603853868
mimic_perform_af_007,1,raw,0.9512484001097373
mimic_perform_af_007,1,raw,0.9772914319225263
mimic_perform_af_007,1,raw,0.977998154112651
mimic_perform_af_007,1,raw,0.8506773874045002
mimic_perform_af_007,1,raw,0.97230207852562
mimic_perform_af_007,1,raw,0.7646497116471963
mimic_perform_af_007,1,raw,0.980664946385636
mimic_perform_af_007,1,raw,0.9838149411518188
mimic_perform_af_007,1,raw,0.9831606592018847
mimic_perform_af_007,1,raw,0.9871681480559912
mimic_perform_af_007,1,raw,0.983592047387268
mimic_perform_af_007,1,raw,0.9651866641226811
mimic_perform_af_007,1,raw,0.9819565897688534
mimic_perform_af_007,1,raw,0.878201739035648
mimic_perform_af_007,1,raw,0.7923582708624249
mimic_perform_af_007,1,raw,0.8869462516518962
mimic_perform_af_007,1,raw,0.9446321196716408
mimic_perform_af_007,1,raw,0.827190905330693
mimic_perform_af_007,1,raw,0.3901581658426618
mimic_perform_af_007,1,raw,0.22096630346950602
mimic_perform_af_007,1,raw,0.07019050191009633
mimic_perform_af_007,1,raw,0.0896126296967841
mimic_perform_af_007,1,raw,0.0974935883794681
mimic_perform_af_007,1,raw,0.4531486609105023
mimic_perform_af_007,1,raw,0.6140502062067583
mimic_perform_af_007,1,raw,0.39774773522682527
mimic_perform_af_007,1,raw,0.23551255731482873
mimic_perform_af_007,1,raw,0.5476658735993611
mimic_perform_af_007,1,raw,0.25398300908336124
mimic_perform_af_007,1,raw,0.07498198327857478
mimic_perform_af_007,1,raw,0.15652515392605565
mimic_perform_af_007,1,raw,0.24898805162616838
mimic_perform_af_008,1,sigmoid,0.9656432022495222
mimic_perform_af_008,1,sigmoid,0.9628543615491156
mimic_perform_af_008,1,sigmoid,0.8575753205043792
mimic_perform_af_008,1,sigmoid,0.9180201594881554
mimic_perform_af_008,1,sigmoid,0.8495328482290815
mimic_perform_af_008,1,sigmoid,0.9646204819279698
mimic_perform_af_008,1,sigmoid,0.9644575066272963
mimic_perform_af_008,1,sigmoid,0.954583841645323
mimic_perform_af_008,1,sigmoid,0.9523875730014573
mimic_perform_af_008,1,sigmoid,0.935528866164362
mimic_perform_af_008,1,sigmoid,0.9602361189326388
mimic_perform_af_008,1,sigmoid,0.9637002249916795
mimic_perform_af_008,1,sigmoid,0.9601392012273618
mimic_perform_af_008,1,sigmoid,0.7442381216707542
mimic_perform_af_008,1,sigmoid,0.7061731365834613
mimic_perform_af_008,1,sigmoid,0.961226639699989
mimic_perform_af_008,1,sigmoid,0.8854175933757804
mimic_perform_af_008,1,sigmoid,0.8618245596072184
mimic_perform_af_008,1,sigmoid,0.8564992843412866
mimic_perform_af_008,1,sigmoid,0.6988402633147708
mimic_perform_af_008,1,sigmoid,0.9647684560692633
mimic_perform_af_008,1,sigmoid,0.8731931231683612
mimic_perform_af_008,1,sigmoid,0.9500480293643431
mimic_perform_af_008,1,sigmoid,0.804208277730341
mimic_perform_af_008,1,sigmoid,0.9656619512816081
mimic_perform_af_008,1,sigmoid,0.9650211371449205
mimic_perform_af_008,1,sigmoid,0.957649297543611
mimic_perform_af_008,1,sigmoid,0.9531652252296419
mimic_perform_af_008,1,sigmoid,0.7162651159095631
mimic_perform_af_008,1,sigmoid,0.946559464667065
mimic_perform_af_008,1,sigmoid,0.8919085483947773
mimic_perform_af_008,1,sigmoid,0.866673205618401
mimic_perform_af_008,1,sigmoid,0.9503216091642566
mimic_perform_af_008,1,sigmoid,0.9581179626296769
mimic_perform_af_008,1,sigmoid,0.9639404961356935
mimic_perform_af_008,1,sigmoid,0.9530141298971655
mimic_perform_af_008,1,sigmoid,0.9385849049013529
mimic_perform_af_008,1,sigmoid,0.9155107858230543
mimic_perform_af_008,1,sigmoid,0.945809443495051
mimic_perform_af_008,1,sigmoid,0.949609214052377
mimic_perform_af_008,1,sigmoid,0.9133425473064076
mimic_perform_af_008,1,sigmoid,0.6670066110915099
mimic_perform_af_008,1,sigmoid,0.9222613296943918
mimic_perform_af_008,1,sigmoid,0.7361279654551193
mimic_perform_af_008,1,sigmoid,0.9648326872213007
mimic_perform_af_008,1,sigmoid,0.9656687118256596
mimic_perform_af_008,1,sigmoid,0.965454485533521
mimic_perform_af_008,1,sigmoid,0.7437608425634686
mimic_perform_af_008,1,sigmoid,0.811587513421789
mimic_perform_af_008,1,sigmoid,0.9071856900537257
mimic_perform_af_008,1,sigmoid,0.9053656027277119
mimic_perform_af_008,1,sigmoid,0.9540022488547263
mimic_perform_af_008,1,sigmoid,0.9545364203652008
mimic_perform_af_008,1,sigmoid,0.9531991368058562
mimic_perform_af_008,1,sigmoid,0.9623352979840791
mimic_perform_af_008,1,sigmoid,0.9648744962985352
mimic_perform_af_008,1,sigmoid,0.9477711656055537
mimic_perform_af_008,1,sigmoid,0.7948224972367186
mimic_perform_af_008,1,sigmoid,0.9040819366388464
mimic_perform_af_008,1,sigmoid,0.8738542622797175
mimic_perform_af_008,1,sigmoid,0.9485835167534908
mimic_perform_af_008,1,sigmoid,0.9501230156823873
mimic_perform_af_008,1,sigmoid,0.9645611428166742
mimic_perform_af_008,1,sigmoid,0.965446726322802
mimic_perform_af_008,1,sigmoid,0.9656619512816081
mimic_perform_af_008,1,sigmoid,0.950348314700857
mimic_perform_af_008,1,sigmoid,0.43957873413818543
mimic_perform_af_008,1,sigmoid,0.9626063719728808
mimic_perform_af_008,1,sigmoid,0.9647795463044789
mimic_perform_af_008,1,sigmoid,0.9654755653453514
mimic_perform_af_008,1,sigmoid,0.9622961532330343
mimic_perform_af_008,1,sigmoid,0.7101565722181034
mimic_perform_af_008,1,sigmoid,0.7535901916102465
mimic_perform_af_008,1,sigmoid,0.956187757916498
mimic_perform_af_008,1,sigmoid,0.9463684455991225
mimic_perform_af_008,1,sigmoid,0.8228240779411458
mimic_perform_af_008,1,sigmoid,0.9652796510673888
mimic_perform_af_008,1,sigmoid,0.9568234578256036
mimic_perform_af_008,1,sigmoid,0.9571208639962381
mimic_perform_af_008,1,sigmoid,0.9557205349576018
mimic_perform_af_008,1,sigmoid,0.9563209625553409
mimic_perform_af_008,1,sigmoid,0.9626225620784883
mimic_perform_af_008,1,sigmoid,0.9466117554817685
mimic_perform_af_008,1,sigmoid,0.9599100854582018
mimic_perform_af_008,1,sigmoid,0.955812296608335
mimic_perform_af_008,1,sigmoid,0.6675956080469136
mimic_perform_af_008,1,sigmoid,0.7113343955122872
mimic_perform_af_008,1,sigmoid,0.9653301572537655
mimic_perform_af_008,1,sigmoid,0.9444854442822563
mimic_perform_af_008,1,sigmoid,0.9520571052440598
mimic_perform_af_008,1,sigmoid,0.9625466686296724
mimic_perform_af_008,1,sigmoid,0.9654457261611813
mimic_perform_af_008,1,sigmoid,0.9556255704797911
mimic_perform_af_008,1,sigmoid,0.959688979797743
mimic_perform_af_008,1,sigmoid,0.9289068414427435
mimic_perform_af_008,1,sigmoid,0.955890415619279
mimic_perform_af_008,1,sigmoid,0.9629948955862783
mimic_perform_af_008,1,sigmoid,0.9653255262188806
mimic_perform_af_008,1,sigmoid,0.9554268766485102
mimic_perform_af_008,1,sigmoid,0.6876345050084298
mimic_perform_af_008,1,sigmoid,0.9481311134717982
mimic_perform_af_008,1,sigmoid,0.6730518897362465
mimic_perform_af_008,1,sigmoid,0.5628140222857965
mimic_perform_af_008,1,sigmoid,0.6911986620549238
mimic_perform_af_008,1,sigmoid,0.4711741016197516
mimic_perform_af_008,1,sigmoid,0.961173931770744
mimic_perform_af_008,1,sigmoid,0.9280078351447821
mimic_perform_af_008,1,sigmoid,0.9631340658406529
mimic_perform_af_008,1,sigmoid,0.9470167550531529
mimic_perform_af_008,1,sigmoid,0.9051494413482346
mimic_perform_af_008,1,sigmoid,0.8884058889752151
mimic_perform_af_008,1,sigmoid,0.08648255597443182
mimic_perform_af_008,1,sigmoid,0.725278356811271
mimic_perform_af_008,1,sigmoid,0.8484219417205083
mimic_perform_af_008,1,sigmoid,0.9580050794470679
mimic_perform_af_008,1,sigmoid,0.605891706891313
mimic_perform_af_008,1,sigmoid,0.9649855285028185
mimic_perform_af_008,1,sigmoid,0.9621522377800706
mimic_perform_af_008,1,isotonic,1.0
mimic_perform_af_008,1,isotonic,0.9865229110512129
mimic_perform_af_008,1,isotonic,0.4871134020618557
mimic_perform_af_008,1,isotonic,0.9019607843137255
mimic_perform_af_008,1,isotonic,0.4871134020618557
mimic_perform_af_008,1,isotonic,1.0
mimic_perform_af_008,1,isotonic,1.0
mimic_perform_af_008,1,isotonic,0.9865229110512129
mimic_perform_af_008,1,isotonic,0.9865229110512129
mimic_perform_af_008,1,isotonic,0.9642857142857143
mimic_perform_af_008,1,isotonic,0.9865229110512129
mimic_perform_af_008,1,isotonic,1.0
mimic_perform_af_008,1,isotonic,0.9865229110512129
mimic_perform_af_008,1,isotonic,0.4871134020618557
mimic_perform_af_008,1,isotonic,0.4871134020618557
mimic_perform_af_008,1,isotonic,0.9865229110512129
mimic_perform_af_008,1,isotonic,0.7647058823529411
mimic_perform_af_008,1,isotonic,0.6538461538461539
mimic_perform_af_008,1,isotonic,0.4871134020618557
mimic_perform_af_008,1,isotonic,0.4871134020618557
mimic_perform_af_008,1,isotonic,1.0
mimic_perform_af_008,1,isotonic,0.6538461538461539
mimic_perform_af_008,1,isotonic,0.9865229110512129
mimic_perform_af_008,1,isotonic,0.4871134020618557
mimic_perform_af_008,1,isotonic,1.0
mimic_perform_af_008,1,isotonic,1.0
mimic_perform_af_008,1,isotonic,0.9865229110512129
mimic_perform_af_008,1,isotonic,0.9865229110512129
mimic_perform_af_008,1,isotonic,0.4871134020618557
mimic_perform_af_008,1,isotonic,0.9863013698630136
mimic_perform_af_008,1,isotonic,0.7692307692307693
mimic_perform_af_008,1,isotonic,0.6538461538461539
mimic_perform_af_008,1,isotonic,0.9865229110512129
mimic_perform_af_008,1,isotonic,0.9865229110512129
mimic_perform_af_008,1,isotonic,1.0
mimic_perform_af_008,1,isotonic,0.9865229110512129
mimic_perform_af_008,1,isotonic,0.9863013698630136
mimic_perform_af_008,1,isotonic,0.9019607843137255
mimic_perform_af_008,1,isotonic,0.9863013698630136
mimic_perform_af_008,1,isotonic,0.9865229110512129
mimic_perform_af_008,1,isotonic,0.9019607843137255
mimic_perform_af_008,1,isotonic,0.4871134020618557
mimic_perform_af_008,1,isotonic,0.916269052675611
mimic_perform_af_008,1,isotonic,0.4871134020618557
mimic_perform_af_008,1,isotonic,1.0
mimic_perform_af_008,1,isotonic,1.0
mimic_perform_af_008,1,isotonic,1.0
mimic_perform_af_008,1,isotonic,0.4871134020618557
mimic_perform_af_008,1,isotonic,0.4871134020618557
mimic_perform_af_008,1,isotonic,0.9019607843137255
mimic_perform_af_008,1,isotonic,0.8695652173913043
mimic_perform_af_008,1,isotonic,0.9865229110512129
mimic_perform_af_008,1,isotonic,0.9865229110512129
mimic_perform_af_008,1,isotonic,0.9865229110512129
mimic_perform_af_008,1,isotonic,0.9865229110512129
mimic_perform_af_008,1,isotonic,1.0
mimic_perform_af_008,1,isotonic,0.9865229110512129
mimic_perform_af_008,1,isotonic,0.4871134020618557
mimic_perform_af_008,1,isotonic,0.8695652173913043
mimic_perform_af_008,1,isotonic,0.6538461538461539
mimic_perform_af_008,1,isotonic,0.9865229110512129
mimic_perform_af_008,1,isotonic,0.9865229110512129
mimic_perform_af_008,1,isotonic,1.0
mimic_perform_af_008,1,isotonic,1.0
mimic_perform_af_008,1,isotonic,1.0
mimic_perform_af_008,1,isotonic,0.9865229110512129
mimic_perform_af_008,1,isotonic,0.4871134020618557
mimic_perform_af_008,1,isotonic,0.9865229110512129
mimic_perform_af_008,1,isotonic,1.0
mimic_perform_af_008,1,isotonic,1.0
mimic_perform_af_008,1,isotonic,0.9865229110512129
mimic_perform_af_008,1,isotonic,0.4871134020618557
mimic_perform_af_008,1,isotonic,0.4871134020618557
mimic_perform_af_008,1,isotonic,0.9865229110512129
mimic_perform_af_008,1,isotonic,0.9863013698630136
mimic_perform_af_008,1,isotonic,0.4871134020618557
mimic_perform_af_008,1,isotonic,1.0
mimic_perform_af_008,1,isotonic,0.9865229110512129
mimic_perform_af_008,1,isotonic,0.9865229110512129
mimic_perform_af_008,1,isotonic,0.9865229110512129
mimic_perform_af_008,1,isotonic,0.9865229110512129
mimic_perform_af_008,1,isotonic,0.9865229110512129
mimic_perform_af_008,1,isotonic,0.9863013698630136
mimic_perform_af_008,1,isotonic,0.9865229110512129
mimic_perform_af_008,1,isotonic,0.9865229110512129
mimic_perform_af_008,1,isotonic,0.4871134020618557
mimic_perform_af_008,1,isotonic,0.4871134020618557
mimic_perform_af_008,1,isotonic,1.0
mimic_perform_af_008,1,isotonic,0.9863013698630136
mimic_perform_af_008,1,isotonic,0.9865229110512129
mimic_perform_af_008,1,isotonic,0.9865229110512129
mimic_perform_af_008,1,isotonic,1.0
mimic_perform_af_008,1,isotonic,0.9865229110512129
mimic_perform_af_008,1,isotonic,0.9865229110512129
mimic_perform_af_008,1,isotonic,0.9574468085106383
mimic_perform_af_008,1,isotonic,0.9865229110512129
mimic_perform_af_008,1,isotonic,0.9865229110512129
mimic_perform_af_008,1,isotonic,1.0
mimic_perform_af_008,1,isotonic,0.9865229110512129
mimic_perform_af_008,1,isotonic,0.4871134020618557
mimic_perform_af_008,1,isotonic,0.9865229110512129
mimic_perform_af_008,1,isotonic,0.4871134020618557
mimic_perform_af_008,1,isotonic,0.4871134020618557
mimic_perform_af_008,1,isotonic,0.4871134020618557
mimic_perform_af_008,1,isotonic,0.4871134020618557
mimic_perform_af_008,1,isotonic,0.9865229110512129
mimic_perform_af_008,1,isotonic,0.9285714285714286
mimic_perform_af_008,1,isotonic,1.0
mimic_perform_af_008,1,isotonic,0.9865229110512129
mimic_perform_af_008,1,isotonic,0.8695652173913043
mimic_perform_af_008,1,isotonic,0.7647058823529411
mimic_perform_af_008,1,isotonic,0.2
mimic_perform_af_008,1,isotonic,0.4871134020618557
mimic_perform_af_008,1,isotonic,0.4871134020618557
mimic_perform_af_008,1,isotonic,0.9865229110512129
mimic_perform_af_008,1,isotonic,0.4871134020618557
mimic_perform_af_008,1,isotonic,1.0
mimic_perform_af_008,1,isotonic,0.9865229110512129
mimic_perform_af_008,1,raw,0.9998169095413503
mimic_perform_af_008,1,raw,0.9892363786657377
mimic_perform_af_008,1,raw,0.7984125202083706
mimic_perform_af_008,1,raw,0.8795194871794872
mimic_perform_af_008,1,raw,0.79
mimic_perform_af_008,1,raw,0.9958438737347711
mimic_perform_af_008,1,raw,0.9952209958988635
mimic_perform_af_008,1,raw,0.9618305781006518
mimic_perform_af_008,1,raw,0.9553559772250323
mimic_perform_af_008,1,raw,0.913396084145985
mimic_perform_af_008,1,raw,0.9799765561102531
mimic_perform_af_008,1,raw,0.9923623423931643
mimic_perform_af_008,1,raw,0.9796451345994575
mimic_perform_af_008,1,raw,0.7033533486107376
mimic_perform_af_008,1,raw,0.6783533486107376
mimic_perform_af_008,1,raw,0.9834088880079566
mimic_perform_af_008,1,raw,0.8310238472055086
mimic_perform_af_008,1,raw,0.8030181207894302
mimic_perform_af_008,1,raw,0.7972644793069308
mimic_perform_af_008,1,raw,0.673766500822965
mimic_perform_af_008,1,raw,0.9964118171820745
mimic_perform_af_008,1,raw,0.8159549591628878
mimic_perform_af_008,1,raw,0.9487639315343686
mimic_perform_af_008,1,raw,0.7484125202083708
mimic_perform_af_008,1,raw,0.9998908045297287
mimic_perform_af_008,1,raw,0.9973869735386335
mimic_perform_af_008,1,raw,0.9713849865649419
mimic_perform_af_008,1,raw,0.9576153915089841
mimic_perform_af_008,1,raw,0.6847771074912822
mimic_perform_af_008,1,raw,0.9394582576452762
mimic_perform_af_008,1,raw,0.8396019843924192
mimic_perform_af_008,1,raw,0.8084210526315789
mimic_perform_af_008,1,raw,0.9495194871794872
mimic_perform_af_008,1,raw,0.9729036250425493
mimic_perform_af_008,1,raw,0.993263071115278
mimic_perform_af_008,1,raw,0.9571736172467622
mimic_perform_af_008,1,raw,0.9201705623220825
mimic_perform_af_008,1,raw,0.8752203139982779
mimic_perform_af_008,1,raw,0.9375327386600226
mimic_perform_af_008,1,raw,0.9475601870589927
mimic_perform_af_008,1,raw,0.8715979492743381
mimic_perform_af_008,1,raw,0.6545366526478932
mimic_perform_af_008,1,raw,0.8870660881359576
mimic_perform_af_008,1,raw,0.6978401832631002
mimic_perform_af_008,1,raw,0.9966590600957065
mimic_perform_af_008,1,raw,0.9999174592014467
mimic_perform_af_008,1,raw,0.9990752842053109
mimic_perform_af_008,1,raw,0.703025774001425
mimic_perform_af_008,1,raw,0.754628616042488
mimic_perform_af_008,1,raw,0.8617412381961662
mimic_perform_af_008,1,raw,0.8589400451917547
mimic_perform_af_008,1,raw,0.9600875204603802
mimic_perform_af_008,1,raw,0.9616876610198146
mimic_perform_af_008,1,raw,0.9577147287489219
mimic_perform_af_008,1,raw,0.9873518476837362
mimic_perform_af_008,1,raw,0.9968202283316514
mimic_perform_af_008,1,raw,0.9426235932162739
mimic_perform_af_008,1,raw,0.7407569394503685
mimic_perform_af_008,1,raw,0.856993302107003
mimic_perform_af_008,1,raw,0.816737237021007
mimic_perform_af_008,1,raw,0.9447847892218846
mimic_perform_af_008,1,raw,0.9489706332424476
mimic_perform_af_008,1,raw,0.995616765312937
mimic_perform_af_008,1,raw,0.9990448754782019
mimic_perform_af_008,1,raw,0.9998908045297287
mimic_perform_af_008,1,raw,0.9495934519692111
mimic_perform_af_008,1,raw,0.5319776347478286
mimic_perform_af_008,1,raw,0.9883328823888529
mimic_perform_af_008,1,raw,0.9964544754326371
mimic_perform_af_008,1,raw,0.9991579302824611
mimic_perform_af_008,1,raw,0.9872107411835122
mimic_perform_af_008,1,raw,0.6808730097578582
mimic_perform_af_008,1,raw,0.7098552995959325
mimic_perform_af_008,1,raw,0.9667501315881184
mimic_perform_af_008,1,raw,0.9389654493798756
mimic_perform_af_008,1,raw,0.7644642857142857
mimic_perform_af_008,1,raw,0.9983916915405877
mimic_perform_af_008,1,raw,0.9687476461159525
mimic_perform_af_008,1,raw,0.9696918243354626
mimic_perform_af_008,1,raw,0.9652995666872057
mimic_perform_af_008,1,raw,0.9671663896495174
mimic_perform_af_008,1,raw,0.9883916915405877
mimic_perform_af_008,1,raw,0.9395934519692111
mimic_perform_af_008,1,raw,0.9788647070681046
mimic_perform_af_008,1,raw,0.9655832989077118
mimic_perform_af_008,1,raw,0.6548834622579502
mimic_perform_af_008,1,raw,0.6816219333731014
mimic_perform_af_008,1,raw,0.9985888263124945
mimic_perform_af_008,1,raw,0.9341941538410836
mimic_perform_af_008,1,raw,0.9544064253829342
mimic_perform_af_008,1,raw,0.988116226500468
mimic_perform_af_008,1,raw,0.9990409562748448
mimic_perform_af_008,1,raw,0.9650065209775568
mimic_perform_af_008,1,raw,0.9781156059190699
mimic_perform_af_008,1,raw,0.899686264844061
mimic_perform_af_008,1,raw,0.9658252905147222
mimic_perform_af_008,1,raw,0.9897509616315193
mimic_perform_af_008,1,raw,0.9985707390212251
mimic_perform_af_008,1,raw,0.9643953121146609
mimic_perform_af_008,1,raw,0.6668776875040401
mimic_perform_af_008,1,raw,0.943577256919542
mimic_perform_af_008,1,raw,0.6581110877563279
mimic_perform_af_008,1,raw,0.5967458535417041
mimic_perform_af_008,1,raw,0.6690536510590859
mimic_perform_af_008,1,raw,0.5486369843924193
mimic_perform_af_008,1,raw,0.9832241378630622
mimic_perform_af_008,1,raw,0.8979170027074375
mimic_perform_af_008,1,raw,0.9902624061504065
mimic_perform_af_008,1,raw,0.9406448029054121
mimic_perform_af_008,1,raw,0.8586105776920188
mimic_perform_af_008,1,raw,0.8349187738460412
mimic_perform_af_008,1,raw,0.2555659633162466
mimic_perform_af_008,1,raw,0.6906317961603007
mimic_perform_af_008,1,raw,0.7888673589780987
mimic_perform_af_008,1,raw,0.972536364212673
mimic_perform_af_008,1,raw,0.6199471794104168
mimic_perform_af_008,1,raw,0.9972491411965265
mimic_perform_af_008,1,raw,0.9866931711459044
mimic_perform_af_009,1,sigmoid,0.9469983099534965
mimic_perform_af_009,1,sigmoid,0.9519385120596553
mimic_perform_af_009,1,sigmoid,0.15048588185575293
mimic_perform_af_009,1,sigmoid,0.5945046924837095
mimic_perform_af_009,1,sigmoid,0.9542218097768849
mimic_perform_af_009,1,sigmoid,0.9637224784029477
mimic_perform_af_009,1,sigmoid,0.954737717707588
mimic_perform_af_009,1,sigmoid,0.963610003653126
mimic_perform_af_009,1,sigmoid,0.9637696802229231
mimic_perform_af_009,1,sigmoid,0.9637696802229231
mimic_perform_af_009,1,sigmoid,0.9637492365899523
mimic_perform_af_009,1,sigmoid,0.9637492365899523
mimic_perform_af_009,1,sigmoid,0.9637335523750321
mimic_perform_af_009,1,sigmoid,0.9637335523750321
mimic_perform_af_009,1,sigmoid,0.9637853494006892
mimic_perform_af_009,1,sigmoid,0.9637696802229231
mimic_perform_af_009,1,sigmoid,0.9637696802229231
mimic_perform_af_009,1,sigmoid,0.9637335523750321
mimic_perform_af_009,1,sigmoid,0.9637492365899523
mimic_perform_af_009,1,sigmoid,0.9637492365899523
mimic_perform_af_009,1,sigmoid,0.963788372512614
mimic_perform_af_009,1,sigmoid,0.963788372512614
mimic_perform_af_009,1,sigmoid,0.963788372512614
mimic_perform_af_009,1,sigmoid,0.9637853494006892
mimic_perform_af_009,1,sigmoid,0.9605779957486811
mimic_perform_af_009,1,sigmoid,0.9627932263329633
mimic_perform_af_009,1,sigmoid,0.963133487962628
mimic_perform_af_009,1,sigmoid,0.9605888510822232
mimic_perform_af_009,1,sigmoid,0.9628468096768869
mimic_perform_af_009,1,sigmoid,0.9637492365899523
mimic_perform_af_009,1,sigmoid,0.9102115581541286
mimic_perform_af_009,1,sigmoid,0.9472922480862186
mimic_perform_af_009,1,sigmoid,0.9148915812438713
mimic_perform_af_009,1,sigmoid,0.9637226189501138
mimic_perform_af_009,1,sigmoid,0.9628470529697953
mimic_perform_af_009,1,sigmoid,0.9637853494006892
mimic_perform_af_009,1,sigmoid,0.963730110001042
mimic_perform_af_009,1,sigmoid,0.9595960545098411
mimic_perform_af_009,1,sigmoid,0.9577370818895842
mimic_perform_af_009,1,sigmoid,0.8793611020897468
mimic_perform_af_009,1,sigmoid,0.9624125691090416
mimic_perform_af_009,1,sigmoid,0.9637670196144977
mimic_perform_af_009,1,sigmoid,0.9623134159631451
mimic_perform_af_009,1,sigmoid,0.963750771155179
mimic_perform_af_009,1,sigmoid,0.9632758601551867
mimic_perform_af_009,1,sigmoid,0.9637492365899523
mimic_perform_af_009,1,sigmoid,0.9637108799474667
mimic_perform_af_009,1,sigmoid,0.9637270066123044
mimic_perform_af_009,1,sigmoid,0.9637492365899523
mimic_perform_af_009,1,sigmoid,0.9636849087565029
mimic_perform_af_009,1,sigmoid,0.9637492365899523
mimic_perform_af_009,1,sigmoid,0.9532716845689948
mimic_perform_af_009,1,sigmoid,0.9595510180943043
mimic_perform_af_009,1,sigmoid,0.9408344737306016
mimic_perform_af_009,1,sigmoid,0.9389112530419771
mimic_perform_af_009,1,sigmoid,0.9637264321730925
mimic_perform_af_009,1,sigmoid,0.9637696802229231
mimic_perform_af_009,1,sigmoid,0.9637696802229231
mimic_perform_af_009,1,sigmoid,0.9637853494006892
mimic_perform_af_009,1,sigmoid,0.9637868824946328
mimic_perform_af_009,1,sigmoid,0.9637853494006892
mimic_perform_af_009,1,sigmoid,0.9637853494006892
mimic_perform_af_009,1,sigmoid,0.9637492365899523
mimic_perform_af_009,1,sigmoid,0.9637210832379618
mimic_perform_af_009,1,sigmoid,0.9637853494006892
mimic_perform_af_009,1,sigmoid,0.9637853494006892
mimic_perform_af_009,1,sigmoid,0.9637210832379618
mimic_perform_af_009,1,sigmoid,0.9637853494006892
mimic_perform_af_009,1,sigmoid,0.9637853494006892
mimic_perform_af_009,1,sigmoid,0.9637853494006892
mimic_perform_af_009,1,sigmoid,0.9637853494006892
mimic_perform_af_009,1,sigmoid,0.9637492365899523
mimic_perform_af_009,1,sigmoid,0.9637853494006892
mimic_perform_af_009,1,sigmoid,0.9637853494006892
mimic_perform_af_009,1,sigmoid,0.9636577332355494
mimic_perform_af_009,1,sigmoid,0.9580611393057232
mimic_perform_af_009,1,sigmoid,0.9549022381966875
mimic_perform_af_009,1,sigmoid,0.9637868824946328
mimic_perform_af_009,1,sigmoid,0.9637853494006892
mimic_perform_af_009,1,sigmoid,0.9636028601109159
mimic_perform_af_009,1,sigmoid,0.9637492365899523
mimic_perform_af_009,1,sigmoid,0.9637270066123044
mimic_perform_af_009,1,sigmoid,0.96372657359852
mimic_perform_af_009,1,sigmoid,0.9637492365899523
mimic_perform_af_009,1,sigmoid,0.9637492365899523
mimic_perform_af_009,1,sigmoid,0.9637492365899523
mimic_perform_af_009,1,sigmoid,0.9637853494006892
mimic_perform_af_009,1,sigmoid,0.9637072940052411
mimic_perform_af_009,1,sigmoid,0.9637853494006892
mimic_perform_af_009,1,sigmoid,0.9637492365899523
mimic_perform_af_009,1,sigmoid,0.9637059650556017
mimic_perform_af_009,1,sigmoid,0.9637492365899523
mimic_perform_af_009,1,sigmoid,0.9637335523750321
mimic_perform_af_009,1,sigmoid,0.9637853494006892
mimic_perform_af_009,1,sigmoid,0.9637210832379618
mimic_perform_af_009,1,sigmoid,0.9637853494006892
mimic_perform_af_009,1,sigmoid,0.9637492365899523
mimic_perform_af_009,1,sigmoid,0.9637492365899523
mimic_perform_af_009,1,sigmoid,0.9609405755160516
mimic_perform_af_009,1,sigmoid,0.9605155845692068
mimic_perform_af_009,1,sigmoid,0.9599987460005746
mimic_perform_af_009,1,sigmoid,0.9637335523750321
mimic_perform_af_009,1,sigmoid,0.9637492365899523
mimic_perform_af_009,1,sigmoid,0.9637335523750321
mimic_perform_af_009,1,sigmoid,0.9637492365899523
mimic_perform_af_009,1,sigmoid,0.9637662411492219
mimic_perform_af_009,1,sigmoid,0.9637492365899523
mimic_perform_af_009,1,sigmoid,0.96374155395366
mimic_perform_af_009,1,sigmoid,0.9637013086654029
mimic_perform_af_009,1,sigmoid,0.9636465926283001
mimic_perform_af_009,1,sigmoid,0.9625184939705251
mimic_perform_af_009,1,sigmoid,0.963210206182274
mimic_perform_af_009,1,sigmoid,0.9584021490683938
mimic_perform_af_009,1,sigmoid,0.9619288193565312
mimic_perform_af_009,1,sigmoid,0.963233945240535
mimic_perform_af_009,1,sigmoid,0.9554163597570562
mimic_perform_af_009,1,sigmoid,0.9584834740722868
mimic_perform_af_009,1,sigmoid,0.9619318736837688
mimic_perform_af_009,1,isotonic,0.9827586206896551
mimic_perform_af_009,1,isotonic,0.9888579387186629
mimic_perform_af_009,1,isotonic,0.4117647058823529
mimic_perform_af_009,1,isotonic,0.4915254237288137
mimic_perform_af_009,1,isotonic,0.9888579387186629
mimic_perform_af_009,1,isotonic,1.0
mimic_perform_af_009,1,isotonic,0.9888579387186629
mimic_perform_af_009,1,isotonic,1.0
mimic_perform_af_009,1,isotonic,1.0
mimic_perform_af_009,1,isotonic,1.0
mimic_perform_af_009,1,isotonic,1.0
mimic_perform_af_009,1,isotonic,1.0
mimic_perform_af_009,1,isotonic,1.0
mimic_perform_af_009,1,isotonic,1.0
mimic_perform_af_009,1,isotonic,1.0
mimic_perform_af_009,1,isotonic,1.0
mimic_perform_af_009,1,isotonic,1.0
mimic_perform_af_009,1,isotonic,1.0
mimic_perform_af_009,1,isotonic,1.0
mimic_perform_af_009,1,isotonic,1.0
mimic_perform_af_009,1,isotonic,1.0
mimic_perform_af_009,1,isotonic,1.0
mimic_perform_af_009,1,isotonic,1.0
mimic_perform_af_009,1,isotonic,1.0
mimic_perform_af_009,1,isotonic,0.9888579387186629
mimic_perform_af_009,1,isotonic,0.9950980392156863
mimic_perform_af_009,1,isotonic,0.9950980392156863
mimic_perform_af_009,1,isotonic,0.9888579387186629
mimic_perform_af_009,1,isotonic,0.9950980392156863
mimic_perform_af_009,1,isotonic,1.0
mimic_perform_af_009,1,isotonic,0.9090909090909091
mimic_perform_af_009,1,isotonic,0.9827586206896551
mimic_perform_af_009,1,isotonic,0.9125
mimic_perform_af_009,1,isotonic,1.0
mimic_perform_af_009,1,isotonic,0.9950980392156863
mimic_perform_af_009,1,isotonic,1.0
mimic_perform_af_009,1,isotonic,1.0
mimic_perform_af_009,1,isotonic,0.9888579387186629
mimic_perform_af_009,1,isotonic,0.9888579387186629
mimic_perform_af_009,1,isotonic,0.7285714285714285
mimic_perform_af_009,1,isotonic,0.9950980392156863
mimic_perform_af_009,1,isotonic,1.0
mimic_perform_af_009,1,isotonic,0.9950980392156863
mimic_perform_af_009,1,isotonic,1.0
mimic_perform_af_009,1,isotonic,0.9950980392156863
mimic_perform_af_009,1,isotonic,1.0
mimic_perform_af_009,1,isotonic,1.0
mimic_perform_af_009,1,isotonic,1.0
mimic_perform_af_009,1,isotonic,1.0
mimic_perform_af_009,1,isotonic,1.0
mimic_perform_af_009,1,isotonic,1.0
mimic_perform_af_009,1,isotonic,0.9888579387186629
mimic_perform_af_009,1,isotonic,0.9888579387186629
mimic_perform_af_009,1,isotonic,0.9342105263157895
mimic_perform_af_009,1,isotonic,0.9342105263157895
mimic_perform_af_009,1,isotonic,1.0
mimic_perform_af_009,1,isotonic,1.0
mimic_perform_af_009,1,isotonic,1.0
mimic_perform_af_009,1,isotonic,1.0
mimic_perform_af_009,1,isotonic,1.0
mimic_perform_af_009,1,isotonic,1.0
mimic_perform_af_009,1,isotonic,1.0
mimic_perform_af_009,1,isotonic,1.0
mimic_perform_af_009,1,isotonic,1.0
mimic_perform_af_009,1,isotonic,1.0
mimic_perform_af_009,1,isotonic,1.0
mimic_perform_af_009,1,isotonic,1.0
mimic_perform_af_009,1,isotonic,1.0
mimic_perform_af_009,1,isotonic,1.0
mimic_perform_af_009,1,isotonic,1.0
mimic_perform_af_009,1,isotonic,1.0
mimic_perform_af_009,1,isotonic,1.0
mimic_perform_af_009,1,isotonic,1.0
mimic_perform_af_009,1,isotonic,1.0
mimic_perform_af_009,1,isotonic,1.0
mimic_perform_af_009,1,isotonic,0.9888579387186629
mimic_perform_af_009,1,isotonic,0.9888579387186629
mimic_perform_af_009,1,isotonic,1.0
mimic_perform_af_009,1,isotonic,1.0
mimic_perform_af_009,1,isotonic,1.0
mimic_perform_af_009,1,isotonic,1.0
mimic_perform_af_009,1,isotonic,1.0
mimic_perform_af_009,1,isotonic,1.0
mimic_perform_af_009,1,isotonic,1.0
mimic_perform_af_009,1,isotonic,1.0
mimic_perform_af_009,1,isotonic,1.0
mimic_perform_af_009,1,isotonic,1.0
mimic_perform_af_009,1,isotonic,1.0
mimic_perform_af_009,1,isotonic,1.0
mimic_perform_af_009,1,isotonic,1.0
mimic_perform_af_009,1,isotonic,1.0
mimic_perform_af_009,1,isotonic,1.0
mimic_perform_af_009,1,isotonic,1.0
mimic_perform_af_009,1,isotonic,1.0
mimic_perform_af_009,1,isotonic,1.0
mimic_perform_af_009,1,isotonic,1.0
mimic_perform_af_009,1,isotonic,1.0
mimic_perform_af_009,1,isotonic,1.0
mimic_perform_af_009,1,isotonic,0.9888579387186629
mimic_perform_af_009,1,isotonic,0.9888579387186629
mimic_perform_af_009,1,isotonic,0.9888579387186629
mimic_perform_af_009,1,isotonic,1.0
mimic_perform_af_009,1,isotonic,1.0
mimic_perform_af_009,1,isotonic,1.0
mimic_perform_af_009,1,isotonic,1.0
mimic_perform_af_009,1,isotonic,1.0
mimic_perform_af_009,1,isotonic,1.0
mimic_perform_af_009,1,isotonic,1.0
mimic_perform_af_009,1,isotonic,1.0
mimic_perform_af_009,1,isotonic,1.0
mimic_perform_af_009,1,isotonic,0.9950980392156863
mimic_perform_af_009,1,isotonic,0.9950980392156863
mimic_perform_af_009,1,isotonic,0.9888579387186629
mimic_perform_af_009,1,isotonic,0.9950980392156863
mimic_perform_af_009,1,isotonic,0.9950980392156863
mimic_perform_af_009,1,isotonic,0.9888579387186629
mimic_perform_af_009,1,isotonic,0.9888579387186629
mimic_perform_af_009,1,isotonic,0.9950980392156863
mimic_perform_af_009,1,raw,0.9475610326767775
mimic_perform_af_009,1,raw,0.9611057263585736
mimic_perform_af_009,1,raw,0.34111111111111114
mimic_perform_af_009,1,raw,0.6189057239057238
mimic_perform_af_009,1,raw,0.967818429354437
mimic_perform_af_009,1,raw,0.9996956720732425
mimic_perform_af_009,1,raw,0.9693792195409869
mimic_perform_af_009,1,raw,0.999273433883686
mimic_perform_af_009,1,raw,0.9998732464566785
mimic_perform_af_009,1,raw,0.9998732464566785
mimic_perform_af_009,1,raw,0.9997963097006795
mimic_perform_af_009,1,raw,0.9997963097006795
mimic_perform_af_009,1,raw,0.9997373126505319
mimic_perform_af_009,1,raw,0.9997373126505319
mimic_perform_af_009,1,raw,0.999932243506826
mimic_perform_af_009,1,raw,0.9998732464566785
mimic_perform_af_009,1,raw,0.9998732464566785
mimic_perform_af_009,1,raw,0.9997373126505319
mimic_perform_af_009,1,raw,0.9997963097006795
mimic_perform_af_009,1,raw,0.9997963097006795
mimic_perform_af_009,1,raw,0.9999436288511597
mimic_perform_af_009,1,raw,0.9999436288511597
mimic_perform_af_009,1,raw,0.9999436288511597
mimic_perform_af_009,1,raw,0.999932243506826
mimic_perform_af_009,1,raw,0.9883397396890419
mimic_perform_af_009,1,raw,0.9962443311601382
mimic_perform_af_009,1,raw,0.9974983777193248
mimic_perform_af_009,1,raw,0.9883774246701152
mimic_perform_af_009,1,raw,0.996441081148585
mimic_perform_af_009,1,raw,0.9997963097006795
mimic_perform_af_009,1,raw,0.8730650723810559
mimic_perform_af_009,1,raw,0.9483328165943903
mimic_perform_af_009,1,raw,0.8807753920247953
mimic_perform_af_009,1,raw,0.9996962004849371
mimic_perform_af_009,1,raw,0.9964419751055784
mimic_perform_af_009,1,raw,0.999932243506826
mimic_perform_af_009,1,raw,0.9997243672546361
mimic_perform_af_009,1,raw,0.9849713606914561
mimic_perform_af_009,1,raw,0.9788038023847332
mimic_perform_af_009,1,raw,0.8297114644906297
mimic_perform_af_009,1,raw,0.9948544051387477
mimic_perform_af_009,1,raw,0.9998632312640785
mimic_perform_af_009,1,raw,0.9944945797053104
mimic_perform_af_009,1,raw,0.9998020833727348
mimic_perform_af_009,1,raw,0.9980264016140817
mimic_perform_af_009,1,raw,0.9997963097006795
mimic_perform_af_009,1,raw,0.9996520724360144
mimic_perform_af_009,1,raw,0.9997126976605456
mimic_perform_af_009,1,raw,0.9997963097006795
mimic_perform_af_009,1,raw,0.999554493006735
mimic_perform_af_009,1,raw,0.9997963097006795
mimic_perform_af_009,1,raw,0.9649873035096717
mimic_perform_af_009,1,raw,0.9848187591354207
mimic_perform_af_009,1,raw,0.9322419059831976
mimic_perform_af_009,1,raw,0.9277682413947396
mimic_perform_af_009,1,raw,0.9997105377167088
mimic_perform_af_009,1,raw,0.9998732464566785
mimic_perform_af_009,1,raw,0.9998732464566785
mimic_perform_af_009,1,raw,0.999932243506826
mimic_perform_af_009,1,raw,0.9999380171788814
mimic_perform_af_009,1,raw,0.999932243506826
mimic_perform_af_009,1,raw,0.999932243506826
mimic_perform_af_009,1,raw,0.9997963097006795
mimic_perform_af_009,1,raw,0.9996904268128816
mimic_perform_af_009,1,raw,0.999932243506826
mimic_perform_af_009,1,raw,0.999932243506826
mimic_perform_af_009,1,raw,0.9996904268128816
mimic_perform_af_009,1,raw,0.999932243506826
mimic_perform_af_009,1,raw,0.999932243506826
mimic_perform_af_009,1,raw,0.999932243506826
mimic_perform_af_009,1,raw,0.999932243506826
mimic_perform_af_009,1,raw,0.9997963097006795
mimic_perform_af_009,1,raw,0.999932243506826
mimic_perform_af_009,1,raw,0.999932243506826
mimic_perform_af_009,1,raw,0.999452460519447
mimic_perform_af_009,1,raw,0.979860016811026
mimic_perform_af_009,1,raw,0.9698805125304475
mimic_perform_af_009,1,raw,0.9999380171788814
mimic_perform_af_009,1,raw,0.999932243506826
mimic_perform_af_009,1,raw,0.9992466589498628
mimic_perform_af_009,1,raw,0.9997963097006795
mimic_perform_af_009,1,raw,0.9997126976605456
mimic_perform_af_009,1,raw,0.9997110694861618
mimic_perform_af_009,1,raw,0.9997963097006795
mimic_perform_af_009,1,raw,0.9997963097006795
mimic_perform_af_009,1,raw,0.9997963097006795
mimic_perform_af_009,1,raw,0.999932243506826
mimic_perform_af_009,1,raw,0.9996385952706658
mimic_perform_af_009,1,raw,0.999932243506826
mimic_perform_af_009,1,raw,0.9997963097006795
mimic_perform_af_009,1,raw,0.9996336009607097
mimic_perform_af_009,1,raw,0.9997963097006795
mimic_perform_af_009,1,raw,0.9997373126505319
mimic_perform_af_009,1,raw,0.999932243506826
mimic_perform_af_009,1,raw,0.9996904268128816
mimic_perform_af_009,1,raw,0.999932243506826
mimic_perform_af_009,1,raw,0.9997963097006795
mimic_perform_af_009,1,raw,0.9997963097006795
mimic_perform_af_009,1,raw,0.9896038767270531
mimic_perform_af_009,1,raw,0.9881232681891146
mimic_perform_af_009,1,raw,0.9863431308385796
mimic_perform_af_009,1,raw,0.9997373126505319
mimic_perform_af_009,1,raw,0.9997963097006795
mimic_perform_af_009,1,raw,0.9997373126505319
mimic_perform_af_009,1,raw,0.9997963097006795
mimic_perform_af_009,1,raw,0.9998603010607827
mimic_perform_af_009,1,raw,0.9997963097006795
mimic_perform_af_009,1,raw,0.9997674079665754
mimic_perform_af_009,1,raw,0.9996161032241201
mimic_perform_af_009,1,raw,0.9994106535092172
mimic_perform_af_009,1,raw,0.995239814131301
mimic_perform_af_009,1,raw,0.9977826627984075
mimic_perform_af_009,1,raw,0.9809799454545873
mimic_perform_af_009,1,raw,0.9931074366519306
mimic_perform_af_009,1,raw,0.9978707451651849
mimic_perform_af_009,1,raw,0.9714583464088636
mimic_perform_af_009,1,raw,0.9812483259685857
mimic_perform_af_009,1,raw,0.9931183997205484
mimic_perform_af_010,1,sigmoid,0.9585005675289214
mimic_perform_af_010,1,sigmoid,0.9597840497280741
mimic_perform_af_010,1,sigmoid,0.959395123829748
mimic_perform_af_010,1,sigmoid,0.9531158724335883
mimic_perform_af_010,1,sigmoid,0.9579554412886491
mimic_perform_af_010,1,sigmoid,0.9593977437253947
mimic_perform_af_010,1,sigmoid,0.9565289545258265
mimic_perform_af_010,1,sigmoid,0.9542025629796828
mimic_perform_af_010,1,sigmoid,0.9577304594925724
mimic_perform_af_010,1,sigmoid,0.9567262105970966
mimic_perform_af_010,1,sigmoid,0.9598815999775785
mimic_perform_af_010,1,sigmoid,0.9600088367639386
mimic_perform_af_010,1,sigmoid,0.9598966858610188
mimic_perform_af_010,1,sigmoid,0.9591794749592393
mimic_perform_af_010,1,sigmoid,0.9595433512276544
mimic_perform_af_010,1,sigmoid,0.9582240323167156
mimic_perform_af_010,1,sigmoid,0.9568179554955113
mimic_perform_af_010,1,sigmoid,0.9499314911452085
mimic_perform_af_010,1,sigmoid,0.9584750504018519
mimic_perform_af_010,1,sigmoid,0.9547973512681733
mimic_perform_af_010,1,sigmoid,0.9536431273286191
mimic_perform_af_010,1,sigmoid,0.9459390899545612
mimic_perform_af_010,1,sigmoid,0.9551526396325524
mimic_perform_af_010,1,sigmoid,0.9549153019000152
mimic_perform_af_010,1,sigmoid,0.9586109417644366
mimic_perform_af_010,1,sigmoid,0.9513967167954978
mimic_perform_af_010,1,sigmoid,0.9285706637359453
mimic_perform_af_010,1,sigmoid,0.9278995255422988
mimic_perform_af_010,1,sigmoid,0.9202836389670789
mimic_perform_af_010,1,sigmoid,0.9512087549059696
mimic_perform_af_010,1,sigmoid,0.9539504855453701
mimic_perform_af_010,1,sigmoid,0.9539512667747744
mimic_perform_af_010,1,sigmoid,0.9361165119679664
mimic_perform_af_010,1,sigmoid,0.9369178986786112
mimic_perform_af_010,1,sigmoid,0.9229619133660164
mimic_perform_af_010,1,sigmoid,0.9586387171865844
mimic_perform_af_010,1,sigmoid,0.9538190952999043
mimic_perform_af_010,1,sigmoid,0.9588019510549363
mimic_perform_af_010,1,sigmoid,0.9549508769941755
mimic_perform_af_010,1,sigmoid,0.9530125709025563
mimic_perform_af_010,1,sigmoid,0.2710552345010222
mimic_perform_af_010,1,sigmoid,0.4867588528600337
mimic_perform_af_010,1,sigmoid,0.545321922320889
mimic_perform_af_010,1,sigmoid,0.03856798504030026
mimic_perform_af_010,1,sigmoid,0.04801607194183207
mimic_perform_af_010,1,sigmoid,0.8363922841582709
mimic_perform_af_010,1,sigmoid,0.953858250917215
mimic_perform_af_010,1,sigmoid,0.9511203247341176
mimic_perform_af_010,1,sigmoid,0.9581530353966821
mimic_perform_af_010,1,sigmoid,0.9568151661804177
mimic_perform_af_010,1,sigmoid,0.9594579172550144
mimic_perform_af_010,1,sigmoid,0.9530989964496717
mimic_perform_af_010,1,sigmoid,0.9168764076272263
mimic_perform_af_010,1,sigmoid,0.9336975601112756
mimic_perform_af_010,1,sigmoid,0.9479148786153474
mimic_perform_af_010,1,sigmoid,0.9563932714994011
mimic_perform_af_010,1,sigmoid,0.9581586388026726
mimic_perform_af_010,1,sigmoid,0.9547841560259677
mimic_perform_af_010,1,sigmoid,0.9589086227388421
mimic_perform_af_010,1,sigmoid,0.9596733220767749
mimic_perform_af_010,1,sigmoid,0.9591235944102144
mimic_perform_af_010,1,sigmoid,0.958449804533485
mimic_perform_af_010,1,sigmoid,0.959002239913016
mimic_perform_af_010,1,sigmoid,0.958847986159747
mimic_perform_af_010,1,sigmoid,0.9594543201852904
mimic_perform_af_010,1,sigmoid,0.9587869890720726
mimic_perform_af_010,1,sigmoid,0.9597726289746097
mimic_perform_af_010,1,sigmoid,0.9593332319771457
mimic_perform_af_010,1,sigmoid,0.9591309067316055
mimic_perform_af_010,1,sigmoid,0.9587827607090151
mimic_perform_af_010,1,sigmoid,0.9587978815502872
mimic_perform_af_010,1,sigmoid,0.9591395494130497
mimic_perform_af_010,1,sigmoid,0.9559575308658054
mimic_perform_af_010,1,sigmoid,0.9564197922809204
mimic_perform_af_010,1,sigmoid,0.9582240323167156
mimic_perform_af_010,1,sigmoid,0.9594810997306205
mimic_perform_af_010,1,sigmoid,0.9561953369786902
mimic_perform_af_010,1,sigmoid,0.9566857869085825
mimic_perform_af_010,1,sigmoid,0.9556312815950766
mimic_perform_af_010,1,sigmoid,0.9581232130010842
mimic_perform_af_010,1,sigmoid,0.9566974553146571
mimic_perform_af_010,1,sigmoid,0.9595126707691439
mimic_perform_af_010,1,sigmoid,0.9564005931732458
mimic_perform_af_010,1,sigmoid,0.9541489903235566
mimic_perform_af_010,1,sigmoid,0.9602283878722845
mimic_perform_af_010,1,sigmoid,0.9580533100538294
mimic_perform_af_010,1,sigmoid,0.958408800136181
mimic_perform_af_010,1,sigmoid,0.9569081932364149
mimic_perform_af_010,1,sigmoid,0.9581341242352729
mimic_perform_af_010,1,sigmoid,0.9583402300578732
mimic_perform_af_010,1,sigmoid,0.9566537279794757
mimic_perform_af_010,1,sigmoid,0.9594933299198544
mimic_perform_af_010,1,sigmoid,0.9556888872374112
mimic_perform_af_010,1,sigmoid,0.957195349158657
mimic_perform_af_010,1,sigmoid,0.9559152018302984
mimic_perform_af_010,1,sigmoid,0.9454174767069412
mimic_perform_af_010,1,sigmoid,0.9224738607453592
mimic_perform_af_010,1,sigmoid,0.4359098692875125
mimic_perform_af_010,1,sigmoid,0.41758531736876936
mimic_perform_af_010,1,sigmoid,0.026890968970687743
mimic_perform_af_010,1,sigmoid,0.5552564254607832
mimic_perform_af_010,1,sigmoid,0.8632740643188147
mimic_perform_af_010,1,sigmoid,0.06410587399331316
mimic_perform_af_010,1,sigmoid,0.09211011555647314
mimic_perform_af_010,1,sigmoid,0.133822549836274
mimic_perform_af_010,1,sigmoid,0.8096262887271335
mimic_perform_af_010,1,sigmoid,0.94415708489779
mimic_perform_af_010,1,sigmoid,0.9380119427381618
mimic_perform_af_010,1,sigmoid,0.9552735644644651
mimic_perform_af_010,1,sigmoid,0.9544216169429774
mimic_perform_af_010,1,sigmoid,0.9540138124779545
mimic_perform_af_010,1,sigmoid,0.9577209015098399
mimic_perform_af_010,1,sigmoid,0.9580487227348727
mimic_perform_af_010,1,sigmoid,0.953932150973779
mimic_perform_af_010,1,sigmoid,0.9431487057233389
mimic_perform_af_010,1,sigmoid,0.9502860517657912
mimic_perform_af_010,1,sigmoid,0.9570179379324917
mimic_perform_af_010,1,sigmoid,0.9590078567222562
mimic_perform_af_010,1,isotonic,0.9966555183946488
mimic_perform_af_010,1,isotonic,1.0
mimic_perform_af_010,1,isotonic,0.9966555183946488
mimic_perform_af_010,1,isotonic,0.9856459330143541
mimic_perform_af_010,1,isotonic,0.9966555183946488
mimic_perform_af_010,1,isotonic,0.9966555183946488
mimic_perform_af_010,1,isotonic,0.9856459330143541
mimic_perform_af_010,1,isotonic,0.9856459330143541
mimic_perform_af_010,1,isotonic,0.9966555183946488
mimic_perform_af_010,1,isotonic,0.9856459330143541
mimic_perform_af_010,1,isotonic,1.0
mimic_perform_af_010,1,isotonic,1.0
mimic_perform_af_010,1,isotonic,1.0
mimic_perform_af_010,1,isotonic,0.9966555183946488
mimic_perform_af_010,1,isotonic,0.9966555183946488
mimic_perform_af_010,1,isotonic,0.9966555183946488
mimic_perform_af_010,1,isotonic,0.9856459330143541
mimic_perform_af_010,1,isotonic,0.9659090909090909
mimic_perform_af_010,1,isotonic,0.9966555183946488
mimic_perform_af_010,1,isotonic,0.9856459330143541
mimic_perform_af_010,1,isotonic,0.9856459330143541
mimic_perform_af_010,1,isotonic,0.9622641509433962
mimic_perform_af_010,1,isotonic,0.9856459330143541
mimic_perform_af_010,1,isotonic,0.9856459330143541
mimic_perform_af_010,1,isotonic,0.9966555183946488
mimic_perform_af_010,1,isotonic,0.9856459330143541
mimic_perform_af_010,1,isotonic,0.9207317073170732
mimic_perform_af_010,1,isotonic,0.9207317073170732
mimic_perform_af_010,1,isotonic,0.9207317073170732
mimic_perform_af_010,1,isotonic,0.9856459330143541
mimic_perform_af_010,1,isotonic,0.9856459330143541
mimic_perform_af_010,1,isotonic,0.9856459330143541
mimic_perform_af_010,1,isotonic,0.9207317073170732
mimic_perform_af_010,1,isotonic,0.9207317073170732
mimic_perform_af_010,1,isotonic,0.9207317073170732
mimic_perform_af_010,1,isotonic,0.9966555183946488
mimic_perform_af_010,1,isotonic,0.9856459330143541
mimic_perform_af_010,1,isotonic,0.9966555183946488
mimic_perform_af_010,1,isotonic,0.9856459330143541
mimic_perform_af_010,1,isotonic,0.9856459330143541
mimic_perform_af_010,1,isotonic,0.4648318042813456
mimic_perform_af_010,1,isotonic,0.4648318042813456
mimic_perform_af_010,1,isotonic,0.4648318042813456
mimic_perform_af_010,1,isotonic,0.032558139534883714
mimic_perform_af_010,1,isotonic,0.16326530612244897
mimic_perform_af_010,1,isotonic,0.5251798561151079
mimic_perform_af_010,1,isotonic,0.9856459330143541
mimic_perform_af_010,1,isotonic,0.9659090909090909
mimic_perform_af_010,1,isotonic,0.9966555183946488
mimic_perform_af_010,1,isotonic,0.9856459330143541
mimic_perform_af_010,1,isotonic,0.9966555183946488
mimic_perform_af_010,1,isotonic,0.9856459330143541
mimic_perform_af_010,1,isotonic,0.9090909090909091
mimic_perform_af_010,1,isotonic,0.9207317073170732
mimic_perform_af_010,1,isotonic,0.9659090909090909
mimic_perform_af_010,1,isotonic,0.9856459330143541
mimic_perform_af_010,1,isotonic,0.9966555183946488
mimic_perform_af_010,1,isotonic,0.9856459330143541
mimic_perform_af_010,1,isotonic,0.9966555183946488
mimic_perform_af_010,1,isotonic,0.9966555183946488
mimic_perform_af_010,1,isotonic,0.9966555183946488
mimic_perform_af_010,1,isotonic,0.9966555183946488
mimic_perform_af_010,1,isotonic,0.9966555183946488
mimic_perform_af_010,1,isotonic,0.9966555183946488
mimic_perform_af_010,1,isotonic,0.9966555183946488
mimic_perform_af_010,1,isotonic,0.9966555183946488
mimic_perform_af_010,1,isotonic,0.9966555183946488
mimic_perform_af_010,1,isotonic,0.9966555183946488
mimic_perform_af_010,1,isotonic,0.9966555183946488
mimic_perform_af_010,1,isotonic,0.9966555183946488
mimic_perform_af_010,1,isotonic,0.9966555183946488
mimic_perform_af_010,1,isotonic,0.9966555183946488
mimic_perform_af_010,1,isotonic,0.9856459330143541
mimic_perform_af_010,1,isotonic,0.9856459330143541
mimic_perform_af_010,1,isotonic,0.9966555183946488
mimic_perform_af_010,1,isotonic,0.9966555183946488
mimic_perform_af_010,1,isotonic,0.9856459330143541
mimic_perform_af_010,1,isotonic,0.9856459330143541
mimic_perform_af_010,1,isotonic,0.9856459330143541
mimic_perform_af_010,1,isotonic,0.9966555183946488
mimic_perform_af_010,1,isotonic,0.9856459330143541
mimic_perform_af_010,1,isotonic,0.9966555183946488
mimic_perform_af_010,1,isotonic,0.9856459330143541
mimic_perform_af_010,1,isotonic,0.9856459330143541
mimic_perform_af_010,1,isotonic,1.0
mimic_perform_af_010,1,isotonic,0.9966555183946488
mimic_perform_af_010,1,isotonic,0.9966555183946488
mimic_perform_af_010,1,isotonic,0.9856459330143541
mimic_perform_af_010,1,isotonic,0.9966555183946488
mimic_perform_af_010,1,isotonic,0.9966555183946488
mimic_perform_af_010,1,isotonic,0.9856459330143541
mimic_perform_af_010,1,isotonic,0.9966555183946488
mimic_perform_af_010,1,isotonic,0.9856459330143541
mimic_perform_af_010,1,isotonic,0.9966555183946488
mimic_perform_af_010,1,isotonic,0.9856459330143541
mimic_perform_af_010,1,isotonic,0.9622641509433962
mimic_perform_af_010,1,isotonic,0.9207317073170732
mimic_perform_af_010,1,isotonic,0.4648318042813456
mimic_perform_af_010,1,isotonic,0.4648318042813456
mimic_perform_af_010,1,isotonic,0.032558139534883714
mimic_perform_af_010,1,isotonic,0.4648318042813456
mimic_perform_af_010,1,isotonic,0.8181818181818182
mimic_perform_af_010,1,isotonic,0.24528301886792453
mimic_perform_af_010,1,isotonic,0.36363636363636365
mimic_perform_af_010,1,isotonic,0.4648318042813456
mimic_perform_af_010,1,isotonic,0.5251798561151079
mimic_perform_af_010,1,isotonic,0.9622641509433962
mimic_perform_af_010,1,isotonic,0.9207317073170732
mimic_perform_af_010,1,isotonic,0.9856459330143541
mimic_perform_af_010,1,isotonic,0.9856459330143541
mimic_perform_af_010,1,isotonic,0.9856459330143541
mimic_perform_af_010,1,isotonic,0.9966555183946488
mimic_perform_af_010,1,isotonic,0.9966555183946488
mimic_perform_af_010,1,isotonic,0.9856459330143541
mimic_perform_af_010,1,isotonic,0.9622641509433962
mimic_perform_af_010,1,isotonic,0.9659090909090909
mimic_perform_af_010,1,isotonic,0.9856459330143541
mimic_perform_af_010,1,isotonic,0.9966555183946488
mimic_perform_af_010,1,raw,0.9909797547747823
mimic_perform_af_010,1,raw,0.9953052596306148
mimic_perform_af_010,1,raw,0.9939807325925618
mimic_perform_af_010,1,raw,0.9741245938054486
mimic_perform_af_010,1,raw,0.9891812214997199
mimic_perform_af_010,1,raw,0.9939896141939829
mimic_perform_af_010,1,raw,0.9845782459210715
mimic_perform_af_010,1,raw,0.9773720093485457
mimic_perform_af_010,1,raw,0.9884454322874647
mimic_perform_af_010,1,raw,0.9852060789117684
mimic_perform_af_010,1,raw,0.9956394017836783
mimic_perform_af_010,1,raw,0.9960764021382964
mimic_perform_af_010,1,raw,0.995691145461795
mimic_perform_af_010,1,raw,0.9932515452504511
mimic_perform_af_010,1,raw,0.994484097211095
mimic_perform_af_010,1,raw,0.9900645778082972
mimic_perform_af_010,1,raw,0.985499019022994
mimic_perform_af_010,1,raw,0.965004609560659
mimic_perform_af_010,1,raw,0.9908950634151558
mimic_perform_af_010,1,raw,0.9791806411325105
mimic_perform_af_010,1,raw,0.9756911712244607
mimic_perform_af_010,1,raw,0.9543169283327592
mimic_perform_af_010,1,raw,0.9802718476129502
mimic_perform_af_010,1,raw,0.979541997030466
mimic_perform_af_010,1,raw,0.9913466616966946
mimic_perform_af_010,1,raw,0.9691304679360006
mimic_perform_af_010,1,raw,0.9150782314308692
mimic_perform_af_010,1,raw,0.9137477330241086
mimic_perform_af_010,1,raw,0.8993987112422441
mimic_perform_af_010,1,raw,0.9685946508330425
mimic_perform_af_010,1,raw,0.9766122315210608
mimic_perform_af_010,1,raw,0.976614580076215
mimic_perform_af_010,1,raw,0.930891190929294
mimic_perform_af_010,1,raw,0.9326712946455621
mimic_perform_af_010,1,raw,0.904295603368785
mimic_perform_af_010,1,raw,0.9914391404101032
mimic_perform_af_010,1,raw,0.9762177807050441
mimic_perform_af_010,1,raw,0.9919838340052118
mimic_perform_af_010,1,raw,0.9796511624066306
mimic_perform_af_010,1,raw,0.9738196285941985
mimic_perform_af_010,1,raw,0.4457107072812997
mimic_perform_af_010,1,raw,0.5693577780084468
mimic_perform_af_010,1,raw,0.6003605398987175
mimic_perform_af_010,1,raw,0.15165044387899493
mimic_perform_af_010,1,raw,0.18189060572992358
mimic_perform_af_010,1,raw,0.7918255826369277
mimic_perform_af_010,1,raw,0.9763352191939962
mimic_perform_af_010,1,raw,0.9683432427644192
mimic_perform_af_010,1,raw,0.9898305525098045
mimic_perform_af_010,1,raw,0.9854901040253682
mimic_perform_af_010,1,raw,0.9941937572374522
mimic_perform_af_010,1,raw,0.9740747291501513
mimic_perform_af_010,1,raw,0.8933816907946114
mimic_perform_af_010,1,raw,0.925641411418642
mimic_perform_af_010,1,raw,0.9595093183548236
mimic_perform_af_010,1,raw,0.9841479662942332
mimic_perform_af_010,1,raw,0.9898490090639974
mimic_perform_af_010,1,raw,0.9791402718098421
mimic_perform_af_010,1,raw,0.9923409027557792
mimic_perform_af_010,1,raw,0.9949269201714575
mimic_perform_af_010,1,raw,0.9930631945133962
mimic_perform_af_010,1,raw,0.9908113213462724
mimic_perform_af_010,1,raw,0.9926550050831462
mimic_perform_af_010,1,raw,0.9921378215062387
mimic_perform_af_010,1,raw,0.9941815457664265
mimic_perform_af_010,1,raw,0.9919338216049279
mimic_perform_af_010,1,raw,0.9952661905327724
mimic_perform_af_010,1,raw,0.993771075007046
mimic_perform_af_010,1,raw,0.9930878273686345
mimic_perform_af_010,1,raw,0.9919196908931346
mimic_perform_af_010,1,raw,0.9919702294286555
mimic_perform_af_010,1,raw,0.9931169472197966
mimic_perform_af_010,1,raw,0.9827747291833127
mimic_perform_af_010,1,raw,0.9842319687420314
mimic_perform_af_010,1,raw,0.9900645778082972
mimic_perform_af_010,1,raw,0.9942724829028735
mimic_perform_af_010,1,raw,0.9835225600519363
mimic_perform_af_010,1,raw,0.9850771948210623
mimic_perform_af_010,1,raw,0.9817550130597335
mimic_perform_af_010,1,raw,0.9897323629520625
mimic_perform_af_010,1,raw,0.9851143857652847
mimic_perform_af_010,1,raw,0.994379764804487
mimic_perform_af_010,1,raw,0.984171152235196
mimic_perform_af_010,1,raw,0.9772102053344388
mimic_perform_af_010,1,raw,0.9968336030048656
mimic_perform_af_010,1,raw,0.9895024709015362
mimic_perform_af_010,1,raw,0.9906754109634573
mimic_perform_af_010,1,raw,0.9857877271079849
mimic_perform_af_010,1,raw,0.9897682801823673
mimic_perform_af_010,1,raw,0.99044841938616
mimic_perform_af_010,1,raw,0.9849750619759636
mimic_perform_af_010,1,raw,0.9943140329434312
mimic_perform_af_010,1,raw,0.9819345427734756
mimic_perform_af_010,1,raw,0.9867103159586929
mimic_perform_af_010,1,raw,0.9826420207021574
mimic_perform_af_010,1,raw,0.9529760035033938
mimic_perform_af_010,1,raw,0.9033917674007766
mimic_perform_af_010,1,raw,0.542311790333621
mimic_perform_af_010,1,raw,0.5324185170278263
mimic_perform_af_010,1,raw,0.10243130952384799
mimic_perform_af_010,1,raw,0.6056621334511244
mimic_perform_af_010,1,raw,0.8197069829803343
mimic_perform_af_010,1,raw,0.2223068805371895
mimic_perform_af_010,1,raw,0.27418354382751503
mimic_perform_af_010,1,raw,0.3297228992281175
mimic_perform_af_010,1,raw,0.7675210361370575
mimic_perform_af_010,1,raw,0.9497850550683808
mimic_perform_af_010,1,raw,0.9351358355744877
mimic_perform_af_010,1,raw,0.9806451270408129
mimic_perform_af_010,1,raw,0.9780354922828614
mimic_perform_af_010,1,raw,0.9768027299951627
mimic_perform_af_010,1,raw,0.9884142564556027
mimic_perform_af_010,1,raw,0.9894873972516115
mimic_perform_af_010,1,raw,0.9765571244696802
mimic_perform_af_010,1,raw,0.9472805582097605
mimic_perform_af_010,1,raw,0.9659923987645647
mimic_perform_af_010,1,raw,0.9861396251302701
mimic_perform_af_010,1,raw,0.9926738723055224
mimic_perform_af_011,1,sigmoid,0.9576610398427658
mimic_perform_af_011,1,sigmoid,0.9579568912011243
mimic_perform_af_011,1,sigmoid,0.9581403490398154
mimic_perform_af_011,1,sigmoid,0.9582806307335021
mimic_perform_af_011,1,sigmoid,0.9496201385875146
mimic_perform_af_011,1,sigmoid,0.9573709684439499
mimic_perform_af_011,1,sigmoid,0.9507313543314045
mimic_perform_af_011,1,sigmoid,0.9578504158575732
mimic_perform_af_011,1,sigmoid,0.9579275875433885
mimic_perform_af_011,1,sigmoid,0.9563987436070875
mimic_perform_af_011,1,sigmoid,0.9579068842792349
mimic_perform_af_011,1,sigmoid,0.9579220236871318
mimic_perform_af_011,1,sigmoid,0.9582842715240982
mimic_perform_af_011,1,sigmoid,0.9515783628106568
mimic_perform_af_011,1,sigmoid,0.9583372631087862
mimic_perform_af_011,1,sigmoid,0.9582806307335021
mimic_perform_af_011,1,sigmoid,0.9583150571547367
mimic_perform_af_011,1,sigmoid,0.9579096553572196
mimic_perform_af_011,1,sigmoid,0.9583475669456795
mimic_perform_af_011,1,sigmoid,0.9583309886592006
mimic_perform_af_011,1,sigmoid,0.9581514624106512
mimic_perform_af_011,1,sigmoid,0.958204963423551
mimic_perform_af_011,1,sigmoid,0.9581883308550583
mimic_perform_af_011,1,sigmoid,0.9583475669456795
mimic_perform_af_011,1,sigmoid,0.9582800441878748
mimic_perform_af_011,1,sigmoid,0.955171730479217
mimic_perform_af_011,1,sigmoid,0.9427056037008316
mimic_perform_af_011,1,sigmoid,0.9120897047048457
mimic_perform_af_011,1,sigmoid,0.8978244189140631
mimic_perform_af_011,1,sigmoid,0.9458930787514344
mimic_perform_af_011,1,sigmoid,0.9579736117976418
mimic_perform_af_011,1,sigmoid,0.958204963423551
mimic_perform_af_011,1,sigmoid,0.9583475669456795
mimic_perform_af_011,1,sigmoid,0.9583143222455667
mimic_perform_af_011,1,sigmoid,0.9583372631087862
mimic_perform_af_011,1,sigmoid,0.9581946258487406
mimic_perform_af_011,1,sigmoid,0.957723882350884
mimic_perform_af_011,1,sigmoid,0.9575878157403026
mimic_perform_af_011,1,sigmoid,0.9573598593048567
mimic_perform_af_011,1,sigmoid,0.9459535578625649
mimic_perform_af_011,1,sigmoid,0.9469121258956154
mimic_perform_af_011,1,sigmoid,0.9466223805047906
mimic_perform_af_011,1,sigmoid,0.9583475669456795
mimic_perform_af_011,1,sigmoid,0.9583475669456795
mimic_perform_af_011,1,sigmoid,0.9583475669456795
mimic_perform_af_011,1,sigmoid,0.9583125263140206
mimic_perform_af_011,1,sigmoid,0.9581782548567865
mimic_perform_af_011,1,sigmoid,0.9583372631087862
mimic_perform_af_011,1,sigmoid,0.9583475669456795
mimic_perform_af_011,1,sigmoid,0.9583309886592006
mimic_perform_af_011,1,sigmoid,0.9583309886592006
mimic_perform_af_011,1,sigmoid,0.9583475669456795
mimic_perform_af_011,1,sigmoid,0.9583270059170814
mimic_perform_af_011,1,sigmoid,0.9581946258487406
mimic_perform_af_011,1,sigmoid,0.9583372631087862
mimic_perform_af_011,1,sigmoid,0.9583372631087862
mimic_perform_af_011,1,sigmoid,0.9553549795404574
mimic_perform_af_011,1,sigmoid,0.9583309886592006
mimic_perform_af_011,1,sigmoid,0.9583309886592006
mimic_perform_af_011,1,sigmoid,0.9300471372631774
mimic_perform_af_011,1,sigmoid,0.9545412626154467
mimic_perform_af_011,1,sigmoid,0.9518952490735848
mimic_perform_af_011,1,sigmoid,0.958281738895645
mimic_perform_af_011,1,sigmoid,0.9583014790603104
mimic_perform_af_011,1,sigmoid,0.9583372631087862
mimic_perform_af_011,1,sigmoid,0.9578983304858465
mimic_perform_af_011,1,sigmoid,0.9578711488309312
mimic_perform_af_011,1,sigmoid,0.9527274407522212
mimic_perform_af_011,1,sigmoid,0.958028095333717
mimic_perform_af_011,1,sigmoid,0.9581243731407214
mimic_perform_af_011,1,sigmoid,0.9583372631087862
mimic_perform_af_011,1,sigmoid,0.9520515420479904
mimic_perform_af_011,1,sigmoid,0.958084330042557
mimic_perform_af_011,1,sigmoid,0.9578889845046018
mimic_perform_af_011,1,sigmoid,0.9577724371174496
mimic_perform_af_011,1,sigmoid,0.9582640269656575
mimic_perform_af_011,1,sigmoid,0.9583475669456795
mimic_perform_af_011,1,sigmoid,0.9583475669456795
mimic_perform_af_011,1,sigmoid,0.9581941543233231
mimic_perform_af_011,1,sigmoid,0.9582959346877635
mimic_perform_af_011,1,sigmoid,0.9437321236368625
mimic_perform_af_011,1,sigmoid,0.9041364939954859
mimic_perform_af_011,1,sigmoid,0.9514635231435503
mimic_perform_af_011,1,sigmoid,0.9583125263140206
mimic_perform_af_011,1,sigmoid,0.9583309886592006
mimic_perform_af_011,1,sigmoid,0.9583150571547367
mimic_perform_af_011,1,sigmoid,0.9583150571547367
mimic_perform_af_011,1,sigmoid,0.9581460137426067
mimic_perform_af_011,1,sigmoid,0.9581470838975304
mimic_perform_af_011,1,sigmoid,0.9577699440143191
mimic_perform_af_011,1,sigmoid,0.9583475669456795
mimic_perform_af_011,1,sigmoid,0.958204963423551
mimic_perform_af_011,1,sigmoid,0.9516362150121174
mimic_perform_af_011,1,sigmoid,0.936094743722336
mimic_perform_af_011,1,sigmoid,0.9438208954531049
mimic_perform_af_011,1,sigmoid,0.9580329582954799
mimic_perform_af_011,1,sigmoid,0.9582806307335021
mimic_perform_af_011,1,sigmoid,0.9582466390862034
mimic_perform_af_011,1,sigmoid,0.9583372631087862
mimic_perform_af_011,1,sigmoid,0.9583475669456795
mimic_perform_af_011,1,sigmoid,0.9425407188267977
mimic_perform_af_011,1,sigmoid,0.9491679206953788
mimic_perform_af_011,1,sigmoid,0.947752692382585
mimic_perform_af_011,1,sigmoid,0.9553616812392886
mimic_perform_af_011,1,sigmoid,0.951817750911727
mimic_perform_af_011,1,sigmoid,0.9516408608314739
mimic_perform_af_011,1,sigmoid,0.9578846713107293
mimic_perform_af_011,1,sigmoid,0.9583309886592006
mimic_perform_af_011,1,sigmoid,0.9583309886592006
mimic_perform_af_011,1,sigmoid,0.9581075268025622
mimic_perform_af_011,1,sigmoid,0.9579871335912451
mimic_perform_af_011,1,sigmoid,0.9580809301449458
mimic_perform_af_011,1,sigmoid,0.9583309886592006
mimic_perform_af_011,1,sigmoid,0.9521770298590682
mimic_perform_af_011,1,sigmoid,0.9581883308550583
mimic_perform_af_011,1,sigmoid,0.9136938426617754
mimic_perform_af_011,1,sigmoid,0.9482232268586899
mimic_perform_af_011,1,sigmoid,0.9521191239749792
mimic_perform_af_011,1,isotonic,0.9970326409495549
mimic_perform_af_011,1,isotonic,0.9970326409495549
mimic_perform_af_011,1,isotonic,1.0
mimic_perform_af_011,1,isotonic,1.0
mimic_perform_af_011,1,isotonic,0.9529411764705882
mimic_perform_af_011,1,isotonic,0.9970326409495549
mimic_perform_af_011,1,isotonic,0.9529411764705882
mimic_perform_af_011,1,isotonic,0.9970326409495549
mimic_perform_af_011,1,isotonic,0.9970326409495549
mimic_perform_af_011,1,isotonic,0.9970326409495549
mimic_perform_af_011,1,isotonic,0.9970326409495549
mimic_perform_af_011,1,isotonic,0.9970326409495549
mimic_perform_af_011,1,isotonic,1.0
mimic_perform_af_011,1,isotonic,0.9827586206896551
mimic_perform_af_011,1,isotonic,1.0
mimic_perform_af_011,1,isotonic,1.0
mimic_perform_af_011,1,isotonic,1.0
mimic_perform_af_011,1,isotonic,0.9970326409495549
mimic_perform_af_011,1,isotonic,1.0
mimic_perform_af_011,1,isotonic,1.0
mimic_perform_af_011,1,isotonic,1.0
mimic_perform_af_011,1,isotonic,1.0
mimic_perform_af_011,1,isotonic,1.0
mimic_perform_af_011,1,isotonic,1.0
mimic_perform_af_011,1,isotonic,1.0
mimic_perform_af_011,1,isotonic,0.9970326409495549
mimic_perform_af_011,1,isotonic,0.9529411764705882
mimic_perform_af_011,1,isotonic,0.86
mimic_perform_af_011,1,isotonic,0.8
mimic_perform_af_011,1,isotonic,0.9529411764705882
mimic_perform_af_011,1,isotonic,0.9970326409495549
mimic_perform_af_011,1,isotonic,1.0
mimic_perform_af_011,1,isotonic,1.0
mimic_perform_af_011,1,isotonic,1.0
mimic_perform_af_011,1,isotonic,1.0
mimic_perform_af_011,1,isotonic,1.0
mimic_perform_af_011,1,isotonic,0.9970326409495549
mimic_perform_af_011,1,isotonic,0.9970326409495549
mimic_perform_af_011,1,isotonic,0.9970326409495549
mimic_perform_af_011,1,isotonic,0.9529411764705882
mimic_perform_af_011,1,isotonic,0.9529411764705882
mimic_perform_af_011,1,isotonic,0.9529411764705882
mimic_perform_af_011,1,isotonic,1.0
mimic_perform_af_011,1,isotonic,1.0
mimic_perform_af_011,1,isotonic,1.0
mimic_perform_af_011,1,isotonic,1.0
mimic_perform_af_011,1,isotonic,1.0
mimic_perform_af_011,1,isotonic,1.0
mimic_perform_af_011,1,isotonic,1.0
mimic_perform_af_011,1,isotonic,1.0
mimic_perform_af_011,1,isotonic,1.0
mimic_perform_af_011,1,isotonic,1.0
mimic_perform_af_011,1,isotonic,1.0
mimic_perform_af_011,1,isotonic,1.0
mimic_perform_af_011,1,isotonic,1.0
mimic_perform_af_011,1,isotonic,1.0
mimic_perform_af_011,1,isotonic,0.9970326409495549
mimic_perform_af_011,1,isotonic,1.0
mimic_perform_af_011,1,isotonic,1.0
mimic_perform_af_011,1,isotonic,0.9166666666666666
mimic_perform_af_011,1,isotonic,0.9970326409495549
mimic_perform_af_011,1,isotonic,0.9827586206896551
mimic_perform_af_011,1,isotonic,1.0
mimic_perform_af_011,1,isotonic,1.0
mimic_perform_af_011,1,isotonic,1.0
mimic_perform_af_011,1,isotonic,0.9970326409495549
mimic_perform_af_011,1,isotonic,0.9970326409495549
mimic_perform_af_011,1,isotonic,0.9970326409495549
mimic_perform_af_011,1,isotonic,0.9970326409495549
mimic_perform_af_011,1,isotonic,1.0
mimic_perform_af_011,1,isotonic,1.0
mimic_perform_af_011,1,isotonic,0.9827586206896551
mimic_perform_af_011,1,isotonic,0.9977103194743189
mimic_perform_af_011,1,isotonic,0.9970326409495549
mimic_perform_af_011,1,isotonic,0.9970326409495549
mimic_perform_af_011,1,isotonic,1.0
mimic_perform_af_011,1,isotonic,1.0
mimic_perform_af_011,1,isotonic,1.0
mimic_perform_af_011,1,isotonic,1.0
mimic_perform_af_011,1,isotonic,1.0
mimic_perform_af_011,1,isotonic,0.9529411764705882
mimic_perform_af_011,1,isotonic,0.8333333333333334
mimic_perform_af_011,1,isotonic,0.9827586206896551
mimic_perform_af_011,1,isotonic,1.0
mimic_perform_af_011,1,isotonic,1.0
mimic_perform_af_011,1,isotonic,1.0
mimic_perform_af_011,1,isotonic,1.0
mimic_perform_af_011,1,isotonic,1.0
mimic_perform_af_011,1,isotonic,1.0
mimic_perform_af_011,1,isotonic,0.9970326409495549
mimic_perform_af_011,1,isotonic,1.0
mimic_perform_af_011,1,isotonic,1.0
mimic_perform_af_011,1,isotonic,0.9827586206896551
mimic_perform_af_011,1,isotonic,0.9333333333333333
mimic_perform_af_011,1,isotonic,0.9529411764705882
mimic_perform_af_011,1,isotonic,0.9970326409495549
mimic_perform_af_011,1,isotonic,1.0
mimic_perform_af_011,1,isotonic,1.0
mimic_perform_af_011,1,isotonic,1.0
mimic_perform_af_011,1,isotonic,1.0
mimic_perform_af_011,1,isotonic,0.9529411764705882
mimic_perform_af_011,1,isotonic,0.9529411764705882
mimic_perform_af_011,1,isotonic,0.9529411764705882
mimic_perform_af_011,1,isotonic,0.9970326409495549
mimic_perform_af_011,1,isotonic,0.9827586206896551
mimic_perform_af_011,1,isotonic,0.9827586206896551
mimic_perform_af_011,1,isotonic,0.9970326409495549
mimic_perform_af_011,1,isotonic,1.0
mimic_perform_af_011,1,isotonic,1.0
mimic_perform_af_011,1,isotonic,1.0
mimic_perform_af_011,1,isotonic,0.9970326409495549
mimic_perform_af_011,1,isotonic,0.9970326409495549
mimic_perform_af_011,1,isotonic,1.0
mimic_perform_af_011,1,isotonic,0.9827586206896551
mimic_perform_af_011,1,isotonic,1.0
mimic_perform_af_011,1,isotonic,0.86
mimic_perform_af_011,1,isotonic,0.9529411764705882
mimic_perform_af_011,1,isotonic,0.9827586206896551
mimic_perform_af_011,1,raw,0.9975815780656572
mimic_perform_af_011,1,raw,0.9985970531167123
mimic_perform_af_011,1,raw,0.9992301879288054
mimic_perform_af_011,1,raw,0.9997161095772928
mimic_perform_af_011,1,raw,0.9722934299118381
mimic_perform_af_011,1,raw,0.9965925054382562
mimic_perform_af_011,1,raw,0.9755492755770008
mimic_perform_af_011,1,raw,0.9982308044145723
mimic_perform_af_011,1,raw,0.9984961674568043
mimic_perform_af_011,1,raw,0.9933237091314523
mimic_perform_af_011,1,raw,0.9984249314373227
mimic_perform_af_011,1,raw,0.9984770199863167
mimic_perform_af_011,1,raw,0.9997287417030338
mimic_perform_af_011,1,raw,0.9780780993536325
mimic_perform_af_011,1,raw,0.9999127213372249
mimic_perform_af_011,1,raw,0.9997161095772928
mimic_perform_af_011,1,raw,0.9998355980305255
mimic_perform_af_011,1,raw,0.998434464251012
mimic_perform_af_011,1,raw,0.9999485208598979
mimic_perform_af_011,1,raw,0.9998909256161502
mimic_perform_af_011,1,raw,0.9992686266800038
mimic_perform_af_011,1,raw,0.999453811865189
mimic_perform_af_011,1,raw,0.9993962166214413
mimic_perform_af_011,1,raw,0.9999485208598979
mimic_perform_af_011,1,raw,0.999714074590969
mimic_perform_af_011,1,raw,0.9892961558735343
mimic_perform_af_011,1,raw,0.9534407010625418
mimic_perform_af_011,1,raw,0.8894795540441991
mimic_perform_af_011,1,raw,0.8664351088637231
mimic_perform_af_011,1,raw,0.9618484901949933
mimic_perform_af_011,1,raw,0.99865464836046
mimic_perform_af_011,1,raw,0.999453811865189
mimic_perform_af_011,1,raw,0.9999485208598979
mimic_perform_af_011,1,raw,0.9998330462957051
mimic_perform_af_011,1,raw,0.9999127213372249
mimic_perform_af_011,1,raw,0.999418012342516
mimic_perform_af_011,1,raw,0.9977967089748512
mimic_perform_af_011,1,raw,0.9973312921412081
mimic_perform_af_011,1,raw,0.9965547539846338
mimic_perform_af_011,1,raw,0.9620124859226715
mimic_perform_af_011,1,raw,0.9646351252010055
mimic_perform_af_011,1,raw,0.9638377026663087
mimic_perform_af_011,1,raw,0.9999485208598979
mimic_perform_af_011,1,raw,0.9999485208598979
mimic_perform_af_011,1,raw,0.9999485208598979
mimic_perform_af_011,1,raw,0.9998268106843041
mimic_perform_af_011,1,raw,0.999361336120111
mimic_perform_af_011,1,raw,0.9999127213372249
mimic_perform_af_011,1,raw,0.9999485208598979
mimic_perform_af_011,1,raw,0.9998909256161502
mimic_perform_af_011,1,raw,0.9998909256161502
mimic_perform_af_011,1,raw,0.9999485208598979
mimic_perform_af_011,1,raw,0.9998770922884695
mimic_perform_af_011,1,raw,0.999418012342516
mimic_perform_af_011,1,raw,0.9999127213372249
mimic_perform_af_011,1,raw,0.9999127213372249
mimic_perform_af_011,1,raw,0.9898909256161502
mimic_perform_af_011,1,raw,0.9998909256161502
mimic_perform_af_011,1,raw,0.9998909256161502
mimic_perform_af_011,1,raw,0.9238773896517416
mimic_perform_af_011,1,raw,0.9872674018902426
mimic_perform_af_011,1,raw,0.9790349959953341
mimic_perform_af_011,1,raw,0.9997199543568125
mimic_perform_af_011,1,raw,0.9997884594268106
mimic_perform_af_011,1,raw,0.9999127213372249
mimic_perform_af_011,1,raw,0.9983955092293119
mimic_perform_af_011,1,raw,0.9983020512853865
mimic_perform_af_011,1,raw,0.981576746336496
mimic_perform_af_011,1,raw,0.9988424727741706
mimic_perform_af_011,1,raw,0.9991749478368854
mimic_perform_af_011,1,raw,0.9999127213372249
mimic_perform_af_011,1,raw,0.9795091573824934
mimic_perform_af_011,1,raw,0.9990365787637159
mimic_perform_af_011,1,raw,0.998363368690892
mimic_perform_af_011,1,raw,0.997963137597223
mimic_perform_af_011,1,raw,0.9996585143335451
mimic_perform_af_011,1,raw,0.9999485208598979
mimic_perform_af_011,1,raw,0.9999485208598979
mimic_perform_af_011,1,raw,0.9994163796290384
mimic_perform_af_011,1,raw,0.9997692154405564
mimic_perform_af_011,1,raw,0.9560993135972619
mimic_perform_af_011,1,raw,0.8762517216536733
mimic_perform_af_011,1,raw,0.9777327865668676
mimic_perform_af_011,1,raw,0.9998268106843041
mimic_perform_af_011,1,raw,0.9998909256161502
mimic_perform_af_011,1,raw,0.9998355980305255
mimic_perform_af_011,1,raw,0.9998355980305255
mimic_perform_af_011,1,raw,0.9992497796935628
mimic_perform_af_011,1,raw,0.9992534811828488
mimic_perform_af_011,1,raw,0.997954587664553
mimic_perform_af_011,1,raw,0.9999485208598979
mimic_perform_af_011,1,raw,0.999453811865189
mimic_perform_af_011,1,raw,0.9782523503553949
mimic_perform_af_011,1,raw,0.9373181320397247
mimic_perform_af_011,1,raw,0.9563313634411462
mimic_perform_af_011,1,raw,0.9988592484894692
mimic_perform_af_011,1,raw,0.9997161095772928
mimic_perform_af_011,1,raw,0.9995982226461892
mimic_perform_af_011,1,raw,0.9999127213372249
mimic_perform_af_011,1,raw,0.9999485208598979
mimic_perform_af_011,1,raw,0.953017838309514
mimic_perform_af_011,1,raw,0.9709878745586069
mimic_perform_af_011,1,raw,0.9669719600181027
mimic_perform_af_011,1,raw,0.9899127213372249
mimic_perform_af_011,1,raw,0.9788004244070387
mimic_perform_af_011,1,raw,0.9782663521574492
mimic_perform_af_011,1,raw,0.9983485380512969
mimic_perform_af_011,1,raw,0.9998909256161502
mimic_perform_af_011,1,raw,0.9998909256161502
mimic_perform_af_011,1,raw,0.9991167198416961
mimic_perform_af_011,1,raw,0.9987012411332127
mimic_perform_af_011,1,raw,0.9990248362276073
mimic_perform_af_011,1,raw,0.9998909256161502
mimic_perform_af_011,1,raw,0.9798909256161502
mimic_perform_af_011,1,raw,0.9993962166214413
mimic_perform_af_011,1,raw,0.8922776816925128
mimic_perform_af_011,1,raw,0.9682956326913132
mimic_perform_af_011,1,raw,0.9797146420149102
mimic_perform_af_012,1,sigmoid,0.9589831431197688
mimic_perform_af_012,1,sigmoid,0.9560701021686886
mimic_perform_af_012,1,sigmoid,0.9590110064665915
mimic_perform_af_012,1,sigmoid,0.9589517049351962
mimic_perform_af_012,1,sigmoid,0.9590110064665915
mimic_perform_af_012,1,sigmoid,0.9590110064665915
mimic_perform_af_012,1,sigmoid,0.9590110064665915
mimic_perform_af_012,1,sigmoid,0.9590110064665915
mimic_perform_af_012,1,sigmoid,0.9590110064665915
mimic_perform_af_012,1,sigmoid,0.952177554140371
mimic_perform_af_012,1,sigmoid,0.9496601256335561
mimic_perform_af_012,1,sigmoid,0.9530571173490789
mimic_perform_af_012,1,sigmoid,0.958467654323868
mimic_perform_af_012,1,sigmoid,0.9590110064665915
mimic_perform_af_012,1,sigmoid,0.9588205839672704
mimic_perform_af_012,1,sigmoid,0.9495390412500078
mimic_perform_af_012,1,sigmoid,0.9587053149213077
mimic_perform_af_012,1,sigmoid,0.9589895522863623
mimic_perform_af_012,1,sigmoid,0.9589961500814684
mimic_perform_af_012,1,sigmoid,0.9590110064665915
mimic_perform_af_012,1,sigmoid,0.9590141899009335
mimic_perform_af_012,1,sigmoid,0.9590141899009335
mimic_perform_af_012,1,sigmoid,0.9589724672548681
mimic_perform_af_012,1,sigmoid,0.9489804075416981
mimic_perform_af_012,1,sigmoid,0.949344139854053
mimic_perform_af_012,1,sigmoid,0.9510528248323824
mimic_perform_af_012,1,sigmoid,0.958814427061659
mimic_perform_af_012,1,sigmoid,0.9560525298852959
mimic_perform_af_012,1,sigmoid,0.9590110064665915
mimic_perform_af_012,1,sigmoid,0.9589978393057383
mimic_perform_af_012,1,sigmoid,0.9590044629702192
mimic_perform_af_012,1,sigmoid,0.9574262801862644
mimic_perform_af_012,1,sigmoid,0.9556518869544283
mimic_perform_af_012,1,sigmoid,0.9590110064665915
mimic_perform_af_012,1,sigmoid,0.9590110064665915
mimic_perform_af_012,1,sigmoid,0.958985618169662
mimic_perform_af_012,1,sigmoid,0.9589889220914287
mimic_perform_af_012,1,sigmoid,0.9589945601120411
mimic_perform_af_012,1,sigmoid,0.9589980040160435
mimic_perform_af_012,1,sigmoid,0.9589652357800597
mimic_perform_af_012,1,sigmoid,0.9335458706841429
mimic_perform_af_012,1,sigmoid,0.9589947007946474
mimic_perform_af_012,1,sigmoid,0.9590110064665915
mimic_perform_af_012,1,sigmoid,0.9590110064665915
mimic_perform_af_012,1,sigmoid,0.9590019272988896
mimic_perform_af_012,1,sigmoid,0.9589779314778105
mimic_perform_af_012,1,sigmoid,0.9589614724202054
mimic_perform_af_012,1,sigmoid,0.9590019272988896
mimic_perform_af_012,1,sigmoid,0.9590135416003871
mimic_perform_af_012,1,sigmoid,0.9589517049351962
mimic_perform_af_012,1,sigmoid,0.9589779314778105
mimic_perform_af_012,1,sigmoid,0.9589763785284566
mimic_perform_af_012,1,sigmoid,0.9588297537926136
mimic_perform_af_012,1,sigmoid,0.958972151023694
mimic_perform_af_012,1,sigmoid,0.9589895522863623
mimic_perform_af_012,1,sigmoid,0.9590110064665915
mimic_perform_af_012,1,sigmoid,0.9590110064665915
mimic_perform_af_012,1,sigmoid,0.9590019272988896
mimic_perform_af_012,1,sigmoid,0.958811853601373
mimic_perform_af_012,1,sigmoid,0.9443696237362302
mimic_perform_af_012,1,sigmoid,0.9589517049351962
mimic_perform_af_012,1,sigmoid,0.9589945601120411
mimic_perform_af_012,1,sigmoid,0.9590110064665915
mimic_perform_af_012,1,sigmoid,0.9589705073532444
mimic_perform_af_012,1,sigmoid,0.9589945601120411
mimic_perform_af_012,1,sigmoid,0.9590110064665915
mimic_perform_af_012,1,sigmoid,0.9589517049351962
mimic_perform_af_012,1,sigmoid,0.9589540454443942
mimic_perform_af_012,1,sigmoid,0.9590110064665915
mimic_perform_af_012,1,sigmoid,0.9589945601120411
mimic_perform_af_012,1,sigmoid,0.9589945601120411
mimic_perform_af_012,1,sigmoid,0.9421247377800115
mimic_perform_af_012,1,sigmoid,0.9560587430936711
mimic_perform_af_012,1,sigmoid,0.9589978393057383
mimic_perform_af_012,1,sigmoid,0.956072810863349
mimic_perform_af_012,1,sigmoid,0.9589470896838548
mimic_perform_af_012,1,sigmoid,0.9589822917449043
mimic_perform_af_012,1,sigmoid,0.9588388694522427
mimic_perform_af_012,1,sigmoid,0.9589813878939889
mimic_perform_af_012,1,sigmoid,0.9589782481774908
mimic_perform_af_012,1,sigmoid,0.9589705073532444
mimic_perform_af_012,1,sigmoid,0.9590110064665915
mimic_perform_af_012,1,sigmoid,0.9589222103486238
mimic_perform_af_012,1,sigmoid,0.9590110064665915
mimic_perform_af_012,1,sigmoid,0.9589945601120411
mimic_perform_af_012,1,sigmoid,0.9590110064665915
mimic_perform_af_012,1,sigmoid,0.9590110064665915
mimic_perform_af_012,1,sigmoid,0.9590110064665915
mimic_perform_af_012,1,sigmoid,0.9590110064665915
mimic_perform_af_012,1,sigmoid,0.9590110064665915
mimic_perform_af_012,1,sigmoid,0.9589945601120411
mimic_perform_af_012,1,sigmoid,0.9590110064665915
mimic_perform_af_012,1,sigmoid,0.9589709852637085
mimic_perform_af_012,1,sigmoid,0.9590110064665915
mimic_perform_af_012,1,sigmoid,0.9590110064665915
mimic_perform_af_012,1,sigmoid,0.9590110064665915
mimic_perform_af_012,1,sigmoid,0.9590110064665915
mimic_perform_af_012,1,sigmoid,0.9589961500814684
mimic_perform_af_012,1,sigmoid,0.9589517049351962
mimic_perform_af_012,1,sigmoid,0.9589517049351962
mimic_perform_af_012,1,sigmoid,0.9590126935652196
mimic_perform_af_012,1,sigmoid,0.9589496286016317
mimic_perform_af_012,1,sigmoid,0.9589561804757959
mimic_perform_af_012,1,sigmoid,0.9590110064665915
mimic_perform_af_012,1,sigmoid,0.9590110064665915
mimic_perform_af_012,1,sigmoid,0.9590110064665915
mimic_perform_af_012,1,sigmoid,0.9588726857797414
mimic_perform_af_012,1,sigmoid,0.9589945601120411
mimic_perform_af_012,1,sigmoid,0.9589961500814684
mimic_perform_af_012,1,sigmoid,0.9589945601120411
mimic_perform_af_012,1,sigmoid,0.9589517049351962
mimic_perform_af_012,1,sigmoid,0.9590110064665915
mimic_perform_af_012,1,sigmoid,0.9590110064665915
mimic_perform_af_012,1,sigmoid,0.9589961500814684
mimic_perform_af_012,1,sigmoid,0.9525748650759263
mimic_perform_af_012,1,sigmoid,0.9482156775594214
mimic_perform_af_012,1,sigmoid,0.9551412378184853
mimic_perform_af_012,1,sigmoid,0.9590110064665915
mimic_perform_af_012,1,isotonic,1.0
mimic_perform_af_012,1,isotonic,0.9953703703703703
mimic_perform_af_012,1,isotonic,1.0
mimic_perform_af_012,1,isotonic,1.0
mimic_perform_af_012,1,isotonic,1.0
mimic_perform_af_012,1,isotonic,1.0
mimic_perform_af_012,1,isotonic,1.0
mimic_perform_af_012,1,isotonic,1.0
mimic_perform_af_012,1,isotonic,1.0
mimic_perform_af_012,1,isotonic,0.9436619718309859
mimic_perform_af_012,1,isotonic,0.9436619718309859
mimic_perform_af_012,1,isotonic,0.9953703703703703
mimic_perform_af_012,1,isotonic,1.0
mimic_perform_af_012,1,isotonic,1.0
mimic_perform_af_012,1,isotonic,1.0
mimic_perform_af_012,1,isotonic,0.9436619718309859
mimic_perform_af_012,1,isotonic,1.0
mimic_perform_af_012,1,isotonic,1.0
mimic_perform_af_012,1,isotonic,1.0
mimic_perform_af_012,1,isotonic,1.0
mimic_perform_af_012,1,isotonic,1.0
mimic_perform_af_012,1,isotonic,1.0
mimic_perform_af_012,1,isotonic,1.0
mimic_perform_af_012,1,isotonic,0.9393939393939394
mimic_perform_af_012,1,isotonic,0.9393939393939394
mimic_perform_af_012,1,isotonic,0.9436619718309859
mimic_perform_af_012,1,isotonic,1.0
mimic_perform_af_012,1,isotonic,0.9953703703703703
mimic_perform_af_012,1,isotonic,1.0
mimic_perform_af_012,1,isotonic,1.0
mimic_perform_af_012,1,isotonic,1.0
mimic_perform_af_012,1,isotonic,1.0
mimic_perform_af_012,1,isotonic,0.9953703703703703
mimic_perform_af_012,1,isotonic,1.0
mimic_perform_af_012,1,isotonic,1.0
mimic_perform_af_012,1,isotonic,1.0
mimic_perform_af_012,1,isotonic,1.0
mimic_perform_af_012,1,isotonic,1.0
mimic_perform_af_012,1,isotonic,1.0
mimic_perform_af_012,1,isotonic,1.0
mimic_perform_af_012,1,isotonic,0.9194630872483222
mimic_perform_af_012,1,isotonic,1.0
mimic_perform_af_012,1,isotonic,1.0
mimic_perform_af_012,1,isotonic,1.0
mimic_perform_af_012,1,isotonic,1.0
mimic_perform_af_012,1,isotonic,1.0
mimic_perform_af_012,1,isotonic,1.0
mimic_perform_af_012,1,isotonic,1.0
mimic_perform_af_012,1,isotonic,1.0
mimic_perform_af_012,1,isotonic,1.0
mimic_perform_af_012,1,isotonic,1.0
mimic_perform_af_012,1,isotonic,1.0
mimic_perform_af_012,1,isotonic,1.0
mimic_perform_af_012,1,isotonic,1.0
mimic_perform_af_012,1,isotonic,1.0
mimic_perform_af_012,1,isotonic,1.0
mimic_perform_af_012,1,isotonic,1.0
mimic_perform_af_012,1,isotonic,1.0
mimic_perform_af_012,1,isotonic,1.0
mimic_perform_af_012,1,isotonic,0.9333333333333333
mimic_perform_af_012,1,isotonic,1.0
mimic_perform_af_012,1,isotonic,1.0
mimic_perform_af_012,1,isotonic,1.0
mimic_perform_af_012,1,isotonic,1.0
mimic_perform_af_012,1,isotonic,1.0
mimic_perform_af_012,1,isotonic,1.0
mimic_perform_af_012,1,isotonic,1.0
mimic_perform_af_012,1,isotonic,1.0
mimic_perform_af_012,1,isotonic,1.0
mimic_perform_af_012,1,isotonic,1.0
mimic_perform_af_012,1,isotonic,1.0
mimic_perform_af_012,1,isotonic,0.9333333333333333
mimic_perform_af_012,1,isotonic,0.9953703703703703
mimic_perform_af_012,1,isotonic,1.0
mimic_perform_af_012,1,isotonic,0.9953703703703703
mimic_perform_af_012,1,isotonic,1.0
mimic_perform_af_012,1,isotonic,1.0
mimic_perform_af_012,1,isotonic,1.0
mimic_perform_af_012,1,isotonic,1.0
mimic_perform_af_012,1,isotonic,1.0
mimic_perform_af_012,1,isotonic,1.0
mimic_perform_af_012,1,isotonic,1.0
mimic_perform_af_012,1,isotonic,1.0
mimic_perform_af_012,1,isotonic,1.0
mimic_perform_af_012,1,isotonic,1.0
mimic_perform_af_012,1,isotonic,1.0
mimic_perform_af_012,1,isotonic,1.0
mimic_perform_af_012,1,isotonic,1.0
mimic_perform_af_012,1,isotonic,1.0
mimic_perform_af_012,1,isotonic,1.0
mimic_perform_af_012,1,isotonic,1.0
mimic_perform_af_012,1,isotonic,1.0
mimic_perform_af_012,1,isotonic,1.0
mimic_perform_af_012,1,isotonic,1.0
mimic_perform_af_012,1,isotonic,1.0
mimic_perform_af_012,1,isotonic,1.0
mimic_perform_af_012,1,isotonic,1.0
mimic_perform_af_012,1,isotonic,1.0
mimic_perform_af_012,1,isotonic,1.0
mimic_perform_af_012,1,isotonic,1.0
mimic_perform_af_012,1,isotonic,1.0
mimic_perform_af_012,1,isotonic,1.0
mimic_perform_af_012,1,isotonic,1.0
mimic_perform_af_012,1,isotonic,1.0
mimic_perform_af_012,1,isotonic,1.0
mimic_perform_af_012,1,isotonic,1.0
mimic_perform_af_012,1,isotonic,1.0
mimic_perform_af_012,1,isotonic,1.0
mimic_perform_af_012,1,isotonic,1.0
mimic_perform_af_012,1,isotonic,1.0
mimic_perform_af_012,1,isotonic,1.0
mimic_perform_af_012,1,isotonic,1.0
mimic_perform_af_012,1,isotonic,1.0
mimic_perform_af_012,1,isotonic,1.0
mimic_perform_af_012,1,isotonic,0.9436619718309859
mimic_perform_af_012,1,isotonic,0.9393939393939394
mimic_perform_af_012,1,isotonic,0.9953703703703703
mimic_perform_af_012,1,isotonic,1.0
mimic_perform_af_012,1,raw,0.9998388538375751
mimic_perform_af_012,1,raw,0.9899367769978464
mimic_perform_af_012,1,raw,0.9999367769978464
mimic_perform_af_012,1,raw,0.9997284436645131
mimic_perform_af_012,1,raw,0.9999367769978464
mimic_perform_af_012,1,raw,0.9999367769978464
mimic_perform_af_012,1,raw,0.9999367769978464
mimic_perform_af_012,1,raw,0.9999367769978464
mimic_perform_af_012,1,raw,0.9999367769978464
mimic_perform_af_012,1,raw,0.9776404574731302
mimic_perform_af_012,1,raw,0.9701850102717415
mimic_perform_af_012,1,raw,0.9803333884818908
mimic_perform_af_012,1,raw,0.9980386081833313
mimic_perform_af_012,1,raw,0.9999367769978464
mimic_perform_af_012,1,raw,0.9992688209342578
mimic_perform_af_012,1,raw,0.9698353889262624
mimic_perform_af_012,1,raw,0.9988659199024832
mimic_perform_af_012,1,raw,0.9998613726217773
mimic_perform_af_012,1,raw,0.9998845576766976
mimic_perform_af_012,1,raw,0.9999367769978464
mimic_perform_af_012,1,raw,0.9999479689396483
mimic_perform_af_012,1,raw,0.9999479689396483
mimic_perform_af_012,1,raw,0.9998013513677129
mimic_perform_af_012,1,raw,0.9682325950528226
mimic_perform_af_012,1,raw,0.9692742917886639
mimic_perform_af_012,1,raw,0.9742646282918799
mimic_perform_af_012,1,raw,0.999247273372176
mimic_perform_af_012,1,raw,0.9898789701004523
mimic_perform_af_012,1,raw,0.9999367769978464
mimic_perform_af_012,1,raw,0.9998904942881375
mimic_perform_af_012,1,raw,0.9999137747602007
mimic_perform_af_012,1,raw,0.9944660977108802
mimic_perform_af_012,1,raw,0.9885669368247662
mimic_perform_af_012,1,raw,0.9999367769978464
mimic_perform_af_012,1,raw,0.9999367769978464
mimic_perform_af_012,1,raw,0.9998475495946378
mimic_perform_af_012,1,raw,0.999859158265107
mimic_perform_af_012,1,raw,0.9998789701004523
mimic_perform_af_012,1,raw,0.999891073158724
mimic_perform_af_012,1,raw,0.9997759537517384
mimic_perform_af_012,1,raw,0.9294419455210129
mimic_perform_af_012,1,raw,0.9998794644882549
mimic_perform_af_012,1,raw,0.9999367769978464
mimic_perform_af_012,1,raw,0.9999367769978464
mimic_perform_af_012,1,raw,0.9999048621042292
mimic_perform_af_012,1,raw,0.9998205450721889
mimic_perform_af_012,1,raw,0.9997627381747948
mimic_perform_af_012,1,raw,0.9999048621042292
mimic_perform_af_012,1,raw,0.9999456896538179
mimic_perform_af_012,1,raw,0.9997284436645131
mimic_perform_af_012,1,raw,0.9998205450721889
mimic_perform_af_012,1,raw,0.9998150899120684
mimic_perform_af_012,1,raw,0.9993009186451495
mimic_perform_af_012,1,raw,0.9998002406446571
mimic_perform_af_012,1,raw,0.9998613726217773
mimic_perform_af_012,1,raw,0.9999367769978464
mimic_perform_af_012,1,raw,0.9999367769978464
mimic_perform_af_012,1,raw,0.9999048621042292
mimic_perform_af_012,1,raw,0.9992382678466616
mimic_perform_af_012,1,raw,0.9556031647404352
mimic_perform_af_012,1,raw,0.9997284436645131
mimic_perform_af_012,1,raw,0.9998789701004523
mimic_perform_af_012,1,raw,0.9999367769978464
mimic_perform_af_012,1,raw,0.9997944675866076
mimic_perform_af_012,1,raw,0.9998789701004523
mimic_perform_af_012,1,raw,0.9999367769978464
mimic_perform_af_012,1,raw,0.9997284436645131
mimic_perform_af_012,1,raw,0.9997366606892135
mimic_perform_af_012,1,raw,0.9999367769978464
mimic_perform_af_012,1,raw,0.9998789701004523
mimic_perform_af_012,1,raw,0.9998789701004523
mimic_perform_af_012,1,raw,0.949807289774769
mimic_perform_af_012,1,raw,0.9898994069441089
mimic_perform_af_012,1,raw,0.9998904942881375
mimic_perform_af_012,1,raw,0.9899456896538179
mimic_perform_af_012,1,raw,0.9997122418230915
mimic_perform_af_012,1,raw,0.9998358627618599
mimic_perform_af_012,1,raw,0.9993328335387666
mimic_perform_af_012,1,raw,0.9998326873907434
mimic_perform_af_012,1,raw,0.9998216575908608
mimic_perform_af_012,1,raw,0.9997944675866076
mimic_perform_af_012,1,raw,0.9999367769978464
mimic_perform_af_012,1,raw,0.9996249329279966
mimic_perform_af_012,1,raw,0.9999367769978464
mimic_perform_af_012,1,raw,0.9998789701004523
mimic_perform_af_012,1,raw,0.9999367769978464
mimic_perform_af_012,1,raw,0.9999367769978464
mimic_perform_af_012,1,raw,0.9999367769978464
mimic_perform_af_012,1,raw,0.9999367769978464
mimic_perform_af_012,1,raw,0.9999367769978464
mimic_perform_af_012,1,raw,0.9998789701004523
mimic_perform_af_012,1,raw,0.9999367769978464
mimic_perform_af_012,1,raw,0.9997961461270551
mimic_perform_af_012,1,raw,0.9999367769978464
mimic_perform_af_012,1,raw,0.9999367769978464
mimic_perform_af_012,1,raw,0.9999367769978464
mimic_perform_af_012,1,raw,0.9999367769978464
mimic_perform_af_012,1,raw,0.9998845576766976
mimic_perform_af_012,1,raw,0.9997284436645131
mimic_perform_af_012,1,raw,0.9997284436645131
mimic_perform_af_012,1,raw,0.9999427081959484
mimic_perform_af_012,1,raw,0.999721154479063
mimic_perform_af_012,1,raw,0.9997441567167086
mimic_perform_af_012,1,raw,0.9999367769978464
mimic_perform_af_012,1,raw,0.9999367769978464
mimic_perform_af_012,1,raw,0.9999367769978464
mimic_perform_af_012,1,raw,0.9994512872204905
mimic_perform_af_012,1,raw,0.9998789701004523
mimic_perform_af_012,1,raw,0.9998845576766976
mimic_perform_af_012,1,raw,0.9998789701004523
mimic_perform_af_012,1,raw,0.9997284436645131
mimic_perform_af_012,1,raw,0.9999367769978464
mimic_perform_af_012,1,raw,0.9999367769978464
mimic_perform_af_012,1,raw,0.9998845576766976
mimic_perform_af_012,1,raw,0.9788510128733486
mimic_perform_af_012,1,raw,0.9660651999711115
mimic_perform_af_012,1,raw,0.986910940471833
mimic_perform_af_012,1,raw,0.9999367769978464
mimic_perform_af_013,1,sigmoid,0.9583412129879766
mimic_perform_af_013,1,sigmoid,0.9595287820026095
mimic_perform_af_013,1,sigmoid,0.9596969828108456
mimic_perform_af_013,1,sigmoid,0.9596615433460447
mimic_perform_af_013,1,sigmoid,0.9577586765799699
mimic_perform_af_013,1,sigmoid,0.9596322936237784
mimic_perform_af_013,1,sigmoid,0.9594325702421266
mimic_perform_af_013,1,sigmoid,0.950806184374161
mimic_perform_af_013,1,sigmoid,0.9516052320740774
mimic_perform_af_013,1,sigmoid,0.9508019514658711
mimic_perform_af_013,1,sigmoid,0.9585805139000467
mimic_perform_af_013,1,sigmoid,0.9549441179159233
mimic_perform_af_013,1,sigmoid,0.9585914492545581
mimic_perform_af_013,1,sigmoid,0.9508264216988499
mimic_perform_af_013,1,sigmoid,0.9553463136733118
mimic_perform_af_013,1,sigmoid,0.9556830372769681
mimic_perform_af_013,1,sigmoid,0.9590117280250513
mimic_perform_af_013,1,sigmoid,0.9427418898667392
mimic_perform_af_013,1,sigmoid,0.9528488445820118
mimic_perform_af_013,1,sigmoid,0.955476357824489
mimic_perform_af_013,1,sigmoid,0.9444691273813213
mimic_perform_af_013,1,sigmoid,0.9592434282980907
mimic_perform_af_013,1,sigmoid,0.9542655572995066
mimic_perform_af_013,1,sigmoid,0.9471379757823984
mimic_perform_af_013,1,sigmoid,0.9555931196260619
mimic_perform_af_013,1,sigmoid,0.9493763728178443
mimic_perform_af_013,1,sigmoid,0.9503455973219738
mimic_perform_af_013,1,sigmoid,0.9523007500242407
mimic_perform_af_013,1,sigmoid,0.9503147064801869
mimic_perform_af_013,1,sigmoid,0.9494378169336974
mimic_perform_af_013,1,sigmoid,0.9346521862790249
mimic_perform_af_013,1,sigmoid,0.9348968778292497
mimic_perform_af_013,1,sigmoid,0.9412821090924751
mimic_perform_af_013,1,sigmoid,0.9593855024054738
mimic_perform_af_013,1,sigmoid,0.9552490559206473
mimic_perform_af_013,1,sigmoid,0.9519501309877273
mimic_perform_af_013,1,sigmoid,0.9560172476036842
mimic_perform_af_013,1,sigmoid,0.9524295155389884
mimic_perform_af_013,1,sigmoid,0.9515489667454903
mimic_perform_af_013,1,sigmoid,0.9515257176870703
mimic_perform_af_013,1,sigmoid,0.9505871567039467
mimic_perform_af_013,1,sigmoid,0.9413769973318347
mimic_perform_af_013,1,sigmoid,0.9555040203984652
mimic_perform_af_013,1,sigmoid,0.9527819278725089
mimic_perform_af_013,1,sigmoid,0.9570797186526693
mimic_perform_af_013,1,sigmoid,0.9571392980286769
mimic_perform_af_013,1,sigmoid,0.9596969828108456
mimic_perform_af_013,1,sigmoid,0.9596056098575876
mimic_perform_af_013,1,sigmoid,0.9552870968103886
mimic_perform_af_013,1,sigmoid,0.9466182081839897
mimic_perform_af_013,1,sigmoid,0.9365600163423874
mimic_perform_af_013,1,sigmoid,0.9457403331980712
mimic_perform_af_013,1,sigmoid,0.9458670713707984
mimic_perform_af_013,1,sigmoid,0.9458715959930054
mimic_perform_af_013,1,sigmoid,0.9386174900076246
mimic_perform_af_013,1,sigmoid,0.9465427803613178
mimic_perform_af_013,1,sigmoid,0.9594901288730896
mimic_perform_af_013,1,sigmoid,0.9593714506734026
mimic_perform_af_013,1,sigmoid,0.959469683348633
mimic_perform_af_013,1,sigmoid,0.9509389922079587
mimic_perform_af_013,1,sigmoid,0.957964598423689
mimic_perform_af_013,1,sigmoid,0.9592830966652736
mimic_perform_af_013,1,sigmoid,0.9596882941768363
mimic_perform_af_013,1,sigmoid,0.9597052304459562
mimic_perform_af_013,1,sigmoid,0.947154570886253
mimic_perform_af_013,1,sigmoid,0.9474624250865573
mimic_perform_af_013,1,sigmoid,0.9406809010046936
mimic_perform_af_013,1,sigmoid,0.9388534883656837
mimic_perform_af_013,1,sigmoid,0.9512201994256348
mimic_perform_af_013,1,sigmoid,0.945481839948397
mimic_perform_af_013,1,sigmoid,0.9533844649296819
mimic_perform_af_013,1,sigmoid,0.9387003613636165
mimic_perform_af_013,1,sigmoid,0.9458174390967059
mimic_perform_af_013,1,sigmoid,0.9469705669425587
mimic_perform_af_013,1,sigmoid,0.9530231889910898
mimic_perform_af_013,1,sigmoid,0.9503194895025197
mimic_perform_af_013,1,sigmoid,0.9326579292790782
mimic_perform_af_013,1,sigmoid,0.953563096114026
mimic_perform_af_013,1,sigmoid,0.9401777156798267
mimic_perform_af_013,1,sigmoid,0.9524897618603982
mimic_perform_af_013,1,sigmoid,0.9576556679658267
mimic_perform_af_013,1,sigmoid,0.9576399818892636
mimic_perform_af_013,1,sigmoid,0.9496056147679481
mimic_perform_af_013,1,sigmoid,0.9541939192118775
mimic_perform_af_013,1,sigmoid,0.946971898283231
mimic_perform_af_013,1,sigmoid,0.9226183104829035
mimic_perform_af_013,1,sigmoid,0.9467092021612747
mimic_perform_af_013,1,sigmoid,0.9530887069370223
mimic_perform_af_013,1,sigmoid,0.9595952449301945
mimic_perform_af_013,1,sigmoid,0.9590030076902387
mimic_perform_af_013,1,sigmoid,0.9545518576506906
mimic_perform_af_013,1,sigmoid,0.9562825154439466
mimic_perform_af_013,1,sigmoid,0.9431735892069378
mimic_perform_af_013,1,sigmoid,0.9288514851322496
mimic_perform_af_013,1,sigmoid,0.9548134333467391
mimic_perform_af_013,1,sigmoid,0.9592638639666862
mimic_perform_af_013,1,sigmoid,0.9591575328249354
mimic_perform_af_013,1,sigmoid,0.9539176155249895
mimic_perform_af_013,1,sigmoid,0.9503929036475454
mimic_perform_af_013,1,sigmoid,0.9429482840698342
mimic_perform_af_013,1,sigmoid,0.9447859075552164
mimic_perform_af_013,1,sigmoid,0.9500284996577189
mimic_perform_af_013,1,sigmoid,0.9300067392487529
mimic_perform_af_013,1,sigmoid,0.94345011096061
mimic_perform_af_013,1,sigmoid,0.9528513604161281
mimic_perform_af_013,1,sigmoid,0.9532561146183386
mimic_perform_af_013,1,sigmoid,0.9596818970183649
mimic_perform_af_013,1,sigmoid,0.9596698784678886
mimic_perform_af_013,1,sigmoid,0.9569786008322025
mimic_perform_af_013,1,sigmoid,0.9586360390405545
mimic_perform_af_013,1,sigmoid,0.9459911715213065
mimic_perform_af_013,1,sigmoid,0.9399958156099906
mimic_perform_af_013,1,sigmoid,0.9397127072802398
mimic_perform_af_013,1,sigmoid,0.9437239042786888
mimic_perform_af_013,1,sigmoid,0.9473148440945479
mimic_perform_af_013,1,sigmoid,0.9475721151989932
mimic_perform_af_013,1,sigmoid,0.951252656271361
mimic_perform_af_013,1,sigmoid,0.9422633347730542
mimic_perform_af_013,1,isotonic,1.0
mimic_perform_af_013,1,isotonic,1.0
mimic_perform_af_013,1,isotonic,1.0
mimic_perform_af_013,1,isotonic,1.0
mimic_perform_af_013,1,isotonic,1.0
mimic_perform_af_013,1,isotonic,1.0
mimic_perform_af_013,1,isotonic,1.0
mimic_perform_af_013,1,isotonic,0.9662921348314607
mimic_perform_af_013,1,isotonic,0.9662921348314607
mimic_perform_af_013,1,isotonic,0.9662921348314607
mimic_perform_af_013,1,isotonic,1.0
mimic_perform_af_013,1,isotonic,0.9874213836477987
mimic_perform_af_013,1,isotonic,1.0
mimic_perform_af_013,1,isotonic,0.9662921348314607
mimic_perform_af_013,1,isotonic,0.9874213836477987
mimic_perform_af_013,1,isotonic,0.9874213836477987
mimic_perform_af_013,1,isotonic,1.0
mimic_perform_af_013,1,isotonic,0.9230769230769231
mimic_perform_af_013,1,isotonic,0.9824508976677426
mimic_perform_af_013,1,isotonic,0.9874213836477987
mimic_perform_af_013,1,isotonic,0.9230769230769231
mimic_perform_af_013,1,isotonic,1.0
mimic_perform_af_013,1,isotonic,0.9874213836477987
mimic_perform_af_013,1,isotonic,0.9230769230769231
mimic_perform_af_013,1,isotonic,0.9874213836477987
mimic_perform_af_013,1,isotonic,0.9662921348314607
mimic_perform_af_013,1,isotonic,0.9662921348314607
mimic_perform_af_013,1,isotonic,0.9662921348314607
mimic_perform_af_013,1,isotonic,0.9662921348314607
mimic_perform_af_013,1,isotonic,0.9662921348314607
mimic_perform_af_013,1,isotonic,0.905511811023622
mimic_perform_af_013,1,isotonic,0.905511811023622
mimic_perform_af_013,1,isotonic,0.905511811023622
mimic_perform_af_013,1,isotonic,1.0
mimic_perform_af_013,1,isotonic,0.9874213836477987
mimic_perform_af_013,1,isotonic,0.9662921348314607
mimic_perform_af_013,1,isotonic,0.9874213836477987
mimic_perform_af_013,1,isotonic,0.9662921348314607
mimic_perform_af_013,1,isotonic,0.9662921348314607
mimic_perform_af_013,1,isotonic,0.9662921348314607
mimic_perform_af_013,1,isotonic,0.9662921348314607
mimic_perform_af_013,1,isotonic,0.905511811023622
mimic_perform_af_013,1,isotonic,0.9874213836477987
mimic_perform_af_013,1,isotonic,0.9662921348314607
mimic_perform_af_013,1,isotonic,0.9888888888888889
mimic_perform_af_013,1,isotonic,0.9888888888888889
mimic_perform_af_013,1,isotonic,1.0
mimic_perform_af_013,1,isotonic,1.0
mimic_perform_af_013,1,isotonic,0.9874213836477987
mimic_perform_af_013,1,isotonic,0.9230769230769231
mimic_perform_af_013,1,isotonic,0.905511811023622
mimic_perform_af_013,1,isotonic,0.9230769230769231
mimic_perform_af_013,1,isotonic,0.9230769230769231
mimic_perform_af_013,1,isotonic,0.9230769230769231
mimic_perform_af_013,1,isotonic,0.905511811023622
mimic_perform_af_013,1,isotonic,0.9230769230769231
mimic_perform_af_013,1,isotonic,1.0
mimic_perform_af_013,1,isotonic,1.0
mimic_perform_af_013,1,isotonic,1.0
mimic_perform_af_013,1,isotonic,0.9662921348314607
mimic_perform_af_013,1,isotonic,1.0
mimic_perform_af_013,1,isotonic,1.0
mimic_perform_af_013,1,isotonic,1.0
mimic_perform_af_013,1,isotonic,1.0
mimic_perform_af_013,1,isotonic,0.9230769230769231
mimic_perform_af_013,1,isotonic,0.9230769230769231
mimic_perform_af_013,1,isotonic,0.905511811023622
mimic_perform_af_013,1,isotonic,0.905511811023622
mimic_perform_af_013,1,isotonic,0.9662921348314607
mimic_perform_af_013,1,isotonic,0.9230769230769231
mimic_perform_af_013,1,isotonic,0.9874213836477987
mimic_perform_af_013,1,isotonic,0.905511811023622
mimic_perform_af_013,1,isotonic,0.9230769230769231
mimic_perform_af_013,1,isotonic,0.9230769230769231
mimic_perform_af_013,1,isotonic,0.9874213836477987
mimic_perform_af_013,1,isotonic,0.9662921348314607
mimic_perform_af_013,1,isotonic,0.905511811023622
mimic_perform_af_013,1,isotonic,0.9874213836477987
mimic_perform_af_013,1,isotonic,0.905511811023622
mimic_perform_af_013,1,isotonic,0.9662921348314607
mimic_perform_af_013,1,isotonic,0.9888888888888889
mimic_perform_af_013,1,isotonic,0.9888888888888889
mimic_perform_af_013,1,isotonic,0.9662921348314607
mimic_perform_af_013,1,isotonic,0.9874213836477987
mimic_perform_af_013,1,isotonic,0.9230769230769231
mimic_perform_af_013,1,isotonic,0.905511811023622
mimic_perform_af_013,1,isotonic,0.9230769230769231
mimic_perform_af_013,1,isotonic,0.9874213836477987
mimic_perform_af_013,1,isotonic,1.0
mimic_perform_af_013,1,isotonic,1.0
mimic_perform_af_013,1,isotonic,0.9874213836477987
mimic_perform_af_013,1,isotonic,0.9874213836477987
mimic_perform_af_013,1,isotonic,0.9230769230769231
mimic_perform_af_013,1,isotonic,0.905511811023622
mimic_perform_af_013,1,isotonic,0.9874213836477987
mimic_perform_af_013,1,isotonic,1.0
mimic_perform_af_013,1,isotonic,1.0
mimic_perform_af_013,1,isotonic,0.9874213836477987
mimic_perform_af_013,1,isotonic,0.9662921348314607
mimic_perform_af_013,1,isotonic,0.9230769230769231
mimic_perform_af_013,1,isotonic,0.9230769230769231
mimic_perform_af_013,1,isotonic,0.9662921348314607
mimic_perform_af_013,1,isotonic,0.905511811023622
mimic_perform_af_013,1,isotonic,0.9230769230769231
mimic_perform_af_013,1,isotonic,0.9836370431810244
mimic_perform_af_013,1,isotonic,0.9874213836477987
mimic_perform_af_013,1,isotonic,1.0
mimic_perform_af_013,1,isotonic,1.0
mimic_perform_af_013,1,isotonic,0.9888888888888889
mimic_perform_af_013,1,isotonic,1.0
mimic_perform_af_013,1,isotonic,0.9230769230769231
mimic_perform_af_013,1,isotonic,0.905511811023622
mimic_perform_af_013,1,isotonic,0.905511811023622
mimic_perform_af_013,1,isotonic,0.9230769230769231
mimic_perform_af_013,1,isotonic,0.9230769230769231
mimic_perform_af_013,1,isotonic,0.9230769230769231
mimic_perform_af_013,1,isotonic,0.9662921348314607
mimic_perform_af_013,1,isotonic,0.9230769230769231
mimic_perform_af_013,1,raw,0.9951286719854816
mimic_perform_af_013,1,raw,0.9992648150234867
mimic_perform_af_013,1,raw,0.9998600088761138
mimic_perform_af_013,1,raw,0.9997344055052946
mimic_perform_af_013,1,raw,0.993140848771127
mimic_perform_af_013,1,raw,0.9996308192169546
mimic_perform_af_013,1,raw,0.9989254253535065
mimic_perform_af_013,1,raw,0.9712455949068017
mimic_perform_af_013,1,raw,0.973606655632164
mimic_perform_af_013,1,raw,0.9712331844627868
mimic_perform_af_013,1,raw,0.9959529663692321
mimic_perform_af_013,1,raw,0.9838909891886715
mimic_perform_af_013,1,raw,0.9959907429901549
mimic_perform_af_013,1,raw,0.971304942621529
mimic_perform_af_013,1,raw,0.9851784403787904
mimic_perform_af_013,1,raw,0.986264841242258
mimic_perform_af_013,1,raw,0.9974498949899582
mimic_perform_af_013,1,raw,0.9492592059675904
mimic_perform_af_013,1,raw,0.9773559923853052
mimic_perform_af_013,1,raw,0.9855970844556846
mimic_perform_af_013,1,raw,0.9537109034121994
mimic_perform_af_013,1,raw,0.9982604632528357
mimic_perform_af_013,1,raw,0.9817434957287745
mimic_perform_af_013,1,raw,0.9608526406273732
mimic_perform_af_013,1,raw,0.9859739638396936
mimic_perform_af_013,1,raw,0.967110038584505
mimic_perform_af_013,1,raw,0.9699011043610868
mimic_perform_af_013,1,raw,0.9756921181491707
mimic_perform_af_013,1,raw,0.9698113550547481
mimic_perform_af_013,1,raw,0.9672854698288681
mimic_perform_af_013,1,raw,0.9299534282543362
mimic_perform_af_013,1,raw,0.930503810046882
mimic_perform_af_013,1,raw,0.9455941267414503
mimic_perform_af_013,1,raw,0.9987596729623444
mimic_perform_af_013,1,raw,0.9848661027299416
mimic_perform_af_013,1,raw,0.9746372284179402
mimic_perform_af_013,1,raw,0.9873509452500224
mimic_perform_af_013,1,raw,0.9760813784007284
mimic_perform_af_013,1,raw,0.9734391941972206
mimic_perform_af_013,1,raw,0.9733700523469965
mimic_perform_af_013,1,raw,0.9706047541475614
mimic_perform_af_013,1,raw,0.9458297510391839
mimic_perform_af_013,1,raw,0.9856862874238054
mimic_perform_af_013,1,raw,0.9771518683406117
mimic_perform_af_013,1,raw,0.99085680518902
mimic_perform_af_013,1,raw,0.9910558459606309
mimic_perform_af_013,1,raw,0.9998600088761138
mimic_perform_af_013,1,raw,0.999536382817297
mimic_perform_af_013,1,raw,0.9849881917299389
mimic_perform_af_013,1,raw,0.9594354984138467
mimic_perform_af_013,1,raw,0.9342965333899724
mimic_perform_af_013,1,raw,0.95707128071566
mimic_perform_af_013,1,raw,0.9574103634555676
mimic_perform_af_013,1,raw,0.9574224827263568
mimic_perform_af_013,1,raw,0.9391189487561244
mimic_perform_af_013,1,raw,0.9592309279602277
mimic_perform_af_013,1,raw,0.9991283722616003
mimic_perform_af_013,1,raw,0.9987102245478214
mimic_perform_af_013,1,raw,0.9990562514472475
mimic_perform_af_013,1,raw,0.9716354887863037
mimic_perform_af_013,1,raw,0.9938405159402954
mimic_perform_af_013,1,raw,0.9983996791995662
mimic_perform_af_013,1,raw,0.9998292051214172
mimic_perform_af_013,1,raw,0.9998892550467142
mimic_perform_af_013,1,raw,0.9608981034078621
mimic_perform_af_013,1,raw,0.9617439331002667
mimic_perform_af_013,1,raw,0.9441094639780636
mimic_perform_af_013,1,raw,0.9396817123099283
mimic_perform_af_013,1,raw,0.9724643644421637
mimic_perform_af_013,1,raw,0.956382000637886
mimic_perform_af_013,1,raw,0.9789998553229409
mimic_perform_af_013,1,raw,0.9393163336896813
mimic_perform_af_013,1,raw,0.9572774852958652
mimic_perform_af_013,1,raw,0.9603947712299663
mimic_perform_af_013,1,raw,0.9778891121218407
mimic_perform_af_013,1,raw,0.9698252480406592
mimic_perform_af_013,1,raw,0.9255378653094054
mimic_perform_af_013,1,raw,0.9795520852657928
mimic_perform_af_013,1,raw,0.9428776637435496
mimic_perform_af_013,1,raw,0.9762638478727332
mimic_perform_af_013,1,raw,0.9927920756791944
mimic_perform_af_013,1,raw,0.9927390359284934
mimic_perform_af_013,1,raw,0.9677655855533875
mimic_perform_af_013,1,raw,0.9815185506946538
mimic_perform_af_013,1,raw,0.9603984071101753
mimic_perform_af_013,1,raw,0.9049957379316093
mimic_perform_af_013,1,raw,0.9596826496933502
mimic_perform_af_013,1,raw,0.9780899428003619
mimic_perform_af_013,1,raw,0.9994997164615462
mimic_perform_af_013,1,raw,0.9974194739471697
mimic_perform_af_013,1,raw,0.9826458469908145
mimic_perform_af_013,1,raw,0.9882186216916866
mimic_perform_af_013,1,raw,0.9503598910180493
mimic_perform_af_013,1,raw,0.917436382528758
mimic_perform_af_013,1,raw,0.9834750171208
mimic_perform_af_013,1,raw,0.9983321659237536
mimic_perform_af_013,1,raw,0.9979594575806692
mimic_perform_af_013,1,raw,0.9806540768653493
mimic_perform_af_013,1,raw,0.9700386493340662
mimic_perform_af_013,1,raw,0.9497844640144776
mimic_perform_af_013,1,raw,0.9545414676152717
mimic_perform_af_013,1,raw,0.968982323923495
mimic_perform_af_013,1,raw,0.9198519177540053
mimic_perform_af_013,1,raw,0.9510690624397548
mimic_perform_af_013,1,raw,0.9773636721046487
mimic_perform_af_013,1,raw,0.9786043076039939
mimic_perform_af_013,1,raw,0.9998065293844557
mimic_perform_af_013,1,raw,0.9997639370561492
mimic_perform_af_013,1,raw,0.9905195974291574
mimic_perform_af_013,1,raw,0.9961448790749694
mimic_perform_af_013,1,raw,0.9577431142885128
mimic_perform_af_013,1,raw,0.9424347581549752
mimic_perform_af_013,1,raw,0.941747916368616
mimic_perform_af_013,1,raw,0.951774455600798
mimic_perform_af_013,1,raw,0.9613378717668949
mimic_perform_af_013,1,raw,0.9620464382450423
mimic_perform_af_013,1,raw,0.9725603246159297
mimic_perform_af_013,1,raw,0.948048127409038
mimic_perform_af_014,1,sigmoid,0.9579081801005211
mimic_perform_af_014,1,sigmoid,0.9579081801005211
mimic_perform_af_014,1,sigmoid,0.9579081801005211
mimic_perform_af_014,1,sigmoid,0.9579081801005211
mimic_perform_af_014,1,sigmoid,0.9578622826866818
mimic_perform_af_014,1,sigmoid,0.9578729680014827
mimic_perform_af_014,1,sigmoid,0.9578372244867575
mimic_perform_af_014,1,sigmoid,0.9578498937260063
mimic_perform_af_014,1,sigmoid,0.9578831479944833
mimic_perform_af_014,1,sigmoid,0.9579081801005211
mimic_perform_af_014,1,sigmoid,0.9578572206241807
mimic_perform_af_014,1,sigmoid,0.9578572206241807
mimic_perform_af_014,1,sigmoid,0.9579081801005211
mimic_perform_af_014,1,sigmoid,0.9577451434117012
mimic_perform_af_014,1,sigmoid,0.9579081801005211
mimic_perform_af_014,1,sigmoid,0.9578622826866818
mimic_perform_af_014,1,sigmoid,0.9579081801005211
mimic_perform_af_014,1,sigmoid,0.9574792678154629
mimic_perform_af_014,1,sigmoid,0.9578388703425046
mimic_perform_af_014,1,sigmoid,0.9578710245769041
mimic_perform_af_014,1,sigmoid,0.9578059889277424
mimic_perform_af_014,1,sigmoid,0.9578569453168273
mimic_perform_af_014,1,sigmoid,0.9578710245769041
mimic_perform_af_014,1,sigmoid,0.9574974901147832
mimic_perform_af_014,1,sigmoid,0.9577382051895454
mimic_perform_af_014,1,sigmoid,0.9568561791799265
mimic_perform_af_014,1,sigmoid,0.9578661107983335
mimic_perform_af_014,1,sigmoid,0.9559134136942322
mimic_perform_af_014,1,sigmoid,0.9578372244867575
mimic_perform_af_014,1,sigmoid,0.9578831479944833
mimic_perform_af_014,1,sigmoid,0.9579081801005211
mimic_perform_af_014,1,sigmoid,0.9578622826866818
mimic_perform_af_014,1,sigmoid,0.9579081801005211
mimic_perform_af_014,1,sigmoid,0.9578831479944833
mimic_perform_af_014,1,sigmoid,0.9579081801005211
mimic_perform_af_014,1,sigmoid,0.9579081801005211
mimic_perform_af_014,1,sigmoid,0.9579081801005211
mimic_perform_af_014,1,sigmoid,0.9579032704651849
mimic_perform_af_014,1,sigmoid,0.9579032704651849
mimic_perform_af_014,1,sigmoid,0.9579081801005211
mimic_perform_af_014,1,sigmoid,0.9579081801005211
mimic_perform_af_014,1,sigmoid,0.9555443335770762
mimic_perform_af_014,1,sigmoid,0.9574887265816131
mimic_perform_af_014,1,sigmoid,0.9577548610095494
mimic_perform_af_014,1,sigmoid,0.9578745308929802
mimic_perform_af_014,1,sigmoid,0.9579081801005211
mimic_perform_af_014,1,sigmoid,0.9579081801005211
mimic_perform_af_014,1,sigmoid,0.9579081801005211
mimic_perform_af_014,1,sigmoid,0.9578831479944833
mimic_perform_af_014,1,sigmoid,0.9579081801005211
mimic_perform_af_014,1,sigmoid,0.9579081801005211
mimic_perform_af_014,1,sigmoid,0.9579081801005211
mimic_perform_af_014,1,sigmoid,0.9578745308929802
mimic_perform_af_014,1,sigmoid,0.9578745308929802
mimic_perform_af_014,1,sigmoid,0.9579081801005211
mimic_perform_af_014,1,sigmoid,0.9577587427636677
mimic_perform_af_014,1,sigmoid,0.9579081801005211
mimic_perform_af_014,1,sigmoid,0.9578450567041298
mimic_perform_af_014,1,sigmoid,0.9578745308929802
mimic_perform_af_014,1,sigmoid,0.9577756798518394
mimic_perform_af_014,1,sigmoid,0.957696694216772
mimic_perform_af_014,1,sigmoid,0.9558719194242602
mimic_perform_af_014,1,sigmoid,0.9578622826866818
mimic_perform_af_014,1,sigmoid,0.9578749447274889
mimic_perform_af_014,1,sigmoid,0.9579081801005211
mimic_perform_af_014,1,sigmoid,0.9579081801005211
mimic_perform_af_014,1,sigmoid,0.9579081801005211
mimic_perform_af_014,1,sigmoid,0.9578622826866818
mimic_perform_af_014,1,sigmoid,0.9579081801005211
mimic_perform_af_014,1,sigmoid,0.9314552857768172
mimic_perform_af_014,1,sigmoid,0.9578372244867575
mimic_perform_af_014,1,sigmoid,0.9578285984029741
mimic_perform_af_014,1,sigmoid,0.957016362978534
mimic_perform_af_014,1,sigmoid,0.9578617108616105
mimic_perform_af_014,1,sigmoid,0.9578648952823527
mimic_perform_af_014,1,sigmoid,0.9575116841357652
mimic_perform_af_014,1,sigmoid,0.9577747221152433
mimic_perform_af_014,1,sigmoid,0.9578897155706677
mimic_perform_af_014,1,sigmoid,0.9578812967018605
mimic_perform_af_014,1,sigmoid,0.9579081801005211
mimic_perform_af_014,1,sigmoid,0.9578941127117747
mimic_perform_af_014,1,sigmoid,0.9579081801005211
mimic_perform_af_014,1,sigmoid,0.9578572206241807
mimic_perform_af_014,1,sigmoid,0.9568650611920186
mimic_perform_af_014,1,sigmoid,0.9506155080327287
mimic_perform_af_014,1,sigmoid,0.949251873766797
mimic_perform_af_014,1,sigmoid,0.9177909853025457
mimic_perform_af_014,1,sigmoid,0.91842456434173
mimic_perform_af_014,1,sigmoid,0.949321515212854
mimic_perform_af_014,1,sigmoid,0.9578431992849763
mimic_perform_af_014,1,sigmoid,0.9578177759352434
mimic_perform_af_014,1,sigmoid,0.9578303684604711
mimic_perform_af_014,1,sigmoid,0.9299860963194825
mimic_perform_af_014,1,sigmoid,0.9437319271522672
mimic_perform_af_014,1,sigmoid,0.950478244633286
mimic_perform_af_014,1,sigmoid,0.9577782360930994
mimic_perform_af_014,1,sigmoid,0.9579081801005211
mimic_perform_af_014,1,sigmoid,0.9577659611230523
mimic_perform_af_014,1,sigmoid,0.9578831479944833
mimic_perform_af_014,1,sigmoid,0.9578450567041298
mimic_perform_af_014,1,sigmoid,0.9578840869552524
mimic_perform_af_014,1,sigmoid,0.9579081801005211
mimic_perform_af_014,1,sigmoid,0.9578749447274889
mimic_perform_af_014,1,sigmoid,0.9578622826866818
mimic_perform_af_014,1,sigmoid,0.9537101550159853
mimic_perform_af_014,1,sigmoid,0.9578622826866818
mimic_perform_af_014,1,sigmoid,0.9579081801005211
mimic_perform_af_014,1,sigmoid,0.9577002858620556
mimic_perform_af_014,1,sigmoid,0.9578321485553463
mimic_perform_af_014,1,sigmoid,0.9578622826866818
mimic_perform_af_014,1,sigmoid,0.9577531301172613
mimic_perform_af_014,1,sigmoid,0.9577056106021381
mimic_perform_af_014,1,sigmoid,0.9556010595255696
mimic_perform_af_014,1,sigmoid,0.9574592453230898
mimic_perform_af_014,1,sigmoid,0.955839525411187
mimic_perform_af_014,1,sigmoid,0.9579020559741043
mimic_perform_af_014,1,sigmoid,0.957697643219364
mimic_perform_af_014,1,sigmoid,0.9576268050026107
mimic_perform_af_014,1,isotonic,1.0
mimic_perform_af_014,1,isotonic,1.0
mimic_perform_af_014,1,isotonic,1.0
mimic_perform_af_014,1,isotonic,1.0
mimic_perform_af_014,1,isotonic,1.0
mimic_perform_af_014,1,isotonic,1.0
mimic_perform_af_014,1,isotonic,1.0
mimic_perform_af_014,1,isotonic,1.0
mimic_perform_af_014,1,isotonic,1.0
mimic_perform_af_014,1,isotonic,1.0
mimic_perform_af_014,1,isotonic,1.0
mimic_perform_af_014,1,isotonic,1.0
mimic_perform_af_014,1,isotonic,1.0
mimic_perform_af_014,1,isotonic,1.0
mimic_perform_af_014,1,isotonic,1.0
mimic_perform_af_014,1,isotonic,1.0
mimic_perform_af_014,1,isotonic,1.0
mimic_perform_af_014,1,isotonic,1.0
mimic_perform_af_014,1,isotonic,1.0
mimic_perform_af_014,1,isotonic,1.0
mimic_perform_af_014,1,isotonic,1.0
mimic_perform_af_014,1,isotonic,1.0
mimic_perform_af_014,1,isotonic,1.0
mimic_perform_af_014,1,isotonic,1.0
mimic_perform_af_014,1,isotonic,1.0
mimic_perform_af_014,1,isotonic,1.0
mimic_perform_af_014,1,isotonic,1.0
mimic_perform_af_014,1,isotonic,1.0
mimic_perform_af_014,1,isotonic,1.0
mimic_perform_af_014,1,isotonic,1.0
mimic_perform_af_014,1,isotonic,1.0
mimic_perform_af_014,1,isotonic,1.0
mimic_perform_af_014,1,isotonic,1.0
mimic_perform_af_014,1,isotonic,1.0
mimic_perform_af_014,1,isotonic,1.0
mimic_perform_af_014,1,isotonic,1.0
mimic_perform_af_014,1,isotonic,1.0
mimic_perform_af_014,1,isotonic,1.0
mimic_perform_af_014,1,isotonic,1.0
mimic_perform_af_014,1,isotonic,1.0
mimic_perform_af_014,1,isotonic,1.0
mimic_perform_af_014,1,isotonic,1.0
mimic_perform_af_014,1,isotonic,1.0
mimic_perform_af_014,1,isotonic,1.0
mimic_perform_af_014,1,isotonic,1.0
mimic_perform_af_014,1,isotonic,1.0
mimic_perform_af_014,1,isotonic,1.0
mimic_perform_af_014,1,isotonic,1.0
mimic_perform_af_014,1,isotonic,1.0
mimic_perform_af_014,1,isotonic,1.0
mimic_perform_af_014,1,isotonic,1.0
mimic_perform_af_014,1,isotonic,1.0
mimic_perform_af_014,1,isotonic,1.0
mimic_perform_af_014,1,isotonic,1.0
mimic_perform_af_014,1,isotonic,1.0
mimic_perform_af_014,1,isotonic,1.0
mimic_perform_af_014,1,isotonic,1.0
mimic_perform_af_014,1,isotonic,1.0
mimic_perform_af_014,1,isotonic,1.0
mimic_perform_af_014,1,isotonic,1.0
mimic_perform_af_014,1,isotonic,1.0
mimic_perform_af_014,1,isotonic,1.0
mimic_perform_af_014,1,isotonic,1.0
mimic_perform_af_014,1,isotonic,1.0
mimic_perform_af_014,1,isotonic,1.0
mimic_perform_af_014,1,isotonic,1.0
mimic_perform_af_014,1,isotonic,1.0
mimic_perform_af_014,1,isotonic,1.0
mimic_perform_af_014,1,isotonic,1.0
mimic_perform_af_014,1,isotonic,0.8793103448275862
mimic_perform_af_014,1,isotonic,1.0
mimic_perform_af_014,1,isotonic,1.0
mimic_perform_af_014,1,isotonic,1.0
mimic_perform_af_014,1,isotonic,1.0
mimic_perform_af_014,1,isotonic,1.0
mimic_perform_af_014,1,isotonic,1.0
mimic_perform_af_014,1,isotonic,1.0
mimic_perform_af_014,1,isotonic,1.0
mimic_perform_af_014,1,isotonic,1.0
mimic_perform_af_014,1,isotonic,1.0
mimic_perform_af_014,1,isotonic,1.0
mimic_perform_af_014,1,isotonic,1.0
mimic_perform_af_014,1,isotonic,1.0
mimic_perform_af_014,1,isotonic,1.0
mimic_perform_af_014,1,isotonic,0.980544747081712
mimic_perform_af_014,1,isotonic,0.980544747081712
mimic_perform_af_014,1,isotonic,0.875
mimic_perform_af_014,1,isotonic,0.875
mimic_perform_af_014,1,isotonic,0.980544747081712
mimic_perform_af_014,1,isotonic,1.0
mimic_perform_af_014,1,isotonic,1.0
mimic_perform_af_014,1,isotonic,1.0
mimic_perform_af_014,1,isotonic,0.8793103448275862
mimic_perform_af_014,1,isotonic,0.9519230769230769
mimic_perform_af_014,1,isotonic,0.980544747081712
mimic_perform_af_014,1,isotonic,1.0
mimic_perform_af_014,1,isotonic,1.0
mimic_perform_af_014,1,isotonic,1.0
mimic_perform_af_014,1,isotonic,1.0
mimic_perform_af_014,1,isotonic,1.0
mimic_perform_af_014,1,isotonic,1.0
mimic_perform_af_014,1,isotonic,1.0
mimic_perform_af_014,1,isotonic,1.0
mimic_perform_af_014,1,isotonic,1.0
mimic_perform_af_014,1,isotonic,0.980544747081712
mimic_perform_af_014,1,isotonic,1.0
mimic_perform_af_014,1,isotonic,1.0
mimic_perform_af_014,1,isotonic,1.0
mimic_perform_af_014,1,isotonic,1.0
mimic_perform_af_014,1,isotonic,1.0
mimic_perform_af_014,1,isotonic,1.0
mimic_perform_af_014,1,isotonic,1.0
mimic_perform_af_014,1,isotonic,1.0
mimic_perform_af_014,1,isotonic,1.0
mimic_perform_af_014,1,isotonic,1.0
mimic_perform_af_014,1,isotonic,1.0
mimic_perform_af_014,1,isotonic,1.0
mimic_perform_af_014,1,isotonic,1.0
mimic_perform_af_014,1,raw,0.999848666394758
mimic_perform_af_014,1,raw,0.999848666394758
mimic_perform_af_014,1,raw,0.999848666394758
mimic_perform_af_014,1,raw,0.999848666394758
mimic_perform_af_014,1,raw,0.9996899557691631
mimic_perform_af_014,1,raw,0.9997268902105296
mimic_perform_af_014,1,raw,0.999603375682583
mimic_perform_af_014,1,raw,0.9996471437794423
mimic_perform_af_014,1,raw,0.999762086308178
mimic_perform_af_014,1,raw,0.999848666394758
mimic_perform_af_014,1,raw,0.9996724615673903
mimic_perform_af_014,1,raw,0.9996724615673903
mimic_perform_af_014,1,raw,0.999848666394758
mimic_perform_af_014,1,raw,0.9992856427847047
mimic_perform_af_014,1,raw,0.999848666394758
mimic_perform_af_014,1,raw,0.9996899557691631
mimic_perform_af_014,1,raw,0.999848666394758
mimic_perform_af_014,1,raw,0.9983719188695769
mimic_perform_af_014,1,raw,0.9996090608677207
mimic_perform_af_014,1,raw,0.9997201719788319
mimic_perform_af_014,1,raw,0.9994955206825235
mimic_perform_af_014,1,raw,0.9996715101783453
mimic_perform_af_014,1,raw,0.9997201719788319
mimic_perform_af_014,1,raw,0.9984343681802015
mimic_perform_af_014,1,raw,0.9992617287324227
mimic_perform_af_014,1,raw,0.9962517834459561
mimic_perform_af_014,1,raw,0.9997031868408277
mimic_perform_af_014,1,raw,0.9930988491156486
mimic_perform_af_014,1,raw,0.999603375682583
mimic_perform_af_014,1,raw,0.999762086308178
mimic_perform_af_014,1,raw,0.999848666394758
mimic_perform_af_014,1,raw,0.9996899557691631
mimic_perform_af_014,1,raw,0.999848666394758
mimic_perform_af_014,1,raw,0.999762086308178
mimic_perform_af_014,1,raw,0.999848666394758
mimic_perform_af_014,1,raw,0.999848666394758
mimic_perform_af_014,1,raw,0.999848666394758
mimic_perform_af_014,1,raw,0.9998316812567538
mimic_perform_af_014,1,raw,0.9998316812567538
mimic_perform_af_014,1,raw,0.999848666394758
mimic_perform_af_014,1,raw,0.999848666394758
mimic_perform_af_014,1,raw,0.991882009279089
mimic_perform_af_014,1,raw,0.9984043316421838
mimic_perform_af_014,1,raw,0.9993191428547639
mimic_perform_af_014,1,raw,0.9997322931909531
mimic_perform_af_014,1,raw,0.999848666394758
mimic_perform_af_014,1,raw,0.999848666394758
mimic_perform_af_014,1,raw,0.999848666394758
mimic_perform_af_014,1,raw,0.999762086308178
mimic_perform_af_014,1,raw,0.999848666394758
mimic_perform_af_014,1,raw,0.999848666394758
mimic_perform_af_014,1,raw,0.999848666394758
mimic_perform_af_014,1,raw,0.9997322931909531
mimic_perform_af_014,1,raw,0.9997322931909531
mimic_perform_af_014,1,raw,0.999848666394758
mimic_perform_af_014,1,raw,0.999332526722346
mimic_perform_af_014,1,raw,0.999848666394758
mimic_perform_af_014,1,raw,0.9996304319596394
mimic_perform_af_014,1,raw,0.9997322931909531
mimic_perform_af_014,1,raw,0.9993909377265587
mimic_perform_af_014,1,raw,0.9991187307160646
mimic_perform_af_014,1,raw,0.9929615607074347
mimic_perform_af_014,1,raw,0.9996899557691631
mimic_perform_af_014,1,raw,0.9997337238660223
mimic_perform_af_014,1,raw,0.999848666394758
mimic_perform_af_014,1,raw,0.999848666394758
mimic_perform_af_014,1,raw,0.999848666394758
mimic_perform_af_014,1,raw,0.9996899557691631
mimic_perform_af_014,1,raw,0.999848666394758
mimic_perform_af_014,1,raw,0.9279187769236107
mimic_perform_af_014,1,raw,0.999603375682583
mimic_perform_af_014,1,raw,0.9995735825653582
mimic_perform_af_014,1,raw,0.9967940215860147
mimic_perform_af_014,1,raw,0.9996879794733934
mimic_perform_af_014,1,raw,0.9996989855381541
mimic_perform_af_014,1,raw,0.998483029980688
mimic_perform_af_014,1,raw,0.999387634179125
mimic_perform_af_014,1,raw,0.9997847972268371
mimic_perform_af_014,1,raw,0.9997556850822851
mimic_perform_af_014,1,raw,0.999848666394758
mimic_perform_af_014,1,raw,0.9998000045942713
mimic_perform_af_014,1,raw,0.999848666394758
mimic_perform_af_014,1,raw,0.9996724615673903
mimic_perform_af_014,1,raw,0.9962817995571964
mimic_perform_af_014,1,raw,0.9764933008278158
mimic_perform_af_014,1,raw,0.9724933910875173
mimic_perform_af_014,1,raw,0.9004995915988974
mimic_perform_af_014,1,raw,0.9016751172155917
mimic_perform_af_014,1,raw,0.9726951878414138
mimic_perform_af_014,1,raw,0.9996240150984498
mimic_perform_af_014,1,raw,0.9995362117270166
mimic_perform_af_014,1,raw,0.9995796955864635
mimic_perform_af_014,1,raw,0.9247401783348672
mimic_perform_af_014,1,raw,0.9572763878590876
mimic_perform_af_014,1,raw,0.976085964268099
mimic_perform_af_014,1,raw,0.9993997553912463
mimic_perform_af_014,1,raw,0.999848666394758
mimic_perform_af_014,1,raw,0.9993574179694565
mimic_perform_af_014,1,raw,0.999762086308178
mimic_perform_af_014,1,raw,0.9996304319596394
mimic_perform_af_014,1,raw,0.9997653330614246
mimic_perform_af_014,1,raw,0.999848666394758
mimic_perform_af_014,1,raw,0.9997337238660223
mimic_perform_af_014,1,raw,0.9996899557691631
mimic_perform_af_014,1,raw,0.9859740873239813
mimic_perform_af_014,1,raw,0.9996899557691631
mimic_perform_af_014,1,raw,0.999848666394758
mimic_perform_af_014,1,raw,0.9991310980022176
mimic_perform_af_014,1,raw,0.9995858435197675
mimic_perform_af_014,1,raw,0.9996899557691631
mimic_perform_af_014,1,raw,0.9993131753046662
mimic_perform_af_014,1,raw,0.9991494347848201
mimic_perform_af_014,1,raw,0.99206840407364
mimic_perform_af_014,1,raw,0.9983033296319485
mimic_perform_af_014,1,raw,0.9928544670732095
mimic_perform_af_014,1,raw,0.99982747995408
mimic_perform_af_014,1,raw,0.9991219983650906
mimic_perform_af_014,1,raw,0.9988782773579885
mimic_perform_af_015,1,sigmoid,0.9484733741430377
mimic_perform_af_015,1,sigmoid,0.9358652699600231
mimic_perform_af_015,1,sigmoid,0.9533015694412715
mimic_perform_af_015,1,sigmoid,0.952059176502498
mimic_perform_af_015,1,sigmoid,0.9513050748988696
mimic_perform_af_015,1,sigmoid,0.9503272488723414
mimic_perform_af_015,1,sigmoid,0.9553454958508096
mimic_perform_af_015,1,sigmoid,0.9555356691635833
mimic_perform_af_015,1,sigmoid,0.9497197782287206
mimic_perform_af_015,1,sigmoid,0.9549245261792387
mimic_perform_af_015,1,sigmoid,0.9523151416584787
mimic_perform_af_015,1,sigmoid,0.9546648694507174
mimic_perform_af_015,1,sigmoid,0.9524388692715829
mimic_perform_af_015,1,sigmoid,0.9523847797433268
mimic_perform_af_015,1,sigmoid,0.9495504469899533
mimic_perform_af_015,1,sigmoid,0.9498395337576003
mimic_perform_af_015,1,sigmoid,0.949482015248207
mimic_perform_af_015,1,sigmoid,0.9507621417356165
mimic_perform_af_015,1,sigmoid,0.9543282891750928
mimic_perform_af_015,1,sigmoid,0.9413298830349862
mimic_perform_af_015,1,sigmoid,0.9510029629996536
mimic_perform_af_015,1,sigmoid,0.9503887574159036
mimic_perform_af_015,1,sigmoid,0.9536770692494557
mimic_perform_af_015,1,sigmoid,0.9542794647143875
mimic_perform_af_015,1,sigmoid,0.9546824803223335
mimic_perform_af_015,1,sigmoid,0.9552228960189638
mimic_perform_af_015,1,sigmoid,0.9546296933565713
mimic_perform_af_015,1,sigmoid,0.9539376964057588
mimic_perform_af_015,1,sigmoid,0.9241046959278816
mimic_perform_af_015,1,sigmoid,0.9538097702507025
mimic_perform_af_015,1,sigmoid,0.9544449214609314
mimic_perform_af_015,1,sigmoid,0.9550388498826093
mimic_perform_af_015,1,sigmoid,0.9553219068383876
mimic_perform_af_015,1,sigmoid,0.9550453223136158
mimic_perform_af_015,1,sigmoid,0.9544411181921698
mimic_perform_af_015,1,sigmoid,0.9521493698412907
mimic_perform_af_015,1,sigmoid,0.9549941076865902
mimic_perform_af_015,1,sigmoid,0.9515955580214068
mimic_perform_af_015,1,sigmoid,0.9547751823351404
mimic_perform_af_015,1,sigmoid,0.9525912700340619
mimic_perform_af_015,1,sigmoid,0.9534372464575865
mimic_perform_af_015,1,sigmoid,0.1369168330246195
mimic_perform_af_015,1,sigmoid,0.664222125994701
mimic_perform_af_015,1,sigmoid,0.938065057589287
mimic_perform_af_015,1,sigmoid,0.9366122622780306
mimic_perform_af_015,1,sigmoid,0.9293621652898579
mimic_perform_af_015,1,sigmoid,0.9550172339516287
mimic_perform_af_015,1,sigmoid,0.9530365494024202
mimic_perform_af_015,1,sigmoid,0.9556831256437393
mimic_perform_af_015,1,sigmoid,0.9520709863483912
mimic_perform_af_015,1,sigmoid,0.9539880445548724
mimic_perform_af_015,1,sigmoid,0.9516247994215343
mimic_perform_af_015,1,sigmoid,0.9521701175838172
mimic_perform_af_015,1,sigmoid,0.9495225638996493
mimic_perform_af_015,1,sigmoid,0.9545318166825234
mimic_perform_af_015,1,sigmoid,0.955301369254286
mimic_perform_af_015,1,sigmoid,0.15012482002269087
mimic_perform_af_015,1,sigmoid,0.6313499675888379
mimic_perform_af_015,1,sigmoid,0.9541997877340338
mimic_perform_af_015,1,sigmoid,0.9544852671412861
mimic_perform_af_015,1,sigmoid,0.9442220885951272
mimic_perform_af_015,1,sigmoid,0.9507455139395918
mimic_perform_af_015,1,sigmoid,0.9530339866364665
mimic_perform_af_015,1,sigmoid,0.9543252257595808
mimic_perform_af_015,1,sigmoid,0.9545590780687634
mimic_perform_af_015,1,sigmoid,0.9555998459278261
mimic_perform_af_015,1,sigmoid,0.9556468000756903
mimic_perform_af_015,1,sigmoid,0.942367722083264
mimic_perform_af_015,1,sigmoid,0.9476901687828486
mimic_perform_af_015,1,sigmoid,0.9537396340394916
mimic_perform_af_015,1,sigmoid,0.9542573383803119
mimic_perform_af_015,1,sigmoid,0.9544489600386796
mimic_perform_af_015,1,sigmoid,0.9540849259638079
mimic_perform_af_015,1,sigmoid,0.9441389832083339
mimic_perform_af_015,1,sigmoid,0.9390570714938409
mimic_perform_af_015,1,sigmoid,0.955256969030701
mimic_perform_af_015,1,sigmoid,0.9530991605337388
mimic_perform_af_015,1,sigmoid,0.9543685803025761
mimic_perform_af_015,1,sigmoid,0.9540555458297665
mimic_perform_af_015,1,sigmoid,0.9541767172978949
mimic_perform_af_015,1,sigmoid,0.9517018208376918
mimic_perform_af_015,1,sigmoid,0.9536172632386106
mimic_perform_af_015,1,sigmoid,0.9555549679532118
mimic_perform_af_015,1,sigmoid,0.9539209378189838
mimic_perform_af_015,1,sigmoid,0.9502539406799186
mimic_perform_af_015,1,sigmoid,0.9338900326149194
mimic_perform_af_015,1,sigmoid,0.9400025855463183
mimic_perform_af_015,1,sigmoid,0.953822833640377
mimic_perform_af_015,1,sigmoid,0.9535579821884393
mimic_perform_af_015,1,sigmoid,0.9423771420420646
mimic_perform_af_015,1,sigmoid,0.9501790778370716
mimic_perform_af_015,1,sigmoid,0.9552321695152328
mimic_perform_af_015,1,sigmoid,0.9515112857541983
mimic_perform_af_015,1,sigmoid,0.9540021959336875
mimic_perform_af_015,1,sigmoid,0.94785574327464
mimic_perform_af_015,1,sigmoid,0.9550306153627455
mimic_perform_af_015,1,sigmoid,0.9548886792868925
mimic_perform_af_015,1,sigmoid,0.9533121583942058
mimic_perform_af_015,1,sigmoid,0.945362645834166
mimic_perform_af_015,1,sigmoid,0.9548519781264988
mimic_perform_af_015,1,sigmoid,0.9518810125093767
mimic_perform_af_015,1,sigmoid,0.9551918724458721
mimic_perform_af_015,1,sigmoid,0.9548610968139964
mimic_perform_af_015,1,sigmoid,0.952376410687422
mimic_perform_af_015,1,sigmoid,0.9552649328240755
mimic_perform_af_015,1,sigmoid,0.7785805078887463
mimic_perform_af_015,1,sigmoid,0.024743849410004598
mimic_perform_af_015,1,sigmoid,0.38546646566976833
mimic_perform_af_015,1,sigmoid,0.8881954230435595
mimic_perform_af_015,1,sigmoid,0.9529489429530741
mimic_perform_af_015,1,sigmoid,0.9495227465141493
mimic_perform_af_015,1,sigmoid,0.9556418462423922
mimic_perform_af_015,1,sigmoid,0.9535806587993471
mimic_perform_af_015,1,sigmoid,0.9556471910111884
mimic_perform_af_015,1,sigmoid,0.955634567739877
mimic_perform_af_015,1,sigmoid,0.950397160847443
mimic_perform_af_015,1,sigmoid,0.94478437926044
mimic_perform_af_015,1,sigmoid,0.9550341580359023
mimic_perform_af_015,1,isotonic,0.9809523809523809
mimic_perform_af_015,1,isotonic,0.9632352941176471
mimic_perform_af_015,1,isotonic,1.0
mimic_perform_af_015,1,isotonic,0.984375
mimic_perform_af_015,1,isotonic,0.984375
mimic_perform_af_015,1,isotonic,0.984375
mimic_perform_af_015,1,isotonic,1.0
mimic_perform_af_015,1,isotonic,1.0
mimic_perform_af_015,1,isotonic,0.984375
mimic_perform_af_015,1,isotonic,1.0
mimic_perform_af_015,1,isotonic,0.984375
mimic_perform_af_015,1,isotonic,1.0
mimic_perform_af_015,1,isotonic,1.0
mimic_perform_af_015,1,isotonic,0.984375
mimic_perform_af_015,1,isotonic,0.984375
mimic_perform_af_015,1,isotonic,0.984375
mimic_perform_af_015,1,isotonic,0.984375
mimic_perform_af_015,1,isotonic,0.984375
mimic_perform_af_015,1,isotonic,1.0
mimic_perform_af_015,1,isotonic,0.9632352941176471
mimic_perform_af_015,1,isotonic,0.984375
mimic_perform_af_015,1,isotonic,0.984375
mimic_perform_af_015,1,isotonic,1.0
mimic_perform_af_015,1,isotonic,1.0
mimic_perform_af_015,1,isotonic,1.0
mimic_perform_af_015,1,isotonic,1.0
mimic_perform_af_015,1,isotonic,1.0
mimic_perform_af_015,1,isotonic,1.0
mimic_perform_af_015,1,isotonic,0.8235294117647058
mimic_perform_af_015,1,isotonic,1.0
mimic_perform_af_015,1,isotonic,1.0
mimic_perform_af_015,1,isotonic,1.0
mimic_perform_af_015,1,isotonic,1.0
mimic_perform_af_015,1,isotonic,1.0
mimic_perform_af_015,1,isotonic,1.0
mimic_perform_af_015,1,isotonic,0.984375
mimic_perform_af_015,1,isotonic,1.0
mimic_perform_af_015,1,isotonic,0.984375
mimic_perform_af_015,1,isotonic,1.0
mimic_perform_af_015,1,isotonic,1.0
mimic_perform_af_015,1,isotonic,1.0
mimic_perform_af_015,1,isotonic,0.45454545454545453
mimic_perform_af_015,1,isotonic,0.5104712041884816
mimic_perform_af_015,1,isotonic,0.9632352941176471
mimic_perform_af_015,1,isotonic,0.9632352941176471
mimic_perform_af_015,1,isotonic,0.8235294117647058
mimic_perform_af_015,1,isotonic,1.0
mimic_perform_af_015,1,isotonic,1.0
mimic_perform_af_015,1,isotonic,1.0
mimic_perform_af_015,1,isotonic,0.984375
mimic_perform_af_015,1,isotonic,1.0
mimic_perform_af_015,1,isotonic,0.984375
mimic_perform_af_015,1,isotonic,0.984375
mimic_perform_af_015,1,isotonic,0.984375
mimic_perform_af_015,1,isotonic,1.0
mimic_perform_af_015,1,isotonic,1.0
mimic_perform_af_015,1,isotonic,0.5104712041884816
mimic_perform_af_015,1,isotonic,0.5104712041884816
mimic_perform_af_015,1,isotonic,1.0
mimic_perform_af_015,1,isotonic,1.0
mimic_perform_af_015,1,isotonic,0.9661016949152542
mimic_perform_af_015,1,isotonic,0.984375
mimic_perform_af_015,1,isotonic,1.0
mimic_perform_af_015,1,isotonic,1.0
mimic_perform_af_015,1,isotonic,1.0
mimic_perform_af_015,1,isotonic,1.0
mimic_perform_af_015,1,isotonic,1.0
mimic_perform_af_015,1,isotonic,0.9632352941176471
mimic_perform_af_015,1,isotonic,0.9809523809523809
mimic_perform_af_015,1,isotonic,1.0
mimic_perform_af_015,1,isotonic,1.0
mimic_perform_af_015,1,isotonic,1.0
mimic_perform_af_015,1,isotonic,1.0
mimic_perform_af_015,1,isotonic,0.9661016949152542
mimic_perform_af_015,1,isotonic,0.9632352941176471
mimic_perform_af_015,1,isotonic,1.0
mimic_perform_af_015,1,isotonic,1.0
mimic_perform_af_015,1,isotonic,1.0
mimic_perform_af_015,1,isotonic,1.0
mimic_perform_af_015,1,isotonic,1.0
mimic_perform_af_015,1,isotonic,0.984375
mimic_perform_af_015,1,isotonic,1.0
mimic_perform_af_015,1,isotonic,1.0
mimic_perform_af_015,1,isotonic,1.0
mimic_perform_af_015,1,isotonic,0.984375
mimic_perform_af_015,1,isotonic,0.9632352941176471
mimic_perform_af_015,1,isotonic,0.9632352941176471
mimic_perform_af_015,1,isotonic,1.0
mimic_perform_af_015,1,isotonic,1.0
mimic_perform_af_015,1,isotonic,0.9632352941176471
mimic_perform_af_015,1,isotonic,0.984375
mimic_perform_af_015,1,isotonic,1.0
mimic_perform_af_015,1,isotonic,0.984375
mimic_perform_af_015,1,isotonic,1.0
mimic_perform_af_015,1,isotonic,0.9809523809523809
mimic_perform_af_015,1,isotonic,1.0
mimic_perform_af_015,1,isotonic,1.0
mimic_perform_af_015,1,isotonic,1.0
mimic_perform_af_015,1,isotonic,0.9661016949152542
mimic_perform_af_015,1,isotonic,1.0
mimic_perform_af_015,1,isotonic,0.984375
mimic_perform_af_015,1,isotonic,1.0
mimic_perform_af_015,1,isotonic,1.0
mimic_perform_af_015,1,isotonic,0.984375
mimic_perform_af_015,1,isotonic,1.0
mimic_perform_af_015,1,isotonic,0.5104712041884816
mimic_perform_af_015,1,isotonic,0.02988522699192509
mimic_perform_af_015,1,isotonic,0.5104712041884816
mimic_perform_af_015,1,isotonic,0.7215189873417721
mimic_perform_af_015,1,isotonic,1.0
mimic_perform_af_015,1,isotonic,0.984375
mimic_perform_af_015,1,isotonic,1.0
mimic_perform_af_015,1,isotonic,1.0
mimic_perform_af_015,1,isotonic,1.0
mimic_perform_af_015,1,isotonic,1.0
mimic_perform_af_015,1,isotonic,0.984375
mimic_perform_af_015,1,isotonic,0.9661016949152542
mimic_perform_af_015,1,isotonic,1.0
mimic_perform_af_015,1,raw,0.9776798355376335
mimic_perform_af_015,1,raw,0.9452206540294552
mimic_perform_af_015,1,raw,0.9921389505965215
mimic_perform_af_015,1,raw,0.9882873652999246
mimic_perform_af_015,1,raw,0.9859955277680054
mimic_perform_af_015,1,raw,0.983073384337831
mimic_perform_af_015,1,raw,0.9986927266844918
mimic_perform_af_015,1,raw,0.9993169677240341
mimic_perform_af_015,1,raw,0.9812853510259053
mimic_perform_af_015,1,raw,0.9973198648670296
mimic_perform_af_015,1,raw,0.9890730716664166
mimic_perform_af_015,1,raw,0.9964791540212533
mimic_perform_af_015,1,raw,0.9894543012285694
mimic_perform_af_015,1,raw,0.9892875247846377
mimic_perform_af_015,1,raw,0.9807905869633531
mimic_perform_af_015,1,raw,0.9816362147968534
mimic_perform_af_015,1,raw,0.9805910842537573
mimic_perform_af_015,1,raw,0.9843662244590481
mimic_perform_af_015,1,raw,0.9953961815073332
mimic_perform_af_015,1,raw,0.9584796042524003
mimic_perform_af_015,1,raw,0.9850867979714927
mimic_perform_af_015,1,raw,0.9832555826383358
mimic_perform_af_015,1,raw,0.9933222339244822
mimic_perform_af_015,1,raw,0.9952397166691865
mimic_perform_af_015,1,raw,0.9965360289288355
mimic_perform_af_015,1,raw,0.9982916367149156
mimic_perform_af_015,1,raw,0.996365614600395
mimic_perform_af_015,1,raw,0.9941489051477985
mimic_perform_af_015,1,raw,0.919924196003098
mimic_perform_af_015,1,raw,0.993742587466505
mimic_perform_af_015,1,raw,0.9957705916344475
mimic_perform_af_015,1,raw,0.9976914835682985
mimic_perform_af_015,1,raw,0.9986154728563851
mimic_perform_af_015,1,raw,0.9977125496649931
mimic_perform_af_015,1,raw,0.9957583680835186
mimic_perform_af_015,1,raw,0.9885637656622578
mimic_perform_af_015,1,raw,0.9975459382228695
mimic_perform_af_015,1,raw,0.986874337632619
mimic_perform_af_015,1,raw,0.9968357607617079
mimic_perform_af_015,1,raw,0.9899251756923255
mimic_perform_af_015,1,raw,0.9925654512876455
mimic_perform_af_015,1,raw,0.31333333333333335
mimic_perform_af_015,1,raw,0.6659597993933938
mimic_perform_af_015,1,raw,0.9504261642398054
mimic_perform_af_015,1,raw,0.9469693840256243
mimic_perform_af_015,1,raw,0.930749354293646
mimic_perform_af_015,1,raw,0.997621150212975
mimic_perform_af_015,1,raw,0.9913092482742881
mimic_perform_af_015,1,raw,0.9998027460080027
mimic_perform_af_015,1,raw,0.9883235288373912
mimic_perform_af_015,1,raw,0.99430911497305
mimic_perform_af_015,1,raw,0.9869630798719518
mimic_perform_af_015,1,raw,0.9886274177784776
mimic_perform_af_015,1,raw,0.980709266989144
mimic_perform_af_015,1,raw,0.9960501344182356
mimic_perform_af_015,1,raw,0.998548244086943
mimic_perform_af_015,1,raw,0.3283583240694957
mimic_perform_af_015,1,raw,0.645814550855851
mimic_perform_af_015,1,raw,0.9949847219038606
mimic_perform_af_015,1,raw,0.9959003208771481
mimic_perform_af_015,1,raw,0.9659729338024109
mimic_perform_af_015,1,raw,0.9843165950121808
mimic_perform_af_015,1,raw,0.9913012467370735
mimic_perform_af_015,1,raw,0.9953863596806616
mimic_perform_af_015,1,raw,0.9961379394196638
mimic_perform_af_015,1,raw,0.9995282015538307
mimic_perform_af_015,1,raw,0.9996829327159188
mimic_perform_af_015,1,raw,0.9611277770458181
mimic_perform_af_015,1,raw,0.9754562025774033
mimic_perform_af_015,1,raw,0.9935202758442242
mimic_perform_af_015,1,raw,0.9951688621014597
mimic_perform_af_015,1,raw,0.9957835725227743
mimic_perform_af_015,1,raw,0.9946178654869131
mimic_perform_af_015,1,raw,0.9657525732516115
mimic_perform_af_015,1,raw,0.952830337187108
mimic_perform_af_015,1,raw,0.9984030027211329
mimic_perform_af_015,1,raw,0.9915048635160849
mimic_perform_af_015,1,raw,0.9955254200682375
mimic_perform_af_015,1,raw,0.9945241687364909
mimic_perform_af_015,1,raw,0.9949109671200762
mimic_perform_af_015,1,raw,0.9871970695279185
mimic_perform_af_015,1,raw,0.9931331623743961
mimic_perform_af_015,1,raw,0.9993804579088406
mimic_perform_af_015,1,raw,0.9940956156220199
mimic_perform_af_015,1,raw,0.9828565126335144
mimic_perform_af_015,1,raw,0.9406863472544343
mimic_perform_af_015,1,raw,0.9551561236306081
mimic_perform_af_015,1,raw,0.9937840301379661
mimic_perform_af_015,1,raw,0.9929459791906332
mimic_perform_af_015,1,raw,0.9611520175385986
mimic_perform_af_015,1,raw,0.9826353540600157
mimic_perform_af_015,1,raw,0.9983219386908059
mimic_perform_af_015,1,raw,0.9866188712232711
mimic_perform_af_015,1,raw,0.9943541752660172
mimic_perform_af_015,1,raw,0.9759236570526076
mimic_perform_af_015,1,raw,0.9976646865026314
mimic_perform_af_015,1,raw,0.9972035264940422
mimic_perform_af_015,1,raw,0.9921721945419173
mimic_perform_af_015,1,raw,0.9690288503172201
mimic_perform_af_015,1,raw,0.9970845068754721
mimic_perform_af_015,1,raw,0.9877428241820085
mimic_perform_af_015,1,raw,0.9981903078820146
mimic_perform_af_015,1,raw,0.9971140696128717
mimic_perform_af_015,1,raw,0.9892617362138784
mimic_perform_af_015,1,raw,0.998429043652615
mimic_perform_af_015,1,raw,0.7463493027730933
mimic_perform_af_015,1,raw,0.05717740429505136
mimic_perform_af_015,1,raw,0.5054487008121298
mimic_perform_af_015,1,raw,0.8602474710442213
mimic_perform_af_015,1,raw,0.9910359562058028
mimic_perform_af_015,1,raw,0.9807097994390186
mimic_perform_af_015,1,raw,0.9996666006472316
mimic_perform_af_015,1,raw,0.993017554980845
mimic_perform_af_015,1,raw,0.9996842216475117
mimic_perform_af_015,1,raw,0.9996426076366379
mimic_perform_af_015,1,raw,0.9832804915894244
mimic_perform_af_015,1,raw,0.9674720612720343
mimic_perform_af_015,1,raw,0.9976762146217173
mimic_perform_af_016,1,sigmoid,0.9469692259672725
mimic_perform_af_016,1,sigmoid,0.9572967912101001
mimic_perform_af_016,1,sigmoid,0.9540561728620963
mimic_perform_af_016,1,sigmoid,0.9574452545734526
mimic_perform_af_016,1,sigmoid,0.9574295384743878
mimic_perform_af_016,1,sigmoid,0.9574146961007857
mimic_perform_af_016,1,sigmoid,0.9508903584817455
mimic_perform_af_016,1,sigmoid,0.9472422881665614
mimic_perform_af_016,1,sigmoid,0.9509012623921026
mimic_perform_af_016,1,sigmoid,0.9542561407533489
mimic_perform_af_016,1,sigmoid,0.9574533738613232
mimic_perform_af_016,1,sigmoid,0.9574452545734526
mimic_perform_af_016,1,sigmoid,0.9574505742741137
mimic_perform_af_016,1,sigmoid,0.9426116155776143
mimic_perform_af_016,1,sigmoid,0.8980523274081181
mimic_perform_af_016,1,sigmoid,0.017932300068232612
mimic_perform_af_016,1,sigmoid,0.014340085846013218
mimic_perform_af_016,1,sigmoid,0.014340085846013218
mimic_perform_af_016,1,sigmoid,0.47374226438234973
mimic_perform_af_016,1,sigmoid,0.7922237181896652
mimic_perform_af_016,1,sigmoid,0.957508918268212
mimic_perform_af_016,1,sigmoid,0.877913050570857
mimic_perform_af_016,1,sigmoid,0.9247703499790183
mimic_perform_af_016,1,sigmoid,0.957508918268212
mimic_perform_af_016,1,sigmoid,0.957447480788139
mimic_perform_af_016,1,sigmoid,0.9574577959400447
mimic_perform_af_016,1,sigmoid,0.9574577959400447
mimic_perform_af_016,1,sigmoid,0.957447480788139
mimic_perform_af_016,1,sigmoid,0.9135563120380483
mimic_perform_af_016,1,sigmoid,0.7118475604862193
mimic_perform_af_016,1,sigmoid,0.27412802863969415
mimic_perform_af_016,1,sigmoid,0.9471640934199261
mimic_perform_af_016,1,sigmoid,0.957447480788139
mimic_perform_af_016,1,sigmoid,0.9574452545734526
mimic_perform_af_016,1,sigmoid,0.957447480788139
mimic_perform_af_016,1,sigmoid,0.9574528002228714
mimic_perform_af_016,1,sigmoid,0.8702826373016875
mimic_perform_af_016,1,sigmoid,0.957447480788139
mimic_perform_af_016,1,sigmoid,0.957447480788139
mimic_perform_af_016,1,sigmoid,0.957508918268212
mimic_perform_af_016,1,sigmoid,0.9124603217896416
mimic_perform_af_016,1,sigmoid,0.9345578230482936
mimic_perform_af_016,1,sigmoid,0.957447480788139
mimic_perform_af_016,1,sigmoid,0.9574421595705452
mimic_perform_af_016,1,sigmoid,0.9573006589041759
mimic_perform_af_016,1,sigmoid,0.957407648591969
mimic_perform_af_016,1,sigmoid,0.9541838876211817
mimic_perform_af_016,1,sigmoid,0.9542255671690193
mimic_perform_af_016,1,sigmoid,0.957447480788139
mimic_perform_af_016,1,sigmoid,0.9542836288498507
mimic_perform_af_016,1,sigmoid,0.9574735268339812
mimic_perform_af_016,1,sigmoid,0.9433268883954903
mimic_perform_af_016,1,sigmoid,0.7722004548564653
mimic_perform_af_016,1,sigmoid,0.8702842325431596
mimic_perform_af_016,1,sigmoid,0.9073547461513687
mimic_perform_af_016,1,sigmoid,0.9346643150355392
mimic_perform_af_016,1,sigmoid,0.8702826373016875
mimic_perform_af_016,1,sigmoid,0.9346643150355392
mimic_perform_af_016,1,sigmoid,0.957508918268212
mimic_perform_af_016,1,sigmoid,0.9574273113627543
mimic_perform_af_016,1,sigmoid,0.9574631141425817
mimic_perform_af_016,1,sigmoid,0.9574452545734526
mimic_perform_af_016,1,sigmoid,0.9542836288498507
mimic_perform_af_016,1,sigmoid,0.9542923225666496
mimic_perform_af_016,1,sigmoid,0.9543187090063999
mimic_perform_af_016,1,sigmoid,0.9542995104126817
mimic_perform_af_016,1,sigmoid,0.9508636929910502
mimic_perform_af_016,1,sigmoid,0.957508918268212
mimic_perform_af_016,1,sigmoid,0.9543187090063999
mimic_perform_af_016,1,sigmoid,0.957508918268212
mimic_perform_af_016,1,sigmoid,0.9543187090063999
mimic_perform_af_016,1,sigmoid,0.9542528792127056
mimic_perform_af_016,1,sigmoid,0.9542255671690193
mimic_perform_af_016,1,sigmoid,0.957447480788139
mimic_perform_af_016,1,sigmoid,0.954261578496781
mimic_perform_af_016,1,sigmoid,0.9574217317276523
mimic_perform_af_016,1,sigmoid,0.9574398577823499
mimic_perform_af_016,1,sigmoid,0.9574452545734526
mimic_perform_af_016,1,sigmoid,0.9574273113627543
mimic_perform_af_016,1,sigmoid,0.9574295384743878
mimic_perform_af_016,1,sigmoid,0.9574124682471993
mimic_perform_af_016,1,sigmoid,0.9574452545734526
mimic_perform_af_016,1,sigmoid,0.9574452545734526
mimic_perform_af_016,1,sigmoid,0.9346722882353843
mimic_perform_af_016,1,sigmoid,0.8503132141835447
mimic_perform_af_016,1,sigmoid,0.957508918268212
mimic_perform_af_016,1,sigmoid,0.957447480788139
mimic_perform_af_016,1,sigmoid,0.9345861359044241
mimic_perform_af_016,1,sigmoid,0.957508918268212
mimic_perform_af_016,1,sigmoid,0.9192695563744175
mimic_perform_af_016,1,sigmoid,0.8937616567580325
mimic_perform_af_016,1,sigmoid,0.8561071766000442
mimic_perform_af_016,1,sigmoid,0.9393775628156685
mimic_perform_af_016,1,sigmoid,0.9423839049516719
mimic_perform_af_016,1,sigmoid,0.9479631761053915
mimic_perform_af_016,1,sigmoid,0.9501632931146995
mimic_perform_af_016,1,sigmoid,0.95746591294137
mimic_perform_af_016,1,sigmoid,0.9574452545734526
mimic_perform_af_016,1,sigmoid,0.9573554535176323
mimic_perform_af_016,1,sigmoid,0.9452588864832802
mimic_perform_af_016,1,sigmoid,0.9041278175021562
mimic_perform_af_016,1,sigmoid,0.889912282165247
mimic_perform_af_016,1,sigmoid,0.9255233040069175
mimic_perform_af_016,1,sigmoid,0.9574533738613232
mimic_perform_af_016,1,sigmoid,0.957447480788139
mimic_perform_af_016,1,sigmoid,0.957447480788139
mimic_perform_af_016,1,sigmoid,0.9574452545734526
mimic_perform_af_016,1,sigmoid,0.9574551529769413
mimic_perform_af_016,1,sigmoid,0.8856639599706251
mimic_perform_af_016,1,sigmoid,0.9497994535107461
mimic_perform_af_016,1,sigmoid,0.9526851997575544
mimic_perform_af_016,1,sigmoid,0.9574295384743878
mimic_perform_af_016,1,sigmoid,0.9574452545734526
mimic_perform_af_016,1,sigmoid,0.9574205935123851
mimic_perform_af_016,1,sigmoid,0.9574480617932317
mimic_perform_af_016,1,sigmoid,0.9572945574634425
mimic_perform_af_016,1,sigmoid,0.9574533738613232
mimic_perform_af_016,1,sigmoid,0.9574577959400447
mimic_perform_af_016,1,isotonic,0.9657534246575342
mimic_perform_af_016,1,isotonic,0.9959266802443992
mimic_perform_af_016,1,isotonic,0.9834254143646409
mimic_perform_af_016,1,isotonic,0.9959266802443992
mimic_perform_af_016,1,isotonic,0.9959266802443992
mimic_perform_af_016,1,isotonic,0.9959266802443992
mimic_perform_af_016,1,isotonic,0.9834254143646409
mimic_perform_af_016,1,isotonic,0.9657534246575342
mimic_perform_af_016,1,isotonic,0.9834254143646409
mimic_perform_af_016,1,isotonic,0.9959266802443992
mimic_perform_af_016,1,isotonic,0.9959266802443992
mimic_perform_af_016,1,isotonic,0.9959266802443992
mimic_perform_af_016,1,isotonic,0.9959266802443992
mimic_perform_af_016,1,isotonic,0.9657534246575342
mimic_perform_af_016,1,isotonic,0.7674418604651163
mimic_perform_af_016,1,isotonic,0.012195121951219513
mimic_perform_af_016,1,isotonic,0.008333333333333333
mimic_perform_af_016,1,isotonic,0.008333333333333333
mimic_perform_af_016,1,isotonic,0.4908424908424908
mimic_perform_af_016,1,isotonic,0.5294117647058824
mimic_perform_af_016,1,isotonic,1.0
mimic_perform_af_016,1,isotonic,0.639344262295082
mimic_perform_af_016,1,isotonic,0.9078947368421053
mimic_perform_af_016,1,isotonic,1.0
mimic_perform_af_016,1,isotonic,0.9959266802443992
mimic_perform_af_016,1,isotonic,0.9967382375591086
mimic_perform_af_016,1,isotonic,0.9967382375591086
mimic_perform_af_016,1,isotonic,0.9959266802443992
mimic_perform_af_016,1,isotonic,0.8333333333333334
mimic_perform_af_016,1,isotonic,0.4908424908424908
mimic_perform_af_016,1,isotonic,0.4908424908424908
mimic_perform_af_016,1,isotonic,0.9657534246575342
mimic_perform_af_016,1,isotonic,0.9959266802443992
mimic_perform_af_016,1,isotonic,0.9959266802443992
mimic_perform_af_016,1,isotonic,0.9959266802443992
mimic_perform_af_016,1,isotonic,0.9959266802443992
mimic_perform_af_016,1,isotonic,0.639344262295082
mimic_perform_af_016,1,isotonic,0.9959266802443992
mimic_perform_af_016,1,isotonic,0.9959266802443992
mimic_perform_af_016,1,isotonic,1.0
mimic_perform_af_016,1,isotonic,0.8333333333333334
mimic_perform_af_016,1,isotonic,0.9381443298969072
mimic_perform_af_016,1,isotonic,0.9959266802443992
mimic_perform_af_016,1,isotonic,0.9959266802443992
mimic_perform_af_016,1,isotonic,0.9959266802443992
mimic_perform_af_016,1,isotonic,0.9959266802443992
mimic_perform_af_016,1,isotonic,0.9959266802443992
mimic_perform_af_016,1,isotonic,0.9959266802443992
mimic_perform_af_016,1,isotonic,0.9959266802443992
mimic_perform_af_016,1,isotonic,0.9959266802443992
mimic_perform_af_016,1,isotonic,1.0
mimic_perform_af_016,1,isotonic,0.9657534246575342
mimic_perform_af_016,1,isotonic,0.5294117647058824
mimic_perform_af_016,1,isotonic,0.639344262295082
mimic_perform_af_016,1,isotonic,0.7674418604651163
mimic_perform_af_016,1,isotonic,0.9381443298969072
mimic_perform_af_016,1,isotonic,0.639344262295082
mimic_perform_af_016,1,isotonic,0.9381443298969072
mimic_perform_af_016,1,isotonic,1.0
mimic_perform_af_016,1,isotonic,0.9959266802443992
mimic_perform_af_016,1,isotonic,1.0
mimic_perform_af_016,1,isotonic,0.9959266802443992
mimic_perform_af_016,1,isotonic,0.9959266802443992
mimic_perform_af_016,1,isotonic,0.9959266802443992
mimic_perform_af_016,1,isotonic,0.9959266802443992
mimic_perform_af_016,1,isotonic,0.9959266802443992
mimic_perform_af_016,1,isotonic,0.9834254143646409
mimic_perform_af_016,1,isotonic,1.0
mimic_perform_af_016,1,isotonic,0.9959266802443992
mimic_perform_af_016,1,isotonic,1.0
mimic_perform_af_016,1,isotonic,0.9959266802443992
mimic_perform_af_016,1,isotonic,0.9959266802443992
mimic_perform_af_016,1,isotonic,0.9959266802443992
mimic_perform_af_016,1,isotonic,0.9959266802443992
mimic_perform_af_016,1,isotonic,0.9959266802443992
mimic_perform_af_016,1,isotonic,0.9959266802443992
mimic_perform_af_016,1,isotonic,0.9959266802443992
mimic_perform_af_016,1,isotonic,0.9959266802443992
mimic_perform_af_016,1,isotonic,0.9959266802443992
mimic_perform_af_016,1,isotonic,0.9959266802443992
mimic_perform_af_016,1,isotonic,0.9959266802443992
mimic_perform_af_016,1,isotonic,0.9959266802443992
mimic_perform_af_016,1,isotonic,0.9959266802443992
mimic_perform_af_016,1,isotonic,0.9381443298969072
mimic_perform_af_016,1,isotonic,0.639344262295082
mimic_perform_af_016,1,isotonic,1.0
mimic_perform_af_016,1,isotonic,0.9959266802443992
mimic_perform_af_016,1,isotonic,0.9381443298969072
mimic_perform_af_016,1,isotonic,1.0
mimic_perform_af_016,1,isotonic,0.8620689655172413
mimic_perform_af_016,1,isotonic,0.7674418604651163
mimic_perform_af_016,1,isotonic,0.639344262295082
mimic_perform_af_016,1,isotonic,0.9381443298969072
mimic_perform_af_016,1,isotonic,0.9657534246575342
mimic_perform_af_016,1,isotonic,0.9657534246575342
mimic_perform_af_016,1,isotonic,0.9834254143646409
mimic_perform_af_016,1,isotonic,1.0
mimic_perform_af_016,1,isotonic,0.9959266802443992
mimic_perform_af_016,1,isotonic,0.9959266802443992
mimic_perform_af_016,1,isotonic,0.9657534246575342
mimic_perform_af_016,1,isotonic,0.7674418604651163
mimic_perform_af_016,1,isotonic,0.6551724137931034
mimic_perform_af_016,1,isotonic,0.9078947368421053
mimic_perform_af_016,1,isotonic,0.9959266802443992
mimic_perform_af_016,1,isotonic,0.9959266802443992
mimic_perform_af_016,1,isotonic,0.9959266802443992
mimic_perform_af_016,1,isotonic,0.9959266802443992
mimic_perform_af_016,1,isotonic,0.9959266802443992
mimic_perform_af_016,1,isotonic,0.6551724137931034
mimic_perform_af_016,1,isotonic,0.9834254143646409
mimic_perform_af_016,1,isotonic,0.9834254143646409
mimic_perform_af_016,1,isotonic,0.9959266802443992
mimic_perform_af_016,1,isotonic,0.9959266802443992
mimic_perform_af_016,1,isotonic,0.9959266802443992
mimic_perform_af_016,1,isotonic,0.9959266802443992
mimic_perform_af_016,1,isotonic,0.9959266802443992
mimic_perform_af_016,1,isotonic,0.9959266802443992
mimic_perform_af_016,1,isotonic,0.9967382375591086
mimic_perform_af_016,1,raw,0.9691869726301331
mimic_perform_af_016,1,raw,0.9992198945782222
mimic_perform_af_016,1,raw,0.9891136781202615
mimic_perform_af_016,1,raw,0.9997002418672244
mimic_perform_af_016,1,raw,0.9996493173395556
mimic_perform_af_016,1,raw,0.9996012404164786
mimic_perform_af_016,1,raw,0.9798758784033557
mimic_perform_af_016,1,raw,0.9699067139471221
mimic_perform_af_016,1,raw,0.979906713947122
mimic_perform_af_016,1,raw,0.9897173226472111
mimic_perform_af_016,1,raw,0.999726557656698
mimic_perform_af_016,1,raw,0.9997002418672244
mimic_perform_af_016,1,raw,0.9997174832465348
mimic_perform_af_016,1,raw,0.9581504438380047
mimic_perform_af_016,1,raw,0.8758808486631078
mimic_perform_af_016,1,raw,0.06
mimic_perform_af_016,1,raw,0.03
mimic_perform_af_016,1,raw,0.03
mimic_perform_af_016,1,raw,0.5747006852741453
mimic_perform_af_016,1,raw,0.7653084023328002
mimic_perform_af_016,1,raw,0.999906713947122
mimic_perform_af_016,1,raw,0.8490817785261298
mimic_perform_af_016,1,raw,0.9198822640693715
mimic_perform_af_016,1,raw,0.999906713947122
mimic_perform_af_016,1,raw,0.9997074568744394
mimic_perform_af_016,1,raw,0.9997408922737284
mimic_perform_af_016,1,raw,0.9997408922737284
mimic_perform_af_016,1,raw,0.9997074568744394
mimic_perform_af_016,1,raw,0.8999239553264325
mimic_perform_af_016,1,raw,0.708
mimic_perform_af_016,1,raw,0.46
mimic_perform_af_016,1,raw,0.9697002483759989
mimic_perform_af_016,1,raw,0.9997074568744394
mimic_perform_af_016,1,raw,0.9997002418672244
mimic_perform_af_016,1,raw,0.9997074568744394
mimic_perform_af_016,1,raw,0.9997246982537498
mimic_perform_af_016,1,raw,0.8399239553264324
mimic_perform_af_016,1,raw,0.9997074568744394
mimic_perform_af_016,1,raw,0.9997074568744394
mimic_perform_af_016,1,raw,0.999906713947122
mimic_perform_af_016,1,raw,0.8981018214134585
mimic_perform_af_016,1,raw,0.9396766213306726
mimic_perform_af_016,1,raw,0.9997074568744394
mimic_perform_af_016,1,raw,0.9996902117769535
mimic_perform_af_016,1,raw,0.999232388092336
mimic_perform_af_016,1,raw,0.999578417966118
mimic_perform_af_016,1,raw,0.9894989222579019
mimic_perform_af_016,1,raw,0.9896248674618049
mimic_perform_af_016,1,raw,0.9997074568744394
mimic_perform_af_016,1,raw,0.9898004974891615
mimic_perform_af_016,1,raw,0.9997918971073189
mimic_perform_af_016,1,raw,0.9599067139471221
mimic_perform_af_016,1,raw,0.7497794529447345
mimic_perform_af_016,1,raw,0.8399258212381555
mimic_perform_af_016,1,raw,0.8898758784033555
mimic_perform_af_016,1,raw,0.9399067139471221
mimic_perform_af_016,1,raw,0.8399239553264324
mimic_perform_af_016,1,raw,0.9399067139471221
mimic_perform_af_016,1,raw,0.999906713947122
mimic_perform_af_016,1,raw,0.9996421023323407
mimic_perform_af_016,1,raw,0.9997581336530388
mimic_perform_af_016,1,raw,0.9997002418672244
mimic_perform_af_016,1,raw,0.9898004974891615
mimic_perform_af_016,1,raw,0.9898268132786352
mimic_perform_af_016,1,raw,0.989906713947122
mimic_perform_af_016,1,raw,0.9898485744122384
mimic_perform_af_016,1,raw,0.9798004974891615
mimic_perform_af_016,1,raw,0.999906713947122
mimic_perform_af_016,1,raw,0.989906713947122
mimic_perform_af_016,1,raw,0.999906713947122
mimic_perform_af_016,1,raw,0.989906713947122
mimic_perform_af_016,1,raw,0.9897074568744394
mimic_perform_af_016,1,raw,0.9896248674618049
mimic_perform_af_016,1,raw,0.9997074568744394
mimic_perform_af_016,1,raw,0.9897337726639129
mimic_perform_af_016,1,raw,0.9996240279887633
mimic_perform_af_016,1,raw,0.9996827527388448
mimic_perform_af_016,1,raw,0.9997002418672244
mimic_perform_af_016,1,raw,0.9996421023323407
mimic_perform_af_016,1,raw,0.9996493173395556
mimic_perform_af_016,1,raw,0.9995940254092637
mimic_perform_af_016,1,raw,0.9997002418672244
mimic_perform_af_016,1,raw,0.9997002418672244
mimic_perform_af_016,1,raw,0.9399239553264325
mimic_perform_af_016,1,raw,0.8179516820103062
mimic_perform_af_016,1,raw,0.999906713947122
mimic_perform_af_016,1,raw,0.9997074568744394
mimic_perform_af_016,1,raw,0.9397377616876734
mimic_perform_af_016,1,raw,0.999906713947122
mimic_perform_af_016,1,raw,0.9097760476114108
mimic_perform_af_016,1,raw,0.8698048635507621
mimic_perform_af_016,1,raw,0.8240610027396785
mimic_perform_af_016,1,raw,0.950457521991365
mimic_perform_af_016,1,raw,0.9575956398640695
mimic_perform_af_016,1,raw,0.9718238817398931
mimic_perform_af_016,1,raw,0.9778342929899195
mimic_perform_af_016,1,raw,0.9997672080632021
mimic_perform_af_016,1,raw,0.9997002418672244
mimic_perform_af_016,1,raw,0.9994095031685732
mimic_perform_af_016,1,raw,0.9647568203196175
mimic_perform_af_016,1,raw,0.884884471713363
mimic_perform_af_016,1,raw,0.8645351424008286
mimic_perform_af_016,1,raw,0.9213179908159954
mimic_perform_af_016,1,raw,0.999726557656698
mimic_perform_af_016,1,raw,0.9997074568744394
mimic_perform_af_016,1,raw,0.9997074568744394
mimic_perform_af_016,1,raw,0.9997002418672244
mimic_perform_af_016,1,raw,0.9997323246693854
mimic_perform_af_016,1,raw,0.8589034846254028
mimic_perform_af_016,1,raw,0.9768232124422656
mimic_perform_af_016,1,raw,0.9850411999122696
mimic_perform_af_016,1,raw,0.9996493173395556
mimic_perform_af_016,1,raw,0.9997002418672244
mimic_perform_af_016,1,raw,0.9996203411987373
mimic_perform_af_016,1,raw,0.9997093399309521
mimic_perform_af_016,1,raw,0.9992126795710072
mimic_perform_af_016,1,raw,0.999726557656698
mimic_perform_af_016,1,raw,0.9997408922737284
mimic_perform_af_017,1,sigmoid,0.9539458937816118
mimic_perform_af_017,1,sigmoid,0.9539463462569414
mimic_perform_af_017,1,sigmoid,0.9538207692751048
mimic_perform_af_017,1,sigmoid,0.9470214075516592
mimic_perform_af_017,1,sigmoid,0.9539307491713509
mimic_perform_af_017,1,sigmoid,0.9539463462569414
mimic_perform_af_017,1,sigmoid,0.9536809295999413
mimic_perform_af_017,1,sigmoid,0.9532019726243964
mimic_perform_af_017,1,sigmoid,0.9539727792846847
mimic_perform_af_017,1,sigmoid,0.9539751637902871
mimic_perform_af_017,1,sigmoid,0.953931917210533
mimic_perform_af_017,1,sigmoid,0.9506920982640418
mimic_perform_af_017,1,sigmoid,0.9539922153936876
mimic_perform_af_017,1,sigmoid,0.953482049359084
mimic_perform_af_017,1,sigmoid,0.9528976739503638
mimic_perform_af_017,1,sigmoid,0.9539756142038927
mimic_perform_af_017,1,sigmoid,0.9539210153203158
mimic_perform_af_017,1,sigmoid,0.9506210531772101
mimic_perform_af_017,1,sigmoid,0.953959470765799
mimic_perform_af_017,1,sigmoid,0.9539865037995819
mimic_perform_af_017,1,sigmoid,0.9539865037995819
mimic_perform_af_017,1,sigmoid,0.9539945989409332
mimic_perform_af_017,1,sigmoid,0.9539945989409332
mimic_perform_af_017,1,sigmoid,0.9506106869175965
mimic_perform_af_017,1,sigmoid,0.9538725349911933
mimic_perform_af_017,1,sigmoid,0.9522831327813434
mimic_perform_af_017,1,sigmoid,0.9539406292433826
mimic_perform_af_017,1,sigmoid,0.9539570854863959
mimic_perform_af_017,1,sigmoid,0.9539753189005459
mimic_perform_af_017,1,sigmoid,0.9539922153936876
mimic_perform_af_017,1,sigmoid,0.9442826680678356
mimic_perform_af_017,1,sigmoid,0.9538615110226939
mimic_perform_af_017,1,sigmoid,0.9538615110226939
mimic_perform_af_017,1,sigmoid,0.953959470765799
mimic_perform_af_017,1,sigmoid,0.9505941358061147
mimic_perform_af_017,1,sigmoid,0.9538994087602568
mimic_perform_af_017,1,sigmoid,0.9539756142038927
mimic_perform_af_017,1,sigmoid,0.9515521213073006
mimic_perform_af_017,1,sigmoid,0.9501617980781655
mimic_perform_af_017,1,sigmoid,0.9537752684765735
mimic_perform_af_017,1,sigmoid,0.9504665244927067
mimic_perform_af_017,1,sigmoid,0.9538564782094081
mimic_perform_af_017,1,sigmoid,0.9539462366606813
mimic_perform_af_017,1,sigmoid,0.9539814839628027
mimic_perform_af_017,1,sigmoid,0.9539865037995819
mimic_perform_af_017,1,sigmoid,0.9539865037995819
mimic_perform_af_017,1,sigmoid,0.9539088038131224
mimic_perform_af_017,1,sigmoid,0.9539570854863959
mimic_perform_af_017,1,sigmoid,0.9538557829043178
mimic_perform_af_017,1,sigmoid,0.9538773099718798
mimic_perform_af_017,1,sigmoid,0.9537885664873088
mimic_perform_af_017,1,sigmoid,0.9539406292433826
mimic_perform_af_017,1,sigmoid,0.9539561714201621
mimic_perform_af_017,1,sigmoid,0.9539834159147366
mimic_perform_af_017,1,sigmoid,0.9539810318160453
mimic_perform_af_017,1,sigmoid,0.9539922153936876
mimic_perform_af_017,1,sigmoid,0.9539814839628027
mimic_perform_af_017,1,sigmoid,0.9500610415493668
mimic_perform_af_017,1,sigmoid,0.9500548674736351
mimic_perform_af_017,1,sigmoid,0.9534683946535394
mimic_perform_af_017,1,sigmoid,0.9539717404457038
mimic_perform_af_017,1,sigmoid,0.9539727792846847
mimic_perform_af_017,1,sigmoid,0.9539717404457038
mimic_perform_af_017,1,sigmoid,0.9539885121118615
mimic_perform_af_017,1,sigmoid,0.9539922153936876
mimic_perform_af_017,1,sigmoid,0.9538432822468862
mimic_perform_af_017,1,sigmoid,0.9538432822468862
mimic_perform_af_017,1,sigmoid,0.9539814839628027
mimic_perform_af_017,1,sigmoid,0.9539885121118615
mimic_perform_af_017,1,sigmoid,0.9539922153936876
mimic_perform_af_017,1,sigmoid,0.9539511958251887
mimic_perform_af_017,1,sigmoid,0.9539620435390583
mimic_perform_af_017,1,sigmoid,0.9539727792846847
mimic_perform_af_017,1,sigmoid,0.9539727792846847
mimic_perform_af_017,1,sigmoid,0.9539922153936876
mimic_perform_af_017,1,sigmoid,0.9539814839628027
mimic_perform_af_017,1,sigmoid,0.9539865037995819
mimic_perform_af_017,1,sigmoid,0.9539865037995819
mimic_perform_af_017,1,sigmoid,0.9539922153936876
mimic_perform_af_017,1,sigmoid,0.9539865037995819
mimic_perform_af_017,1,sigmoid,0.9539922153936876
mimic_perform_af_017,1,sigmoid,0.9539727792846847
mimic_perform_af_017,1,sigmoid,0.9539620435390583
mimic_perform_af_017,1,sigmoid,0.9539727792846847
mimic_perform_af_017,1,sigmoid,0.9539570854863959
mimic_perform_af_017,1,sigmoid,0.9539551609299556
mimic_perform_af_017,1,sigmoid,0.9539922153936876
mimic_perform_af_017,1,sigmoid,0.9539767426206357
mimic_perform_af_017,1,sigmoid,0.953526531919693
mimic_perform_af_017,1,sigmoid,0.9493471233422278
mimic_perform_af_017,1,sigmoid,0.9258221294338791
mimic_perform_af_017,1,sigmoid,0.9528053656946317
mimic_perform_af_017,1,sigmoid,0.9539462366606813
mimic_perform_af_017,1,sigmoid,0.9539658982031114
mimic_perform_af_017,1,sigmoid,0.9539865037995819
mimic_perform_af_017,1,sigmoid,0.9539865037995819
mimic_perform_af_017,1,sigmoid,0.9539561714201621
mimic_perform_af_017,1,sigmoid,0.9539357099230518
mimic_perform_af_017,1,sigmoid,0.9539307491713509
mimic_perform_af_017,1,sigmoid,0.9539463462569414
mimic_perform_af_017,1,sigmoid,0.9539463462569414
mimic_perform_af_017,1,sigmoid,0.95392678206592
mimic_perform_af_017,1,sigmoid,0.9538414366903429
mimic_perform_af_017,1,sigmoid,0.9539152953141331
mimic_perform_af_017,1,sigmoid,0.9538471654202775
mimic_perform_af_017,1,sigmoid,0.9539570854863959
mimic_perform_af_017,1,sigmoid,0.9539200040958328
mimic_perform_af_017,1,sigmoid,0.953926891706241
mimic_perform_af_017,1,sigmoid,0.9529275355681851
mimic_perform_af_017,1,sigmoid,0.9537732544029118
mimic_perform_af_017,1,sigmoid,0.9529564805468863
mimic_perform_af_017,1,sigmoid,0.9455888683594466
mimic_perform_af_017,1,sigmoid,0.9534683946535394
mimic_perform_af_017,1,sigmoid,0.023665674640412263
mimic_perform_af_017,1,sigmoid,0.014371370799756766
mimic_perform_af_017,1,sigmoid,0.014371370799756766
mimic_perform_af_017,1,sigmoid,0.014371370799756766
mimic_perform_af_017,1,sigmoid,0.014371370799756766
mimic_perform_af_017,1,isotonic,1.0
mimic_perform_af_017,1,isotonic,1.0
mimic_perform_af_017,1,isotonic,1.0
mimic_perform_af_017,1,isotonic,0.948905109489051
mimic_perform_af_017,1,isotonic,1.0
mimic_perform_af_017,1,isotonic,1.0
mimic_perform_af_017,1,isotonic,1.0
mimic_perform_af_017,1,isotonic,1.0
mimic_perform_af_017,1,isotonic,1.0
mimic_perform_af_017,1,isotonic,1.0
mimic_perform_af_017,1,isotonic,1.0
mimic_perform_af_017,1,isotonic,1.0
mimic_perform_af_017,1,isotonic,1.0
mimic_perform_af_017,1,isotonic,1.0
mimic_perform_af_017,1,isotonic,1.0
mimic_perform_af_017,1,isotonic,1.0
mimic_perform_af_017,1,isotonic,1.0
mimic_perform_af_017,1,isotonic,1.0
mimic_perform_af_017,1,isotonic,1.0
mimic_perform_af_017,1,isotonic,1.0
mimic_perform_af_017,1,isotonic,1.0
mimic_perform_af_017,1,isotonic,1.0
mimic_perform_af_017,1,isotonic,1.0
mimic_perform_af_017,1,isotonic,1.0
mimic_perform_af_017,1,isotonic,1.0
mimic_perform_af_017,1,isotonic,1.0
mimic_perform_af_017,1,isotonic,1.0
mimic_perform_af_017,1,isotonic,1.0
mimic_perform_af_017,1,isotonic,1.0
mimic_perform_af_017,1,isotonic,1.0
mimic_perform_af_017,1,isotonic,0.9387755102040817
mimic_perform_af_017,1,isotonic,1.0
mimic_perform_af_017,1,isotonic,1.0
mimic_perform_af_017,1,isotonic,1.0
mimic_perform_af_017,1,isotonic,1.0
mimic_perform_af_017,1,isotonic,1.0
mimic_perform_af_017,1,isotonic,1.0
mimic_perform_af_017,1,isotonic,1.0
mimic_perform_af_017,1,isotonic,0.9782608695652174
mimic_perform_af_017,1,isotonic,1.0
mimic_perform_af_017,1,isotonic,0.9782608695652174
mimic_perform_af_017,1,isotonic,1.0
mimic_perform_af_017,1,isotonic,1.0
mimic_perform_af_017,1,isotonic,1.0
mimic_perform_af_017,1,isotonic,1.0
mimic_perform_af_017,1,isotonic,1.0
mimic_perform_af_017,1,isotonic,1.0
mimic_perform_af_017,1,isotonic,1.0
mimic_perform_af_017,1,isotonic,1.0
mimic_perform_af_017,1,isotonic,1.0
mimic_perform_af_017,1,isotonic,1.0
mimic_perform_af_017,1,isotonic,1.0
mimic_perform_af_017,1,isotonic,1.0
mimic_perform_af_017,1,isotonic,1.0
mimic_perform_af_017,1,isotonic,1.0
mimic_perform_af_017,1,isotonic,1.0
mimic_perform_af_017,1,isotonic,1.0
mimic_perform_af_017,1,isotonic,0.9782608695652174
mimic_perform_af_017,1,isotonic,0.9782608695652174
mimic_perform_af_017,1,isotonic,1.0
mimic_perform_af_017,1,isotonic,1.0
mimic_perform_af_017,1,isotonic,1.0
mimic_perform_af_017,1,isotonic,1.0
mimic_perform_af_017,1,isotonic,1.0
mimic_perform_af_017,1,isotonic,1.0
mimic_perform_af_017,1,isotonic,1.0
mimic_perform_af_017,1,isotonic,1.0
mimic_perform_af_017,1,isotonic,1.0
mimic_perform_af_017,1,isotonic,1.0
mimic_perform_af_017,1,isotonic,1.0
mimic_perform_af_017,1,isotonic,1.0
mimic_perform_af_017,1,isotonic,1.0
mimic_perform_af_017,1,isotonic,1.0
mimic_perform_af_017,1,isotonic,1.0
mimic_perform_af_017,1,isotonic,1.0
mimic_perform_af_017,1,isotonic,1.0
mimic_perform_af_017,1,isotonic,1.0
mimic_perform_af_017,1,isotonic,1.0
mimic_perform_af_017,1,isotonic,1.0
mimic_perform_af_017,1,isotonic,1.0
mimic_perform_af_017,1,isotonic,1.0
mimic_perform_af_017,1,isotonic,1.0
mimic_perform_af_017,1,isotonic,1.0
mimic_perform_af_017,1,isotonic,1.0
mimic_perform_af_017,1,isotonic,1.0
mimic_perform_af_017,1,isotonic,1.0
mimic_perform_af_017,1,isotonic,1.0
mimic_perform_af_017,1,isotonic,1.0
mimic_perform_af_017,1,isotonic,1.0
mimic_perform_af_017,1,isotonic,0.948905109489051
mimic_perform_af_017,1,isotonic,0.9285714285714286
mimic_perform_af_017,1,isotonic,1.0
mimic_perform_af_017,1,isotonic,1.0
mimic_perform_af_017,1,isotonic,1.0
mimic_perform_af_017,1,isotonic,1.0
mimic_perform_af_017,1,isotonic,1.0
mimic_perform_af_017,1,isotonic,1.0
mimic_perform_af_017,1,isotonic,1.0
mimic_perform_af_017,1,isotonic,1.0
mimic_perform_af_017,1,isotonic,1.0
mimic_perform_af_017,1,isotonic,1.0
mimic_perform_af_017,1,isotonic,1.0
mimic_perform_af_017,1,isotonic,1.0
mimic_perform_af_017,1,isotonic,1.0
mimic_perform_af_017,1,isotonic,1.0
mimic_perform_af_017,1,isotonic,1.0
mimic_perform_af_017,1,isotonic,1.0
mimic_perform_af_017,1,isotonic,1.0
mimic_perform_af_017,1,isotonic,1.0
mimic_perform_af_017,1,isotonic,1.0
mimic_perform_af_017,1,isotonic,1.0
mimic_perform_af_017,1,isotonic,0.948905109489051
mimic_perform_af_017,1,isotonic,1.0
mimic_perform_af_017,1,isotonic,0.02127659574468085
mimic_perform_af_017,1,isotonic,0.001037344398340249
mimic_perform_af_017,1,isotonic,0.001037344398340249
mimic_perform_af_017,1,isotonic,0.001037344398340249
mimic_perform_af_017,1,isotonic,0.001037344398340249
mimic_perform_af_017,1,raw,0.9997168049865647
mimic_perform_af_017,1,raw,0.9997182234400774
mimic_perform_af_017,1,raw,0.9993250633630631
mimic_perform_af_017,1,raw,0.9794222834144238
mimic_perform_af_017,1,raw,0.9996693361789849
mimic_perform_af_017,1,raw,0.9997182234400774
mimic_perform_af_017,1,raw,0.9988884446991743
mimic_perform_af_017,1,raw,0.9974024510188246
mimic_perform_af_017,1,raw,0.999801110701457
mimic_perform_af_017,1,raw,0.9998085901330203
mimic_perform_af_017,1,raw,0.999672996717038
mimic_perform_af_017,1,raw,0.9898441651642598
mimic_perform_af_017,1,raw,0.9998620863112131
mimic_perform_af_017,1,raw,0.9982696401030969
mimic_perform_af_017,1,raw,0.9964658406846038
mimic_perform_af_017,1,raw,0.9998100029778798
mimic_perform_af_017,1,raw,0.999638834530658
mimic_perform_af_017,1,raw,0.989635576140303
mimic_perform_af_017,1,raw,0.9997593729053108
mimic_perform_af_017,1,raw,0.9998441651642598
mimic_perform_af_017,1,raw,0.9998441651642598
mimic_perform_af_017,1,raw,0.9998695657427763
mimic_perform_af_017,1,raw,0.9998695657427763
mimic_perform_af_017,1,raw,0.989605164496988
mimic_perform_af_017,1,raw,0.9994870095672451
mimic_perform_af_017,1,raw,0.9945917328075211
mimic_perform_af_017,1,raw,0.9997003022931241
mimic_perform_af_017,1,raw,0.9997518934737475
mimic_perform_af_017,1,raw,0.9998090766770769
mimic_perform_af_017,1,raw,0.9998620863112131
mimic_perform_af_017,1,raw,0.9720816536708172
mimic_perform_af_017,1,raw,0.9994525071976804
mimic_perform_af_017,1,raw,0.9994525071976804
mimic_perform_af_017,1,raw,0.9997593729053108
mimic_perform_af_017,1,raw,0.9895566208076677
mimic_perform_af_017,1,raw,0.9995711508915458
mimic_perform_af_017,1,raw,0.9998100029778798
mimic_perform_af_017,1,raw,0.992392064644871
mimic_perform_af_017,1,raw,0.9882940227791635
mimic_perform_af_017,1,raw,0.9991828592001224
mimic_perform_af_017,1,raw,0.9891828592001224
mimic_perform_af_017,1,raw,0.9994367583109637
mimic_perform_af_017,1,raw,0.9997178798683053
mimic_perform_af_017,1,raw,0.9998284162775432
mimic_perform_af_017,1,raw,0.9998441651642598
mimic_perform_af_017,1,raw,0.9998441651642598
mimic_perform_af_017,1,raw,0.9996005776581322
mimic_perform_af_017,1,raw,0.9997518934737475
mimic_perform_af_017,1,raw,0.9994345826621397
mimic_perform_af_017,1,raw,0.9995019565437562
mimic_perform_af_017,1,raw,0.9992244058439251
mimic_perform_af_017,1,raw,0.9997003022931241
mimic_perform_af_017,1,raw,0.9997490273681238
mimic_perform_af_017,1,raw,0.9998344772555935
mimic_perform_af_017,1,raw,0.9998269978240302
mimic_perform_af_017,1,raw,0.9998620863112131
mimic_perform_af_017,1,raw,0.9998284162775432
mimic_perform_af_017,1,raw,0.9880012653480573
mimic_perform_af_017,1,raw,0.9879833442011039
mimic_perform_af_017,1,raw,0.9982272466401284
mimic_perform_af_017,1,raw,0.999797852311102
mimic_perform_af_017,1,raw,0.999801110701457
mimic_perform_af_017,1,raw,0.999797852311102
mimic_perform_af_017,1,raw,0.9998504663614872
mimic_perform_af_017,1,raw,0.9998620863112131
mimic_perform_af_017,1,raw,0.9993954727217642
mimic_perform_af_017,1,raw,0.9993954727217642
mimic_perform_af_017,1,raw,0.9998284162775432
mimic_perform_af_017,1,raw,0.9998504663614872
mimic_perform_af_017,1,raw,0.9998620863112131
mimic_perform_af_017,1,raw,0.9997334270623449
mimic_perform_af_017,1,raw,0.9997674406677871
mimic_perform_af_017,1,raw,0.999801110701457
mimic_perform_af_017,1,raw,0.999801110701457
mimic_perform_af_017,1,raw,0.9998620863112131
mimic_perform_af_017,1,raw,0.9998284162775432
mimic_perform_af_017,1,raw,0.9998441651642598
mimic_perform_af_017,1,raw,0.9998441651642598
mimic_perform_af_017,1,raw,0.9998620863112131
mimic_perform_af_017,1,raw,0.9998441651642598
mimic_perform_af_017,1,raw,0.9998620863112131
mimic_perform_af_017,1,raw,0.999801110701457
mimic_perform_af_017,1,raw,0.9997674406677871
mimic_perform_af_017,1,raw,0.999801110701457
mimic_perform_af_017,1,raw,0.9997518934737475
mimic_perform_af_017,1,raw,0.9997458589827807
mimic_perform_af_017,1,raw,0.9998620863112131
mimic_perform_af_017,1,raw,0.9998135426218928
mimic_perform_af_017,1,raw,0.998407826264783
mimic_perform_af_017,1,raw,0.9859427949948395
mimic_perform_af_017,1,raw,0.9299493366742149
mimic_perform_af_017,1,raw,0.9961828592001224
mimic_perform_af_017,1,raw,0.9997178798683053
mimic_perform_af_017,1,raw,0.9997795290164507
mimic_perform_af_017,1,raw,0.9998441651642598
mimic_perform_af_017,1,raw,0.9998441651642598
mimic_perform_af_017,1,raw,0.9997490273681238
mimic_perform_af_017,1,raw,0.9996848833730244
mimic_perform_af_017,1,raw,0.9996693361789849
mimic_perform_af_017,1,raw,0.9997182234400774
mimic_perform_af_017,1,raw,0.9997182234400774
mimic_perform_af_017,1,raw,0.9996569042585491
mimic_perform_af_017,1,raw,0.9993896995108723
mimic_perform_af_017,1,raw,0.9996209133837047
mimic_perform_af_017,1,raw,0.9994076206578256
mimic_perform_af_017,1,raw,0.9997518934737475
mimic_perform_af_017,1,raw,0.9996356661453148
mimic_perform_af_017,1,raw,0.9996572478303213
mimic_perform_af_017,1,raw,0.9965574977357654
mimic_perform_af_017,1,raw,0.9991765676716582
mimic_perform_af_017,1,raw,0.996646394029934
mimic_perform_af_017,1,raw,0.9755391953537061
mimic_perform_af_017,1,raw,0.9982272466401284
mimic_perform_af_017,1,raw,0.07
mimic_perform_af_017,1,raw,0.0
mimic_perform_af_017,1,raw,0.0
mimic_perform_af_017,1,raw,0.0
mimic_perform_af_017,1,raw,0.0
mimic_perform_af_018,1,sigmoid,0.951835178967682
mimic_perform_af_018,1,sigmoid,0.9369899168827688
mimic_perform_af_018,1,sigmoid,0.9439416663819917
mimic_perform_af_018,1,sigmoid,0.9484516335368965
mimic_perform_af_018,1,sigmoid,0.9517980407534499
mimic_perform_af_018,1,sigmoid,0.9518265921081202
mimic_perform_af_018,1,sigmoid,0.9518519100688394
mimic_perform_af_018,1,sigmoid,0.9518519100688394
mimic_perform_af_018,1,sigmoid,0.9518519100688394
mimic_perform_af_018,1,sigmoid,0.9518459243455905
mimic_perform_af_018,1,sigmoid,0.9518281718679303
mimic_perform_af_018,1,sigmoid,0.9518367594399059
mimic_perform_af_018,1,sigmoid,0.9518230967589202
mimic_perform_af_018,1,sigmoid,0.9518459243455905
mimic_perform_af_018,1,sigmoid,0.9518519100688394
mimic_perform_af_018,1,sigmoid,0.9498458691163686
mimic_perform_af_018,1,sigmoid,0.9518519100688394
mimic_perform_af_018,1,sigmoid,0.9518303019258276
mimic_perform_af_018,1,sigmoid,0.9518459243455905
mimic_perform_af_018,1,sigmoid,0.9518459243455905
mimic_perform_af_018,1,sigmoid,0.9518459243455905
mimic_perform_af_018,1,sigmoid,0.9518367594399059
mimic_perform_af_018,1,sigmoid,0.9518318815701378
mimic_perform_af_018,1,sigmoid,0.9518309419981521
mimic_perform_af_018,1,sigmoid,0.9518190224211359
mimic_perform_af_018,1,sigmoid,0.9516763206314522
mimic_perform_af_018,1,sigmoid,0.9465880399124009
mimic_perform_af_018,1,sigmoid,0.9327390908278093
mimic_perform_af_018,1,sigmoid,0.9436938590079392
mimic_perform_af_018,1,sigmoid,0.9509082899960412
mimic_perform_af_018,1,sigmoid,0.9516719287046452
mimic_perform_af_018,1,sigmoid,0.9518309419981521
mimic_perform_af_018,1,sigmoid,0.9518519100688394
mimic_perform_af_018,1,sigmoid,0.9518464548813668
mimic_perform_af_018,1,sigmoid,0.9518427462447477
mimic_perform_af_018,1,sigmoid,0.9518211341973111
mimic_perform_af_018,1,sigmoid,0.9517705599353433
mimic_perform_af_018,1,sigmoid,0.9518357588506301
mimic_perform_af_018,1,sigmoid,0.9518357588506301
mimic_perform_af_018,1,sigmoid,0.9518464548813668
mimic_perform_af_018,1,sigmoid,0.9516719287046452
mimic_perform_af_018,1,sigmoid,0.9518131842767206
mimic_perform_af_018,1,sigmoid,0.9518519100688394
mimic_perform_af_018,1,sigmoid,0.9518459243455905
mimic_perform_af_018,1,sigmoid,0.9518519100688394
mimic_perform_af_018,1,sigmoid,0.9518519100688394
mimic_perform_af_018,1,sigmoid,0.9518464548813668
mimic_perform_af_018,1,sigmoid,0.9518464548813668
mimic_perform_af_018,1,sigmoid,0.9515317376025221
mimic_perform_af_018,1,sigmoid,0.9484959042829265
mimic_perform_af_018,1,sigmoid,0.9518459243455905
mimic_perform_af_018,1,sigmoid,0.9518519100688394
mimic_perform_af_018,1,sigmoid,0.9518459243455905
mimic_perform_af_018,1,sigmoid,0.9518382514682343
mimic_perform_af_018,1,sigmoid,0.9484127410841727
mimic_perform_af_018,1,sigmoid,0.9518427462447477
mimic_perform_af_018,1,sigmoid,0.9518367594399059
mimic_perform_af_018,1,sigmoid,0.9518322641328888
mimic_perform_af_018,1,sigmoid,0.9518464548813668
mimic_perform_af_018,1,sigmoid,0.9518373383250444
mimic_perform_af_018,1,sigmoid,0.9369531722187621
mimic_perform_af_018,1,sigmoid,0.9177685235492227
mimic_perform_af_018,1,sigmoid,0.9193083951312742
mimic_perform_af_018,1,sigmoid,0.9518076128404114
mimic_perform_af_018,1,sigmoid,0.9517897118887897
mimic_perform_af_018,1,sigmoid,0.9518357588506301
mimic_perform_af_018,1,sigmoid,0.9518329412509121
mimic_perform_af_018,1,sigmoid,0.9518329412509121
mimic_perform_af_018,1,sigmoid,0.9518519100688394
mimic_perform_af_018,1,sigmoid,0.9518519100688394
mimic_perform_af_018,1,sigmoid,0.9518357588506301
mimic_perform_af_018,1,sigmoid,0.9518519100688394
mimic_perform_af_018,1,sigmoid,0.9518237739992913
mimic_perform_af_018,1,sigmoid,0.9518378689506303
mimic_perform_af_018,1,sigmoid,0.9506722116900725
mimic_perform_af_018,1,sigmoid,0.9512794436545796
mimic_perform_af_018,1,sigmoid,0.9518281718679303
mimic_perform_af_018,1,sigmoid,0.9518357588506301
mimic_perform_af_018,1,sigmoid,0.9518382514682343
mimic_perform_af_018,1,sigmoid,0.9518459243455905
mimic_perform_af_018,1,sigmoid,0.9518427462447477
mimic_perform_af_018,1,sigmoid,0.9518459243455905
mimic_perform_af_018,1,sigmoid,0.9518459243455905
mimic_perform_af_018,1,sigmoid,0.9518464548813668
mimic_perform_af_018,1,sigmoid,0.9516751175061333
mimic_perform_af_018,1,sigmoid,0.9516545257162918
mimic_perform_af_018,1,sigmoid,0.9518433250615699
mimic_perform_af_018,1,sigmoid,0.9515257141027924
mimic_perform_af_018,1,sigmoid,0.9518433250615699
mimic_perform_af_018,1,sigmoid,0.9516277291557361
mimic_perform_af_018,1,sigmoid,0.9518281718679303
mimic_perform_af_018,1,sigmoid,0.9518367594399059
mimic_perform_af_018,1,sigmoid,0.9518281718679303
mimic_perform_af_018,1,sigmoid,0.9518459243455905
mimic_perform_af_018,1,sigmoid,0.9518322641328888
mimic_perform_af_018,1,sigmoid,0.9518480263714141
mimic_perform_af_018,1,sigmoid,0.9518519100688394
mimic_perform_af_018,1,sigmoid,0.951837290071547
mimic_perform_af_018,1,sigmoid,0.9518427462447477
mimic_perform_af_018,1,sigmoid,0.9518322641328888
mimic_perform_af_018,1,sigmoid,0.9484869914236296
mimic_perform_af_018,1,sigmoid,0.9518309419981521
mimic_perform_af_018,1,sigmoid,0.9518519100688394
mimic_perform_af_018,1,sigmoid,0.9518078153807558
mimic_perform_af_018,1,sigmoid,0.9518459243455905
mimic_perform_af_018,1,sigmoid,0.9518519100688394
mimic_perform_af_018,1,sigmoid,0.9518427462447477
mimic_perform_af_018,1,sigmoid,0.9518519100688394
mimic_perform_af_018,1,sigmoid,0.9518459243455905
mimic_perform_af_018,1,sigmoid,0.9518459243455905
mimic_perform_af_018,1,sigmoid,0.9518519100688394
mimic_perform_af_018,1,sigmoid,0.9518459243455905
mimic_perform_af_018,1,sigmoid,0.9518519100688394
mimic_perform_af_018,1,sigmoid,0.9518404685142474
mimic_perform_af_018,1,sigmoid,0.9518357588506301
mimic_perform_af_018,1,sigmoid,0.9517730557561894
mimic_perform_af_018,1,sigmoid,0.9518519100688394
mimic_perform_af_018,1,sigmoid,0.9518459243455905
mimic_perform_af_018,1,isotonic,1.0
mimic_perform_af_018,1,isotonic,0.9372693726937269
mimic_perform_af_018,1,isotonic,0.9372693726937269
mimic_perform_af_018,1,isotonic,0.994413407821229
mimic_perform_af_018,1,isotonic,1.0
mimic_perform_af_018,1,isotonic,1.0
mimic_perform_af_018,1,isotonic,1.0
mimic_perform_af_018,1,isotonic,1.0
mimic_perform_af_018,1,isotonic,1.0
mimic_perform_af_018,1,isotonic,1.0
mimic_perform_af_018,1,isotonic,1.0
mimic_perform_af_018,1,isotonic,1.0
mimic_perform_af_018,1,isotonic,1.0
mimic_perform_af_018,1,isotonic,1.0
mimic_perform_af_018,1,isotonic,1.0
mimic_perform_af_018,1,isotonic,1.0
mimic_perform_af_018,1,isotonic,1.0
mimic_perform_af_018,1,isotonic,1.0
mimic_perform_af_018,1,isotonic,1.0
mimic_perform_af_018,1,isotonic,1.0
mimic_perform_af_018,1,isotonic,1.0
mimic_perform_af_018,1,isotonic,1.0
mimic_perform_af_018,1,isotonic,1.0
mimic_perform_af_018,1,isotonic,1.0
mimic_perform_af_018,1,isotonic,1.0
mimic_perform_af_018,1,isotonic,1.0
mimic_perform_af_018,1,isotonic,0.9680851063829787
mimic_perform_af_018,1,isotonic,0.9372693726937269
mimic_perform_af_018,1,isotonic,0.9372693726937269
mimic_perform_af_018,1,isotonic,1.0
mimic_perform_af_018,1,isotonic,1.0
mimic_perform_af_018,1,isotonic,1.0
mimic_perform_af_018,1,isotonic,1.0
mimic_perform_af_018,1,isotonic,1.0
mimic_perform_af_018,1,isotonic,1.0
mimic_perform_af_018,1,isotonic,1.0
mimic_perform_af_018,1,isotonic,1.0
mimic_perform_af_018,1,isotonic,1.0
mimic_perform_af_018,1,isotonic,1.0
mimic_perform_af_018,1,isotonic,1.0
mimic_perform_af_018,1,isotonic,1.0
mimic_perform_af_018,1,isotonic,1.0
mimic_perform_af_018,1,isotonic,1.0
mimic_perform_af_018,1,isotonic,1.0
mimic_perform_af_018,1,isotonic,1.0
mimic_perform_af_018,1,isotonic,1.0
mimic_perform_af_018,1,isotonic,1.0
mimic_perform_af_018,1,isotonic,1.0
mimic_perform_af_018,1,isotonic,1.0
mimic_perform_af_018,1,isotonic,0.994413407821229
mimic_perform_af_018,1,isotonic,1.0
mimic_perform_af_018,1,isotonic,1.0
mimic_perform_af_018,1,isotonic,1.0
mimic_perform_af_018,1,isotonic,1.0
mimic_perform_af_018,1,isotonic,0.994413407821229
mimic_perform_af_018,1,isotonic,1.0
mimic_perform_af_018,1,isotonic,1.0
mimic_perform_af_018,1,isotonic,1.0
mimic_perform_af_018,1,isotonic,1.0
mimic_perform_af_018,1,isotonic,1.0
mimic_perform_af_018,1,isotonic,0.9372693726937269
mimic_perform_af_018,1,isotonic,0.9
mimic_perform_af_018,1,isotonic,0.9
mimic_perform_af_018,1,isotonic,1.0
mimic_perform_af_018,1,isotonic,1.0
mimic_perform_af_018,1,isotonic,1.0
mimic_perform_af_018,1,isotonic,1.0
mimic_perform_af_018,1,isotonic,1.0
mimic_perform_af_018,1,isotonic,1.0
mimic_perform_af_018,1,isotonic,1.0
mimic_perform_af_018,1,isotonic,1.0
mimic_perform_af_018,1,isotonic,1.0
mimic_perform_af_018,1,isotonic,1.0
mimic_perform_af_018,1,isotonic,1.0
mimic_perform_af_018,1,isotonic,1.0
mimic_perform_af_018,1,isotonic,1.0
mimic_perform_af_018,1,isotonic,1.0
mimic_perform_af_018,1,isotonic,1.0
mimic_perform_af_018,1,isotonic,1.0
mimic_perform_af_018,1,isotonic,1.0
mimic_perform_af_018,1,isotonic,1.0
mimic_perform_af_018,1,isotonic,1.0
mimic_perform_af_018,1,isotonic,1.0
mimic_perform_af_018,1,isotonic,1.0
mimic_perform_af_018,1,isotonic,1.0
mimic_perform_af_018,1,isotonic,1.0
mimic_perform_af_018,1,isotonic,1.0
mimic_perform_af_018,1,isotonic,1.0
mimic_perform_af_018,1,isotonic,1.0
mimic_perform_af_018,1,isotonic,1.0
mimic_perform_af_018,1,isotonic,1.0
mimic_perform_af_018,1,isotonic,1.0
mimic_perform_af_018,1,isotonic,1.0
mimic_perform_af_018,1,isotonic,1.0
mimic_perform_af_018,1,isotonic,1.0
mimic_perform_af_018,1,isotonic,1.0
mimic_perform_af_018,1,isotonic,1.0
mimic_perform_af_018,1,isotonic,1.0
mimic_perform_af_018,1,isotonic,1.0
mimic_perform_af_018,1,isotonic,1.0
mimic_perform_af_018,1,isotonic,0.994413407821229
mimic_perform_af_018,1,isotonic,1.0
mimic_perform_af_018,1,isotonic,1.0
mimic_perform_af_018,1,isotonic,1.0
mimic_perform_af_018,1,isotonic,1.0
mimic_perform_af_018,1,isotonic,1.0
mimic_perform_af_018,1,isotonic,1.0
mimic_perform_af_018,1,isotonic,1.0
mimic_perform_af_018,1,isotonic,1.0
mimic_perform_af_018,1,isotonic,1.0
mimic_perform_af_018,1,isotonic,1.0
mimic_perform_af_018,1,isotonic,1.0
mimic_perform_af_018,1,isotonic,1.0
mimic_perform_af_018,1,isotonic,1.0
mimic_perform_af_018,1,isotonic,1.0
mimic_perform_af_018,1,isotonic,1.0
mimic_perform_af_018,1,isotonic,1.0
mimic_perform_af_018,1,isotonic,1.0
mimic_perform_af_018,1,raw,0.9998086163333352
mimic_perform_af_018,1,raw,0.959853906720289
mimic_perform_af_018,1,raw,0.9773165659389131
mimic_perform_af_018,1,raw,0.9897698655805641
mimic_perform_af_018,1,raw,0.999694845393197
mimic_perform_af_018,1,raw,0.9997823035464818
mimic_perform_af_018,1,raw,0.9998598983846172
mimic_perform_af_018,1,raw,0.9998598983846172
mimic_perform_af_018,1,raw,0.9998598983846172
mimic_perform_af_018,1,raw,0.999841549760764
mimic_perform_af_018,1,raw,0.9997871440836499
mimic_perform_af_018,1,raw,0.9998134598731236
mimic_perform_af_018,1,raw,0.9997715939933487
mimic_perform_af_018,1,raw,0.999841549760764
mimic_perform_af_018,1,raw,0.9998598983846172
mimic_perform_af_018,1,raw,0.9938285663126486
mimic_perform_af_018,1,raw,0.9998598983846172
mimic_perform_af_018,1,raw,0.9997936710260954
mimic_perform_af_018,1,raw,0.999841549760764
mimic_perform_af_018,1,raw,0.999841549760764
mimic_perform_af_018,1,raw,0.999841549760764
mimic_perform_af_018,1,raw,0.9998134598731236
mimic_perform_af_018,1,raw,0.9997985115632636
mimic_perform_af_018,1,raw,0.999795632394974
mimic_perform_af_018,1,raw,0.9997591113828402
mimic_perform_af_018,1,raw,0.9993225447246086
mimic_perform_af_018,1,raw,0.9845039738615295
mimic_perform_af_018,1,raw,0.9500429333597538
mimic_perform_af_018,1,raw,0.9766599844177078
mimic_perform_af_018,1,raw,0.9969937216907045
mimic_perform_af_018,1,raw,0.9993091279524279
mimic_perform_af_018,1,raw,0.999795632394974
mimic_perform_af_018,1,raw,0.9998598983846172
mimic_perform_af_018,1,raw,0.9998431759765906
mimic_perform_af_018,1,raw,0.9998318084969768
mimic_perform_af_018,1,raw,0.999765581138455
mimic_perform_af_018,1,raw,0.9996107129307014
mimic_perform_af_018,1,raw,0.9998103934341223
mimic_perform_af_018,1,raw,0.9998103934341223
mimic_perform_af_018,1,raw,0.9998431759765906
mimic_perform_af_018,1,raw,0.9993091279524279
mimic_perform_af_018,1,raw,0.9997412267178598
mimic_perform_af_018,1,raw,0.9998598983846172
mimic_perform_af_018,1,raw,0.999841549760764
mimic_perform_af_018,1,raw,0.9998598983846172
mimic_perform_af_018,1,raw,0.9998598983846172
mimic_perform_af_018,1,raw,0.9998431759765906
mimic_perform_af_018,1,raw,0.9998431759765906
mimic_perform_af_018,1,raw,0.998881469068279
mimic_perform_af_018,1,raw,0.9898971350126913
mimic_perform_af_018,1,raw,0.999841549760764
mimic_perform_af_018,1,raw,0.9998598983846172
mimic_perform_af_018,1,raw,0.999841549760764
mimic_perform_af_018,1,raw,0.9998180325048425
mimic_perform_af_018,1,raw,0.9896581429124519
mimic_perform_af_018,1,raw,0.9998318084969768
mimic_perform_af_018,1,raw,0.9998134598731236
mimic_perform_af_018,1,raw,0.9997996838809893
mimic_perform_af_018,1,raw,0.9998431759765906
mimic_perform_af_018,1,raw,0.9998152339712902
mimic_perform_af_018,1,raw,0.9597664904712013
mimic_perform_af_018,1,raw,0.9195359505605893
mimic_perform_af_018,1,raw,0.9224273451826812
mimic_perform_af_018,1,raw,0.9997241610089778
mimic_perform_af_018,1,raw,0.9996693417848157
mimic_perform_af_018,1,raw,0.9998103934341223
mimic_perform_af_018,1,raw,0.9998017588497334
mimic_perform_af_018,1,raw,0.9998017588497334
mimic_perform_af_018,1,raw,0.9998598983846172
mimic_perform_af_018,1,raw,0.9998598983846172
mimic_perform_af_018,1,raw,0.9998103934341223
mimic_perform_af_018,1,raw,0.9998598983846172
mimic_perform_af_018,1,raw,0.9997736689620932
mimic_perform_af_018,1,raw,0.9998168601871168
mimic_perform_af_018,1,raw,0.9962848266423012
mimic_perform_af_018,1,raw,0.9981147845461572
mimic_perform_af_018,1,raw,0.9997871440836499
mimic_perform_af_018,1,raw,0.9998103934341223
mimic_perform_af_018,1,raw,0.9998180325048425
mimic_perform_af_018,1,raw,0.999841549760764
mimic_perform_af_018,1,raw,0.9998318084969768
mimic_perform_af_018,1,raw,0.999841549760764
mimic_perform_af_018,1,raw,0.999841549760764
mimic_perform_af_018,1,raw,0.9998431759765906
mimic_perform_af_018,1,raw,0.9993188692162149
mimic_perform_af_018,1,raw,0.9992559754352789
mimic_perform_af_018,1,raw,0.9998335825951434
mimic_perform_af_018,1,raw,0.9988631204444257
mimic_perform_af_018,1,raw,0.9998335825951434
mimic_perform_af_018,1,raw,0.9991741684032681
mimic_perform_af_018,1,raw,0.9997871440836499
mimic_perform_af_018,1,raw,0.9998134598731236
mimic_perform_af_018,1,raw,0.9997871440836499
mimic_perform_af_018,1,raw,0.999841549760764
mimic_perform_af_018,1,raw,0.9997996838809893
mimic_perform_af_018,1,raw,0.9998479930597332
mimic_perform_af_018,1,raw,0.9998598983846172
mimic_perform_af_018,1,raw,0.99981508608895
mimic_perform_af_018,1,raw,0.9998318084969768
mimic_perform_af_018,1,raw,0.9997996838809893
mimic_perform_af_018,1,raw,0.98987150403152
mimic_perform_af_018,1,raw,0.999795632394974
mimic_perform_af_018,1,raw,0.9998598983846172
mimic_perform_af_018,1,raw,0.9997247813717659
mimic_perform_af_018,1,raw,0.999841549760764
mimic_perform_af_018,1,raw,0.9998598983846172
mimic_perform_af_018,1,raw,0.9998318084969768
mimic_perform_af_018,1,raw,0.9998598983846172
mimic_perform_af_018,1,raw,0.999841549760764
mimic_perform_af_018,1,raw,0.999841549760764
mimic_perform_af_018,1,raw,0.9998598983846172
mimic_perform_af_018,1,raw,0.999841549760764
mimic_perform_af_018,1,raw,0.9998598983846172
mimic_perform_af_018,1,raw,0.9998248273527374
mimic_perform_af_018,1,raw,0.9998103934341223
mimic_perform_af_018,1,raw,0.9996183520014215
mimic_perform_af_018,1,raw,0.9998598983846172
mimic_perform_af_018,1,raw,0.999841549760764
mimic_perform_af_019,1,sigmoid,0.9488499348100234
mimic_perform_af_019,1,sigmoid,0.9473069173020121
mimic_perform_af_019,1,sigmoid,0.9490612307576143
mimic_perform_af_019,1,sigmoid,0.9504325824107228
mimic_perform_af_019,1,sigmoid,0.9503909118853703
mimic_perform_af_019,1,sigmoid,0.9504388516533555
mimic_perform_af_019,1,sigmoid,0.9504463694812427
mimic_perform_af_019,1,sigmoid,0.9503909118853703
mimic_perform_af_019,1,sigmoid,0.9504463694812427
mimic_perform_af_019,1,sigmoid,0.9504463694812427
mimic_perform_af_019,1,sigmoid,0.9504401011399911
mimic_perform_af_019,1,sigmoid,0.9504463694812427
mimic_perform_af_019,1,sigmoid,0.9504388516533555
mimic_perform_af_019,1,sigmoid,0.9474301591950197
mimic_perform_af_019,1,sigmoid,0.9504354826270781
mimic_perform_af_019,1,sigmoid,0.9503942133472298
mimic_perform_af_019,1,sigmoid,0.9504388516533555
mimic_perform_af_019,1,sigmoid,0.950435604681877
mimic_perform_af_019,1,sigmoid,0.9503392853261597
mimic_perform_af_019,1,sigmoid,0.9503921461187922
mimic_perform_af_019,1,sigmoid,0.9481134036416577
mimic_perform_af_019,1,sigmoid,0.9503550075385957
mimic_perform_af_019,1,sigmoid,0.9503764202923483
mimic_perform_af_019,1,sigmoid,0.9503707490430524
mimic_perform_af_019,1,sigmoid,0.9503707490430524
mimic_perform_af_019,1,sigmoid,0.9504463694812427
mimic_perform_af_019,1,sigmoid,0.9504388516533555
mimic_perform_af_019,1,sigmoid,0.9504463694812427
mimic_perform_af_019,1,sigmoid,0.928858834254677
mimic_perform_af_019,1,sigmoid,0.9126166853401725
mimic_perform_af_019,1,sigmoid,0.9357921937376127
mimic_perform_af_019,1,sigmoid,0.9503909118853703
mimic_perform_af_019,1,sigmoid,0.9503875397703917
mimic_perform_af_019,1,sigmoid,0.9451171398644024
mimic_perform_af_019,1,sigmoid,0.930256267360338
mimic_perform_af_019,1,sigmoid,0.9289730227362084
mimic_perform_af_019,1,sigmoid,0.9305446873031501
mimic_perform_af_019,1,sigmoid,0.9435254481192903
mimic_perform_af_019,1,sigmoid,0.950186677140669
mimic_perform_af_019,1,sigmoid,0.9433352393754066
mimic_perform_af_019,1,sigmoid,0.9481810294484784
mimic_perform_af_019,1,sigmoid,0.950437134450011
mimic_perform_af_019,1,sigmoid,0.9416939413040684
mimic_perform_af_019,1,sigmoid,0.9177744879294079
mimic_perform_af_019,1,sigmoid,0.9218752738446055
mimic_perform_af_019,1,sigmoid,0.9211057721595344
mimic_perform_af_019,1,sigmoid,0.9504296152941402
mimic_perform_af_019,1,sigmoid,0.9504270796593589
mimic_perform_af_019,1,sigmoid,0.9503785782578417
mimic_perform_af_019,1,sigmoid,0.9504051087931858
mimic_perform_af_019,1,sigmoid,0.9503571866894377
mimic_perform_af_019,1,sigmoid,0.9504388516533555
mimic_perform_af_019,1,sigmoid,0.9503829664859372
mimic_perform_af_019,1,sigmoid,0.9503284968255882
mimic_perform_af_019,1,sigmoid,0.9481929067125883
mimic_perform_af_019,1,sigmoid,0.9504431229766097
mimic_perform_af_019,1,sigmoid,0.9503876619370892
mimic_perform_af_019,1,sigmoid,0.9502854282743048
mimic_perform_af_019,1,sigmoid,0.9503833860831743
mimic_perform_af_019,1,sigmoid,0.9503833860831743
mimic_perform_af_019,1,sigmoid,0.9443485082686758
mimic_perform_af_019,1,sigmoid,0.9491627779876826
mimic_perform_af_019,1,sigmoid,0.9489973703869901
mimic_perform_af_019,1,sigmoid,0.9504083042381043
mimic_perform_af_019,1,sigmoid,0.9503420756921559
mimic_perform_af_019,1,sigmoid,0.9503975850322851
mimic_perform_af_019,1,sigmoid,0.9504333495616777
mimic_perform_af_019,1,sigmoid,0.9263639931822774
mimic_perform_af_019,1,sigmoid,0.9504007052895296
mimic_perform_af_019,1,sigmoid,0.9503975850322851
mimic_perform_af_019,1,sigmoid,0.9504388516533555
mimic_perform_af_019,1,sigmoid,0.9476344831190463
mimic_perform_af_019,1,sigmoid,0.9335612403849562
mimic_perform_af_019,1,sigmoid,0.9348089531875913
mimic_perform_af_019,1,sigmoid,0.950435604681877
mimic_perform_af_019,1,sigmoid,0.9503827877798983
mimic_perform_af_019,1,sigmoid,0.9503934582235685
mimic_perform_af_019,1,sigmoid,0.9503827877798983
mimic_perform_af_019,1,sigmoid,0.9504388516533555
mimic_perform_af_019,1,sigmoid,0.9504463694812427
mimic_perform_af_019,1,sigmoid,0.950437134450011
mimic_perform_af_019,1,sigmoid,0.9504083042381043
mimic_perform_af_019,1,sigmoid,0.9504296152941402
mimic_perform_af_019,1,sigmoid,0.948117571803591
mimic_perform_af_019,1,sigmoid,0.9503496074329265
mimic_perform_af_019,1,sigmoid,0.9503152112411559
mimic_perform_af_019,1,sigmoid,0.9504401011399911
mimic_perform_af_019,1,sigmoid,0.9504263677491086
mimic_perform_af_019,1,sigmoid,0.9503632203418625
mimic_perform_af_019,1,sigmoid,0.9503975850322851
mimic_perform_af_019,1,sigmoid,0.9504430009393598
mimic_perform_af_019,1,sigmoid,0.950151889399755
mimic_perform_af_019,1,sigmoid,0.9491537975582606
mimic_perform_af_019,1,sigmoid,0.9504463694812427
mimic_perform_af_019,1,sigmoid,0.9504388516533555
mimic_perform_af_019,1,sigmoid,0.950414281145946
mimic_perform_af_019,1,sigmoid,0.9481498007610885
mimic_perform_af_019,1,sigmoid,0.948239735244414
mimic_perform_af_019,1,sigmoid,0.9423332158482188
mimic_perform_af_019,1,sigmoid,0.9094282141541273
mimic_perform_af_019,1,sigmoid,0.9323716997836007
mimic_perform_af_019,1,sigmoid,0.928825163663102
mimic_perform_af_019,1,sigmoid,0.9504083042381043
mimic_perform_af_019,1,sigmoid,0.9504388516533555
mimic_perform_af_019,1,sigmoid,0.9504463694812427
mimic_perform_af_019,1,sigmoid,0.949493004867507
mimic_perform_af_019,1,sigmoid,0.9500985748890406
mimic_perform_af_019,1,sigmoid,0.9504463694812427
mimic_perform_af_019,1,sigmoid,0.9504083042381043
mimic_perform_af_019,1,sigmoid,0.9504354826270781
mimic_perform_af_019,1,sigmoid,0.9504354826270781
mimic_perform_af_019,1,sigmoid,0.9504431229766097
mimic_perform_af_019,1,sigmoid,0.9372031563420999
mimic_perform_af_019,1,sigmoid,0.9281015787224287
mimic_perform_af_019,1,sigmoid,0.9368103494935447
mimic_perform_af_019,1,sigmoid,0.9504430009393598
mimic_perform_af_019,1,sigmoid,0.9481442001179174
mimic_perform_af_019,1,sigmoid,0.9503485376371223
mimic_perform_af_019,1,isotonic,1.0
mimic_perform_af_019,1,isotonic,0.9862385321100917
mimic_perform_af_019,1,isotonic,1.0
mimic_perform_af_019,1,isotonic,1.0
mimic_perform_af_019,1,isotonic,1.0
mimic_perform_af_019,1,isotonic,1.0
mimic_perform_af_019,1,isotonic,1.0
mimic_perform_af_019,1,isotonic,1.0
mimic_perform_af_019,1,isotonic,1.0
mimic_perform_af_019,1,isotonic,1.0
mimic_perform_af_019,1,isotonic,1.0
mimic_perform_af_019,1,isotonic,1.0
mimic_perform_af_019,1,isotonic,1.0
mimic_perform_af_019,1,isotonic,0.9862385321100917
mimic_perform_af_019,1,isotonic,1.0
mimic_perform_af_019,1,isotonic,1.0
mimic_perform_af_019,1,isotonic,1.0
mimic_perform_af_019,1,isotonic,1.0
mimic_perform_af_019,1,isotonic,1.0
mimic_perform_af_019,1,isotonic,1.0
mimic_perform_af_019,1,isotonic,1.0
mimic_perform_af_019,1,isotonic,1.0
mimic_perform_af_019,1,isotonic,1.0
mimic_perform_af_019,1,isotonic,1.0
mimic_perform_af_019,1,isotonic,1.0
mimic_perform_af_019,1,isotonic,1.0
mimic_perform_af_019,1,isotonic,1.0
mimic_perform_af_019,1,isotonic,1.0
mimic_perform_af_019,1,isotonic,0.924812030075188
mimic_perform_af_019,1,isotonic,0.8699186991869918
mimic_perform_af_019,1,isotonic,0.948051948051948
mimic_perform_af_019,1,isotonic,1.0
mimic_perform_af_019,1,isotonic,1.0
mimic_perform_af_019,1,isotonic,0.9862385321100917
mimic_perform_af_019,1,isotonic,0.924812030075188
mimic_perform_af_019,1,isotonic,0.924812030075188
mimic_perform_af_019,1,isotonic,0.924812030075188
mimic_perform_af_019,1,isotonic,0.9736842105263158
mimic_perform_af_019,1,isotonic,1.0
mimic_perform_af_019,1,isotonic,0.9736842105263158
mimic_perform_af_019,1,isotonic,1.0
mimic_perform_af_019,1,isotonic,1.0
mimic_perform_af_019,1,isotonic,0.9736842105263158
mimic_perform_af_019,1,isotonic,0.8699186991869918
mimic_perform_af_019,1,isotonic,0.8699186991869918
mimic_perform_af_019,1,isotonic,0.8699186991869918
mimic_perform_af_019,1,isotonic,1.0
mimic_perform_af_019,1,isotonic,1.0
mimic_perform_af_019,1,isotonic,1.0
mimic_perform_af_019,1,isotonic,1.0
mimic_perform_af_019,1,isotonic,1.0
mimic_perform_af_019,1,isotonic,1.0
mimic_perform_af_019,1,isotonic,1.0
mimic_perform_af_019,1,isotonic,1.0
mimic_perform_af_019,1,isotonic,1.0
mimic_perform_af_019,1,isotonic,1.0
mimic_perform_af_019,1,isotonic,1.0
mimic_perform_af_019,1,isotonic,1.0
mimic_perform_af_019,1,isotonic,1.0
mimic_perform_af_019,1,isotonic,1.0
mimic_perform_af_019,1,isotonic,0.9862385321100917
mimic_perform_af_019,1,isotonic,1.0
mimic_perform_af_019,1,isotonic,1.0
mimic_perform_af_019,1,isotonic,1.0
mimic_perform_af_019,1,isotonic,1.0
mimic_perform_af_019,1,isotonic,1.0
mimic_perform_af_019,1,isotonic,1.0
mimic_perform_af_019,1,isotonic,0.924812030075188
mimic_perform_af_019,1,isotonic,1.0
mimic_perform_af_019,1,isotonic,1.0
mimic_perform_af_019,1,isotonic,1.0
mimic_perform_af_019,1,isotonic,0.9862385321100917
mimic_perform_af_019,1,isotonic,0.924812030075188
mimic_perform_af_019,1,isotonic,0.9444444444444444
mimic_perform_af_019,1,isotonic,1.0
mimic_perform_af_019,1,isotonic,1.0
mimic_perform_af_019,1,isotonic,1.0
mimic_perform_af_019,1,isotonic,1.0
mimic_perform_af_019,1,isotonic,1.0
mimic_perform_af_019,1,isotonic,1.0
mimic_perform_af_019,1,isotonic,1.0
mimic_perform_af_019,1,isotonic,1.0
mimic_perform_af_019,1,isotonic,1.0
mimic_perform_af_019,1,isotonic,1.0
mimic_perform_af_019,1,isotonic,1.0
mimic_perform_af_019,1,isotonic,1.0
mimic_perform_af_019,1,isotonic,1.0
mimic_perform_af_019,1,isotonic,1.0
mimic_perform_af_019,1,isotonic,1.0
mimic_perform_af_019,1,isotonic,1.0
mimic_perform_af_019,1,isotonic,1.0
mimic_perform_af_019,1,isotonic,1.0
mimic_perform_af_019,1,isotonic,1.0
mimic_perform_af_019,1,isotonic,1.0
mimic_perform_af_019,1,isotonic,1.0
mimic_perform_af_019,1,isotonic,1.0
mimic_perform_af_019,1,isotonic,1.0
mimic_perform_af_019,1,isotonic,1.0
mimic_perform_af_019,1,isotonic,0.9736842105263158
mimic_perform_af_019,1,isotonic,0.8699186991869918
mimic_perform_af_019,1,isotonic,0.924812030075188
mimic_perform_af_019,1,isotonic,0.924812030075188
mimic_perform_af_019,1,isotonic,1.0
mimic_perform_af_019,1,isotonic,1.0
mimic_perform_af_019,1,isotonic,1.0
mimic_perform_af_019,1,isotonic,1.0
mimic_perform_af_019,1,isotonic,1.0
mimic_perform_af_019,1,isotonic,1.0
mimic_perform_af_019,1,isotonic,1.0
mimic_perform_af_019,1,isotonic,1.0
mimic_perform_af_019,1,isotonic,1.0
mimic_perform_af_019,1,isotonic,1.0
mimic_perform_af_019,1,isotonic,0.948051948051948
mimic_perform_af_019,1,isotonic,0.924812030075188
mimic_perform_af_019,1,isotonic,0.948051948051948
mimic_perform_af_019,1,isotonic,1.0
mimic_perform_af_019,1,isotonic,1.0
mimic_perform_af_019,1,isotonic,1.0
mimic_perform_af_019,1,raw,0.995144159252969
mimic_perform_af_019,1,raw,0.9906829599357957
mimic_perform_af_019,1,raw,0.9957649427978447
mimic_perform_af_019,1,raw,0.9998542178554387
mimic_perform_af_019,1,raw,0.999728388789581
mimic_perform_af_019,1,raw,0.9998731572493781
mimic_perform_af_019,1,raw,0.999895871616215
mimic_perform_af_019,1,raw,0.999728388789581
mimic_perform_af_019,1,raw,0.999895871616215
mimic_perform_af_019,1,raw,0.999895871616215
mimic_perform_af_019,1,raw,0.9998769322222758
mimic_perform_af_019,1,raw,0.999895871616215
mimic_perform_af_019,1,raw,0.9998731572493781
mimic_perform_af_019,1,raw,0.99103471206394
mimic_perform_af_019,1,raw,0.9998629791323297
mimic_perform_af_019,1,raw,0.9997383542882996
mimic_perform_af_019,1,raw,0.9998731572493781
mimic_perform_af_019,1,raw,0.9998633478588865
mimic_perform_af_019,1,raw,0.9995726351688625
mimic_perform_af_019,1,raw,0.999732114263086
mimic_perform_af_019,1,raw,0.9929990471307205
mimic_perform_af_019,1,raw,0.9996200516969305
mimic_perform_af_019,1,raw,0.9996846531913265
mimic_perform_af_019,1,raw,0.9996675406680784
mimic_perform_af_019,1,raw,0.9996675406680784
mimic_perform_af_019,1,raw,0.999895871616215
mimic_perform_af_019,1,raw,0.9998731572493781
mimic_perform_af_019,1,raw,0.999895871616215
mimic_perform_af_019,1,raw,0.9451645945541598
mimic_perform_af_019,1,raw,0.9133892329486836
mimic_perform_af_019,1,raw,0.9608158245779377
mimic_perform_af_019,1,raw,0.999728388789581
mimic_perform_af_019,1,raw,0.9997182106725326
mimic_perform_af_019,1,raw,0.9845590936453357
mimic_perform_af_019,1,raw,0.9482018136242927
mimic_perform_af_019,1,raw,0.9454106971839751
mimic_perform_af_019,1,raw,0.9488356720303983
mimic_perform_af_019,1,raw,0.9802506485773561
mimic_perform_af_019,1,raw,0.9991131228420168
mimic_perform_af_019,1,raw,0.9797434476271955
mimic_perform_af_019,1,raw,0.9931947995978146
mimic_perform_af_019,1,raw,0.999867969349
mimic_perform_af_019,1,raw,0.9754321089795717
mimic_perform_af_019,1,raw,0.9228493734882613
mimic_perform_af_019,1,raw,0.9307643945995295
mimic_perform_af_019,1,raw,0.9292506855801542
mimic_perform_af_019,1,raw,0.9998452549821629
mimic_perform_af_019,1,raw,0.9998375959040724
mimic_perform_af_019,1,raw,0.9996911651596393
mimic_perform_af_019,1,raw,0.999771246772185
mimic_perform_af_019,1,raw,0.9996266249081179
mimic_perform_af_019,1,raw,0.9998731572493781
mimic_perform_af_019,1,raw,0.9997044080909935
mimic_perform_af_019,1,raw,0.9995401064236069
mimic_perform_af_019,1,raw,0.9932292049495484
mimic_perform_af_019,1,raw,0.9998860622257234
mimic_perform_af_019,1,raw,0.9997185793990895
mimic_perform_af_019,1,raw,0.999410315772955
mimic_perform_af_019,1,raw,0.999705674422744
mimic_perform_af_019,1,raw,0.999705674422744
mimic_perform_af_019,1,raw,0.9824640593135092
mimic_perform_af_019,1,raw,0.9960641540913922
mimic_perform_af_019,1,raw,0.9955770656972271
mimic_perform_af_019,1,raw,0.9997808948648951
mimic_perform_af_019,1,raw,0.999581049578714
mimic_perform_af_019,1,raw,0.999748532405348
mimic_perform_af_019,1,raw,0.9998565352980118
mimic_perform_af_019,1,raw,0.9398766221285177
mimic_perform_af_019,1,raw,0.9997579521206483
mimic_perform_af_019,1,raw,0.999748532405348
mimic_perform_af_019,1,raw,0.9998731572493781
mimic_perform_af_019,1,raw,0.9916196050738667
mimic_perform_af_019,1,raw,0.9556153483973293
mimic_perform_af_019,1,raw,0.9585034480919088
mimic_perform_af_019,1,raw,0.9998633478588865
mimic_perform_af_019,1,raw,0.9997038687646631
mimic_perform_af_019,1,raw,0.9997360748838257
mimic_perform_af_019,1,raw,0.9997038687646631
mimic_perform_af_019,1,raw,0.9998731572493781
mimic_perform_af_019,1,raw,0.999895871616215
mimic_perform_af_019,1,raw,0.999867969349
mimic_perform_af_019,1,raw,0.9997808948648951
mimic_perform_af_019,1,raw,0.9998452549821629
mimic_perform_af_019,1,raw,0.9930111054888623
mimic_perform_af_019,1,raw,0.999603763945551
mimic_perform_af_019,1,raw,0.9995000578414445
mimic_perform_af_019,1,raw,0.9998769322222758
mimic_perform_af_019,1,raw,0.9998354455916711
mimic_perform_af_019,1,raw,0.9996448263012415
mimic_perform_af_019,1,raw,0.999748532405348
mimic_perform_af_019,1,raw,0.9998856934991667
mimic_perform_af_019,1,raw,0.9990085616084279
mimic_perform_af_019,1,raw,0.9960376702567402
mimic_perform_af_019,1,raw,0.999895871616215
mimic_perform_af_019,1,raw,0.9998731572493781
mimic_perform_af_019,1,raw,0.9997989426852697
mimic_perform_af_019,1,raw,0.9931043737513878
mimic_perform_af_019,1,raw,0.9933649277514214
mimic_perform_af_019,1,raw,0.977097632079176
mimic_perform_af_019,1,raw,0.907790910203029
mimic_perform_af_019,1,raw,0.9529084350310854
mimic_perform_af_019,1,raw,0.9450920962671114
mimic_perform_af_019,1,raw,0.9997808948648951
mimic_perform_af_019,1,raw,0.9998731572493781
mimic_perform_af_019,1,raw,0.999895871616215
mimic_perform_af_019,1,raw,0.9970411016191106
mimic_perform_af_019,1,raw,0.9988484487159347
mimic_perform_af_019,1,raw,0.999895871616215
mimic_perform_af_019,1,raw,0.9997808948648951
mimic_perform_af_019,1,raw,0.9998629791323297
mimic_perform_af_019,1,raw,0.9998629791323297
mimic_perform_af_019,1,raw,0.9998860622257234
mimic_perform_af_019,1,raw,0.9641924158038715
mimic_perform_af_019,1,raw,0.9435417015169933
mimic_perform_af_019,1,raw,0.963245336755793
mimic_perform_af_019,1,raw,0.9998856934991667
mimic_perform_af_019,1,raw,0.9930881619632562
mimic_perform_af_019,1,raw,0.9996005374360776
mimic_perform_non_af_001,0,sigmoid,0.011384236100365482
mimic_perform_non_af_001,0,sigmoid,0.011384236100365482
mimic_perform_non_af_001,0,sigmoid,0.011384236100365482
mimic_perform_non_af_001,0,sigmoid,0.011384236100365482
mimic_perform_non_af_001,0,sigmoid,0.011384236100365482
mimic_perform_non_af_001,0,sigmoid,0.011384236100365482
mimic_perform_non_af_001,0,sigmoid,0.011384236100365482
mimic_perform_non_af_001,0,sigmoid,0.011384236100365482
mimic_perform_non_af_001,0,sigmoid,0.011384236100365482
mimic_perform_non_af_001,0,sigmoid,0.011956832941357406
mimic_perform_non_af_001,0,sigmoid,0.011384236100365482
mimic_perform_non_af_001,0,sigmoid,0.013188703761013672
mimic_perform_non_af_001,0,sigmoid,0.11593111781492316
mimic_perform_non_af_001,0,sigmoid,0.011384236100365482
mimic_perform_non_af_001,0,sigmoid,0.011956832941357406
mimic_perform_non_af_001,0,sigmoid,0.011384236100365482
mimic_perform_non_af_001,0,sigmoid,0.011384236100365482
mimic_perform_non_af_001,0,sigmoid,0.011384236100365482
mimic_perform_non_af_001,0,sigmoid,0.011384236100365482
mimic_perform_non_af_001,0,sigmoid,0.011384236100365482
mimic_perform_non_af_001,0,sigmoid,0.011384236100365482
mimic_perform_non_af_001,0,sigmoid,0.011384236100365482
mimic_perform_non_af_001,0,sigmoid,0.011384236100365482
mimic_perform_non_af_001,0,sigmoid,0.011384236100365482
mimic_perform_non_af_001,0,sigmoid,0.011384236100365482
mimic_perform_non_af_001,0,sigmoid,0.011956832941357406
mimic_perform_non_af_001,0,sigmoid,0.011384236100365482
mimic_perform_non_af_001,0,sigmoid,0.011384236100365482
mimic_perform_non_af_001,0,sigmoid,0.011384236100365482
mimic_perform_non_af_001,0,sigmoid,0.011384236100365482
mimic_perform_non_af_001,0,sigmoid,0.011384236100365482
mimic_perform_non_af_001,0,sigmoid,0.011384236100365482
mimic_perform_non_af_001,0,sigmoid,0.011384236100365482
mimic_perform_non_af_001,0,sigmoid,0.011384236100365482
mimic_perform_non_af_001,0,sigmoid,0.011384236100365482
mimic_perform_non_af_001,0,sigmoid,0.011956832941357406
mimic_perform_non_af_001,0,sigmoid,0.16500348648037688
mimic_perform_non_af_001,0,sigmoid,0.6929559047848607
mimic_perform_non_af_001,0,sigmoid,0.34506102742662115
mimic_perform_non_af_001,0,sigmoid,0.08794874500651825
mimic_perform_non_af_001,0,sigmoid,0.10155605068303238
mimic_perform_non_af_001,0,sigmoid,0.022556024047435022
mimic_perform_non_af_001,0,sigmoid,0.012660895942685444
mimic_perform_non_af_001,0,sigmoid,0.011384236100365482
mimic_perform_non_af_001,0,sigmoid,0.011384236100365482
mimic_perform_non_af_001,0,sigmoid,0.011384236100365482
mimic_perform_non_af_001,0,sigmoid,0.011384236100365482
mimic_perform_non_af_001,0,sigmoid,0.011384236100365482
mimic_perform_non_af_001,0,sigmoid,0.011384236100365482
mimic_perform_non_af_001,0,sigmoid,0.012557864050249985
mimic_perform_non_af_001,0,sigmoid,0.013188703761013672
mimic_perform_non_af_001,0,sigmoid,0.011384236100365482
mimic_perform_non_af_001,0,sigmoid,0.012557864050249985
mimic_perform_non_af_001,0,sigmoid,0.011384236100365482
mimic_perform_non_af_001,0,sigmoid,0.011384236100365482
mimic_perform_non_af_001,0,sigmoid,0.011384236100365482
mimic_perform_non_af_001,0,sigmoid,0.011384236100365482
mimic_perform_non_af_001,0,sigmoid,0.011384236100365482
mimic_perform_non_af_001,0,sigmoid,0.011384236100365482
mimic_perform_non_af_001,0,sigmoid,0.011384236100365482
mimic_perform_non_af_001,0,sigmoid,0.011384236100365482
mimic_perform_non_af_001,0,sigmoid,0.011384236100365482
mimic_perform_non_af_001,0,sigmoid,0.011384236100365482
mimic_perform_non_af_001,0,sigmoid,0.011384236100365482
mimic_perform_non_af_001,0,sigmoid,0.011384236100365482
mimic_perform_non_af_001,0,sigmoid,0.011956832941357406
mimic_perform_non_af_001,0,sigmoid,0.034821945221210834
mimic_perform_non_af_001,0,sigmoid,0.011384236100365482
mimic_perform_non_af_001,0,sigmoid,0.011956832941357406
mimic_perform_non_af_001,0,sigmoid,0.011384236100365482
mimic_perform_non_af_001,0,sigmoid,0.011384236100365482
mimic_perform_non_af_001,0,sigmoid,0.011384236100365482
mimic_perform_non_af_001,0,sigmoid,0.011384236100365482
mimic_perform_non_af_001,0,sigmoid,0.011384236100365482
mimic_perform_non_af_001,0,sigmoid,0.011384236100365482
mimic_perform_non_af_001,0,sigmoid,0.011384236100365482
mimic_perform_non_af_001,0,sigmoid,0.011384236100365482
mimic_perform_non_af_001,0,sigmoid,0.011384236100365482
mimic_perform_non_af_001,0,sigmoid,0.011384236100365482
mimic_perform_non_af_001,0,sigmoid,0.011384236100365482
mimic_perform_non_af_001,0,sigmoid,0.011384236100365482
mimic_perform_non_af_001,0,sigmoid,0.011384236100365482
mimic_perform_non_af_001,0,sigmoid,0.011384236100365482
mimic_perform_non_af_001,0,sigmoid,0.011384236100365482
mimic_perform_non_af_001,0,sigmoid,0.011384236100365482
mimic_perform_non_af_001,0,sigmoid,0.011384236100365482
mimic_perform_non_af_001,0,sigmoid,0.011384236100365482
mimic_perform_non_af_001,0,sigmoid,0.011384236100365482
mimic_perform_non_af_001,0,sigmoid,0.011384236100365482
mimic_perform_non_af_001,0,sigmoid,0.011384236100365482
mimic_perform_non_af_001,0,sigmoid,0.011384236100365482
mimic_perform_non_af_001,0,sigmoid,0.011384236100365482
mimic_perform_non_af_001,0,sigmoid,0.011384236100365482
mimic_perform_non_af_001,0,sigmoid,0.014545621534324647
mimic_perform_non_af_001,0,sigmoid,0.013288492457344064
mimic_perform_non_af_001,0,sigmoid,0.015390097057566658
mimic_perform_non_af_001,0,sigmoid,0.025032426435842442
mimic_perform_non_af_001,0,sigmoid,0.24476860250012036
mimic_perform_non_af_001,0,sigmoid,0.19526686257730944
mimic_perform_non_af_001,0,sigmoid,0.011956832941357406
mimic_perform_non_af_001,0,sigmoid,0.011384236100365482
mimic_perform_non_af_001,0,sigmoid,0.046346757480012025
mimic_perform_non_af_001,0,sigmoid,0.046346757480012025
mimic_perform_non_af_001,0,sigmoid,0.03319115199297597
mimic_perform_non_af_001,0,sigmoid,0.011384236100365482
mimic_perform_non_af_001,0,sigmoid,0.02872964149104649
mimic_perform_non_af_001,0,sigmoid,0.03319115199297597
mimic_perform_non_af_001,0,sigmoid,0.036529837331142394
mimic_perform_non_af_001,0,sigmoid,0.011384236100365482
mimic_perform_non_af_001,0,sigmoid,0.011384236100365482
mimic_perform_non_af_001,0,sigmoid,0.01856842983701463
mimic_perform_non_af_001,0,sigmoid,0.11098213211920142
mimic_perform_non_af_001,0,sigmoid,0.684970154517707
mimic_perform_non_af_001,0,sigmoid,0.5232728027500672
mimic_perform_non_af_001,0,sigmoid,0.7222346565632167
mimic_perform_non_af_001,0,sigmoid,0.6481196015729234
mimic_perform_non_af_001,0,sigmoid,0.5150337804212474
mimic_perform_non_af_001,0,sigmoid,0.011384236100365482
mimic_perform_non_af_001,0,isotonic,0.0032822757111597373
mimic_perform_non_af_001,0,isotonic,0.0032822757111597373
mimic_perform_non_af_001,0,isotonic,0.0032822757111597373
mimic_perform_non_af_001,0,isotonic,0.0032822757111597373
mimic_perform_non_af_001,0,isotonic,0.0032822757111597373
mimic_perform_non_af_001,0,isotonic,0.0032822757111597373
mimic_perform_non_af_001,0,isotonic,0.0032822757111597373
mimic_perform_non_af_001,0,isotonic,0.0032822757111597373
mimic_perform_non_af_001,0,isotonic,0.0032822757111597373
mimic_perform_non_af_001,0,isotonic,0.0032822757111597373
mimic_perform_non_af_001,0,isotonic,0.0032822757111597373
mimic_perform_non_af_001,0,isotonic,0.01858736059479554
mimic_perform_non_af_001,0,isotonic,0.5112540192926045
mimic_perform_non_af_001,0,isotonic,0.0032822757111597373
mimic_perform_non_af_001,0,isotonic,0.0032822757111597373
mimic_perform_non_af_001,0,isotonic,0.0032822757111597373
mimic_perform_non_af_001,0,isotonic,0.0032822757111597373
mimic_perform_non_af_001,0,isotonic,0.0032822757111597373
mimic_perform_non_af_001,0,isotonic,0.0032822757111597373
mimic_perform_non_af_001,0,isotonic,0.0032822757111597373
mimic_perform_non_af_001,0,isotonic,0.0032822757111597373
mimic_perform_non_af_001,0,isotonic,0.0032822757111597373
mimic_perform_non_af_001,0,isotonic,0.0032822757111597373
mimic_perform_non_af_001,0,isotonic,0.0032822757111597373
mimic_perform_non_af_001,0,isotonic,0.0032822757111597373
mimic_perform_non_af_001,0,isotonic,0.0032822757111597373
mimic_perform_non_af_001,0,isotonic,0.0032822757111597373
mimic_perform_non_af_001,0,isotonic,0.0032822757111597373
mimic_perform_non_af_001,0,isotonic,0.0032822757111597373
mimic_perform_non_af_001,0,isotonic,0.0032822757111597373
mimic_perform_non_af_001,0,isotonic,0.0032822757111597373
mimic_perform_non_af_001,0,isotonic,0.0032822757111597373
mimic_perform_non_af_001,0,isotonic,0.0032822757111597373
mimic_perform_non_af_001,0,isotonic,0.0032822757111597373
mimic_perform_non_af_001,0,isotonic,0.0032822757111597373
mimic_perform_non_af_001,0,isotonic,0.0032822757111597373
mimic_perform_non_af_001,0,isotonic,0.5112540192926045
mimic_perform_non_af_001,0,isotonic,0.5112540192926045
mimic_perform_non_af_001,0,isotonic,0.5112540192926045
mimic_perform_non_af_001,0,isotonic,0.1875
mimic_perform_non_af_001,0,isotonic,0.5112540192926045
mimic_perform_non_af_001,0,isotonic,0.04433497536945813
mimic_perform_non_af_001,0,isotonic,0.01858736059479554
mimic_perform_non_af_001,0,isotonic,0.0032822757111597373
mimic_perform_non_af_001,0,isotonic,0.0032822757111597373
mimic_perform_non_af_001,0,isotonic,0.0032822757111597373
mimic_perform_non_af_001,0,isotonic,0.0032822757111597373
mimic_perform_non_af_001,0,isotonic,0.0032822757111597373
mimic_perform_non_af_001,0,isotonic,0.0032822757111597373
mimic_perform_non_af_001,0,isotonic,0.01858736059479554
mimic_perform_non_af_001,0,isotonic,0.01858736059479554
mimic_perform_non_af_001,0,isotonic,0.0032822757111597373
mimic_perform_non_af_001,0,isotonic,0.01858736059479554
mimic_perform_non_af_001,0,isotonic,0.0032822757111597373
mimic_perform_non_af_001,0,isotonic,0.0032822757111597373
mimic_perform_non_af_001,0,isotonic,0.0032822757111597373
mimic_perform_non_af_001,0,isotonic,0.0032822757111597373
mimic_perform_non_af_001,0,isotonic,0.0032822757111597373
mimic_perform_non_af_001,0,isotonic,0.0032822757111597373
mimic_perform_non_af_001,0,isotonic,0.0032822757111597373
mimic_perform_non_af_001,0,isotonic,0.0032822757111597373
mimic_perform_non_af_001,0,isotonic,0.0032822757111597373
mimic_perform_non_af_001,0,isotonic,0.0032822757111597373
mimic_perform_non_af_001,0,isotonic,0.0032822757111597373
mimic_perform_non_af_001,0,isotonic,0.0032822757111597373
mimic_perform_non_af_001,0,isotonic,0.0032822757111597373
mimic_perform_non_af_001,0,isotonic,0.04433497536945813
mimic_perform_non_af_001,0,isotonic,0.0032822757111597373
mimic_perform_non_af_001,0,isotonic,0.0032822757111597373
mimic_perform_non_af_001,0,isotonic,0.0032822757111597373
mimic_perform_non_af_001,0,isotonic,0.0032822757111597373
mimic_perform_non_af_001,0,isotonic,0.0032822757111597373
mimic_perform_non_af_001,0,isotonic,0.0032822757111597373
mimic_perform_non_af_001,0,isotonic,0.0032822757111597373
mimic_perform_non_af_001,0,isotonic,0.0032822757111597373
mimic_perform_non_af_001,0,isotonic,0.0032822757111597373
mimic_perform_non_af_001,0,isotonic,0.0032822757111597373
mimic_perform_non_af_001,0,isotonic,0.0032822757111597373
mimic_perform_non_af_001,0,isotonic,0.0032822757111597373
mimic_perform_non_af_001,0,isotonic,0.0032822757111597373
mimic_perform_non_af_001,0,isotonic,0.0032822757111597373
mimic_perform_non_af_001,0,isotonic,0.0032822757111597373
mimic_perform_non_af_001,0,isotonic,0.0032822757111597373
mimic_perform_non_af_001,0,isotonic,0.0032822757111597373
mimic_perform_non_af_001,0,isotonic,0.0032822757111597373
mimic_perform_non_af_001,0,isotonic,0.0032822757111597373
mimic_perform_non_af_001,0,isotonic,0.0032822757111597373
mimic_perform_non_af_001,0,isotonic,0.0032822757111597373
mimic_perform_non_af_001,0,isotonic,0.0032822757111597373
mimic_perform_non_af_001,0,isotonic,0.0032822757111597373
mimic_perform_non_af_001,0,isotonic,0.0032822757111597373
mimic_perform_non_af_001,0,isotonic,0.0032822757111597373
mimic_perform_non_af_001,0,isotonic,0.0032822757111597373
mimic_perform_non_af_001,0,isotonic,0.01858736059479554
mimic_perform_non_af_001,0,isotonic,0.01858736059479554
mimic_perform_non_af_001,0,isotonic,0.01858736059479554
mimic_perform_non_af_001,0,isotonic,0.04433497536945813
mimic_perform_non_af_001,0,isotonic,0.5112540192926045
mimic_perform_non_af_001,0,isotonic,0.5112540192926045
mimic_perform_non_af_001,0,isotonic,0.0032822757111597373
mimic_perform_non_af_001,0,isotonic,0.0032822757111597373
mimic_perform_non_af_001,0,isotonic,0.05504587155963303
mimic_perform_non_af_001,0,isotonic,0.05504587155963303
mimic_perform_non_af_001,0,isotonic,0.04433497536945813
mimic_perform_non_af_001,0,isotonic,0.0032822757111597373
mimic_perform_non_af_001,0,isotonic,0.04433497536945813
mimic_perform_non_af_001,0,isotonic,0.04433497536945813
mimic_perform_non_af_001,0,isotonic,0.04433497536945813
mimic_perform_non_af_001,0,isotonic,0.0032822757111597373
mimic_perform_non_af_001,0,isotonic,0.0032822757111597373
mimic_perform_non_af_001,0,isotonic,0.04433497536945813
mimic_perform_non_af_001,0,isotonic,0.5112540192926045
mimic_perform_non_af_001,0,isotonic,0.5112540192926045
mimic_perform_non_af_001,0,isotonic,0.5112540192926045
mimic_perform_non_af_001,0,isotonic,0.5112540192926045
mimic_perform_non_af_001,0,isotonic,0.5112540192926045
mimic_perform_non_af_001,0,isotonic,0.5112540192926045
mimic_perform_non_af_001,0,isotonic,0.0032822757111597373
mimic_perform_non_af_001,0,raw,0.0
mimic_perform_non_af_001,0,raw,0.0
mimic_perform_non_af_001,0,raw,0.0
mimic_perform_non_af_001,0,raw,0.0
mimic_perform_non_af_001,0,raw,0.0
mimic_perform_non_af_001,0,raw,0.0
mimic_perform_non_af_001,0,raw,0.0
mimic_perform_non_af_001,0,raw,0.0
mimic_perform_non_af_001,0,raw,0.0
mimic_perform_non_af_001,0,raw,0.006666666666666667
mimic_perform_non_af_001,0,raw,0.0
mimic_perform_non_af_001,0,raw,0.02
mimic_perform_non_af_001,0,raw,0.3266071428571429
mimic_perform_non_af_001,0,raw,0.0
mimic_perform_non_af_001,0,raw,0.006666666666666667
mimic_perform_non_af_001,0,raw,0.0
mimic_perform_non_af_001,0,raw,0.0
mimic_perform_non_af_001,0,raw,0.0
mimic_perform_non_af_001,0,raw,0.0
mimic_perform_non_af_001,0,raw,0.0
mimic_perform_non_af_001,0,raw,0.0
mimic_perform_non_af_001,0,raw,0.0
mimic_perform_non_af_001,0,raw,0.0
mimic_perform_non_af_001,0,raw,0.0
mimic_perform_non_af_001,0,raw,0.0
mimic_perform_non_af_001,0,raw,0.006666666666666667
mimic_perform_non_af_001,0,raw,0.0
mimic_perform_non_af_001,0,raw,0.0
mimic_perform_non_af_001,0,raw,0.0
mimic_perform_non_af_001,0,raw,0.0
mimic_perform_non_af_001,0,raw,0.0
mimic_perform_non_af_001,0,raw,0.0
mimic_perform_non_af_001,0,raw,0.0
mimic_perform_non_af_001,0,raw,0.0
mimic_perform_non_af_001,0,raw,0.0
mimic_perform_non_af_001,0,raw,0.006666666666666667
mimic_perform_non_af_001,0,raw,0.38166666666666665
mimic_perform_non_af_001,0,raw,0.7086629896927381
mimic_perform_non_af_001,0,raw,0.5133333333333333
mimic_perform_non_af_001,0,raw,0.2853333333333333
mimic_perform_non_af_001,0,raw,0.30666666666666664
mimic_perform_non_af_001,0,raw,0.09333333333333334
mimic_perform_non_af_001,0,raw,0.014444444444444447
mimic_perform_non_af_001,0,raw,0.0
mimic_perform_non_af_001,0,raw,0.0
mimic_perform_non_af_001,0,raw,0.0
mimic_perform_non_af_001,0,raw,0.0
mimic_perform_non_af_001,0,raw,0.0
mimic_perform_non_af_001,0,raw,0.0
mimic_perform_non_af_001,0,raw,0.013333333333333334
mimic_perform_non_af_001,0,raw,0.02
mimic_perform_non_af_001,0,raw,0.0
mimic_perform_non_af_001,0,raw,0.013333333333333334
mimic_perform_non_af_001,0,raw,0.0
mimic_perform_non_af_001,0,raw,0.0
mimic_perform_non_af_001,0,raw,0.0
mimic_perform_non_af_001,0,raw,0.0
mimic_perform_non_af_001,0,raw,0.0
mimic_perform_non_af_001,0,raw,0.0
mimic_perform_non_af_001,0,raw,0.0
mimic_perform_non_af_001,0,raw,0.0
mimic_perform_non_af_001,0,raw,0.0
mimic_perform_non_af_001,0,raw,0.0
mimic_perform_non_af_001,0,raw,0.0
mimic_perform_non_af_001,0,raw,0.0
mimic_perform_non_af_001,0,raw,0.006666666666666667
mimic_perform_non_af_001,0,raw,0.15333333333333332
mimic_perform_non_af_001,0,raw,0.0
mimic_perform_non_af_001,0,raw,0.006666666666666667
mimic_perform_non_af_001,0,raw,0.0
mimic_perform_non_af_001,0,raw,0.0
mimic_perform_non_af_001,0,raw,0.0
mimic_perform_non_af_001,0,raw,0.0
mimic_perform_non_af_001,0,raw,0.0
mimic_perform_non_af_001,0,raw,0.0
mimic_perform_non_af_001,0,raw,0.0
mimic_perform_non_af_001,0,raw,0.0
mimic_perform_non_af_001,0,raw,0.0
mimic_perform_non_af_001,0,raw,0.0
mimic_perform_non_af_001,0,raw,0.0
mimic_perform_non_af_001,0,raw,0.0
mimic_perform_non_af_001,0,raw,0.0
mimic_perform_non_af_001,0,raw,0.0
mimic_perform_non_af_001,0,raw,0.0
mimic_perform_non_af_001,0,raw,0.0
mimic_perform_non_af_001,0,raw,0.0
mimic_perform_non_af_001,0,raw,0.0
mimic_perform_non_af_001,0,raw,0.0
mimic_perform_non_af_001,0,raw,0.0
mimic_perform_non_af_001,0,raw,0.0
mimic_perform_non_af_001,0,raw,0.0
mimic_perform_non_af_001,0,raw,0.0
mimic_perform_non_af_001,0,raw,0.0
mimic_perform_non_af_001,0,raw,0.03333333333333333
mimic_perform_non_af_001,0,raw,0.021025641025641025
mimic_perform_non_af_001,0,raw,0.04102564102564102
mimic_perform_non_af_001,0,raw,0.10766040976567291
mimic_perform_non_af_001,0,raw,0.44809479207767794
mimic_perform_non_af_001,0,raw,0.40923381659803143
mimic_perform_non_af_001,0,raw,0.006666666666666667
mimic_perform_non_af_001,0,raw,0.0
mimic_perform_non_af_001,0,raw,0.19333333333333333
mimic_perform_non_af_001,0,raw,0.19333333333333333
mimic_perform_non_af_001,0,raw,0.14666666666666667
mimic_perform_non_af_001,0,raw,0.0
mimic_perform_non_af_001,0,raw,0.12666666666666668
mimic_perform_non_af_001,0,raw,0.14666666666666667
mimic_perform_non_af_001,0,raw,0.16
mimic_perform_non_af_001,0,raw,0.0
mimic_perform_non_af_001,0,raw,0.0
mimic_perform_non_af_001,0,raw,0.06666666666666667
mimic_perform_non_af_001,0,raw,0.32
mimic_perform_non_af_001,0,raw,0.7036592823390148
mimic_perform_non_af_001,0,raw,0.6118818213755605
mimic_perform_non_af_001,0,raw,0.7276748489800415
mimic_perform_non_af_001,0,raw,0.6813813282313851
mimic_perform_non_af_001,0,raw,0.6074503343940906
mimic_perform_non_af_001,0,raw,0.0
mimic_perform_non_af_002,0,sigmoid,0.014144078313815762
mimic_perform_non_af_002,0,sigmoid,0.015596686678114842
mimic_perform_non_af_002,0,sigmoid,0.014144078313815762
mimic_perform_non_af_002,0,sigmoid,0.015605867819762823
mimic_perform_non_af_002,0,sigmoid,0.025362541452263
mimic_perform_non_af_002,0,sigmoid,0.016377098151714016
mimic_perform_non_af_002,0,sigmoid,0.014144078313815762
mimic_perform_non_af_002,0,sigmoid,0.015596686678114842
mimic_perform_non_af_002,0,sigmoid,0.019900978549456005
mimic_perform_non_af_002,0,sigmoid,0.014144078313815762
mimic_perform_non_af_002,0,sigmoid,0.012824997068992077
mimic_perform_non_af_002,0,sigmoid,0.013468619016502337
mimic_perform_non_af_002,0,sigmoid,0.012824997068992077
mimic_perform_non_af_002,0,sigmoid,0.012824997068992077
mimic_perform_non_af_002,0,sigmoid,0.012824997068992077
mimic_perform_non_af_002,0,sigmoid,0.012824997068992077
mimic_perform_non_af_002,0,sigmoid,0.012824997068992077
mimic_perform_non_af_002,0,sigmoid,0.013468619016502337
mimic_perform_non_af_002,0,sigmoid,0.014144078313815762
mimic_perform_non_af_002,0,sigmoid,0.013468619016502337
mimic_perform_non_af_002,0,sigmoid,0.013468619016502337
mimic_perform_non_af_002,0,sigmoid,0.013468619016502337
mimic_perform_non_af_002,0,sigmoid,0.012824997068992077
mimic_perform_non_af_002,0,sigmoid,0.012824997068992077
mimic_perform_non_af_002,0,sigmoid,0.013468619016502337
mimic_perform_non_af_002,0,sigmoid,0.012824997068992077
mimic_perform_non_af_002,0,sigmoid,0.013468619016502337
mimic_perform_non_af_002,0,sigmoid,0.014852902292274804
mimic_perform_non_af_002,0,sigmoid,0.012211751022572727
mimic_perform_non_af_002,0,sigmoid,0.01895588108646907
mimic_perform_non_af_002,0,sigmoid,0.02089219296890282
mimic_perform_non_af_002,0,sigmoid,0.016377098151714016
mimic_perform_non_af_002,0,sigmoid,0.014144078313815762
mimic_perform_non_af_002,0,sigmoid,0.013468619016502337
mimic_perform_non_af_002,0,sigmoid,0.012824997068992077
mimic_perform_non_af_002,0,sigmoid,0.013468619016502337
mimic_perform_non_af_002,0,sigmoid,0.013468619016502337
mimic_perform_non_af_002,0,sigmoid,0.014852902292274804
mimic_perform_non_af_002,0,sigmoid,0.014852902292274804
mimic_perform_non_af_002,0,sigmoid,0.012824997068992077
mimic_perform_non_af_002,0,sigmoid,0.013468619016502337
mimic_perform_non_af_002,0,sigmoid,0.013468619016502337
mimic_perform_non_af_002,0,sigmoid,0.014144078313815762
mimic_perform_non_af_002,0,sigmoid,0.014852902292274804
mimic_perform_non_af_002,0,sigmoid,0.015596686678114842
mimic_perform_non_af_002,0,sigmoid,0.013468619016502337
mimic_perform_non_af_002,0,sigmoid,0.014852902292274804
mimic_perform_non_af_002,0,sigmoid,0.014144078313815762
mimic_perform_non_af_002,0,sigmoid,0.013468619016502337
mimic_perform_non_af_002,0,sigmoid,0.013468619016502337
mimic_perform_non_af_002,0,sigmoid,0.014144078313815762
mimic_perform_non_af_002,0,sigmoid,0.012824997068992077
mimic_perform_non_af_002,0,sigmoid,0.012824997068992077
mimic_perform_non_af_002,0,sigmoid,0.013468619016502337
mimic_perform_non_af_002,0,sigmoid,0.014144078313815762
mimic_perform_non_af_002,0,sigmoid,0.013468619016502337
mimic_perform_non_af_002,0,sigmoid,0.015596686678114842
mimic_perform_non_af_002,0,sigmoid,0.016377098151714016
mimic_perform_non_af_002,0,sigmoid,0.014144078313815762
mimic_perform_non_af_002,0,sigmoid,0.014144078313815762
mimic_perform_non_af_002,0,sigmoid,0.014144078313815762
mimic_perform_non_af_002,0,sigmoid,0.014852902292274804
mimic_perform_non_af_002,0,sigmoid,0.014144078313815762
mimic_perform_non_af_002,0,sigmoid,0.014144078313815762
mimic_perform_non_af_002,0,sigmoid,0.012824997068992077
mimic_perform_non_af_002,0,sigmoid,0.012824997068992077
mimic_perform_non_af_002,0,sigmoid,0.012824997068992077
mimic_perform_non_af_002,0,sigmoid,0.012824997068992077
mimic_perform_non_af_002,0,sigmoid,0.013468619016502337
mimic_perform_non_af_002,0,sigmoid,0.013468619016502337
mimic_perform_non_af_002,0,sigmoid,0.013468619016502337
mimic_perform_non_af_002,0,sigmoid,0.013468619016502337
mimic_perform_non_af_002,0,sigmoid,0.013468619016502337
mimic_perform_non_af_002,0,sigmoid,0.012824997068992077
mimic_perform_non_af_002,0,sigmoid,0.012824997068992077
mimic_perform_non_af_002,0,sigmoid,0.013468619016502337
mimic_perform_non_af_002,0,sigmoid,0.012824997068992077
mimic_perform_non_af_002,0,sigmoid,0.012824997068992077
mimic_perform_non_af_002,0,sigmoid,0.015596686678114842
mimic_perform_non_af_002,0,sigmoid,0.014852902292274804
mimic_perform_non_af_002,0,sigmoid,0.014144078313815762
mimic_perform_non_af_002,0,sigmoid,0.013468619016502337
mimic_perform_non_af_002,0,sigmoid,0.012824997068992077
mimic_perform_non_af_002,0,sigmoid,0.18480201741095434
mimic_perform_non_af_002,0,sigmoid,0.05434491019825787
mimic_perform_non_af_002,0,sigmoid,0.014144078313815762
mimic_perform_non_af_002,0,sigmoid,0.013468619016502337
mimic_perform_non_af_002,0,sigmoid,0.014144078313815762
mimic_perform_non_af_002,0,sigmoid,0.012211751022572727
mimic_perform_non_af_002,0,sigmoid,0.012211751022572727
mimic_perform_non_af_002,0,sigmoid,0.013468619016502337
mimic_perform_non_af_002,0,sigmoid,0.047256667938893646
mimic_perform_non_af_002,0,sigmoid,0.014852902292274804
mimic_perform_non_af_002,0,sigmoid,0.016377098151714016
mimic_perform_non_af_002,0,sigmoid,0.013468619016502337
mimic_perform_non_af_002,0,sigmoid,0.012824997068992077
mimic_perform_non_af_002,0,sigmoid,0.012824997068992077
mimic_perform_non_af_002,0,sigmoid,0.012824997068992077
mimic_perform_non_af_002,0,sigmoid,0.013468619016502337
mimic_perform_non_af_002,0,sigmoid,0.016377098151714016
mimic_perform_non_af_002,0,sigmoid,0.014852902292274804
mimic_perform_non_af_002,0,sigmoid,0.014852902292274804
mimic_perform_non_af_002,0,sigmoid,0.014852902292274804
mimic_perform_non_af_002,0,sigmoid,0.014852902292274804
mimic_perform_non_af_002,0,sigmoid,0.016377098151714016
mimic_perform_non_af_002,0,sigmoid,0.015596686678114842
mimic_perform_non_af_002,0,sigmoid,0.013468619016502337
mimic_perform_non_af_002,0,sigmoid,0.014852902292274804
mimic_perform_non_af_002,0,sigmoid,0.016377098151714016
mimic_perform_non_af_002,0,sigmoid,0.014144078313815762
mimic_perform_non_af_002,0,sigmoid,0.015596686678114842
mimic_perform_non_af_002,0,sigmoid,0.014852902292274804
mimic_perform_non_af_002,0,sigmoid,0.014852902292274804
mimic_perform_non_af_002,0,sigmoid,0.01895588108646907
mimic_perform_non_af_002,0,sigmoid,0.015596686678114842
mimic_perform_non_af_002,0,sigmoid,0.01719587694881769
mimic_perform_non_af_002,0,sigmoid,0.01719587694881769
mimic_perform_non_af_002,0,sigmoid,0.014852902292274804
mimic_perform_non_af_002,0,isotonic,0.03763440860215054
mimic_perform_non_af_002,0,isotonic,0.03763440860215054
mimic_perform_non_af_002,0,isotonic,0.03763440860215054
mimic_perform_non_af_002,0,isotonic,0.03763440860215054
mimic_perform_non_af_002,0,isotonic,0.05454545454545454
mimic_perform_non_af_002,0,isotonic,0.03763440860215054
mimic_perform_non_af_002,0,isotonic,0.03763440860215054
mimic_perform_non_af_002,0,isotonic,0.03763440860215054
mimic_perform_non_af_002,0,isotonic,0.03763440860215054
mimic_perform_non_af_002,0,isotonic,0.03763440860215054
mimic_perform_non_af_002,0,isotonic,0.01639344262295082
mimic_perform_non_af_002,0,isotonic,0.01639344262295082
mimic_perform_non_af_002,0,isotonic,0.01639344262295082
mimic_perform_non_af_002,0,isotonic,0.01639344262295082
mimic_perform_non_af_002,0,isotonic,0.01639344262295082
mimic_perform_non_af_002,0,isotonic,0.01639344262295082
mimic_perform_non_af_002,0,isotonic,0.01639344262295082
mimic_perform_non_af_002,0,isotonic,0.01639344262295082
mimic_perform_non_af_002,0,isotonic,0.03763440860215054
mimic_perform_non_af_002,0,isotonic,0.01639344262295082
mimic_perform_non_af_002,0,isotonic,0.01639344262295082
mimic_perform_non_af_002,0,isotonic,0.01639344262295082
mimic_perform_non_af_002,0,isotonic,0.01639344262295082
mimic_perform_non_af_002,0,isotonic,0.01639344262295082
mimic_perform_non_af_002,0,isotonic,0.01639344262295082
mimic_perform_non_af_002,0,isotonic,0.01639344262295082
mimic_perform_non_af_002,0,isotonic,0.01639344262295082
mimic_perform_non_af_002,0,isotonic,0.03763440860215054
mimic_perform_non_af_002,0,isotonic,0.0049261083743842365
mimic_perform_non_af_002,0,isotonic,0.03763440860215054
mimic_perform_non_af_002,0,isotonic,0.03763440860215054
mimic_perform_non_af_002,0,isotonic,0.03763440860215054
mimic_perform_non_af_002,0,isotonic,0.03763440860215054
mimic_perform_non_af_002,0,isotonic,0.01639344262295082
mimic_perform_non_af_002,0,isotonic,0.01639344262295082
mimic_perform_non_af_002,0,isotonic,0.01639344262295082
mimic_perform_non_af_002,0,isotonic,0.01639344262295082
mimic_perform_non_af_002,0,isotonic,0.03763440860215054
mimic_perform_non_af_002,0,isotonic,0.03763440860215054
mimic_perform_non_af_002,0,isotonic,0.01639344262295082
mimic_perform_non_af_002,0,isotonic,0.01639344262295082
mimic_perform_non_af_002,0,isotonic,0.01639344262295082
mimic_perform_non_af_002,0,isotonic,0.03763440860215054
mimic_perform_non_af_002,0,isotonic,0.03763440860215054
mimic_perform_non_af_002,0,isotonic,0.03763440860215054
mimic_perform_non_af_002,0,isotonic,0.01639344262295082
mimic_perform_non_af_002,0,isotonic,0.03763440860215054
mimic_perform_non_af_002,0,isotonic,0.03763440860215054
mimic_perform_non_af_002,0,isotonic,0.01639344262295082
mimic_perform_non_af_002,0,isotonic,0.01639344262295082
mimic_perform_non_af_002,0,isotonic,0.03763440860215054
mimic_perform_non_af_002,0,isotonic,0.01639344262295082
mimic_perform_non_af_002,0,isotonic,0.01639344262295082
mimic_perform_non_af_002,0,isotonic,0.01639344262295082
mimic_perform_non_af_002,0,isotonic,0.03763440860215054
mimic_perform_non_af_002,0,isotonic,0.01639344262295082
mimic_perform_non_af_002,0,isotonic,0.03763440860215054
mimic_perform_non_af_002,0,isotonic,0.03763440860215054
mimic_perform_non_af_002,0,isotonic,0.03763440860215054
mimic_perform_non_af_002,0,isotonic,0.03763440860215054
mimic_perform_non_af_002,0,isotonic,0.03763440860215054
mimic_perform_non_af_002,0,isotonic,0.03763440860215054
mimic_perform_non_af_002,0,isotonic,0.03763440860215054
mimic_perform_non_af_002,0,isotonic,0.03763440860215054
mimic_perform_non_af_002,0,isotonic,0.01639344262295082
mimic_perform_non_af_002,0,isotonic,0.01639344262295082
mimic_perform_non_af_002,0,isotonic,0.01639344262295082
mimic_perform_non_af_002,0,isotonic,0.01639344262295082
mimic_perform_non_af_002,0,isotonic,0.01639344262295082
mimic_perform_non_af_002,0,isotonic,0.01639344262295082
mimic_perform_non_af_002,0,isotonic,0.01639344262295082
mimic_perform_non_af_002,0,isotonic,0.01639344262295082
mimic_perform_non_af_002,0,isotonic,0.01639344262295082
mimic_perform_non_af_002,0,isotonic,0.01639344262295082
mimic_perform_non_af_002,0,isotonic,0.01639344262295082
mimic_perform_non_af_002,0,isotonic,0.01639344262295082
mimic_perform_non_af_002,0,isotonic,0.01639344262295082
mimic_perform_non_af_002,0,isotonic,0.01639344262295082
mimic_perform_non_af_002,0,isotonic,0.03763440860215054
mimic_perform_non_af_002,0,isotonic,0.03763440860215054
mimic_perform_non_af_002,0,isotonic,0.03763440860215054
mimic_perform_non_af_002,0,isotonic,0.01639344262295082
mimic_perform_non_af_002,0,isotonic,0.01639344262295082
mimic_perform_non_af_002,0,isotonic,0.47633136094674555
mimic_perform_non_af_002,0,isotonic,0.10416666666666667
mimic_perform_non_af_002,0,isotonic,0.03763440860215054
mimic_perform_non_af_002,0,isotonic,0.01639344262295082
mimic_perform_non_af_002,0,isotonic,0.03763440860215054
mimic_perform_non_af_002,0,isotonic,0.0049261083743842365
mimic_perform_non_af_002,0,isotonic,0.0049261083743842365
mimic_perform_non_af_002,0,isotonic,0.01639344262295082
mimic_perform_non_af_002,0,isotonic,0.10416666666666667
mimic_perform_non_af_002,0,isotonic,0.03763440860215054
mimic_perform_non_af_002,0,isotonic,0.03763440860215054
mimic_perform_non_af_002,0,isotonic,0.01639344262295082
mimic_perform_non_af_002,0,isotonic,0.01639344262295082
mimic_perform_non_af_002,0,isotonic,0.01639344262295082
mimic_perform_non_af_002,0,isotonic,0.01639344262295082
mimic_perform_non_af_002,0,isotonic,0.01639344262295082
mimic_perform_non_af_002,0,isotonic,0.03763440860215054
mimic_perform_non_af_002,0,isotonic,0.03763440860215054
mimic_perform_non_af_002,0,isotonic,0.03763440860215054
mimic_perform_non_af_002,0,isotonic,0.03763440860215054
mimic_perform_non_af_002,0,isotonic,0.03763440860215054
mimic_perform_non_af_002,0,isotonic,0.03763440860215054
mimic_perform_non_af_002,0,isotonic,0.03763440860215054
mimic_perform_non_af_002,0,isotonic,0.01639344262295082
mimic_perform_non_af_002,0,isotonic,0.03763440860215054
mimic_perform_non_af_002,0,isotonic,0.03763440860215054
mimic_perform_non_af_002,0,isotonic,0.03763440860215054
mimic_perform_non_af_002,0,isotonic,0.03763440860215054
mimic_perform_non_af_002,0,isotonic,0.03763440860215054
mimic_perform_non_af_002,0,isotonic,0.03763440860215054
mimic_perform_non_af_002,0,isotonic,0.03763440860215054
mimic_perform_non_af_002,0,isotonic,0.03763440860215054
mimic_perform_non_af_002,0,isotonic,0.03763440860215054
mimic_perform_non_af_002,0,isotonic,0.03763440860215054
mimic_perform_non_af_002,0,isotonic,0.03763440860215054
mimic_perform_non_af_002,0,raw,0.02666666666666667
mimic_perform_non_af_002,0,raw,0.04
mimic_perform_non_af_002,0,raw,0.02666666666666667
mimic_perform_non_af_002,0,raw,0.040080321285140566
mimic_perform_non_af_002,0,raw,0.10666666666666667
mimic_perform_non_af_002,0,raw,0.04666666666666667
mimic_perform_non_af_002,0,raw,0.02666666666666667
mimic_perform_non_af_002,0,raw,0.04
mimic_perform_non_af_002,0,raw,0.07333333333333333
mimic_perform_non_af_002,0,raw,0.02666666666666667
mimic_perform_non_af_002,0,raw,0.013333333333333334
mimic_perform_non_af_002,0,raw,0.02
mimic_perform_non_af_002,0,raw,0.013333333333333334
mimic_perform_non_af_002,0,raw,0.013333333333333334
mimic_perform_non_af_002,0,raw,0.013333333333333334
mimic_perform_non_af_002,0,raw,0.013333333333333334
mimic_perform_non_af_002,0,raw,0.013333333333333334
mimic_perform_non_af_002,0,raw,0.02
mimic_perform_non_af_002,0,raw,0.02666666666666667
mimic_perform_non_af_002,0,raw,0.02
mimic_perform_non_af_002,0,raw,0.02
mimic_perform_non_af_002,0,raw,0.02
mimic_perform_non_af_002,0,raw,0.013333333333333334
mimic_perform_non_af_002,0,raw,0.013333333333333334
mimic_perform_non_af_002,0,raw,0.02
mimic_perform_non_af_002,0,raw,0.013333333333333334
mimic_perform_non_af_002,0,raw,0.02
mimic_perform_non_af_002,0,raw,0.03333333333333333
mimic_perform_non_af_002,0,raw,0.006666666666666667
mimic_perform_non_af_002,0,raw,0.06666666666666667
mimic_perform_non_af_002,0,raw,0.08
mimic_perform_non_af_002,0,raw,0.04666666666666667
mimic_perform_non_af_002,0,raw,0.02666666666666667
mimic_perform_non_af_002,0,raw,0.02
mimic_perform_non_af_002,0,raw,0.013333333333333334
mimic_perform_non_af_002,0,raw,0.02
mimic_perform_non_af_002,0,raw,0.02
mimic_perform_non_af_002,0,raw,0.03333333333333333
mimic_perform_non_af_002,0,raw,0.03333333333333333
mimic_perform_non_af_002,0,raw,0.013333333333333334
mimic_perform_non_af_002,0,raw,0.02
mimic_perform_non_af_002,0,raw,0.02
mimic_perform_non_af_002,0,raw,0.02666666666666667
mimic_perform_non_af_002,0,raw,0.03333333333333333
mimic_perform_non_af_002,0,raw,0.04
mimic_perform_non_af_002,0,raw,0.02
mimic_perform_non_af_002,0,raw,0.03333333333333333
mimic_perform_non_af_002,0,raw,0.02666666666666667
mimic_perform_non_af_002,0,raw,0.02
mimic_perform_non_af_002,0,raw,0.02
mimic_perform_non_af_002,0,raw,0.02666666666666667
mimic_perform_non_af_002,0,raw,0.013333333333333334
mimic_perform_non_af_002,0,raw,0.013333333333333334
mimic_perform_non_af_002,0,raw,0.02
mimic_perform_non_af_002,0,raw,0.02666666666666667
mimic_perform_non_af_002,0,raw,0.02
mimic_perform_non_af_002,0,raw,0.04
mimic_perform_non_af_002,0,raw,0.04666666666666667
mimic_perform_non_af_002,0,raw,0.02666666666666667
mimic_perform_non_af_002,0,raw,0.02666666666666667
mimic_perform_non_af_002,0,raw,0.02666666666666667
mimic_perform_non_af_002,0,raw,0.03333333333333333
mimic_perform_non_af_002,0,raw,0.02666666666666667
mimic_perform_non_af_002,0,raw,0.02666666666666667
mimic_perform_non_af_002,0,raw,0.013333333333333334
mimic_perform_non_af_002,0,raw,0.013333333333333334
mimic_perform_non_af_002,0,raw,0.013333333333333334
mimic_perform_non_af_002,0,raw,0.013333333333333334
mimic_perform_non_af_002,0,raw,0.02
mimic_perform_non_af_002,0,raw,0.02
mimic_perform_non_af_002,0,raw,0.02
mimic_perform_non_af_002,0,raw,0.02
mimic_perform_non_af_002,0,raw,0.02
mimic_perform_non_af_002,0,raw,0.013333333333333334
mimic_perform_non_af_002,0,raw,0.013333333333333334
mimic_perform_non_af_002,0,raw,0.02
mimic_perform_non_af_002,0,raw,0.013333333333333334
mimic_perform_non_af_002,0,raw,0.013333333333333334
mimic_perform_non_af_002,0,raw,0.04
mimic_perform_non_af_002,0,raw,0.03333333333333333
mimic_perform_non_af_002,0,raw,0.02666666666666667
mimic_perform_non_af_002,0,raw,0.02
mimic_perform_non_af_002,0,raw,0.013333333333333334
mimic_perform_non_af_002,0,raw,0.3975052943926183
mimic_perform_non_af_002,0,raw,0.21311424100156495
mimic_perform_non_af_002,0,raw,0.02666666666666667
mimic_perform_non_af_002,0,raw,0.02
mimic_perform_non_af_002,0,raw,0.02666666666666667
mimic_perform_non_af_002,0,raw,0.006666666666666667
mimic_perform_non_af_002,0,raw,0.006666666666666667
mimic_perform_non_af_002,0,raw,0.02
mimic_perform_non_af_002,0,raw,0.19333333333333333
mimic_perform_non_af_002,0,raw,0.03333333333333333
mimic_perform_non_af_002,0,raw,0.04666666666666667
mimic_perform_non_af_002,0,raw,0.02
mimic_perform_non_af_002,0,raw,0.013333333333333334
mimic_perform_non_af_002,0,raw,0.013333333333333334
mimic_perform_non_af_002,0,raw,0.013333333333333334
mimic_perform_non_af_002,0,raw,0.02
mimic_perform_non_af_002,0,raw,0.04666666666666667
mimic_perform_non_af_002,0,raw,0.03333333333333333
mimic_perform_non_af_002,0,raw,0.03333333333333333
mimic_perform_non_af_002,0,raw,0.03333333333333333
mimic_perform_non_af_002,0,raw,0.03333333333333333
mimic_perform_non_af_002,0,raw,0.04666666666666667
mimic_perform_non_af_002,0,raw,0.04
mimic_perform_non_af_002,0,raw,0.02
mimic_perform_non_af_002,0,raw,0.03333333333333333
mimic_perform_non_af_002,0,raw,0.04666666666666667
mimic_perform_non_af_002,0,raw,0.02666666666666667
mimic_perform_non_af_002,0,raw,0.04
mimic_perform_non_af_002,0,raw,0.03333333333333333
mimic_perform_non_af_002,0,raw,0.03333333333333333
mimic_perform_non_af_002,0,raw,0.06666666666666667
mimic_perform_non_af_002,0,raw,0.04
mimic_perform_non_af_002,0,raw,0.05333333333333334
mimic_perform_non_af_002,0,raw,0.05333333333333334
mimic_perform_non_af_002,0,raw,0.03333333333333333
mimic_perform_non_af_003,0,sigmoid,0.013296267494689849
mimic_perform_non_af_003,0,sigmoid,0.013296267494689849
mimic_perform_non_af_003,0,sigmoid,0.013296267494689849
mimic_perform_non_af_003,0,sigmoid,0.013296267494689849
mimic_perform_non_af_003,0,sigmoid,0.013296267494689849
mimic_perform_non_af_003,0,sigmoid,0.01463178340977898
mimic_perform_non_af_003,0,sigmoid,0.013948276243222748
mimic_perform_non_af_003,0,sigmoid,0.01351586754794918
mimic_perform_non_af_003,0,sigmoid,0.013948276243222748
mimic_perform_non_af_003,0,sigmoid,0.01463178340977898
mimic_perform_non_af_003,0,sigmoid,0.013296267494689849
mimic_perform_non_af_003,0,sigmoid,0.013296267494689849
mimic_perform_non_af_003,0,sigmoid,0.013296267494689849
mimic_perform_non_af_003,0,sigmoid,0.013296267494689849
mimic_perform_non_af_003,0,sigmoid,0.013296267494689849
mimic_perform_non_af_003,0,sigmoid,0.01463178340977898
mimic_perform_non_af_003,0,sigmoid,0.01463178340977898
mimic_perform_non_af_003,0,sigmoid,0.013948276243222748
mimic_perform_non_af_003,0,sigmoid,0.013296267494689849
mimic_perform_non_af_003,0,sigmoid,0.013296267494689849
mimic_perform_non_af_003,0,sigmoid,0.013296267494689849
mimic_perform_non_af_003,0,sigmoid,0.013296267494689849
mimic_perform_non_af_003,0,sigmoid,0.013296267494689849
mimic_perform_non_af_003,0,sigmoid,0.013296267494689849
mimic_perform_non_af_003,0,sigmoid,0.013296267494689849
mimic_perform_non_af_003,0,sigmoid,0.013296267494689849
mimic_perform_non_af_003,0,sigmoid,0.013296267494689849
mimic_perform_non_af_003,0,sigmoid,0.013296267494689849
mimic_perform_non_af_003,0,sigmoid,0.013296267494689849
mimic_perform_non_af_003,0,sigmoid,0.013296267494689849
mimic_perform_non_af_003,0,sigmoid,0.013296267494689849
mimic_perform_non_af_003,0,sigmoid,0.013296267494689849
mimic_perform_non_af_003,0,sigmoid,0.013296267494689849
mimic_perform_non_af_003,0,sigmoid,0.013296267494689849
mimic_perform_non_af_003,0,sigmoid,0.013948276243222748
mimic_perform_non_af_003,0,sigmoid,0.01463178340977898
mimic_perform_non_af_003,0,sigmoid,0.013296267494689849
mimic_perform_non_af_003,0,sigmoid,0.013296267494689849
mimic_perform_non_af_003,0,sigmoid,0.013296267494689849
mimic_perform_non_af_003,0,sigmoid,0.013296267494689849
mimic_perform_non_af_003,0,sigmoid,0.013296267494689849
mimic_perform_non_af_003,0,sigmoid,0.013296267494689849
mimic_perform_non_af_003,0,sigmoid,0.013296267494689849
mimic_perform_non_af_003,0,sigmoid,0.013296267494689849
mimic_perform_non_af_003,0,sigmoid,0.013296267494689849
mimic_perform_non_af_003,0,sigmoid,0.013296267494689849
mimic_perform_non_af_003,0,sigmoid,0.01463178340977898
mimic_perform_non_af_003,0,sigmoid,0.015348263122604117
mimic_perform_non_af_003,0,sigmoid,0.015348263122604117
mimic_perform_non_af_003,0,sigmoid,0.016560836615446398
mimic_perform_non_af_003,0,sigmoid,0.016299404983819946
mimic_perform_non_af_003,0,sigmoid,0.017718664390424698
mimic_perform_non_af_003,0,sigmoid,0.01688636014634941
mimic_perform_non_af_003,0,sigmoid,0.013301854049685573
mimic_perform_non_af_003,0,sigmoid,0.013954132871765
mimic_perform_non_af_003,0,sigmoid,0.013948276243222748
mimic_perform_non_af_003,0,sigmoid,0.013296267494689849
mimic_perform_non_af_003,0,sigmoid,0.013296267494689849
mimic_perform_non_af_003,0,sigmoid,0.013296267494689849
mimic_perform_non_af_003,0,sigmoid,0.013948276243222748
mimic_perform_non_af_003,0,sigmoid,0.01463178340977898
mimic_perform_non_af_003,0,sigmoid,0.013948276243222748
mimic_perform_non_af_003,0,sigmoid,0.013296267494689849
mimic_perform_non_af_003,0,sigmoid,0.013296267494689849
mimic_perform_non_af_003,0,sigmoid,0.015348263122604117
mimic_perform_non_af_003,0,sigmoid,0.01463178340977898
mimic_perform_non_af_003,0,sigmoid,0.015348263122604117
mimic_perform_non_af_003,0,sigmoid,0.014637922770203765
mimic_perform_non_af_003,0,sigmoid,0.013936362543984468
mimic_perform_non_af_003,0,sigmoid,0.013301854049685573
mimic_perform_non_af_003,0,sigmoid,0.013954132871765
mimic_perform_non_af_003,0,sigmoid,0.01609925373567508
mimic_perform_non_af_003,0,sigmoid,0.013948276243222748
mimic_perform_non_af_003,0,sigmoid,0.013296267494689849
mimic_perform_non_af_003,0,sigmoid,0.015348263122604117
mimic_perform_non_af_003,0,sigmoid,0.013948276243222748
mimic_perform_non_af_003,0,sigmoid,0.013948276243222748
mimic_perform_non_af_003,0,sigmoid,0.017711256146411728
mimic_perform_non_af_003,0,sigmoid,0.013296267494689849
mimic_perform_non_af_003,0,sigmoid,0.013296267494689849
mimic_perform_non_af_003,0,sigmoid,0.013296267494689849
mimic_perform_non_af_003,0,sigmoid,0.013296267494689849
mimic_perform_non_af_003,0,sigmoid,0.013296267494689849
mimic_perform_non_af_003,0,sigmoid,0.013296267494689849
mimic_perform_non_af_003,0,sigmoid,0.013296267494689849
mimic_perform_non_af_003,0,sigmoid,0.013296267494689849
mimic_perform_non_af_003,0,sigmoid,0.013296267494689849
mimic_perform_non_af_003,0,sigmoid,0.013296267494689849
mimic_perform_non_af_003,0,sigmoid,0.013948276243222748
mimic_perform_non_af_003,0,sigmoid,0.013948276243222748
mimic_perform_non_af_003,0,sigmoid,0.013296267494689849
mimic_perform_non_af_003,0,sigmoid,0.013296267494689849
mimic_perform_non_af_003,0,sigmoid,0.013296267494689849
mimic_perform_non_af_003,0,sigmoid,0.013296267494689849
mimic_perform_non_af_003,0,sigmoid,0.013948276243222748
mimic_perform_non_af_003,0,sigmoid,0.013948276243222748
mimic_perform_non_af_003,0,sigmoid,0.013296267494689849
mimic_perform_non_af_003,0,sigmoid,0.013296267494689849
mimic_perform_non_af_003,0,sigmoid,0.013296267494689849
mimic_perform_non_af_003,0,sigmoid,0.013948276243222748
mimic_perform_non_af_003,0,sigmoid,0.013296267494689849
mimic_perform_non_af_003,0,sigmoid,0.013296267494689849
mimic_perform_non_af_003,0,sigmoid,0.013296267494689849
mimic_perform_non_af_003,0,sigmoid,0.013948276243222748
mimic_perform_non_af_003,0,sigmoid,0.013296267494689849
mimic_perform_non_af_003,0,sigmoid,0.013296267494689849
mimic_perform_non_af_003,0,sigmoid,0.013296267494689849
mimic_perform_non_af_003,0,sigmoid,0.013296267494689849
mimic_perform_non_af_003,0,sigmoid,0.013296267494689849
mimic_perform_non_af_003,0,sigmoid,0.013296267494689849
mimic_perform_non_af_003,0,sigmoid,0.013296267494689849
mimic_perform_non_af_003,0,sigmoid,0.013296267494689849
mimic_perform_non_af_003,0,sigmoid,0.013296267494689849
mimic_perform_non_af_003,0,sigmoid,0.013296267494689849
mimic_perform_non_af_003,0,sigmoid,0.013296267494689849
mimic_perform_non_af_003,0,sigmoid,0.013296267494689849
mimic_perform_non_af_003,0,sigmoid,0.013296267494689849
mimic_perform_non_af_003,0,sigmoid,0.013296267494689849
mimic_perform_non_af_003,0,isotonic,0.0064794816414686825
mimic_perform_non_af_003,0,isotonic,0.0064794816414686825
mimic_perform_non_af_003,0,isotonic,0.0064794816414686825
mimic_perform_non_af_003,0,isotonic,0.0064794816414686825
mimic_perform_non_af_003,0,isotonic,0.0064794816414686825
mimic_perform_non_af_003,0,isotonic,0.009433962264150943
mimic_perform_non_af_003,0,isotonic,0.0064794816414686825
mimic_perform_non_af_003,0,isotonic,0.0064794816414686825
mimic_perform_non_af_003,0,isotonic,0.0064794816414686825
mimic_perform_non_af_003,0,isotonic,0.009433962264150943
mimic_perform_non_af_003,0,isotonic,0.0064794816414686825
mimic_perform_non_af_003,0,isotonic,0.0064794816414686825
mimic_perform_non_af_003,0,isotonic,0.0064794816414686825
mimic_perform_non_af_003,0,isotonic,0.0064794816414686825
mimic_perform_non_af_003,0,isotonic,0.0064794816414686825
mimic_perform_non_af_003,0,isotonic,0.009433962264150943
mimic_perform_non_af_003,0,isotonic,0.009433962264150943
mimic_perform_non_af_003,0,isotonic,0.0064794816414686825
mimic_perform_non_af_003,0,isotonic,0.0064794816414686825
mimic_perform_non_af_003,0,isotonic,0.0064794816414686825
mimic_perform_non_af_003,0,isotonic,0.0064794816414686825
mimic_perform_non_af_003,0,isotonic,0.0064794816414686825
mimic_perform_non_af_003,0,isotonic,0.0064794816414686825
mimic_perform_non_af_003,0,isotonic,0.0064794816414686825
mimic_perform_non_af_003,0,isotonic,0.0064794816414686825
mimic_perform_non_af_003,0,isotonic,0.0064794816414686825
mimic_perform_non_af_003,0,isotonic,0.0064794816414686825
mimic_perform_non_af_003,0,isotonic,0.0064794816414686825
mimic_perform_non_af_003,0,isotonic,0.0064794816414686825
mimic_perform_non_af_003,0,isotonic,0.0064794816414686825
mimic_perform_non_af_003,0,isotonic,0.0064794816414686825
mimic_perform_non_af_003,0,isotonic,0.0064794816414686825
mimic_perform_non_af_003,0,isotonic,0.0064794816414686825
mimic_perform_non_af_003,0,isotonic,0.0064794816414686825
mimic_perform_non_af_003,0,isotonic,0.0064794816414686825
mimic_perform_non_af_003,0,isotonic,0.009433962264150943
mimic_perform_non_af_003,0,isotonic,0.0064794816414686825
mimic_perform_non_af_003,0,isotonic,0.0064794816414686825
mimic_perform_non_af_003,0,isotonic,0.0064794816414686825
mimic_perform_non_af_003,0,isotonic,0.0064794816414686825
mimic_perform_non_af_003,0,isotonic,0.0064794816414686825
mimic_perform_non_af_003,0,isotonic,0.0064794816414686825
mimic_perform_non_af_003,0,isotonic,0.0064794816414686825
mimic_perform_non_af_003,0,isotonic,0.0064794816414686825
mimic_perform_non_af_003,0,isotonic,0.0064794816414686825
mimic_perform_non_af_003,0,isotonic,0.0064794816414686825
mimic_perform_non_af_003,0,isotonic,0.009433962264150943
mimic_perform_non_af_003,0,isotonic,0.009433962264150943
mimic_perform_non_af_003,0,isotonic,0.009433962264150943
mimic_perform_non_af_003,0,isotonic,0.009708737864077669
mimic_perform_non_af_003,0,isotonic,0.009708737864077669
mimic_perform_non_af_003,0,isotonic,0.009708737864077669
mimic_perform_non_af_003,0,isotonic,0.009708737864077669
mimic_perform_non_af_003,0,isotonic,0.0064794816414686825
mimic_perform_non_af_003,0,isotonic,0.0064794816414686825
mimic_perform_non_af_003,0,isotonic,0.0064794816414686825
mimic_perform_non_af_003,0,isotonic,0.0064794816414686825
mimic_perform_non_af_003,0,isotonic,0.0064794816414686825
mimic_perform_non_af_003,0,isotonic,0.0064794816414686825
mimic_perform_non_af_003,0,isotonic,0.0064794816414686825
mimic_perform_non_af_003,0,isotonic,0.009433962264150943
mimic_perform_non_af_003,0,isotonic,0.0064794816414686825
mimic_perform_non_af_003,0,isotonic,0.0064794816414686825
mimic_perform_non_af_003,0,isotonic,0.0064794816414686825
mimic_perform_non_af_003,0,isotonic,0.009433962264150943
mimic_perform_non_af_003,0,isotonic,0.009433962264150943
mimic_perform_non_af_003,0,isotonic,0.009433962264150943
mimic_perform_non_af_003,0,isotonic,0.009433962264150943
mimic_perform_non_af_003,0,isotonic,0.0064794816414686825
mimic_perform_non_af_003,0,isotonic,0.0064794816414686825
mimic_perform_non_af_003,0,isotonic,0.0064794816414686825
mimic_perform_non_af_003,0,isotonic,0.009708737864077669
mimic_perform_non_af_003,0,isotonic,0.0064794816414686825
mimic_perform_non_af_003,0,isotonic,0.0064794816414686825
mimic_perform_non_af_003,0,isotonic,0.009433962264150943
mimic_perform_non_af_003,0,isotonic,0.0064794816414686825
mimic_perform_non_af_003,0,isotonic,0.0064794816414686825
mimic_perform_non_af_003,0,isotonic,0.009708737864077669
mimic_perform_non_af_003,0,isotonic,0.0064794816414686825
mimic_perform_non_af_003,0,isotonic,0.0064794816414686825
mimic_perform_non_af_003,0,isotonic,0.0064794816414686825
mimic_perform_non_af_003,0,isotonic,0.0064794816414686825
mimic_perform_non_af_003,0,isotonic,0.0064794816414686825
mimic_perform_non_af_003,0,isotonic,0.0064794816414686825
mimic_perform_non_af_003,0,isotonic,0.0064794816414686825
mimic_perform_non_af_003,0,isotonic,0.0064794816414686825
mimic_perform_non_af_003,0,isotonic,0.0064794816414686825
mimic_perform_non_af_003,0,isotonic,0.0064794816414686825
mimic_perform_non_af_003,0,isotonic,0.0064794816414686825
mimic_perform_non_af_003,0,isotonic,0.0064794816414686825
mimic_perform_non_af_003,0,isotonic,0.0064794816414686825
mimic_perform_non_af_003,0,isotonic,0.0064794816414686825
mimic_perform_non_af_003,0,isotonic,0.0064794816414686825
mimic_perform_non_af_003,0,isotonic,0.0064794816414686825
mimic_perform_non_af_003,0,isotonic,0.0064794816414686825
mimic_perform_non_af_003,0,isotonic,0.0064794816414686825
mimic_perform_non_af_003,0,isotonic,0.0064794816414686825
mimic_perform_non_af_003,0,isotonic,0.0064794816414686825
mimic_perform_non_af_003,0,isotonic,0.0064794816414686825
mimic_perform_non_af_003,0,isotonic,0.0064794816414686825
mimic_perform_non_af_003,0,isotonic,0.0064794816414686825
mimic_perform_non_af_003,0,isotonic,0.0064794816414686825
mimic_perform_non_af_003,0,isotonic,0.0064794816414686825
mimic_perform_non_af_003,0,isotonic,0.0064794816414686825
mimic_perform_non_af_003,0,isotonic,0.0064794816414686825
mimic_perform_non_af_003,0,isotonic,0.0064794816414686825
mimic_perform_non_af_003,0,isotonic,0.0064794816414686825
mimic_perform_non_af_003,0,isotonic,0.0064794816414686825
mimic_perform_non_af_003,0,isotonic,0.0064794816414686825
mimic_perform_non_af_003,0,isotonic,0.0064794816414686825
mimic_perform_non_af_003,0,isotonic,0.0064794816414686825
mimic_perform_non_af_003,0,isotonic,0.0064794816414686825
mimic_perform_non_af_003,0,isotonic,0.0064794816414686825
mimic_perform_non_af_003,0,isotonic,0.0064794816414686825
mimic_perform_non_af_003,0,isotonic,0.0064794816414686825
mimic_perform_non_af_003,0,isotonic,0.0064794816414686825
mimic_perform_non_af_003,0,isotonic,0.0064794816414686825
mimic_perform_non_af_003,0,isotonic,0.0064794816414686825
mimic_perform_non_af_003,0,raw,0.0
mimic_perform_non_af_003,0,raw,0.0
mimic_perform_non_af_003,0,raw,0.0
mimic_perform_non_af_003,0,raw,0.0
mimic_perform_non_af_003,0,raw,0.0
mimic_perform_non_af_003,0,raw,0.013333333333333334
mimic_perform_non_af_003,0,raw,0.006666666666666667
mimic_perform_non_af_003,0,raw,0.0022807017543859647
mimic_perform_non_af_003,0,raw,0.006666666666666667
mimic_perform_non_af_003,0,raw,0.013333333333333334
mimic_perform_non_af_003,0,raw,0.0
mimic_perform_non_af_003,0,raw,0.0
mimic_perform_non_af_003,0,raw,0.0
mimic_perform_non_af_003,0,raw,0.0
mimic_perform_non_af_003,0,raw,0.0
mimic_perform_non_af_003,0,raw,0.013333333333333334
mimic_perform_non_af_003,0,raw,0.013333333333333334
mimic_perform_non_af_003,0,raw,0.006666666666666667
mimic_perform_non_af_003,0,raw,0.0
mimic_perform_non_af_003,0,raw,0.0
mimic_perform_non_af_003,0,raw,0.0
mimic_perform_non_af_003,0,raw,0.0
mimic_perform_non_af_003,0,raw,0.0
mimic_perform_non_af_003,0,raw,0.0
mimic_perform_non_af_003,0,raw,0.0
mimic_perform_non_af_003,0,raw,0.0
mimic_perform_non_af_003,0,raw,0.0
mimic_perform_non_af_003,0,raw,0.0
mimic_perform_non_af_003,0,raw,0.0
mimic_perform_non_af_003,0,raw,0.0
mimic_perform_non_af_003,0,raw,0.0
mimic_perform_non_af_003,0,raw,0.0
mimic_perform_non_af_003,0,raw,0.0
mimic_perform_non_af_003,0,raw,0.0
mimic_perform_non_af_003,0,raw,0.006666666666666667
mimic_perform_non_af_003,0,raw,0.013333333333333334
mimic_perform_non_af_003,0,raw,0.0
mimic_perform_non_af_003,0,raw,0.0
mimic_perform_non_af_003,0,raw,0.0
mimic_perform_non_af_003,0,raw,0.0
mimic_perform_non_af_003,0,raw,0.0
mimic_perform_non_af_003,0,raw,0.0
mimic_perform_non_af_003,0,raw,0.0
mimic_perform_non_af_003,0,raw,0.0
mimic_perform_non_af_003,0,raw,0.0
mimic_perform_non_af_003,0,raw,0.0
mimic_perform_non_af_003,0,raw,0.013333333333333334
mimic_perform_non_af_003,0,raw,0.02
mimic_perform_non_af_003,0,raw,0.02
mimic_perform_non_af_003,0,raw,0.03061403508771929
mimic_perform_non_af_003,0,raw,0.02839181286549708
mimic_perform_non_af_003,0,raw,0.040058479532163745
mimic_perform_non_af_003,0,raw,0.03333333333333333
mimic_perform_non_af_003,0,raw,5.8479532163742686e-05
mimic_perform_non_af_003,0,raw,0.006725146198830409
mimic_perform_non_af_003,0,raw,0.006666666666666667
mimic_perform_non_af_003,0,raw,0.0
mimic_perform_non_af_003,0,raw,0.0
mimic_perform_non_af_003,0,raw,0.0
mimic_perform_non_af_003,0,raw,0.006666666666666667
mimic_perform_non_af_003,0,raw,0.013333333333333334
mimic_perform_non_af_003,0,raw,0.006666666666666667
mimic_perform_non_af_003,0,raw,0.0
mimic_perform_non_af_003,0,raw,0.0
mimic_perform_non_af_003,0,raw,0.02
mimic_perform_non_af_003,0,raw,0.013333333333333334
mimic_perform_non_af_003,0,raw,0.02
mimic_perform_non_af_003,0,raw,0.013391812865497078
mimic_perform_non_af_003,0,raw,0.006547631405931001
mimic_perform_non_af_003,0,raw,5.8479532163742686e-05
mimic_perform_non_af_003,0,raw,0.006725146198830409
mimic_perform_non_af_003,0,raw,0.02666666666666667
mimic_perform_non_af_003,0,raw,0.006666666666666667
mimic_perform_non_af_003,0,raw,0.0
mimic_perform_non_af_003,0,raw,0.02
mimic_perform_non_af_003,0,raw,0.006666666666666667
mimic_perform_non_af_003,0,raw,0.006666666666666667
mimic_perform_non_af_003,0,raw,0.04
mimic_perform_non_af_003,0,raw,0.0
mimic_perform_non_af_003,0,raw,0.0
mimic_perform_non_af_003,0,raw,0.0
mimic_perform_non_af_003,0,raw,0.0
mimic_perform_non_af_003,0,raw,0.0
mimic_perform_non_af_003,0,raw,0.0
mimic_perform_non_af_003,0,raw,0.0
mimic_perform_non_af_003,0,raw,0.0
mimic_perform_non_af_003,0,raw,0.0
mimic_perform_non_af_003,0,raw,0.0
mimic_perform_non_af_003,0,raw,0.006666666666666667
mimic_perform_non_af_003,0,raw,0.006666666666666667
mimic_perform_non_af_003,0,raw,0.0
mimic_perform_non_af_003,0,raw,0.0
mimic_perform_non_af_003,0,raw,0.0
mimic_perform_non_af_003,0,raw,0.0
mimic_perform_non_af_003,0,raw,0.006666666666666667
mimic_perform_non_af_003,0,raw,0.006666666666666667
mimic_perform_non_af_003,0,raw,0.0
mimic_perform_non_af_003,0,raw,0.0
mimic_perform_non_af_003,0,raw,0.0
mimic_perform_non_af_003,0,raw,0.006666666666666667
mimic_perform_non_af_003,0,raw,0.0
mimic_perform_non_af_003,0,raw,0.0
mimic_perform_non_af_003,0,raw,0.0
mimic_perform_non_af_003,0,raw,0.006666666666666667
mimic_perform_non_af_003,0,raw,0.0
mimic_perform_non_af_003,0,raw,0.0
mimic_perform_non_af_003,0,raw,0.0
mimic_perform_non_af_003,0,raw,0.0
mimic_perform_non_af_003,0,raw,0.0
mimic_perform_non_af_003,0,raw,0.0
mimic_perform_non_af_003,0,raw,0.0
mimic_perform_non_af_003,0,raw,0.0
mimic_perform_non_af_003,0,raw,0.0
mimic_perform_non_af_003,0,raw,0.0
mimic_perform_non_af_003,0,raw,0.0
mimic_perform_non_af_003,0,raw,0.0
mimic_perform_non_af_003,0,raw,0.0
mimic_perform_non_af_003,0,raw,0.0
mimic_perform_non_af_004,0,sigmoid,0.0683847614930987
mimic_perform_non_af_004,0,sigmoid,0.060251249573413435
mimic_perform_non_af_004,0,sigmoid,0.0289433459053161
mimic_perform_non_af_004,0,sigmoid,0.037483804804649946
mimic_perform_non_af_004,0,sigmoid,0.03752500109742319
mimic_perform_non_af_004,0,sigmoid,0.03357557369256165
mimic_perform_non_af_004,0,sigmoid,0.07393816816957618
mimic_perform_non_af_004,0,sigmoid,0.0289433459053161
mimic_perform_non_af_004,0,sigmoid,0.0289433459053161
mimic_perform_non_af_004,0,sigmoid,0.0289433459053161
mimic_perform_non_af_004,0,sigmoid,0.0289433459053161
mimic_perform_non_af_004,0,sigmoid,0.0289433459053161
mimic_perform_non_af_004,0,sigmoid,0.0289433459053161
mimic_perform_non_af_004,0,sigmoid,0.0289433459053161
mimic_perform_non_af_004,0,sigmoid,0.07441485057356736
mimic_perform_non_af_004,0,sigmoid,0.07813318447742984
mimic_perform_non_af_004,0,sigmoid,0.06920538492824095
mimic_perform_non_af_004,0,sigmoid,0.0289433459053161
mimic_perform_non_af_004,0,sigmoid,0.0289433459053161
mimic_perform_non_af_004,0,sigmoid,0.0289433459053161
mimic_perform_non_af_004,0,sigmoid,0.0289433459053161
mimic_perform_non_af_004,0,sigmoid,0.0289433459053161
mimic_perform_non_af_004,0,sigmoid,0.0289433459053161
mimic_perform_non_af_004,0,sigmoid,0.0289433459053161
mimic_perform_non_af_004,0,sigmoid,0.0289433459053161
mimic_perform_non_af_004,0,sigmoid,0.0289433459053161
mimic_perform_non_af_004,0,sigmoid,0.04995745752841643
mimic_perform_non_af_004,0,sigmoid,0.06472975707695611
mimic_perform_non_af_004,0,sigmoid,0.029483640650837115
mimic_perform_non_af_004,0,sigmoid,0.037792920570010345
mimic_perform_non_af_004,0,sigmoid,0.049147235794714236
mimic_perform_non_af_004,0,sigmoid,0.0289433459053161
mimic_perform_non_af_004,0,sigmoid,0.0289433459053161
mimic_perform_non_af_004,0,sigmoid,0.0289433459053161
mimic_perform_non_af_004,0,sigmoid,0.0289433459053161
mimic_perform_non_af_004,0,sigmoid,0.052223153271272915
mimic_perform_non_af_004,0,sigmoid,0.027366569671461588
mimic_perform_non_af_004,0,sigmoid,0.0238886158934229
mimic_perform_non_af_004,0,sigmoid,0.04874811492948257
mimic_perform_non_af_004,0,sigmoid,0.051572071984546
mimic_perform_non_af_004,0,sigmoid,0.040274109640378204
mimic_perform_non_af_004,0,sigmoid,0.0289433459053161
mimic_perform_non_af_004,0,sigmoid,0.0289433459053161
mimic_perform_non_af_004,0,sigmoid,0.0289433459053161
mimic_perform_non_af_004,0,sigmoid,0.0289433459053161
mimic_perform_non_af_004,0,sigmoid,0.0289433459053161
mimic_perform_non_af_004,0,sigmoid,0.054953267853497
mimic_perform_non_af_004,0,sigmoid,0.051572071984546
mimic_perform_non_af_004,0,sigmoid,0.04984966676572732
mimic_perform_non_af_004,0,sigmoid,0.0289433459053161
mimic_perform_non_af_004,0,sigmoid,0.0289433459053161
mimic_perform_non_af_004,0,sigmoid,0.030006729683961498
mimic_perform_non_af_004,0,sigmoid,0.05747298062012215
mimic_perform_non_af_004,0,sigmoid,0.07212176649361458
mimic_perform_non_af_004,0,sigmoid,0.09701221627964615
mimic_perform_non_af_004,0,sigmoid,0.09458838373670367
mimic_perform_non_af_004,0,sigmoid,0.037923948682405145
mimic_perform_non_af_004,0,sigmoid,0.0289433459053161
mimic_perform_non_af_004,0,sigmoid,0.0289433459053161
mimic_perform_non_af_004,0,sigmoid,0.0289433459053161
mimic_perform_non_af_004,0,sigmoid,0.028997175191166534
mimic_perform_non_af_004,0,sigmoid,0.028997175191166534
mimic_perform_non_af_004,0,sigmoid,0.02908316641418042
mimic_perform_non_af_004,0,sigmoid,0.0289433459053161
mimic_perform_non_af_004,0,sigmoid,0.0289433459053161
mimic_perform_non_af_004,0,sigmoid,0.0289433459053161
mimic_perform_non_af_004,0,sigmoid,0.0289433459053161
mimic_perform_non_af_004,0,sigmoid,0.0289433459053161
mimic_perform_non_af_004,0,sigmoid,0.0289433459053161
mimic_perform_non_af_004,0,sigmoid,0.0289433459053161
mimic_perform_non_af_004,0,sigmoid,0.06782489749653027
mimic_perform_non_af_004,0,sigmoid,0.06533880567683681
mimic_perform_non_af_004,0,sigmoid,0.05903196894946018
mimic_perform_non_af_004,0,sigmoid,0.0289433459053161
mimic_perform_non_af_004,0,sigmoid,0.0289433459053161
mimic_perform_non_af_004,0,sigmoid,0.0289433459053161
mimic_perform_non_af_004,0,sigmoid,0.0289433459053161
mimic_perform_non_af_004,0,sigmoid,0.0289433459053161
mimic_perform_non_af_004,0,sigmoid,0.0289433459053161
mimic_perform_non_af_004,0,sigmoid,0.0289433459053161
mimic_perform_non_af_004,0,sigmoid,0.08236925494181278
mimic_perform_non_af_004,0,sigmoid,0.03164739247668537
mimic_perform_non_af_004,0,sigmoid,0.03152816923525605
mimic_perform_non_af_004,0,sigmoid,0.04436991821079107
mimic_perform_non_af_004,0,sigmoid,0.0289433459053161
mimic_perform_non_af_004,0,sigmoid,0.07614586912784206
mimic_perform_non_af_004,0,sigmoid,0.07665072326068378
mimic_perform_non_af_004,0,sigmoid,0.07435497380299705
mimic_perform_non_af_004,0,sigmoid,0.0289433459053161
mimic_perform_non_af_004,0,sigmoid,0.0289433459053161
mimic_perform_non_af_004,0,sigmoid,0.0289433459053161
mimic_perform_non_af_004,0,sigmoid,0.0289433459053161
mimic_perform_non_af_004,0,sigmoid,0.0289433459053161
mimic_perform_non_af_004,0,sigmoid,0.0289433459053161
mimic_perform_non_af_004,0,sigmoid,0.0289433459053161
mimic_perform_non_af_004,0,sigmoid,0.0289433459053161
mimic_perform_non_af_004,0,sigmoid,0.0289433459053161
mimic_perform_non_af_004,0,sigmoid,0.0289433459053161
mimic_perform_non_af_004,0,sigmoid,0.0289433459053161
mimic_perform_non_af_004,0,sigmoid,0.0289433459053161
mimic_perform_non_af_004,0,sigmoid,0.0289433459053161
mimic_perform_non_af_004,0,sigmoid,0.040776895290213964
mimic_perform_non_af_004,0,sigmoid,0.03828545453683122
mimic_perform_non_af_004,0,sigmoid,0.03802880491706691
mimic_perform_non_af_004,0,sigmoid,0.05165725087435994
mimic_perform_non_af_004,0,sigmoid,0.0289433459053161
mimic_perform_non_af_004,0,sigmoid,0.0289433459053161
mimic_perform_non_af_004,0,sigmoid,0.0289433459053161
mimic_perform_non_af_004,0,sigmoid,0.07170071174993373
mimic_perform_non_af_004,0,sigmoid,0.07501713455587697
mimic_perform_non_af_004,0,sigmoid,0.07245853558635382
mimic_perform_non_af_004,0,sigmoid,0.0289433459053161
mimic_perform_non_af_004,0,sigmoid,0.04889070209435808
mimic_perform_non_af_004,0,sigmoid,0.054099596832338
mimic_perform_non_af_004,0,sigmoid,0.10549261812869246
mimic_perform_non_af_004,0,sigmoid,0.042293699220718385
mimic_perform_non_af_004,0,sigmoid,0.05232462454251869
mimic_perform_non_af_004,0,sigmoid,0.049957229781032064
mimic_perform_non_af_004,0,isotonic,0.10526315789473684
mimic_perform_non_af_004,0,isotonic,0.10526315789473684
mimic_perform_non_af_004,0,isotonic,0.041666666666666664
mimic_perform_non_af_004,0,isotonic,0.10526315789473684
mimic_perform_non_af_004,0,isotonic,0.10526315789473684
mimic_perform_non_af_004,0,isotonic,0.07692307692307693
mimic_perform_non_af_004,0,isotonic,0.10526315789473684
mimic_perform_non_af_004,0,isotonic,0.041666666666666664
mimic_perform_non_af_004,0,isotonic,0.041666666666666664
mimic_perform_non_af_004,0,isotonic,0.041666666666666664
mimic_perform_non_af_004,0,isotonic,0.041666666666666664
mimic_perform_non_af_004,0,isotonic,0.041666666666666664
mimic_perform_non_af_004,0,isotonic,0.041666666666666664
mimic_perform_non_af_004,0,isotonic,0.041666666666666664
mimic_perform_non_af_004,0,isotonic,0.10526315789473684
mimic_perform_non_af_004,0,isotonic,0.10526315789473684
mimic_perform_non_af_004,0,isotonic,0.10526315789473684
mimic_perform_non_af_004,0,isotonic,0.041666666666666664
mimic_perform_non_af_004,0,isotonic,0.041666666666666664
mimic_perform_non_af_004,0,isotonic,0.041666666666666664
mimic_perform_non_af_004,0,isotonic,0.041666666666666664
mimic_perform_non_af_004,0,isotonic,0.041666666666666664
mimic_perform_non_af_004,0,isotonic,0.041666666666666664
mimic_perform_non_af_004,0,isotonic,0.041666666666666664
mimic_perform_non_af_004,0,isotonic,0.041666666666666664
mimic_perform_non_af_004,0,isotonic,0.041666666666666664
mimic_perform_non_af_004,0,isotonic,0.10526315789473684
mimic_perform_non_af_004,0,isotonic,0.10526315789473684
mimic_perform_non_af_004,0,isotonic,0.041666666666666664
mimic_perform_non_af_004,0,isotonic,0.10526315789473684
mimic_perform_non_af_004,0,isotonic,0.10526315789473684
mimic_perform_non_af_004,0,isotonic,0.041666666666666664
mimic_perform_non_af_004,0,isotonic,0.041666666666666664
mimic_perform_non_af_004,0,isotonic,0.041666666666666664
mimic_perform_non_af_004,0,isotonic,0.041666666666666664
mimic_perform_non_af_004,0,isotonic,0.10526315789473684
mimic_perform_non_af_004,0,isotonic,0.041666666666666664
mimic_perform_non_af_004,0,isotonic,0.041666666666666664
mimic_perform_non_af_004,0,isotonic,0.10526315789473684
mimic_perform_non_af_004,0,isotonic,0.10526315789473684
mimic_perform_non_af_004,0,isotonic,0.10526315789473684
mimic_perform_non_af_004,0,isotonic,0.041666666666666664
mimic_perform_non_af_004,0,isotonic,0.041666666666666664
mimic_perform_non_af_004,0,isotonic,0.041666666666666664
mimic_perform_non_af_004,0,isotonic,0.041666666666666664
mimic_perform_non_af_004,0,isotonic,0.041666666666666664
mimic_perform_non_af_004,0,isotonic,0.10526315789473684
mimic_perform_non_af_004,0,isotonic,0.10526315789473684
mimic_perform_non_af_004,0,isotonic,0.10526315789473684
mimic_perform_non_af_004,0,isotonic,0.041666666666666664
mimic_perform_non_af_004,0,isotonic,0.041666666666666664
mimic_perform_non_af_004,0,isotonic,0.041666666666666664
mimic_perform_non_af_004,0,isotonic,0.10526315789473684
mimic_perform_non_af_004,0,isotonic,0.10526315789473684
mimic_perform_non_af_004,0,isotonic,0.10526315789473684
mimic_perform_non_af_004,0,isotonic,0.10526315789473684
mimic_perform_non_af_004,0,isotonic,0.10526315789473684
mimic_perform_non_af_004,0,isotonic,0.041666666666666664
mimic_perform_non_af_004,0,isotonic,0.041666666666666664
mimic_perform_non_af_004,0,isotonic,0.041666666666666664
mimic_perform_non_af_004,0,isotonic,0.041666666666666664
mimic_perform_non_af_004,0,isotonic,0.041666666666666664
mimic_perform_non_af_004,0,isotonic,0.041666666666666664
mimic_perform_non_af_004,0,isotonic,0.041666666666666664
mimic_perform_non_af_004,0,isotonic,0.041666666666666664
mimic_perform_non_af_004,0,isotonic,0.041666666666666664
mimic_perform_non_af_004,0,isotonic,0.041666666666666664
mimic_perform_non_af_004,0,isotonic,0.041666666666666664
mimic_perform_non_af_004,0,isotonic,0.041666666666666664
mimic_perform_non_af_004,0,isotonic,0.041666666666666664
mimic_perform_non_af_004,0,isotonic,0.10526315789473684
mimic_perform_non_af_004,0,isotonic,0.10526315789473684
mimic_perform_non_af_004,0,isotonic,0.10526315789473684
mimic_perform_non_af_004,0,isotonic,0.041666666666666664
mimic_perform_non_af_004,0,isotonic,0.041666666666666664
mimic_perform_non_af_004,0,isotonic,0.041666666666666664
mimic_perform_non_af_004,0,isotonic,0.041666666666666664
mimic_perform_non_af_004,0,isotonic,0.041666666666666664
mimic_perform_non_af_004,0,isotonic,0.041666666666666664
mimic_perform_non_af_004,0,isotonic,0.041666666666666664
mimic_perform_non_af_004,0,isotonic,0.10526315789473684
mimic_perform_non_af_004,0,isotonic,0.07692307692307693
mimic_perform_non_af_004,0,isotonic,0.07692307692307693
mimic_perform_non_af_004,0,isotonic,0.10526315789473684
mimic_perform_non_af_004,0,isotonic,0.041666666666666664
mimic_perform_non_af_004,0,isotonic,0.10526315789473684
mimic_perform_non_af_004,0,isotonic,0.10526315789473684
mimic_perform_non_af_004,0,isotonic,0.10526315789473684
mimic_perform_non_af_004,0,isotonic,0.041666666666666664
mimic_perform_non_af_004,0,isotonic,0.041666666666666664
mimic_perform_non_af_004,0,isotonic,0.041666666666666664
mimic_perform_non_af_004,0,isotonic,0.041666666666666664
mimic_perform_non_af_004,0,isotonic,0.041666666666666664
mimic_perform_non_af_004,0,isotonic,0.041666666666666664
mimic_perform_non_af_004,0,isotonic,0.041666666666666664
mimic_perform_non_af_004,0,isotonic,0.041666666666666664
mimic_perform_non_af_004,0,isotonic,0.041666666666666664
mimic_perform_non_af_004,0,isotonic,0.041666666666666664
mimic_perform_non_af_004,0,isotonic,0.041666666666666664
mimic_perform_non_af_004,0,isotonic,0.041666666666666664
mimic_perform_non_af_004,0,isotonic,0.041666666666666664
mimic_perform_non_af_004,0,isotonic,0.10526315789473684
mimic_perform_non_af_004,0,isotonic,0.10526315789473684
mimic_perform_non_af_004,0,isotonic,0.10526315789473684
mimic_perform_non_af_004,0,isotonic,0.10526315789473684
mimic_perform_non_af_004,0,isotonic,0.041666666666666664
mimic_perform_non_af_004,0,isotonic,0.041666666666666664
mimic_perform_non_af_004,0,isotonic,0.041666666666666664
mimic_perform_non_af_004,0,isotonic,0.10526315789473684
mimic_perform_non_af_004,0,isotonic,0.10526315789473684
mimic_perform_non_af_004,0,isotonic,0.10526315789473684
mimic_perform_non_af_004,0,isotonic,0.041666666666666664
mimic_perform_non_af_004,0,isotonic,0.10526315789473684
mimic_perform_non_af_004,0,isotonic,0.10526315789473684
mimic_perform_non_af_004,0,isotonic,0.10526315789473684
mimic_perform_non_af_004,0,isotonic,0.10526315789473684
mimic_perform_non_af_004,0,isotonic,0.10526315789473684
mimic_perform_non_af_004,0,isotonic,0.10526315789473684
mimic_perform_non_af_004,0,raw,0.2498046073328956
mimic_perform_non_af_004,0,raw,0.23131640484469315
mimic_perform_non_af_004,0,raw,0.12666666666666668
mimic_perform_non_af_004,0,raw,0.16320092637584008
mimic_perform_non_af_004,0,raw,0.16335685000108902
mimic_perform_non_af_004,0,raw,0.14760333102924078
mimic_perform_non_af_004,0,raw,0.2612891600039938
mimic_perform_non_af_004,0,raw,0.12666666666666668
mimic_perform_non_af_004,0,raw,0.12666666666666668
mimic_perform_non_af_004,0,raw,0.12666666666666668
mimic_perform_non_af_004,0,raw,0.12666666666666668
mimic_perform_non_af_004,0,raw,0.12666666666666668
mimic_perform_non_af_004,0,raw,0.12666666666666668
mimic_perform_non_af_004,0,raw,0.12666666666666668
mimic_perform_non_af_004,0,raw,0.26223751441952065
mimic_perform_non_af_004,0,raw,0.26944930111503684
mimic_perform_non_af_004,0,raw,0.25155477986567687
mimic_perform_non_af_004,0,raw,0.12666666666666668
mimic_perform_non_af_004,0,raw,0.12666666666666668
mimic_perform_non_af_004,0,raw,0.12666666666666668
mimic_perform_non_af_004,0,raw,0.12666666666666668
mimic_perform_non_af_004,0,raw,0.12666666666666668
mimic_perform_non_af_004,0,raw,0.12666666666666668
mimic_perform_non_af_004,0,raw,0.12666666666666668
mimic_perform_non_af_004,0,raw,0.12666666666666668
mimic_perform_non_af_004,0,raw,0.12666666666666668
mimic_perform_non_af_004,0,raw,0.2042307963745045
mimic_perform_non_af_004,0,raw,0.2417648767665339
mimic_perform_non_af_004,0,raw,0.12926964343778274
mimic_perform_non_af_004,0,raw,0.16436690135990978
mimic_perform_non_af_004,0,raw,0.20188032259515634
mimic_perform_non_af_004,0,raw,0.12666666666666668
mimic_perform_non_af_004,0,raw,0.12666666666666668
mimic_perform_non_af_004,0,raw,0.12666666666666668
mimic_perform_non_af_004,0,raw,0.12666666666666668
mimic_perform_non_af_004,0,raw,0.2106169670862177
mimic_perform_non_af_004,0,raw,0.11879143625417735
mimic_perform_non_af_004,0,raw,0.09973346957156934
mimic_perform_non_af_004,0,raw,0.20070892320892322
mimic_perform_non_af_004,0,raw,0.20880907398442114
mimic_perform_non_af_004,0,raw,0.17340733590733592
mimic_perform_non_af_004,0,raw,0.12666666666666668
mimic_perform_non_af_004,0,raw,0.12666666666666668
mimic_perform_non_af_004,0,raw,0.12666666666666668
mimic_perform_non_af_004,0,raw,0.12666666666666668
mimic_perform_non_af_004,0,raw,0.12666666666666668
mimic_perform_non_af_004,0,raw,0.21797319495767853
mimic_perform_non_af_004,0,raw,0.20880907398442114
mimic_perform_non_af_004,0,raw,0.20392018509553225
mimic_perform_non_af_004,0,raw,0.12666666666666668
mimic_perform_non_af_004,0,raw,0.12666666666666668
mimic_perform_non_af_004,0,raw,0.13174603174603172
mimic_perform_non_af_004,0,raw,0.22446316647371106
mimic_perform_non_af_004,0,raw,0.2576230911992546
mimic_perform_non_af_004,0,raw,0.3018453134214768
mimic_perform_non_af_004,0,raw,0.2980221125900632
mimic_perform_non_af_004,0,raw,0.16485837250543134
mimic_perform_non_af_004,0,raw,0.12666666666666668
mimic_perform_non_af_004,0,raw,0.12666666666666668
mimic_perform_non_af_004,0,raw,0.12666666666666668
mimic_perform_non_af_004,0,raw,0.1269281045751634
mimic_perform_non_af_004,0,raw,0.1269281045751634
mimic_perform_non_af_004,0,raw,0.12734477124183005
mimic_perform_non_af_004,0,raw,0.12666666666666668
mimic_perform_non_af_004,0,raw,0.12666666666666668
mimic_perform_non_af_004,0,raw,0.12666666666666668
mimic_perform_non_af_004,0,raw,0.12666666666666668
mimic_perform_non_af_004,0,raw,0.12666666666666668
mimic_perform_non_af_004,0,raw,0.12666666666666668
mimic_perform_non_af_004,0,raw,0.12666666666666668
mimic_perform_non_af_004,0,raw,0.24859936437560226
mimic_perform_non_af_004,0,raw,0.24313339830874545
mimic_perform_non_af_004,0,raw,0.2283460393166276
mimic_perform_non_af_004,0,raw,0.12666666666666668
mimic_perform_non_af_004,0,raw,0.12666666666666668
mimic_perform_non_af_004,0,raw,0.12666666666666668
mimic_perform_non_af_004,0,raw,0.12666666666666668
mimic_perform_non_af_004,0,raw,0.12666666666666668
mimic_perform_non_af_004,0,raw,0.12666666666666668
mimic_perform_non_af_004,0,raw,0.12666666666666668
mimic_perform_non_af_004,0,raw,0.2772920787760966
mimic_perform_non_af_004,0,raw,0.13925050245429393
mimic_perform_non_af_004,0,raw,0.1387180059012582
mimic_perform_non_af_004,0,raw,0.1872243293713882
mimic_perform_non_af_004,0,raw,0.12666666666666668
mimic_perform_non_af_004,0,raw,0.26563503748542117
mimic_perform_non_af_004,0,raw,0.26661257567050656
mimic_perform_non_af_004,0,raw,0.2621186976161401
mimic_perform_non_af_004,0,raw,0.12666666666666668
mimic_perform_non_af_004,0,raw,0.12666666666666668
mimic_perform_non_af_004,0,raw,0.12666666666666668
mimic_perform_non_af_004,0,raw,0.12666666666666668
mimic_perform_non_af_004,0,raw,0.12666666666666668
mimic_perform_non_af_004,0,raw,0.12666666666666668
mimic_perform_non_af_004,0,raw,0.12666666666666668
mimic_perform_non_af_004,0,raw,0.12666666666666668
mimic_perform_non_af_004,0,raw,0.12666666666666668
mimic_perform_non_af_004,0,raw,0.12666666666666668
mimic_perform_non_af_004,0,raw,0.12666666666666668
mimic_perform_non_af_004,0,raw,0.12666666666666668
mimic_perform_non_af_004,0,raw,0.12666666666666668
mimic_perform_non_af_004,0,raw,0.1751740290710879
mimic_perform_non_af_004,0,raw,0.1662059286065722
mimic_perform_non_af_004,0,raw,0.16525050245429393
mimic_perform_non_af_004,0,raw,0.209046817624474
mimic_perform_non_af_004,0,raw,0.12666666666666668
mimic_perform_non_af_004,0,raw,0.12666666666666668
mimic_perform_non_af_004,0,raw,0.12666666666666668
mimic_perform_non_af_004,0,raw,0.2567611290720261
mimic_perform_non_af_004,0,raw,0.26342779573869274
mimic_perform_non_af_004,0,raw,0.2583091738066163
mimic_perform_non_af_004,0,raw,0.12666666666666668
mimic_perform_non_af_004,0,raw,0.20112845027753523
mimic_perform_non_af_004,0,raw,0.21571075424796124
mimic_perform_non_af_004,0,raw,0.31458435422851383
mimic_perform_non_af_004,0,raw,0.1803801832118058
mimic_perform_non_af_004,0,raw,0.21089680743096167
mimic_perform_non_af_004,0,raw,0.204230140764295
mimic_perform_non_af_005,0,sigmoid,0.0123587024099733
mimic_perform_non_af_005,0,sigmoid,0.0123587024099733
mimic_perform_non_af_005,0,sigmoid,0.0123587024099733
mimic_perform_non_af_005,0,sigmoid,0.0123587024099733
mimic_perform_non_af_005,0,sigmoid,0.0123587024099733
mimic_perform_non_af_005,0,sigmoid,0.012362540867102395
mimic_perform_non_af_005,0,sigmoid,0.012362540867102395
mimic_perform_non_af_005,0,sigmoid,0.012362540867102395
mimic_perform_non_af_005,0,sigmoid,0.012362540867102395
mimic_perform_non_af_005,0,sigmoid,0.012362540867102395
mimic_perform_non_af_005,0,sigmoid,0.0123587024099733
mimic_perform_non_af_005,0,sigmoid,0.0123587024099733
mimic_perform_non_af_005,0,sigmoid,0.0123587024099733
mimic_perform_non_af_005,0,sigmoid,0.0123587024099733
mimic_perform_non_af_005,0,sigmoid,0.0123587024099733
mimic_perform_non_af_005,0,sigmoid,0.012362540867102395
mimic_perform_non_af_005,0,sigmoid,0.0123587024099733
mimic_perform_non_af_005,0,sigmoid,0.0123587024099733
mimic_perform_non_af_005,0,sigmoid,0.0123587024099733
mimic_perform_non_af_005,0,sigmoid,0.012362540867102395
mimic_perform_non_af_005,0,sigmoid,0.012362540867102395
mimic_perform_non_af_005,0,sigmoid,0.0123587024099733
mimic_perform_non_af_005,0,sigmoid,0.012362540867102395
mimic_perform_non_af_005,0,sigmoid,0.0123587024099733
mimic_perform_non_af_005,0,sigmoid,0.0123587024099733
mimic_perform_non_af_005,0,sigmoid,0.0123587024099733
mimic_perform_non_af_005,0,sigmoid,0.012362540867102395
mimic_perform_non_af_005,0,sigmoid,0.012362540867102395
mimic_perform_non_af_005,0,sigmoid,0.012362540867102395
mimic_perform_non_af_005,0,sigmoid,0.012362540867102395
mimic_perform_non_af_005,0,sigmoid,0.0123587024099733
mimic_perform_non_af_005,0,sigmoid,0.0123587024099733
mimic_perform_non_af_005,0,sigmoid,0.0123587024099733
mimic_perform_non_af_005,0,sigmoid,0.0123587024099733
mimic_perform_non_af_005,0,sigmoid,0.011781414554573951
mimic_perform_non_af_005,0,sigmoid,0.012362540867102395
mimic_perform_non_af_005,0,sigmoid,0.012362540867102395
mimic_perform_non_af_005,0,sigmoid,0.012362540867102395
mimic_perform_non_af_005,0,sigmoid,0.0123587024099733
mimic_perform_non_af_005,0,sigmoid,0.0123587024099733
mimic_perform_non_af_005,0,sigmoid,0.0123587024099733
mimic_perform_non_af_005,0,sigmoid,0.0123587024099733
mimic_perform_non_af_005,0,sigmoid,0.011777754380195585
mimic_perform_non_af_005,0,sigmoid,0.0123587024099733
mimic_perform_non_af_005,0,sigmoid,0.012362540867102395
mimic_perform_non_af_005,0,sigmoid,0.012362540867102395
mimic_perform_non_af_005,0,sigmoid,0.012362540867102395
mimic_perform_non_af_005,0,sigmoid,0.012362540867102395
mimic_perform_non_af_005,0,sigmoid,0.012362540867102395
mimic_perform_non_af_005,0,sigmoid,0.0123587024099733
mimic_perform_non_af_005,0,sigmoid,0.0123587024099733
mimic_perform_non_af_005,0,sigmoid,0.0123587024099733
mimic_perform_non_af_005,0,sigmoid,0.0123587024099733
mimic_perform_non_af_005,0,sigmoid,0.0123587024099733
mimic_perform_non_af_005,0,sigmoid,0.0123587024099733
mimic_perform_non_af_005,0,sigmoid,0.012362540867102395
mimic_perform_non_af_005,0,sigmoid,0.012362540867102395
mimic_perform_non_af_005,0,sigmoid,0.0123587024099733
mimic_perform_non_af_005,0,sigmoid,0.0123587024099733
mimic_perform_non_af_005,0,sigmoid,0.0123587024099733
mimic_perform_non_af_005,0,sigmoid,0.012362540867102395
mimic_perform_non_af_005,0,sigmoid,0.011781414554573951
mimic_perform_non_af_005,0,sigmoid,0.012362540867102395
mimic_perform_non_af_005,0,sigmoid,0.0123587024099733
mimic_perform_non_af_005,0,sigmoid,0.0123587024099733
mimic_perform_non_af_005,0,sigmoid,0.0123587024099733
mimic_perform_non_af_005,0,sigmoid,0.0123587024099733
mimic_perform_non_af_005,0,sigmoid,0.012362540867102395
mimic_perform_non_af_005,0,sigmoid,0.0123587024099733
mimic_perform_non_af_005,0,sigmoid,0.0123587024099733
mimic_perform_non_af_005,0,sigmoid,0.012362540867102395
mimic_perform_non_af_005,0,sigmoid,0.012362540867102395
mimic_perform_non_af_005,0,sigmoid,0.011781414554573951
mimic_perform_non_af_005,0,sigmoid,0.011781414554573951
mimic_perform_non_af_005,0,sigmoid,0.0123587024099733
mimic_perform_non_af_005,0,sigmoid,0.0123587024099733
mimic_perform_non_af_005,0,sigmoid,0.0123587024099733
mimic_perform_non_af_005,0,sigmoid,0.0123587024099733
mimic_perform_non_af_005,0,sigmoid,0.0123587024099733
mimic_perform_non_af_005,0,sigmoid,0.0123587024099733
mimic_perform_non_af_005,0,sigmoid,0.0123587024099733
mimic_perform_non_af_005,0,sigmoid,0.012362540867102395
mimic_perform_non_af_005,0,sigmoid,0.012362540867102395
mimic_perform_non_af_005,0,sigmoid,0.0123587024099733
mimic_perform_non_af_005,0,sigmoid,0.0123587024099733
mimic_perform_non_af_005,0,sigmoid,0.012362540867102395
mimic_perform_non_af_005,0,sigmoid,0.012362540867102395
mimic_perform_non_af_005,0,sigmoid,0.0123587024099733
mimic_perform_non_af_005,0,sigmoid,0.012362540867102395
mimic_perform_non_af_005,0,sigmoid,0.012362540867102395
mimic_perform_non_af_005,0,sigmoid,0.011781414554573951
mimic_perform_non_af_005,0,sigmoid,0.0123587024099733
mimic_perform_non_af_005,0,sigmoid,0.012362540867102395
mimic_perform_non_af_005,0,sigmoid,0.012362540867102395
mimic_perform_non_af_005,0,sigmoid,0.012362540867102395
mimic_perform_non_af_005,0,sigmoid,0.012362540867102395
mimic_perform_non_af_005,0,sigmoid,0.011777754380195585
mimic_perform_non_af_005,0,sigmoid,0.011777754380195585
mimic_perform_non_af_005,0,sigmoid,0.011777754380195585
mimic_perform_non_af_005,0,sigmoid,0.0123587024099733
mimic_perform_non_af_005,0,sigmoid,0.0123587024099733
mimic_perform_non_af_005,0,sigmoid,0.0123587024099733
mimic_perform_non_af_005,0,sigmoid,0.0123587024099733
mimic_perform_non_af_005,0,sigmoid,0.0123587024099733
mimic_perform_non_af_005,0,sigmoid,0.012362540867102395
mimic_perform_non_af_005,0,sigmoid,0.012362540867102395
mimic_perform_non_af_005,0,sigmoid,0.012362540867102395
mimic_perform_non_af_005,0,sigmoid,0.012362540867102395
mimic_perform_non_af_005,0,sigmoid,0.0123587024099733
mimic_perform_non_af_005,0,sigmoid,0.0123587024099733
mimic_perform_non_af_005,0,sigmoid,0.0123587024099733
mimic_perform_non_af_005,0,sigmoid,0.012362540867102395
mimic_perform_non_af_005,0,sigmoid,0.012362540867102395
mimic_perform_non_af_005,0,sigmoid,0.0123587024099733
mimic_perform_non_af_005,0,sigmoid,0.012362540867102395
mimic_perform_non_af_005,0,sigmoid,0.0123587024099733
mimic_perform_non_af_005,0,sigmoid,0.0123587024099733
mimic_perform_non_af_005,0,sigmoid,0.012362540867102395
mimic_perform_non_af_005,0,isotonic,0.011560693641618497
mimic_perform_non_af_005,0,isotonic,0.011560693641618497
mimic_perform_non_af_005,0,isotonic,0.011560693641618497
mimic_perform_non_af_005,0,isotonic,0.011560693641618497
mimic_perform_non_af_005,0,isotonic,0.011560693641618497
mimic_perform_non_af_005,0,isotonic,0.011560693641618497
mimic_perform_non_af_005,0,isotonic,0.011560693641618497
mimic_perform_non_af_005,0,isotonic,0.011560693641618497
mimic_perform_non_af_005,0,isotonic,0.011560693641618497
mimic_perform_non_af_005,0,isotonic,0.011560693641618497
mimic_perform_non_af_005,0,isotonic,0.011560693641618497
mimic_perform_non_af_005,0,isotonic,0.011560693641618497
mimic_perform_non_af_005,0,isotonic,0.011560693641618497
mimic_perform_non_af_005,0,isotonic,0.011560693641618497
mimic_perform_non_af_005,0,isotonic,0.011560693641618497
mimic_perform_non_af_005,0,isotonic,0.011560693641618497
mimic_perform_non_af_005,0,isotonic,0.011560693641618497
mimic_perform_non_af_005,0,isotonic,0.011560693641618497
mimic_perform_non_af_005,0,isotonic,0.011560693641618497
mimic_perform_non_af_005,0,isotonic,0.011560693641618497
mimic_perform_non_af_005,0,isotonic,0.011560693641618497
mimic_perform_non_af_005,0,isotonic,0.011560693641618497
mimic_perform_non_af_005,0,isotonic,0.011560693641618497
mimic_perform_non_af_005,0,isotonic,0.011560693641618497
mimic_perform_non_af_005,0,isotonic,0.011560693641618497
mimic_perform_non_af_005,0,isotonic,0.011560693641618497
mimic_perform_non_af_005,0,isotonic,0.011560693641618497
mimic_perform_non_af_005,0,isotonic,0.011560693641618497
mimic_perform_non_af_005,0,isotonic,0.011560693641618497
mimic_perform_non_af_005,0,isotonic,0.011560693641618497
mimic_perform_non_af_005,0,isotonic,0.011560693641618497
mimic_perform_non_af_005,0,isotonic,0.011560693641618497
mimic_perform_non_af_005,0,isotonic,0.011560693641618497
mimic_perform_non_af_005,0,isotonic,0.011560693641618497
mimic_perform_non_af_005,0,isotonic,0.0022222222222222222
mimic_perform_non_af_005,0,isotonic,0.011560693641618497
mimic_perform_non_af_005,0,isotonic,0.011560693641618497
mimic_perform_non_af_005,0,isotonic,0.011560693641618497
mimic_perform_non_af_005,0,isotonic,0.011560693641618497
mimic_perform_non_af_005,0,isotonic,0.011560693641618497
mimic_perform_non_af_005,0,isotonic,0.011560693641618497
mimic_perform_non_af_005,0,isotonic,0.011560693641618497
mimic_perform_non_af_005,0,isotonic,0.0022222222222222222
mimic_perform_non_af_005,0,isotonic,0.011560693641618497
mimic_perform_non_af_005,0,isotonic,0.011560693641618497
mimic_perform_non_af_005,0,isotonic,0.011560693641618497
mimic_perform_non_af_005,0,isotonic,0.011560693641618497
mimic_perform_non_af_005,0,isotonic,0.011560693641618497
mimic_perform_non_af_005,0,isotonic,0.011560693641618497
mimic_perform_non_af_005,0,isotonic,0.011560693641618497
mimic_perform_non_af_005,0,isotonic,0.011560693641618497
mimic_perform_non_af_005,0,isotonic,0.011560693641618497
mimic_perform_non_af_005,0,isotonic,0.011560693641618497
mimic_perform_non_af_005,0,isotonic,0.011560693641618497
mimic_perform_non_af_005,0,isotonic,0.011560693641618497
mimic_perform_non_af_005,0,isotonic,0.011560693641618497
mimic_perform_non_af_005,0,isotonic,0.011560693641618497
mimic_perform_non_af_005,0,isotonic,0.011560693641618497
mimic_perform_non_af_005,0,isotonic,0.011560693641618497
mimic_perform_non_af_005,0,isotonic,0.011560693641618497
mimic_perform_non_af_005,0,isotonic,0.011560693641618497
mimic_perform_non_af_005,0,isotonic,0.0022222222222222222
mimic_perform_non_af_005,0,isotonic,0.011560693641618497
mimic_perform_non_af_005,0,isotonic,0.011560693641618497
mimic_perform_non_af_005,0,isotonic,0.011560693641618497
mimic_perform_non_af_005,0,isotonic,0.011560693641618497
mimic_perform_non_af_005,0,isotonic,0.011560693641618497
mimic_perform_non_af_005,0,isotonic,0.011560693641618497
mimic_perform_non_af_005,0,isotonic,0.011560693641618497
mimic_perform_non_af_005,0,isotonic,0.011560693641618497
mimic_perform_non_af_005,0,isotonic,0.011560693641618497
mimic_perform_non_af_005,0,isotonic,0.011560693641618497
mimic_perform_non_af_005,0,isotonic,0.0022222222222222222
mimic_perform_non_af_005,0,isotonic,0.0022222222222222222
mimic_perform_non_af_005,0,isotonic,0.011560693641618497
mimic_perform_non_af_005,0,isotonic,0.011560693641618497
mimic_perform_non_af_005,0,isotonic,0.011560693641618497
mimic_perform_non_af_005,0,isotonic,0.011560693641618497
mimic_perform_non_af_005,0,isotonic,0.011560693641618497
mimic_perform_non_af_005,0,isotonic,0.011560693641618497
mimic_perform_non_af_005,0,isotonic,0.011560693641618497
mimic_perform_non_af_005,0,isotonic,0.011560693641618497
mimic_perform_non_af_005,0,isotonic,0.011560693641618497
mimic_perform_non_af_005,0,isotonic,0.011560693641618497
mimic_perform_non_af_005,0,isotonic,0.011560693641618497
mimic_perform_non_af_005,0,isotonic,0.011560693641618497
mimic_perform_non_af_005,0,isotonic,0.011560693641618497
mimic_perform_non_af_005,0,isotonic,0.011560693641618497
mimic_perform_non_af_005,0,isotonic,0.011560693641618497
mimic_perform_non_af_005,0,isotonic,0.011560693641618497
mimic_perform_non_af_005,0,isotonic,0.0022222222222222222
mimic_perform_non_af_005,0,isotonic,0.011560693641618497
mimic_perform_non_af_005,0,isotonic,0.011560693641618497
mimic_perform_non_af_005,0,isotonic,0.011560693641618497
mimic_perform_non_af_005,0,isotonic,0.011560693641618497
mimic_perform_non_af_005,0,isotonic,0.011560693641618497
mimic_perform_non_af_005,0,isotonic,0.0022222222222222222
mimic_perform_non_af_005,0,isotonic,0.0022222222222222222
mimic_perform_non_af_005,0,isotonic,0.0022222222222222222
mimic_perform_non_af_005,0,isotonic,0.011560693641618497
mimic_perform_non_af_005,0,isotonic,0.011560693641618497
mimic_perform_non_af_005,0,isotonic,0.011560693641618497
mimic_perform_non_af_005,0,isotonic,0.011560693641618497
mimic_perform_non_af_005,0,isotonic,0.011560693641618497
mimic_perform_non_af_005,0,isotonic,0.011560693641618497
mimic_perform_non_af_005,0,isotonic,0.011560693641618497
mimic_perform_non_af_005,0,isotonic,0.011560693641618497
mimic_perform_non_af_005,0,isotonic,0.011560693641618497
mimic_perform_non_af_005,0,isotonic,0.011560693641618497
mimic_perform_non_af_005,0,isotonic,0.011560693641618497
mimic_perform_non_af_005,0,isotonic,0.011560693641618497
mimic_perform_non_af_005,0,isotonic,0.011560693641618497
mimic_perform_non_af_005,0,isotonic,0.011560693641618497
mimic_perform_non_af_005,0,isotonic,0.011560693641618497
mimic_perform_non_af_005,0,isotonic,0.011560693641618497
mimic_perform_non_af_005,0,isotonic,0.011560693641618497
mimic_perform_non_af_005,0,isotonic,0.011560693641618497
mimic_perform_non_af_005,0,isotonic,0.011560693641618497
mimic_perform_non_af_005,0,raw,0.006666666666666667
mimic_perform_non_af_005,0,raw,0.006666666666666667
mimic_perform_non_af_005,0,raw,0.006666666666666667
mimic_perform_non_af_005,0,raw,0.006666666666666667
mimic_perform_non_af_005,0,raw,0.006666666666666667
mimic_perform_non_af_005,0,raw,0.006709677419354838
mimic_perform_non_af_005,0,raw,0.006709677419354838
mimic_perform_non_af_005,0,raw,0.006709677419354838
mimic_perform_non_af_005,0,raw,0.006709677419354838
mimic_perform_non_af_005,0,raw,0.006709677419354838
mimic_perform_non_af_005,0,raw,0.006666666666666667
mimic_perform_non_af_005,0,raw,0.006666666666666667
mimic_perform_non_af_005,0,raw,0.006666666666666667
mimic_perform_non_af_005,0,raw,0.006666666666666667
mimic_perform_non_af_005,0,raw,0.006666666666666667
mimic_perform_non_af_005,0,raw,0.006709677419354838
mimic_perform_non_af_005,0,raw,0.006666666666666667
mimic_perform_non_af_005,0,raw,0.006666666666666667
mimic_perform_non_af_005,0,raw,0.006666666666666667
mimic_perform_non_af_005,0,raw,0.006709677419354838
mimic_perform_non_af_005,0,raw,0.006709677419354838
mimic_perform_non_af_005,0,raw,0.006666666666666667
mimic_perform_non_af_005,0,raw,0.006709677419354838
mimic_perform_non_af_005,0,raw,0.006666666666666667
mimic_perform_non_af_005,0,raw,0.006666666666666667
mimic_perform_non_af_005,0,raw,0.006666666666666667
mimic_perform_non_af_005,0,raw,0.006709677419354838
mimic_perform_non_af_005,0,raw,0.006709677419354838
mimic_perform_non_af_005,0,raw,0.006709677419354838
mimic_perform_non_af_005,0,raw,0.006709677419354838
mimic_perform_non_af_005,0,raw,0.006666666666666667
mimic_perform_non_af_005,0,raw,0.006666666666666667
mimic_perform_non_af_005,0,raw,0.006666666666666667
mimic_perform_non_af_005,0,raw,0.006666666666666667
mimic_perform_non_af_005,0,raw,4.301075268817204e-05
mimic_perform_non_af_005,0,raw,0.006709677419354838
mimic_perform_non_af_005,0,raw,0.006709677419354838
mimic_perform_non_af_005,0,raw,0.006709677419354838
mimic_perform_non_af_005,0,raw,0.006666666666666667
mimic_perform_non_af_005,0,raw,0.006666666666666667
mimic_perform_non_af_005,0,raw,0.006666666666666667
mimic_perform_non_af_005,0,raw,0.006666666666666667
mimic_perform_non_af_005,0,raw,0.0
mimic_perform_non_af_005,0,raw,0.006666666666666667
mimic_perform_non_af_005,0,raw,0.006709677419354838
mimic_perform_non_af_005,0,raw,0.006709677419354838
mimic_perform_non_af_005,0,raw,0.006709677419354838
mimic_perform_non_af_005,0,raw,0.006709677419354838
mimic_perform_non_af_005,0,raw,0.006709677419354838
mimic_perform_non_af_005,0,raw,0.006666666666666667
mimic_perform_non_af_005,0,raw,0.006666666666666667
mimic_perform_non_af_005,0,raw,0.006666666666666667
mimic_perform_non_af_005,0,raw,0.006666666666666667
mimic_perform_non_af_005,0,raw,0.006666666666666667
mimic_perform_non_af_005,0,raw,0.006666666666666667
mimic_perform_non_af_005,0,raw,0.006709677419354838
mimic_perform_non_af_005,0,raw,0.006709677419354838
mimic_perform_non_af_005,0,raw,0.006666666666666667
mimic_perform_non_af_005,0,raw,0.006666666666666667
mimic_perform_non_af_005,0,raw,0.006666666666666667
mimic_perform_non_af_005,0,raw,0.006709677419354838
mimic_perform_non_af_005,0,raw,4.301075268817204e-05
mimic_perform_non_af_005,0,raw,0.006709677419354838
mimic_perform_non_af_005,0,raw,0.006666666666666667
mimic_perform_non_af_005,0,raw,0.006666666666666667
mimic_perform_non_af_005,0,raw,0.006666666666666667
mimic_perform_non_af_005,0,raw,0.006666666666666667
mimic_perform_non_af_005,0,raw,0.006709677419354838
mimic_perform_non_af_005,0,raw,0.006666666666666667
mimic_perform_non_af_005,0,raw,0.006666666666666667
mimic_perform_non_af_005,0,raw,0.006709677419354838
mimic_perform_non_af_005,0,raw,0.006709677419354838
mimic_perform_non_af_005,0,raw,4.301075268817204e-05
mimic_perform_non_af_005,0,raw,4.301075268817204e-05
mimic_perform_non_af_005,0,raw,0.006666666666666667
mimic_perform_non_af_005,0,raw,0.006666666666666667
mimic_perform_non_af_005,0,raw,0.006666666666666667
mimic_perform_non_af_005,0,raw,0.006666666666666667
mimic_perform_non_af_005,0,raw,0.006666666666666667
mimic_perform_non_af_005,0,raw,0.006666666666666667
mimic_perform_non_af_005,0,raw,0.006666666666666667
mimic_perform_non_af_005,0,raw,0.006709677419354838
mimic_perform_non_af_005,0,raw,0.006709677419354838
mimic_perform_non_af_005,0,raw,0.006666666666666667
mimic_perform_non_af_005,0,raw,0.006666666666666667
mimic_perform_non_af_005,0,raw,0.006709677419354838
mimic_perform_non_af_005,0,raw,0.006709677419354838
mimic_perform_non_af_005,0,raw,0.006666666666666667
mimic_perform_non_af_005,0,raw,0.006709677419354838
mimic_perform_non_af_005,0,raw,0.006709677419354838
mimic_perform_non_af_005,0,raw,4.301075268817204e-05
mimic_perform_non_af_005,0,raw,0.006666666666666667
mimic_perform_non_af_005,0,raw,0.006709677419354838
mimic_perform_non_af_005,0,raw,0.006709677419354838
mimic_perform_non_af_005,0,raw,0.006709677419354838
mimic_perform_non_af_005,0,raw,0.006709677419354838
mimic_perform_non_af_005,0,raw,0.0
mimic_perform_non_af_005,0,raw,0.0
mimic_perform_non_af_005,0,raw,0.0
mimic_perform_non_af_005,0,raw,0.006666666666666667
mimic_perform_non_af_005,0,raw,0.006666666666666667
mimic_perform_non_af_005,0,raw,0.006666666666666667
mimic_perform_non_af_005,0,raw,0.006666666666666667
mimic_perform_non_af_005,0,raw,0.006666666666666667
mimic_perform_non_af_005,0,raw,0.006709677419354838
mimic_perform_non_af_005,0,raw,0.006709677419354838
mimic_perform_non_af_005,0,raw,0.006709677419354838
mimic_perform_non_af_005,0,raw,0.006709677419354838
mimic_perform_non_af_005,0,raw,0.006666666666666667
mimic_perform_non_af_005,0,raw,0.006666666666666667
mimic_perform_non_af_005,0,raw,0.006666666666666667
mimic_perform_non_af_005,0,raw,0.006709677419354838
mimic_perform_non_af_005,0,raw,0.006709677419354838
mimic_perform_non_af_005,0,raw,0.006666666666666667
mimic_perform_non_af_005,0,raw,0.006709677419354838
mimic_perform_non_af_005,0,raw,0.006666666666666667
mimic_perform_non_af_005,0,raw,0.006666666666666667
mimic_perform_non_af_005,0,raw,0.006709677419354838
mimic_perform_non_af_006,0,sigmoid,0.014565487436849349
mimic_perform_non_af_006,0,sigmoid,0.01542939771965822
mimic_perform_non_af_006,0,sigmoid,0.014565487436849349
mimic_perform_non_af_006,0,sigmoid,0.01600521934493468
mimic_perform_non_af_006,0,sigmoid,0.014565487436849349
mimic_perform_non_af_006,0,sigmoid,0.01600521934493468
mimic_perform_non_af_006,0,sigmoid,0.014565487436849349
mimic_perform_non_af_006,0,sigmoid,0.014565487436849349
mimic_perform_non_af_006,0,sigmoid,0.014565487436849349
mimic_perform_non_af_006,0,sigmoid,0.014565487436849349
mimic_perform_non_af_006,0,sigmoid,0.01600521934493468
mimic_perform_non_af_006,0,sigmoid,0.014565487436849349
mimic_perform_non_af_006,0,sigmoid,0.01600521934493468
mimic_perform_non_af_006,0,sigmoid,0.01600521934493468
mimic_perform_non_af_006,0,sigmoid,0.018430922592873142
mimic_perform_non_af_006,0,sigmoid,0.01600521934493468
mimic_perform_non_af_006,0,sigmoid,0.01600521934493468
mimic_perform_non_af_006,0,sigmoid,0.014565487436849349
mimic_perform_non_af_006,0,sigmoid,0.014565487436849349
mimic_perform_non_af_006,0,sigmoid,0.014565487436849349
mimic_perform_non_af_006,0,sigmoid,0.014565487436849349
mimic_perform_non_af_006,0,sigmoid,0.014565487436849349
mimic_perform_non_af_006,0,sigmoid,0.014565487436849349
mimic_perform_non_af_006,0,sigmoid,0.01563266899521446
mimic_perform_non_af_006,0,sigmoid,0.01563266899521446
mimic_perform_non_af_006,0,sigmoid,0.014565487436849349
mimic_perform_non_af_006,0,sigmoid,0.014565487436849349
mimic_perform_non_af_006,0,sigmoid,0.016776709462228555
mimic_perform_non_af_006,0,sigmoid,0.01600521934493468
mimic_perform_non_af_006,0,sigmoid,0.017584722689447337
mimic_perform_non_af_006,0,sigmoid,0.017584722689447337
mimic_perform_non_af_006,0,sigmoid,0.048797843813046624
mimic_perform_non_af_006,0,sigmoid,0.018430922592873142
mimic_perform_non_af_006,0,sigmoid,0.017584722689447337
mimic_perform_non_af_006,0,sigmoid,0.015268655866763193
mimic_perform_non_af_006,0,sigmoid,0.014565487436849349
mimic_perform_non_af_006,0,sigmoid,0.014565487436849349
mimic_perform_non_af_006,0,sigmoid,0.014565487436849349
mimic_perform_non_af_006,0,sigmoid,0.015268655866763193
mimic_perform_non_af_006,0,sigmoid,0.015268655866763193
mimic_perform_non_af_006,0,sigmoid,0.015268655866763193
mimic_perform_non_af_006,0,sigmoid,0.014565487436849349
mimic_perform_non_af_006,0,sigmoid,0.014565487436849349
mimic_perform_non_af_006,0,sigmoid,0.015268655866763193
mimic_perform_non_af_006,0,sigmoid,0.016776709462228555
mimic_perform_non_af_006,0,sigmoid,0.015268655866763193
mimic_perform_non_af_006,0,sigmoid,0.014565487436849349
mimic_perform_non_af_006,0,sigmoid,0.015268655866763193
mimic_perform_non_af_006,0,sigmoid,0.016776709462228555
mimic_perform_non_af_006,0,sigmoid,0.03312193644408621
mimic_perform_non_af_006,0,sigmoid,0.01931704207034375
mimic_perform_non_af_006,0,sigmoid,0.01600521934493468
mimic_perform_non_af_006,0,sigmoid,0.01491299052089603
mimic_perform_non_af_006,0,sigmoid,0.014565487436849349
mimic_perform_non_af_006,0,sigmoid,0.01600521934493468
mimic_perform_non_af_006,0,sigmoid,0.014565487436849349
mimic_perform_non_af_006,0,sigmoid,0.014565487436849349
mimic_perform_non_af_006,0,sigmoid,0.015268655866763193
mimic_perform_non_af_006,0,sigmoid,0.014565487436849349
mimic_perform_non_af_006,0,sigmoid,0.015268655866763193
mimic_perform_non_af_006,0,sigmoid,0.014565487436849349
mimic_perform_non_af_006,0,sigmoid,0.014565487436849349
mimic_perform_non_af_006,0,sigmoid,0.014565487436849349
mimic_perform_non_af_006,0,sigmoid,0.01491299052089603
mimic_perform_non_af_006,0,sigmoid,0.014565487436849349
mimic_perform_non_af_006,0,sigmoid,0.014565487436849349
mimic_perform_non_af_006,0,sigmoid,0.015268655866763193
mimic_perform_non_af_006,0,sigmoid,0.014565487436849349
mimic_perform_non_af_006,0,sigmoid,0.014565487436849349
mimic_perform_non_af_006,0,sigmoid,0.014565487436849349
mimic_perform_non_af_006,0,sigmoid,0.01600521934493468
mimic_perform_non_af_006,0,sigmoid,0.018185154870954092
mimic_perform_non_af_006,0,sigmoid,0.02223333418725837
mimic_perform_non_af_006,0,sigmoid,0.014565487436849349
mimic_perform_non_af_006,0,sigmoid,0.015268655866763193
mimic_perform_non_af_006,0,sigmoid,0.014565487436849349
mimic_perform_non_af_006,0,sigmoid,0.014565487436849349
mimic_perform_non_af_006,0,sigmoid,0.014565487436849349
mimic_perform_non_af_006,0,sigmoid,0.016776709462228555
mimic_perform_non_af_006,0,sigmoid,0.014565487436849349
mimic_perform_non_af_006,0,sigmoid,0.014565487436849349
mimic_perform_non_af_006,0,sigmoid,0.015268655866763193
mimic_perform_non_af_006,0,sigmoid,0.015268655866763193
mimic_perform_non_af_006,0,sigmoid,0.014565487436849349
mimic_perform_non_af_006,0,sigmoid,0.016776709462228555
mimic_perform_non_af_006,0,sigmoid,0.015268655866763193
mimic_perform_non_af_006,0,sigmoid,0.014565487436849349
mimic_perform_non_af_006,0,sigmoid,0.014565487436849349
mimic_perform_non_af_006,0,sigmoid,0.014565487436849349
mimic_perform_non_af_006,0,sigmoid,0.018002942651794623
mimic_perform_non_af_006,0,sigmoid,0.015268655866763193
mimic_perform_non_af_006,0,sigmoid,0.015268655866763193
mimic_perform_non_af_006,0,sigmoid,0.01931704207034375
mimic_perform_non_af_006,0,sigmoid,0.015268655866763193
mimic_perform_non_af_006,0,sigmoid,0.015268655866763193
mimic_perform_non_af_006,0,sigmoid,0.014565487436849349
mimic_perform_non_af_006,0,sigmoid,0.015268655866763193
mimic_perform_non_af_006,0,sigmoid,0.015268655866763193
mimic_perform_non_af_006,0,sigmoid,0.015268655866763193
mimic_perform_non_af_006,0,sigmoid,0.014565487436849349
mimic_perform_non_af_006,0,sigmoid,0.014565487436849349
mimic_perform_non_af_006,0,sigmoid,0.014565487436849349
mimic_perform_non_af_006,0,sigmoid,0.014565487436849349
mimic_perform_non_af_006,0,sigmoid,0.014565487436849349
mimic_perform_non_af_006,0,sigmoid,0.014565487436849349
mimic_perform_non_af_006,0,sigmoid,0.01931704207034375
mimic_perform_non_af_006,0,sigmoid,0.014565487436849349
mimic_perform_non_af_006,0,sigmoid,0.014565487436849349
mimic_perform_non_af_006,0,sigmoid,0.014565487436849349
mimic_perform_non_af_006,0,sigmoid,0.01600521934493468
mimic_perform_non_af_006,0,sigmoid,0.014565487436849349
mimic_perform_non_af_006,0,sigmoid,0.014565487436849349
mimic_perform_non_af_006,0,sigmoid,0.014565487436849349
mimic_perform_non_af_006,0,sigmoid,0.014565487436849349
mimic_perform_non_af_006,0,sigmoid,0.014565487436849349
mimic_perform_non_af_006,0,sigmoid,0.014565487436849349
mimic_perform_non_af_006,0,sigmoid,0.015268655866763193
mimic_perform_non_af_006,0,sigmoid,0.014565487436849349
mimic_perform_non_af_006,0,isotonic,0.005108556832694764
mimic_perform_non_af_006,0,isotonic,0.010233271945979129
mimic_perform_non_af_006,0,isotonic,0.005108556832694764
mimic_perform_non_af_006,0,isotonic,0.011049723756906077
mimic_perform_non_af_006,0,isotonic,0.005108556832694764
mimic_perform_non_af_006,0,isotonic,0.011049723756906077
mimic_perform_non_af_006,0,isotonic,0.005108556832694764
mimic_perform_non_af_006,0,isotonic,0.005108556832694764
mimic_perform_non_af_006,0,isotonic,0.005108556832694764
mimic_perform_non_af_006,0,isotonic,0.005108556832694764
mimic_perform_non_af_006,0,isotonic,0.011049723756906077
mimic_perform_non_af_006,0,isotonic,0.005108556832694764
mimic_perform_non_af_006,0,isotonic,0.011049723756906077
mimic_perform_non_af_006,0,isotonic,0.011049723756906077
mimic_perform_non_af_006,0,isotonic,0.021739130434782608
mimic_perform_non_af_006,0,isotonic,0.011049723756906077
mimic_perform_non_af_006,0,isotonic,0.011049723756906077
mimic_perform_non_af_006,0,isotonic,0.005108556832694764
mimic_perform_non_af_006,0,isotonic,0.005108556832694764
mimic_perform_non_af_006,0,isotonic,0.005108556832694764
mimic_perform_non_af_006,0,isotonic,0.005108556832694764
mimic_perform_non_af_006,0,isotonic,0.005108556832694764
mimic_perform_non_af_006,0,isotonic,0.005108556832694764
mimic_perform_non_af_006,0,isotonic,0.01052486187845304
mimic_perform_non_af_006,0,isotonic,0.01052486187845304
mimic_perform_non_af_006,0,isotonic,0.005108556832694764
mimic_perform_non_af_006,0,isotonic,0.005108556832694764
mimic_perform_non_af_006,0,isotonic,0.011049723756906077
mimic_perform_non_af_006,0,isotonic,0.011049723756906077
mimic_perform_non_af_006,0,isotonic,0.011049723756906077
mimic_perform_non_af_006,0,isotonic,0.011049723756906077
mimic_perform_non_af_006,0,isotonic,0.038461538461538464
mimic_perform_non_af_006,0,isotonic,0.021739130434782608
mimic_perform_non_af_006,0,isotonic,0.011049723756906077
mimic_perform_non_af_006,0,isotonic,0.01
mimic_perform_non_af_006,0,isotonic,0.005108556832694764
mimic_perform_non_af_006,0,isotonic,0.005108556832694764
mimic_perform_non_af_006,0,isotonic,0.005108556832694764
mimic_perform_non_af_006,0,isotonic,0.01
mimic_perform_non_af_006,0,isotonic,0.01
mimic_perform_non_af_006,0,isotonic,0.01
mimic_perform_non_af_006,0,isotonic,0.005108556832694764
mimic_perform_non_af_006,0,isotonic,0.005108556832694764
mimic_perform_non_af_006,0,isotonic,0.01
mimic_perform_non_af_006,0,isotonic,0.011049723756906077
mimic_perform_non_af_006,0,isotonic,0.01
mimic_perform_non_af_006,0,isotonic,0.005108556832694764
mimic_perform_non_af_006,0,isotonic,0.01
mimic_perform_non_af_006,0,isotonic,0.011049723756906077
mimic_perform_non_af_006,0,isotonic,0.030303030303030307
mimic_perform_non_af_006,0,isotonic,0.030303030303030307
mimic_perform_non_af_006,0,isotonic,0.011049723756906077
mimic_perform_non_af_006,0,isotonic,0.007554278416347382
mimic_perform_non_af_006,0,isotonic,0.005108556832694764
mimic_perform_non_af_006,0,isotonic,0.011049723756906077
mimic_perform_non_af_006,0,isotonic,0.005108556832694764
mimic_perform_non_af_006,0,isotonic,0.005108556832694764
mimic_perform_non_af_006,0,isotonic,0.01
mimic_perform_non_af_006,0,isotonic,0.005108556832694764
mimic_perform_non_af_006,0,isotonic,0.01
mimic_perform_non_af_006,0,isotonic,0.005108556832694764
mimic_perform_non_af_006,0,isotonic,0.005108556832694764
mimic_perform_non_af_006,0,isotonic,0.005108556832694764
mimic_perform_non_af_006,0,isotonic,0.007554278416347382
mimic_perform_non_af_006,0,isotonic,0.005108556832694764
mimic_perform_non_af_006,0,isotonic,0.005108556832694764
mimic_perform_non_af_006,0,isotonic,0.01
mimic_perform_non_af_006,0,isotonic,0.005108556832694764
mimic_perform_non_af_006,0,isotonic,0.005108556832694764
mimic_perform_non_af_006,0,isotonic,0.005108556832694764
mimic_perform_non_af_006,0,isotonic,0.011049723756906077
mimic_perform_non_af_006,0,isotonic,0.01613991741303777
mimic_perform_non_af_006,0,isotonic,0.030303030303030307
mimic_perform_non_af_006,0,isotonic,0.005108556832694764
mimic_perform_non_af_006,0,isotonic,0.01
mimic_perform_non_af_006,0,isotonic,0.005108556832694764
mimic_perform_non_af_006,0,isotonic,0.005108556832694764
mimic_perform_non_af_006,0,isotonic,0.005108556832694764
mimic_perform_non_af_006,0,isotonic,0.011049723756906077
mimic_perform_non_af_006,0,isotonic,0.005108556832694764
mimic_perform_non_af_006,0,isotonic,0.005108556832694764
mimic_perform_non_af_006,0,isotonic,0.01
mimic_perform_non_af_006,0,isotonic,0.01
mimic_perform_non_af_006,0,isotonic,0.005108556832694764
mimic_perform_non_af_006,0,isotonic,0.011049723756906077
mimic_perform_non_af_006,0,isotonic,0.01
mimic_perform_non_af_006,0,isotonic,0.005108556832694764
mimic_perform_non_af_006,0,isotonic,0.005108556832694764
mimic_perform_non_af_006,0,isotonic,0.005108556832694764
mimic_perform_non_af_006,0,isotonic,0.011940507646729126
mimic_perform_non_af_006,0,isotonic,0.01
mimic_perform_non_af_006,0,isotonic,0.01
mimic_perform_non_af_006,0,isotonic,0.030303030303030307
mimic_perform_non_af_006,0,isotonic,0.01
mimic_perform_non_af_006,0,isotonic,0.01
mimic_perform_non_af_006,0,isotonic,0.005108556832694764
mimic_perform_non_af_006,0,isotonic,0.01
mimic_perform_non_af_006,0,isotonic,0.01
mimic_perform_non_af_006,0,isotonic,0.01
mimic_perform_non_af_006,0,isotonic,0.005108556832694764
mimic_perform_non_af_006,0,isotonic,0.005108556832694764
mimic_perform_non_af_006,0,isotonic,0.005108556832694764
mimic_perform_non_af_006,0,isotonic,0.005108556832694764
mimic_perform_non_af_006,0,isotonic,0.005108556832694764
mimic_perform_non_af_006,0,isotonic,0.005108556832694764
mimic_perform_non_af_006,0,isotonic,0.030303030303030307
mimic_perform_non_af_006,0,isotonic,0.005108556832694764
mimic_perform_non_af_006,0,isotonic,0.005108556832694764
mimic_perform_non_af_006,0,isotonic,0.005108556832694764
mimic_perform_non_af_006,0,isotonic,0.011049723756906077
mimic_perform_non_af_006,0,isotonic,0.005108556832694764
mimic_perform_non_af_006,0,isotonic,0.005108556832694764
mimic_perform_non_af_006,0,isotonic,0.005108556832694764
mimic_perform_non_af_006,0,isotonic,0.005108556832694764
mimic_perform_non_af_006,0,isotonic,0.005108556832694764
mimic_perform_non_af_006,0,isotonic,0.005108556832694764
mimic_perform_non_af_006,0,isotonic,0.01
mimic_perform_non_af_006,0,isotonic,0.005108556832694764
mimic_perform_non_af_006,0,raw,0.0
mimic_perform_non_af_006,0,raw,0.00814814814814815
mimic_perform_non_af_006,0,raw,0.0
mimic_perform_non_af_006,0,raw,0.013333333333333334
mimic_perform_non_af_006,0,raw,0.0
mimic_perform_non_af_006,0,raw,0.013333333333333334
mimic_perform_non_af_006,0,raw,0.0
mimic_perform_non_af_006,0,raw,0.0
mimic_perform_non_af_006,0,raw,0.0
mimic_perform_non_af_006,0,raw,0.0
mimic_perform_non_af_006,0,raw,0.013333333333333334
mimic_perform_non_af_006,0,raw,0.0
mimic_perform_non_af_006,0,raw,0.013333333333333334
mimic_perform_non_af_006,0,raw,0.013333333333333334
mimic_perform_non_af_006,0,raw,0.03333333333333333
mimic_perform_non_af_006,0,raw,0.013333333333333334
mimic_perform_non_af_006,0,raw,0.013333333333333334
mimic_perform_non_af_006,0,raw,0.0
mimic_perform_non_af_006,0,raw,0.0
mimic_perform_non_af_006,0,raw,0.0
mimic_perform_non_af_006,0,raw,0.0
mimic_perform_non_af_006,0,raw,0.0
mimic_perform_non_af_006,0,raw,0.0
mimic_perform_non_af_006,0,raw,0.01
mimic_perform_non_af_006,0,raw,0.01
mimic_perform_non_af_006,0,raw,0.0
mimic_perform_non_af_006,0,raw,0.0
mimic_perform_non_af_006,0,raw,0.02
mimic_perform_non_af_006,0,raw,0.013333333333333334
mimic_perform_non_af_006,0,raw,0.02666666666666667
mimic_perform_non_af_006,0,raw,0.02666666666666667
mimic_perform_non_af_006,0,raw,0.17333333333333334
mimic_perform_non_af_006,0,raw,0.03333333333333333
mimic_perform_non_af_006,0,raw,0.02666666666666667
mimic_perform_non_af_006,0,raw,0.006666666666666667
mimic_perform_non_af_006,0,raw,0.0
mimic_perform_non_af_006,0,raw,0.0
mimic_perform_non_af_006,0,raw,0.0
mimic_perform_non_af_006,0,raw,0.006666666666666667
mimic_perform_non_af_006,0,raw,0.006666666666666667
mimic_perform_non_af_006,0,raw,0.006666666666666667
mimic_perform_non_af_006,0,raw,0.0
mimic_perform_non_af_006,0,raw,0.0
mimic_perform_non_af_006,0,raw,0.006666666666666667
mimic_perform_non_af_006,0,raw,0.02
mimic_perform_non_af_006,0,raw,0.006666666666666667
mimic_perform_non_af_006,0,raw,0.0
mimic_perform_non_af_006,0,raw,0.006666666666666667
mimic_perform_non_af_006,0,raw,0.02
mimic_perform_non_af_006,0,raw,0.117082150737711
mimic_perform_non_af_006,0,raw,0.04
mimic_perform_non_af_006,0,raw,0.013333333333333334
mimic_perform_non_af_006,0,raw,0.0033333333333333335
mimic_perform_non_af_006,0,raw,0.0
mimic_perform_non_af_006,0,raw,0.013333333333333334
mimic_perform_non_af_006,0,raw,0.0
mimic_perform_non_af_006,0,raw,0.0
mimic_perform_non_af_006,0,raw,0.006666666666666667
mimic_perform_non_af_006,0,raw,0.0
mimic_perform_non_af_006,0,raw,0.006666666666666667
mimic_perform_non_af_006,0,raw,0.0
mimic_perform_non_af_006,0,raw,0.0
mimic_perform_non_af_006,0,raw,0.0
mimic_perform_non_af_006,0,raw,0.0033333333333333335
mimic_perform_non_af_006,0,raw,0.0
mimic_perform_non_af_006,0,raw,0.0
mimic_perform_non_af_006,0,raw,0.006666666666666667
mimic_perform_non_af_006,0,raw,0.0
mimic_perform_non_af_006,0,raw,0.0
mimic_perform_non_af_006,0,raw,0.0
mimic_perform_non_af_006,0,raw,0.013333333333333334
mimic_perform_non_af_006,0,raw,0.03142857142857143
mimic_perform_non_af_006,0,raw,0.06
mimic_perform_non_af_006,0,raw,0.0
mimic_perform_non_af_006,0,raw,0.006666666666666667
mimic_perform_non_af_006,0,raw,0.0
mimic_perform_non_af_006,0,raw,0.0
mimic_perform_non_af_006,0,raw,0.0
mimic_perform_non_af_006,0,raw,0.02
mimic_perform_non_af_006,0,raw,0.0
mimic_perform_non_af_006,0,raw,0.0
mimic_perform_non_af_006,0,raw,0.006666666666666667
mimic_perform_non_af_006,0,raw,0.006666666666666667
mimic_perform_non_af_006,0,raw,0.0
mimic_perform_non_af_006,0,raw,0.02
mimic_perform_non_af_006,0,raw,0.006666666666666667
mimic_perform_non_af_006,0,raw,0.0
mimic_perform_non_af_006,0,raw,0.0
mimic_perform_non_af_006,0,raw,0.0
mimic_perform_non_af_006,0,raw,0.03
mimic_perform_non_af_006,0,raw,0.006666666666666667
mimic_perform_non_af_006,0,raw,0.006666666666666667
mimic_perform_non_af_006,0,raw,0.04
mimic_perform_non_af_006,0,raw,0.006666666666666667
mimic_perform_non_af_006,0,raw,0.006666666666666667
mimic_perform_non_af_006,0,raw,0.0
mimic_perform_non_af_006,0,raw,0.006666666666666667
mimic_perform_non_af_006,0,raw,0.006666666666666667
mimic_perform_non_af_006,0,raw,0.006666666666666667
mimic_perform_non_af_006,0,raw,0.0
mimic_perform_non_af_006,0,raw,0.0
mimic_perform_non_af_006,0,raw,0.0
mimic_perform_non_af_006,0,raw,0.0
mimic_perform_non_af_006,0,raw,0.0
mimic_perform_non_af_006,0,raw,0.0
mimic_perform_non_af_006,0,raw,0.04
mimic_perform_non_af_006,0,raw,0.0
mimic_perform_non_af_006,0,raw,0.0
mimic_perform_non_af_006,0,raw,0.0
mimic_perform_non_af_006,0,raw,0.013333333333333334
mimic_perform_non_af_006,0,raw,0.0
mimic_perform_non_af_006,0,raw,0.0
mimic_perform_non_af_006,0,raw,0.0
mimic_perform_non_af_006,0,raw,0.0
mimic_perform_non_af_006,0,raw,0.0
mimic_perform_non_af_006,0,raw,0.0
mimic_perform_non_af_006,0,raw,0.006666666666666667
mimic_perform_non_af_006,0,raw,0.0
mimic_perform_non_af_007,0,sigmoid,0.019777196316078532
mimic_perform_non_af_007,0,sigmoid,0.017194661572013752
mimic_perform_non_af_007,0,sigmoid,0.015182120890720038
mimic_perform_non_af_007,0,sigmoid,0.015188783398934364
mimic_perform_non_af_007,0,sigmoid,0.015656087846882247
mimic_perform_non_af_007,0,sigmoid,0.03130126501751389
mimic_perform_non_af_007,0,sigmoid,0.02301793013064447
mimic_perform_non_af_007,0,sigmoid,0.03685821804165996
mimic_perform_non_af_007,0,sigmoid,0.01578642631799646
mimic_perform_non_af_007,0,sigmoid,0.015446442573678967
mimic_perform_non_af_007,0,sigmoid,0.015205460333096242
mimic_perform_non_af_007,0,sigmoid,0.015398168131213617
mimic_perform_non_af_007,0,sigmoid,0.015190362487350105
mimic_perform_non_af_007,0,sigmoid,0.015217629167180587
mimic_perform_non_af_007,0,sigmoid,0.01521472280963523
mimic_perform_non_af_007,0,sigmoid,0.01549202763730729
mimic_perform_non_af_007,0,sigmoid,0.015500002339741376
mimic_perform_non_af_007,0,sigmoid,0.015401706538189999
mimic_perform_non_af_007,0,sigmoid,0.015182120890720038
mimic_perform_non_af_007,0,sigmoid,0.015182120890720038
mimic_perform_non_af_007,0,sigmoid,0.015325546372085287
mimic_perform_non_af_007,0,sigmoid,0.015185021116587484
mimic_perform_non_af_007,0,sigmoid,0.015185021116587484
mimic_perform_non_af_007,0,sigmoid,0.015190362487350105
mimic_perform_non_af_007,0,sigmoid,0.01523811159538213
mimic_perform_non_af_007,0,sigmoid,0.0161071618563707
mimic_perform_non_af_007,0,sigmoid,0.017353854285477015
mimic_perform_non_af_007,0,sigmoid,0.031100724422466135
mimic_perform_non_af_007,0,sigmoid,0.024694534787684422
mimic_perform_non_af_007,0,sigmoid,0.016797193615954827
mimic_perform_non_af_007,0,sigmoid,0.015649888387645337
mimic_perform_non_af_007,0,sigmoid,0.016088175219561716
mimic_perform_non_af_007,0,sigmoid,0.01611701172319829
mimic_perform_non_af_007,0,sigmoid,0.0152339221134951
mimic_perform_non_af_007,0,sigmoid,0.01574677188739583
mimic_perform_non_af_007,0,sigmoid,0.015205460333096242
mimic_perform_non_af_007,0,sigmoid,0.015446442573678967
mimic_perform_non_af_007,0,sigmoid,0.06713676128829783
mimic_perform_non_af_007,0,sigmoid,0.07203003935106521
mimic_perform_non_af_007,0,sigmoid,0.02383955260328019
mimic_perform_non_af_007,0,sigmoid,0.3811231354401972
mimic_perform_non_af_007,0,sigmoid,0.04622738495181669
mimic_perform_non_af_007,0,sigmoid,0.015205460333096242
mimic_perform_non_af_007,0,sigmoid,0.015190362487350105
mimic_perform_non_af_007,0,sigmoid,0.015182120890720038
mimic_perform_non_af_007,0,sigmoid,0.015182120890720038
mimic_perform_non_af_007,0,sigmoid,0.021411520372341886
mimic_perform_non_af_007,0,sigmoid,0.023167881091790306
mimic_perform_non_af_007,0,sigmoid,0.8861806126675683
mimic_perform_non_af_007,0,sigmoid,0.8871792089728979
mimic_perform_non_af_007,0,sigmoid,0.875440053573225
mimic_perform_non_af_007,0,sigmoid,0.921536971528358
mimic_perform_non_af_007,0,sigmoid,0.9213742181827842
mimic_perform_non_af_007,0,sigmoid,0.3308368031074849
mimic_perform_non_af_007,0,sigmoid,0.8654202404438646
mimic_perform_non_af_007,0,sigmoid,0.6542149495563563
mimic_perform_non_af_007,0,sigmoid,0.021600667040003282
mimic_perform_non_af_007,0,sigmoid,0.015986697004300707
mimic_perform_non_af_007,0,sigmoid,0.016434141447569755
mimic_perform_non_af_007,0,sigmoid,0.061195867056801065
mimic_perform_non_af_007,0,sigmoid,0.026677032085756742
mimic_perform_non_af_007,0,sigmoid,0.021995928653439228
mimic_perform_non_af_007,0,sigmoid,0.016462731148810375
mimic_perform_non_af_007,0,sigmoid,0.023603888472870507
mimic_perform_non_af_007,0,sigmoid,0.020996423148548996
mimic_perform_non_af_007,0,sigmoid,0.020097449928827067
mimic_perform_non_af_007,0,sigmoid,0.02284573011212906
mimic_perform_non_af_007,0,sigmoid,0.018623459813285677
mimic_perform_non_af_007,0,sigmoid,0.018109704371993822
mimic_perform_non_af_007,0,sigmoid,0.018686448569461906
mimic_perform_non_af_007,0,sigmoid,0.04827306751796183
mimic_perform_non_af_007,0,sigmoid,0.05425768800622817
mimic_perform_non_af_007,0,sigmoid,0.05478407521494551
mimic_perform_non_af_007,0,sigmoid,0.05417675382085641
mimic_perform_non_af_007,0,sigmoid,0.07216739327762169
mimic_perform_non_af_007,0,sigmoid,0.0770770946994429
mimic_perform_non_af_007,0,sigmoid,0.019082525179240716
mimic_perform_non_af_007,0,sigmoid,0.021042677288958173
mimic_perform_non_af_007,0,sigmoid,0.016462731148810375
mimic_perform_non_af_007,0,sigmoid,0.021801922950151036
mimic_perform_non_af_007,0,sigmoid,0.01735786746409589
mimic_perform_non_af_007,0,sigmoid,0.027506599328822226
mimic_perform_non_af_007,0,sigmoid,0.025328481126155582
mimic_perform_non_af_007,0,sigmoid,0.03995705741175354
mimic_perform_non_af_007,0,sigmoid,0.025925256195521124
mimic_perform_non_af_007,0,sigmoid,0.022836361532191134
mimic_perform_non_af_007,0,sigmoid,0.026306580801150684
mimic_perform_non_af_007,0,sigmoid,0.01755933023351291
mimic_perform_non_af_007,0,sigmoid,0.015182120890720038
mimic_perform_non_af_007,0,sigmoid,0.024669971343820568
mimic_perform_non_af_007,0,sigmoid,0.022670418008489013
mimic_perform_non_af_007,0,sigmoid,0.02625381697810942
mimic_perform_non_af_007,0,sigmoid,0.01743733370052871
mimic_perform_non_af_007,0,sigmoid,0.015201685724767156
mimic_perform_non_af_007,0,sigmoid,0.01588137937246594
mimic_perform_non_af_007,0,sigmoid,0.01596585025700064
mimic_perform_non_af_007,0,sigmoid,0.015427424725861607
mimic_perform_non_af_007,0,sigmoid,0.015398168131213617
mimic_perform_non_af_007,0,sigmoid,0.015190362487350105
mimic_perform_non_af_007,0,sigmoid,0.0166181799029471
mimic_perform_non_af_007,0,sigmoid,0.023911782887992915
mimic_perform_non_af_007,0,sigmoid,0.022167747225894548
mimic_perform_non_af_007,0,sigmoid,0.04178901496608858
mimic_perform_non_af_007,0,sigmoid,0.029685907838219765
mimic_perform_non_af_007,0,sigmoid,0.025653175880735284
mimic_perform_non_af_007,0,sigmoid,0.016395538445438507
mimic_perform_non_af_007,0,sigmoid,0.03468131364946759
mimic_perform_non_af_007,0,sigmoid,0.02081673348972899
mimic_perform_non_af_007,0,sigmoid,0.016909375795074795
mimic_perform_non_af_007,0,sigmoid,0.05220561726569371
mimic_perform_non_af_007,0,sigmoid,0.02767520057813247
mimic_perform_non_af_007,0,sigmoid,0.21177026689795123
mimic_perform_non_af_007,0,sigmoid,0.061351440143012186
mimic_perform_non_af_007,0,sigmoid,0.043902750675833366
mimic_perform_non_af_007,0,sigmoid,0.025899331922439775
mimic_perform_non_af_007,0,sigmoid,0.07459515734956618
mimic_perform_non_af_007,0,sigmoid,0.3841962358896691
mimic_perform_non_af_007,0,sigmoid,0.4177072127190357
mimic_perform_non_af_007,0,isotonic,0.0111731843575419
mimic_perform_non_af_007,0,isotonic,0.0111731843575419
mimic_perform_non_af_007,0,isotonic,0.0016366612111292963
mimic_perform_non_af_007,0,isotonic,0.0016366612111292963
mimic_perform_non_af_007,0,isotonic,0.0016366612111292963
mimic_perform_non_af_007,0,isotonic,0.01593625498007968
mimic_perform_non_af_007,0,isotonic,0.01593625498007968
mimic_perform_non_af_007,0,isotonic,0.01593625498007968
mimic_perform_non_af_007,0,isotonic,0.0016366612111292963
mimic_perform_non_af_007,0,isotonic,0.0016366612111292963
mimic_perform_non_af_007,0,isotonic,0.0016366612111292963
mimic_perform_non_af_007,0,isotonic,0.0016366612111292963
mimic_perform_non_af_007,0,isotonic,0.0016366612111292963
mimic_perform_non_af_007,0,isotonic,0.0016366612111292963
mimic_perform_non_af_007,0,isotonic,0.0016366612111292963
mimic_perform_non_af_007,0,isotonic,0.0016366612111292963
mimic_perform_non_af_007,0,isotonic,0.0016366612111292963
mimic_perform_non_af_007,0,isotonic,0.0016366612111292963
mimic_perform_non_af_007,0,isotonic,0.0016366612111292963
mimic_perform_non_af_007,0,isotonic,0.0016366612111292963
mimic_perform_non_af_007,0,isotonic,0.0016366612111292963
mimic_perform_non_af_007,0,isotonic,0.0016366612111292963
mimic_perform_non_af_007,0,isotonic,0.0016366612111292963
mimic_perform_non_af_007,0,isotonic,0.0016366612111292963
mimic_perform_non_af_007,0,isotonic,0.0016366612111292963
mimic_perform_non_af_007,0,isotonic,0.004975124378109453
mimic_perform_non_af_007,0,isotonic,0.0111731843575419
mimic_perform_non_af_007,0,isotonic,0.01593625498007968
mimic_perform_non_af_007,0,isotonic,0.01593625498007968
mimic_perform_non_af_007,0,isotonic,0.0111731843575419
mimic_perform_non_af_007,0,isotonic,0.0016366612111292963
mimic_perform_non_af_007,0,isotonic,0.004975124378109453
mimic_perform_non_af_007,0,isotonic,0.004975124378109453
mimic_perform_non_af_007,0,isotonic,0.0016366612111292963
mimic_perform_non_af_007,0,isotonic,0.0016366612111292963
mimic_perform_non_af_007,0,isotonic,0.0016366612111292963
mimic_perform_non_af_007,0,isotonic,0.0016366612111292963
mimic_perform_non_af_007,0,isotonic,0.23076923076923078
mimic_perform_non_af_007,0,isotonic,0.23076923076923078
mimic_perform_non_af_007,0,isotonic,0.01593625498007968
mimic_perform_non_af_007,0,isotonic,0.6622222222222223
mimic_perform_non_af_007,0,isotonic,0.10714285714285714
mimic_perform_non_af_007,0,isotonic,0.0016366612111292963
mimic_perform_non_af_007,0,isotonic,0.0016366612111292963
mimic_perform_non_af_007,0,isotonic,0.0016366612111292963
mimic_perform_non_af_007,0,isotonic,0.0016366612111292963
mimic_perform_non_af_007,0,isotonic,0.0111731843575419
mimic_perform_non_af_007,0,isotonic,0.01593625498007968
mimic_perform_non_af_007,0,isotonic,0.7527472527472528
mimic_perform_non_af_007,0,isotonic,0.7527472527472528
mimic_perform_non_af_007,0,isotonic,0.7527472527472528
mimic_perform_non_af_007,0,isotonic,0.9340659340659341
mimic_perform_non_af_007,0,isotonic,0.9340659340659341
mimic_perform_non_af_007,0,isotonic,0.6622222222222223
mimic_perform_non_af_007,0,isotonic,0.7527472527472528
mimic_perform_non_af_007,0,isotonic,0.6622222222222223
mimic_perform_non_af_007,0,isotonic,0.0111731843575419
mimic_perform_non_af_007,0,isotonic,0.004975124378109453
mimic_perform_non_af_007,0,isotonic,0.0111731843575419
mimic_perform_non_af_007,0,isotonic,0.11764705882352941
mimic_perform_non_af_007,0,isotonic,0.01593625498007968
mimic_perform_non_af_007,0,isotonic,0.0111731843575419
mimic_perform_non_af_007,0,isotonic,0.0111731843575419
mimic_perform_non_af_007,0,isotonic,0.01593625498007968
mimic_perform_non_af_007,0,isotonic,0.0111731843575419
mimic_perform_non_af_007,0,isotonic,0.0111731843575419
mimic_perform_non_af_007,0,isotonic,0.0111731843575419
mimic_perform_non_af_007,0,isotonic,0.0111731843575419
mimic_perform_non_af_007,0,isotonic,0.0111731843575419
mimic_perform_non_af_007,0,isotonic,0.0111731843575419
mimic_perform_non_af_007,0,isotonic,0.10714285714285714
mimic_perform_non_af_007,0,isotonic,0.11631262078973853
mimic_perform_non_af_007,0,isotonic,0.11764705882352941
mimic_perform_non_af_007,0,isotonic,0.11581097394125331
mimic_perform_non_af_007,0,isotonic,0.23076923076923078
mimic_perform_non_af_007,0,isotonic,0.23076923076923078
mimic_perform_non_af_007,0,isotonic,0.0111731843575419
mimic_perform_non_af_007,0,isotonic,0.0111731843575419
mimic_perform_non_af_007,0,isotonic,0.0111731843575419
mimic_perform_non_af_007,0,isotonic,0.0111731843575419
mimic_perform_non_af_007,0,isotonic,0.0111731843575419
mimic_perform_non_af_007,0,isotonic,0.01593625498007968
mimic_perform_non_af_007,0,isotonic,0.01593625498007968
mimic_perform_non_af_007,0,isotonic,0.01593625498007968
mimic_perform_non_af_007,0,isotonic,0.01593625498007968
mimic_perform_non_af_007,0,isotonic,0.0111731843575419
mimic_perform_non_af_007,0,isotonic,0.01593625498007968
mimic_perform_non_af_007,0,isotonic,0.0111731843575419
mimic_perform_non_af_007,0,isotonic,0.0016366612111292963
mimic_perform_non_af_007,0,isotonic,0.01593625498007968
mimic_perform_non_af_007,0,isotonic,0.0111731843575419
mimic_perform_non_af_007,0,isotonic,0.01593625498007968
mimic_perform_non_af_007,0,isotonic,0.0111731843575419
mimic_perform_non_af_007,0,isotonic,0.0016366612111292963
mimic_perform_non_af_007,0,isotonic,0.004975124378109453
mimic_perform_non_af_007,0,isotonic,0.004975124378109453
mimic_perform_non_af_007,0,isotonic,0.0016366612111292963
mimic_perform_non_af_007,0,isotonic,0.0016366612111292963
mimic_perform_non_af_007,0,isotonic,0.0016366612111292963
mimic_perform_non_af_007,0,isotonic,0.0111731843575419
mimic_perform_non_af_007,0,isotonic,0.01593625498007968
mimic_perform_non_af_007,0,isotonic,0.0111731843575419
mimic_perform_non_af_007,0,isotonic,0.01593625498007968
mimic_perform_non_af_007,0,isotonic,0.01593625498007968
mimic_perform_non_af_007,0,isotonic,0.01593625498007968
mimic_perform_non_af_007,0,isotonic,0.0111731843575419
mimic_perform_non_af_007,0,isotonic,0.01593625498007968
mimic_perform_non_af_007,0,isotonic,0.0111731843575419
mimic_perform_non_af_007,0,isotonic,0.0111731843575419
mimic_perform_non_af_007,0,isotonic,0.10714285714285714
mimic_perform_non_af_007,0,isotonic,0.01593625498007968
mimic_perform_non_af_007,0,isotonic,0.5
mimic_perform_non_af_007,0,isotonic,0.11764705882352941
mimic_perform_non_af_007,0,isotonic,0.08103360211073228
mimic_perform_non_af_007,0,isotonic,0.01593625498007968
mimic_perform_non_af_007,0,isotonic,0.23076923076923078
mimic_perform_non_af_007,0,isotonic,0.6622222222222223
mimic_perform_non_af_007,0,isotonic,0.6622222222222223
mimic_perform_non_af_007,0,raw,0.03932615555514221
mimic_perform_non_af_007,0,raw,0.018547051026662882
mimic_perform_non_af_007,0,raw,0.00010522334216002048
mimic_perform_non_af_007,0,raw,0.00017015840709508543
mimic_perform_non_af_007,0,raw,0.004656098087865156
mimic_perform_non_af_007,0,raw,0.10797026450827635
mimic_perform_non_af_007,0,raw,0.06192628329101512
mimic_perform_non_af_007,0,raw,0.13262810668580255
mimic_perform_non_af_007,0,raw,0.005883801302828603
mimic_perform_non_af_007,0,raw,0.002660117033028948
mimic_perform_non_af_007,0,raw,0.00033257459005221496
mimic_perform_non_af_007,0,raw,0.0021967319776743754
mimic_perform_non_af_007,0,raw,0.00018554462730058273
mimic_perform_non_af_007,0,raw,0.00045097587681905155
mimic_perform_non_af_007,0,raw,0.0004227058441018791
mimic_perform_non_af_007,0,raw,0.0030963800926431546
mimic_perform_non_af_007,0,raw,0.0031725705688336304
mimic_perform_non_af_007,0,raw,0.002230745583116552
mimic_perform_non_af_007,0,raw,0.00010522334216002048
mimic_perform_non_af_007,0,raw,0.00010522334216002048
mimic_perform_non_af_007,0,raw,0.0014969369081314068
mimic_perform_non_af_007,0,raw,0.00013349337487719286
mimic_perform_non_af_007,0,raw,0.00013349337487719286
mimic_perform_non_af_007,0,raw,0.00018554462730058273
mimic_perform_non_af_007,0,raw,0.0006500570919940734
mimic_perform_non_af_007,0,raw,0.00886295714369965
mimic_perform_non_af_007,0,raw,0.01991389257422479
mimic_perform_non_af_007,0,raw,0.10700326707502296
mimic_perform_non_af_007,0,raw,0.07242444626803307
mimic_perform_non_af_007,0,raw,0.01507932252391005
mimic_perform_non_af_007,0,raw,0.004597452947609601
mimic_perform_non_af_007,0,raw,0.008688231431307092
mimic_perform_non_af_007,0,raw,0.008953521363868334
mimic_perform_non_af_007,0,raw,0.0006093584032685601
mimic_perform_non_af_007,0,raw,0.005511341407224613
mimic_perform_non_af_007,0,raw,0.00033257459005221496
mimic_perform_non_af_007,0,raw,0.002660117033028948
mimic_perform_non_af_007,0,raw,0.22468631037610753
mimic_perform_non_af_007,0,raw,0.23570695956048984
mimic_perform_non_af_007,0,raw,0.0671609204452965
mimic_perform_non_af_007,0,raw,0.5375850125057992
mimic_perform_non_af_007,0,raw,0.1670655280133695
mimic_perform_non_af_007,0,raw,0.00033257459005221496
mimic_perform_non_af_007,0,raw,0.00018554462730058273
mimic_perform_non_af_007,0,raw,0.00010522334216002048
mimic_perform_non_af_007,0,raw,0.00010522334216002048
mimic_perform_non_af_007,0,raw,0.05114226178034545
mimic_perform_non_af_007,0,raw,0.06289510218171145
mimic_perform_non_af_007,0,raw,0.9073790177729599
mimic_perform_non_af_007,0,raw,0.9088275974010547
mimic_perform_non_af_007,0,raw,0.8924583136774151
mimic_perform_non_af_007,0,raw,0.9673000162932215
mimic_perform_non_af_007,0,raw,0.9669722501434537
mimic_perform_non_af_007,0,raw,0.5055744355433434
mimic_perform_non_af_007,0,raw,0.8795033987704686
mimic_perform_non_af_007,0,raw,0.7011808689612825
mimic_perform_non_af_007,0,raw,0.05245236487453092
mimic_perform_non_af_007,0,raw,0.0077509188870347944
mimic_perform_non_af_007,0,raw,0.011840637994639273
mimic_perform_non_af_007,0,raw,0.21025650575544838
mimic_perform_non_af_007,0,raw,0.08397637885385918
mimic_perform_non_af_007,0,raw,0.055154263067693374
mimic_perform_non_af_007,0,raw,0.012098217717716839
mimic_perform_non_af_007,0,raw,0.06567771654848548
mimic_perform_non_af_007,0,raw,0.048226999138275994
mimic_perform_non_af_007,0,raw,0.04171510076647424
mimic_perform_non_af_007,0,raw,0.060806083972074335
mimic_perform_non_af_007,0,raw,0.030393726215858605
mimic_perform_non_af_007,0,raw,0.026240072821507875
mimic_perform_non_af_007,0,raw,0.030895226535246803
mimic_perform_non_af_007,0,raw,0.17368988683586722
mimic_perform_non_af_007,0,raw,0.19164384058782524
mimic_perform_non_af_007,0,raw,0.19313223285141604
mimic_perform_non_af_007,0,raw,0.19141378800199813
mimic_perform_non_af_007,0,raw,0.23600621054713788
mimic_perform_non_af_007,0,raw,0.2463728153078108
mimic_perform_non_af_007,0,raw,0.034011195926051334
mimic_perform_non_af_007,0,raw,0.04855462414739798
mimic_perform_non_af_007,0,raw,0.012098217717716839
mimic_perform_non_af_007,0,raw,0.05383407918811223
mimic_perform_non_af_007,0,raw,0.019948190650442437
mimic_perform_non_af_007,0,raw,0.08856411404017336
mimic_perform_non_af_007,0,raw,0.07621375072147506
mimic_perform_non_af_007,0,raw,0.14486414657254096
mimic_perform_non_af_007,0,raw,0.07969738577197444
mimic_perform_non_af_007,0,raw,0.06074490301459097
mimic_perform_non_af_007,0,raw,0.08188269787182476
mimic_perform_non_af_007,0,raw,0.021660029929328865
mimic_perform_non_af_007,0,raw,0.00010522334216002048
mimic_perform_non_af_007,0,raw,0.07227572192429008
mimic_perform_non_af_007,0,raw,0.05965713669488992
mimic_perform_non_af_007,0,raw,0.08158216121873596
mimic_perform_non_af_007,0,raw,0.020625738402097565
mimic_perform_non_af_007,0,raw,0.000295829148954478
mimic_perform_non_af_007,0,raw,0.006771933352096896
mimic_perform_non_af_007,0,raw,0.007557641520267945
mimic_perform_non_af_007,0,raw,0.002477735634344426
mimic_perform_non_af_007,0,raw,0.0021967319776743754
mimic_perform_non_af_007,0,raw,0.00018554462730058273
mimic_perform_non_af_007,0,raw,0.0134910862335535
mimic_perform_non_af_007,0,raw,0.06761265434469811
mimic_perform_non_af_007,0,raw,0.05631399660616006
mimic_perform_non_af_007,0,raw,0.15167647940143827
mimic_perform_non_af_007,0,raw,0.10000442470566039
mimic_perform_non_af_007,0,raw,0.07811892544527377
mimic_perform_non_af_007,0,raw,0.011492143152056034
mimic_perform_non_af_007,0,raw,0.1234258250580838
mimic_perform_non_af_007,0,raw,0.0469474931960099
mimic_perform_non_af_007,0,raw,0.016066161413936766
mimic_perform_non_af_007,0,raw,0.18570839560152655
mimic_perform_non_af_007,0,raw,0.08948006225267807
mimic_perform_non_af_007,0,raw,0.4166806302072168
mimic_perform_non_af_007,0,raw,0.21065073206092544
mimic_perform_non_af_007,0,raw,0.15919041991997424
mimic_perform_non_af_007,0,raw,0.07954768418819338
mimic_perform_non_af_007,0,raw,0.24121072932943766
mimic_perform_non_af_007,0,raw,0.5394811284445146
mimic_perform_non_af_007,0,raw,0.5598259491674523
mimic_perform_non_af_008,0,sigmoid,0.02469437504213567
mimic_perform_non_af_008,0,sigmoid,0.02050390477233851
mimic_perform_non_af_008,0,sigmoid,0.8029055663786785
mimic_perform_non_af_008,0,sigmoid,0.5637333838140066
mimic_perform_non_af_008,0,sigmoid,0.058032089657978514
mimic_perform_non_af_008,0,sigmoid,0.051407981393300335
mimic_perform_non_af_008,0,sigmoid,0.01884564633245936
mimic_perform_non_af_008,0,sigmoid,0.01150151099869616
mimic_perform_non_af_008,0,sigmoid,0.010950725088286789
mimic_perform_non_af_008,0,sigmoid,0.010950725088286789
mimic_perform_non_af_008,0,sigmoid,0.010950725088286789
mimic_perform_non_af_008,0,sigmoid,0.010950725088286789
mimic_perform_non_af_008,0,sigmoid,0.010950725088286789
mimic_perform_non_af_008,0,sigmoid,0.010950725088286789
mimic_perform_non_af_008,0,sigmoid,0.010950725088286789
mimic_perform_non_af_008,0,sigmoid,0.010950725088286789
mimic_perform_non_af_008,0,sigmoid,0.013991850651112095
mimic_perform_non_af_008,0,sigmoid,0.013323414427109326
mimic_perform_non_af_008,0,sigmoid,0.012686500704476081
mimic_perform_non_af_008,0,sigmoid,0.02077139555562541
mimic_perform_non_af_008,0,sigmoid,0.012686500704476081
mimic_perform_non_af_008,0,sigmoid,0.010950725088286789
mimic_perform_non_af_008,0,sigmoid,0.010950725088286789
mimic_perform_non_af_008,0,sigmoid,0.012079661306899274
mimic_perform_non_af_008,0,sigmoid,0.012079661306899274
mimic_perform_non_af_008,0,sigmoid,0.010950725088286789
mimic_perform_non_af_008,0,sigmoid,0.012079661306899274
mimic_perform_non_af_008,0,sigmoid,0.013323414427109326
mimic_perform_non_af_008,0,sigmoid,0.012686500704476081
mimic_perform_non_af_008,0,sigmoid,0.010950725088286789
mimic_perform_non_af_008,0,sigmoid,0.010950725088286789
mimic_perform_non_af_008,0,sigmoid,0.01150151099869616
mimic_perform_non_af_008,0,sigmoid,0.011004608822007485
mimic_perform_non_af_008,0,sigmoid,0.017862274483022734
mimic_perform_non_af_008,0,sigmoid,0.015429412775745655
mimic_perform_non_af_008,0,sigmoid,0.036293885075003245
mimic_perform_non_af_008,0,sigmoid,0.01884564633245936
mimic_perform_non_af_008,0,sigmoid,0.03705364858933521
mimic_perform_non_af_008,0,sigmoid,0.010950725088286789
mimic_perform_non_af_008,0,sigmoid,0.010950725088286789
mimic_perform_non_af_008,0,sigmoid,0.010950725088286789
mimic_perform_non_af_008,0,sigmoid,0.010950725088286789
mimic_perform_non_af_008,0,sigmoid,0.01150151099869616
mimic_perform_non_af_008,0,sigmoid,0.010950725088286789
mimic_perform_non_af_008,0,sigmoid,0.010950725088286789
mimic_perform_non_af_008,0,sigmoid,0.010950725088286789
mimic_perform_non_af_008,0,sigmoid,0.01968955402767938
mimic_perform_non_af_008,0,sigmoid,0.010950725088286789
mimic_perform_non_af_008,0,sigmoid,0.013991850651112095
mimic_perform_non_af_008,0,sigmoid,0.012079661306899274
mimic_perform_non_af_008,0,sigmoid,0.013991850651112095
mimic_perform_non_af_008,0,sigmoid,0.01701212574706442
mimic_perform_non_af_008,0,sigmoid,0.013323414427109326
mimic_perform_non_af_008,0,sigmoid,0.013323414427109326
mimic_perform_non_af_008,0,sigmoid,0.010950725088286789
mimic_perform_non_af_008,0,sigmoid,0.01150151099869616
mimic_perform_non_af_008,0,sigmoid,0.010950725088286789
mimic_perform_non_af_008,0,sigmoid,0.010950725088286789
mimic_perform_non_af_008,0,sigmoid,0.01701212574706442
mimic_perform_non_af_008,0,sigmoid,0.014693322945428166
mimic_perform_non_af_008,0,sigmoid,0.012079661306899274
mimic_perform_non_af_008,0,sigmoid,0.015429412775745655
mimic_perform_non_af_008,0,sigmoid,0.010950725088286789
mimic_perform_non_af_008,0,sigmoid,0.010950725088286789
mimic_perform_non_af_008,0,sigmoid,0.014693322945428166
mimic_perform_non_af_008,0,sigmoid,0.014693322945428166
mimic_perform_non_af_008,0,sigmoid,0.013323414427109326
mimic_perform_non_af_008,0,sigmoid,0.010950725088286789
mimic_perform_non_af_008,0,sigmoid,0.01968955402767938
mimic_perform_non_af_008,0,sigmoid,0.010950725088286789
mimic_perform_non_af_008,0,sigmoid,0.010950725088286789
mimic_perform_non_af_008,0,sigmoid,0.013991850651112095
mimic_perform_non_af_008,0,sigmoid,0.01150151099869616
mimic_perform_non_af_008,0,sigmoid,0.016201772056662348
mimic_perform_non_af_008,0,sigmoid,0.010950725088286789
mimic_perform_non_af_008,0,sigmoid,0.010950725088286789
mimic_perform_non_af_008,0,sigmoid,0.010950725088286789
mimic_perform_non_af_008,0,sigmoid,0.010950725088286789
mimic_perform_non_af_008,0,sigmoid,0.010950725088286789
mimic_perform_non_af_008,0,sigmoid,0.01150151099869616
mimic_perform_non_af_008,0,sigmoid,0.01150151099869616
mimic_perform_non_af_008,0,sigmoid,0.010950725088286789
mimic_perform_non_af_008,0,sigmoid,0.010950725088286789
mimic_perform_non_af_008,0,sigmoid,0.010950725088286789
mimic_perform_non_af_008,0,sigmoid,0.010950725088286789
mimic_perform_non_af_008,0,sigmoid,0.01701212574706442
mimic_perform_non_af_008,0,sigmoid,0.010950725088286789
mimic_perform_non_af_008,0,sigmoid,0.010950725088286789
mimic_perform_non_af_008,0,sigmoid,0.010950725088286789
mimic_perform_non_af_008,0,sigmoid,0.010950725088286789
mimic_perform_non_af_008,0,sigmoid,0.010950725088286789
mimic_perform_non_af_008,0,sigmoid,0.010950725088286789
mimic_perform_non_af_008,0,sigmoid,0.010950725088286789
mimic_perform_non_af_008,0,sigmoid,0.010950725088286789
mimic_perform_non_af_008,0,sigmoid,0.01150151099869616
mimic_perform_non_af_008,0,sigmoid,0.010950725088286789
mimic_perform_non_af_008,0,sigmoid,0.012686500704476081
mimic_perform_non_af_008,0,sigmoid,0.01150151099869616
mimic_perform_non_af_008,0,sigmoid,0.010950725088286789
mimic_perform_non_af_008,0,sigmoid,0.010950725088286789
mimic_perform_non_af_008,0,sigmoid,0.010950725088286789
mimic_perform_non_af_008,0,sigmoid,0.010950725088286789
mimic_perform_non_af_008,0,sigmoid,0.010950725088286789
mimic_perform_non_af_008,0,sigmoid,0.010950725088286789
mimic_perform_non_af_008,0,sigmoid,0.010950725088286789
mimic_perform_non_af_008,0,sigmoid,0.019785577521736705
mimic_perform_non_af_008,0,sigmoid,0.013323414427109326
mimic_perform_non_af_008,0,sigmoid,0.014693322945428166
mimic_perform_non_af_008,0,sigmoid,0.01150151099869616
mimic_perform_non_af_008,0,sigmoid,0.02277860076869868
mimic_perform_non_af_008,0,sigmoid,0.01150151099869616
mimic_perform_non_af_008,0,sigmoid,0.01150151099869616
mimic_perform_non_af_008,0,sigmoid,0.012079661306899274
mimic_perform_non_af_008,0,sigmoid,0.03193850710922406
mimic_perform_non_af_008,0,sigmoid,0.01968955402767938
mimic_perform_non_af_008,0,sigmoid,0.13918482238345264
mimic_perform_non_af_008,0,sigmoid,0.07820918400670583
mimic_perform_non_af_008,0,sigmoid,0.02900810690442573
mimic_perform_non_af_008,0,isotonic,0.025
mimic_perform_non_af_008,0,isotonic,0.024875621890547265
mimic_perform_non_af_008,0,isotonic,0.5965909090909092
mimic_perform_non_af_008,0,isotonic,0.4533333333333333
mimic_perform_non_af_008,0,isotonic,0.3103448275862069
mimic_perform_non_af_008,0,isotonic,0.15789473684210525
mimic_perform_non_af_008,0,isotonic,0.024875621890547265
mimic_perform_non_af_008,0,isotonic,0.0136986301369863
mimic_perform_non_af_008,0,isotonic,0.003906250000000001
mimic_perform_non_af_008,0,isotonic,0.003906250000000001
mimic_perform_non_af_008,0,isotonic,0.003906250000000001
mimic_perform_non_af_008,0,isotonic,0.003906250000000001
mimic_perform_non_af_008,0,isotonic,0.003906250000000001
mimic_perform_non_af_008,0,isotonic,0.003906250000000001
mimic_perform_non_af_008,0,isotonic,0.003906250000000001
mimic_perform_non_af_008,0,isotonic,0.003906250000000001
mimic_perform_non_af_008,0,isotonic,0.01702127659574468
mimic_perform_non_af_008,0,isotonic,0.01702127659574468
mimic_perform_non_af_008,0,isotonic,0.01702127659574468
mimic_perform_non_af_008,0,isotonic,0.024875621890547265
mimic_perform_non_af_008,0,isotonic,0.01702127659574468
mimic_perform_non_af_008,0,isotonic,0.003906250000000001
mimic_perform_non_af_008,0,isotonic,0.003906250000000001
mimic_perform_non_af_008,0,isotonic,0.01702127659574468
mimic_perform_non_af_008,0,isotonic,0.01702127659574468
mimic_perform_non_af_008,0,isotonic,0.003906250000000001
mimic_perform_non_af_008,0,isotonic,0.01702127659574468
mimic_perform_non_af_008,0,isotonic,0.01702127659574468
mimic_perform_non_af_008,0,isotonic,0.01702127659574468
mimic_perform_non_af_008,0,isotonic,0.003906250000000001
mimic_perform_non_af_008,0,isotonic,0.003906250000000001
mimic_perform_non_af_008,0,isotonic,0.0136986301369863
mimic_perform_non_af_008,0,isotonic,0.0047739292526443565
mimic_perform_non_af_008,0,isotonic,0.024875621890547265
mimic_perform_non_af_008,0,isotonic,0.024875621890547265
mimic_perform_non_af_008,0,isotonic,0.025
mimic_perform_non_af_008,0,isotonic,0.024875621890547265
mimic_perform_non_af_008,0,isotonic,0.04019113473035822
mimic_perform_non_af_008,0,isotonic,0.003906250000000001
mimic_perform_non_af_008,0,isotonic,0.003906250000000001
mimic_perform_non_af_008,0,isotonic,0.003906250000000001
mimic_perform_non_af_008,0,isotonic,0.003906250000000001
mimic_perform_non_af_008,0,isotonic,0.0136986301369863
mimic_perform_non_af_008,0,isotonic,0.003906250000000001
mimic_perform_non_af_008,0,isotonic,0.003906250000000001
mimic_perform_non_af_008,0,isotonic,0.003906250000000001
mimic_perform_non_af_008,0,isotonic,0.024875621890547265
mimic_perform_non_af_008,0,isotonic,0.003906250000000001
mimic_perform_non_af_008,0,isotonic,0.01702127659574468
mimic_perform_non_af_008,0,isotonic,0.01702127659574468
mimic_perform_non_af_008,0,isotonic,0.01702127659574468
mimic_perform_non_af_008,0,isotonic,0.024875621890547265
mimic_perform_non_af_008,0,isotonic,0.01702127659574468
mimic_perform_non_af_008,0,isotonic,0.01702127659574468
mimic_perform_non_af_008,0,isotonic,0.003906250000000001
mimic_perform_non_af_008,0,isotonic,0.0136986301369863
mimic_perform_non_af_008,0,isotonic,0.003906250000000001
mimic_perform_non_af_008,0,isotonic,0.003906250000000001
mimic_perform_non_af_008,0,isotonic,0.024875621890547265
mimic_perform_non_af_008,0,isotonic,0.024875621890547265
mimic_perform_non_af_008,0,isotonic,0.01702127659574468
mimic_perform_non_af_008,0,isotonic,0.024875621890547265
mimic_perform_non_af_008,0,isotonic,0.003906250000000001
mimic_perform_non_af_008,0,isotonic,0.003906250000000001
mimic_perform_non_af_008,0,isotonic,0.024875621890547265
mimic_perform_non_af_008,0,isotonic,0.024875621890547265
mimic_perform_non_af_008,0,isotonic,0.01702127659574468
mimic_perform_non_af_008,0,isotonic,0.003906250000000001
mimic_perform_non_af_008,0,isotonic,0.024875621890547265
mimic_perform_non_af_008,0,isotonic,0.003906250000000001
mimic_perform_non_af_008,0,isotonic,0.003906250000000001
mimic_perform_non_af_008,0,isotonic,0.01702127659574468
mimic_perform_non_af_008,0,isotonic,0.0136986301369863
mimic_perform_non_af_008,0,isotonic,0.024875621890547265
mimic_perform_non_af_008,0,isotonic,0.003906250000000001
mimic_perform_non_af_008,0,isotonic,0.003906250000000001
mimic_perform_non_af_008,0,isotonic,0.003906250000000001
mimic_perform_non_af_008,0,isotonic,0.003906250000000001
mimic_perform_non_af_008,0,isotonic,0.003906250000000001
mimic_perform_non_af_008,0,isotonic,0.0136986301369863
mimic_perform_non_af_008,0,isotonic,0.0136986301369863
mimic_perform_non_af_008,0,isotonic,0.003906250000000001
mimic_perform_non_af_008,0,isotonic,0.003906250000000001
mimic_perform_non_af_008,0,isotonic,0.003906250000000001
mimic_perform_non_af_008,0,isotonic,0.003906250000000001
mimic_perform_non_af_008,0,isotonic,0.024875621890547265
mimic_perform_non_af_008,0,isotonic,0.003906250000000001
mimic_perform_non_af_008,0,isotonic,0.003906250000000001
mimic_perform_non_af_008,0,isotonic,0.003906250000000001
mimic_perform_non_af_008,0,isotonic,0.003906250000000001
mimic_perform_non_af_008,0,isotonic,0.003906250000000001
mimic_perform_non_af_008,0,isotonic,0.003906250000000001
mimic_perform_non_af_008,0,isotonic,0.003906250000000001
mimic_perform_non_af_008,0,isotonic,0.003906250000000001
mimic_perform_non_af_008,0,isotonic,0.0136986301369863
mimic_perform_non_af_008,0,isotonic,0.003906250000000001
mimic_perform_non_af_008,0,isotonic,0.01702127659574468
mimic_perform_non_af_008,0,isotonic,0.0136986301369863
mimic_perform_non_af_008,0,isotonic,0.003906250000000001
mimic_perform_non_af_008,0,isotonic,0.003906250000000001
mimic_perform_non_af_008,0,isotonic,0.003906250000000001
mimic_perform_non_af_008,0,isotonic,0.003906250000000001
mimic_perform_non_af_008,0,isotonic,0.003906250000000001
mimic_perform_non_af_008,0,isotonic,0.003906250000000001
mimic_perform_non_af_008,0,isotonic,0.003906250000000001
mimic_perform_non_af_008,0,isotonic,0.024875621890547265
mimic_perform_non_af_008,0,isotonic,0.01702127659574468
mimic_perform_non_af_008,0,isotonic,0.024875621890547265
mimic_perform_non_af_008,0,isotonic,0.0136986301369863
mimic_perform_non_af_008,0,isotonic,0.025
mimic_perform_non_af_008,0,isotonic,0.0136986301369863
mimic_perform_non_af_008,0,isotonic,0.0136986301369863
mimic_perform_non_af_008,0,isotonic,0.01702127659574468
mimic_perform_non_af_008,0,isotonic,0.025
mimic_perform_non_af_008,0,isotonic,0.024875621890547265
mimic_perform_non_af_008,0,isotonic,0.3103448275862069
mimic_perform_non_af_008,0,isotonic,0.3103448275862069
mimic_perform_non_af_008,0,isotonic,0.025
mimic_perform_non_af_008,0,raw,0.11111111111111109
mimic_perform_non_af_008,0,raw,0.08555555555555557
mimic_perform_non_af_008,0,raw,0.7935950299680599
mimic_perform_non_af_008,0,raw,0.6393561621014122
mimic_perform_non_af_008,0,raw,0.2305555555555555
mimic_perform_non_af_008,0,raw,0.21333333333333335
mimic_perform_non_af_008,0,raw,0.074
mimic_perform_non_af_008,0,raw,0.006666666666666667
mimic_perform_non_af_008,0,raw,0.0
mimic_perform_non_af_008,0,raw,0.0
mimic_perform_non_af_008,0,raw,0.0
mimic_perform_non_af_008,0,raw,0.0
mimic_perform_non_af_008,0,raw,0.0
mimic_perform_non_af_008,0,raw,0.0
mimic_perform_non_af_008,0,raw,0.0
mimic_perform_non_af_008,0,raw,0.0
mimic_perform_non_af_008,0,raw,0.03333333333333333
mimic_perform_non_af_008,0,raw,0.02666666666666667
mimic_perform_non_af_008,0,raw,0.02
mimic_perform_non_af_008,0,raw,0.08733333333333333
mimic_perform_non_af_008,0,raw,0.02
mimic_perform_non_af_008,0,raw,0.0
mimic_perform_non_af_008,0,raw,0.0
mimic_perform_non_af_008,0,raw,0.013333333333333334
mimic_perform_non_af_008,0,raw,0.013333333333333334
mimic_perform_non_af_008,0,raw,0.0
mimic_perform_non_af_008,0,raw,0.013333333333333334
mimic_perform_non_af_008,0,raw,0.02666666666666667
mimic_perform_non_af_008,0,raw,0.02
mimic_perform_non_af_008,0,raw,0.0
mimic_perform_non_af_008,0,raw,0.0
mimic_perform_non_af_008,0,raw,0.006666666666666667
mimic_perform_non_af_008,0,raw,0.0006666666666666668
mimic_perform_non_af_008,0,raw,0.06666666666666667
mimic_perform_non_af_008,0,raw,0.04666666666666667
mimic_perform_non_af_008,0,raw,0.16444444444444445
mimic_perform_non_af_008,0,raw,0.074
mimic_perform_non_af_008,0,raw,0.16733333333333333
mimic_perform_non_af_008,0,raw,0.0
mimic_perform_non_af_008,0,raw,0.0
mimic_perform_non_af_008,0,raw,0.0
mimic_perform_non_af_008,0,raw,0.0
mimic_perform_non_af_008,0,raw,0.006666666666666667
mimic_perform_non_af_008,0,raw,0.0
mimic_perform_non_af_008,0,raw,0.0
mimic_perform_non_af_008,0,raw,0.0
mimic_perform_non_af_008,0,raw,0.08
mimic_perform_non_af_008,0,raw,0.0
mimic_perform_non_af_008,0,raw,0.03333333333333333
mimic_perform_non_af_008,0,raw,0.013333333333333334
mimic_perform_non_af_008,0,raw,0.03333333333333333
mimic_perform_non_af_008,0,raw,0.06
mimic_perform_non_af_008,0,raw,0.02666666666666667
mimic_perform_non_af_008,0,raw,0.02666666666666667
mimic_perform_non_af_008,0,raw,0.0
mimic_perform_non_af_008,0,raw,0.006666666666666667
mimic_perform_non_af_008,0,raw,0.0
mimic_perform_non_af_008,0,raw,0.0
mimic_perform_non_af_008,0,raw,0.06
mimic_perform_non_af_008,0,raw,0.04
mimic_perform_non_af_008,0,raw,0.013333333333333334
mimic_perform_non_af_008,0,raw,0.04666666666666667
mimic_perform_non_af_008,0,raw,0.0
mimic_perform_non_af_008,0,raw,0.0
mimic_perform_non_af_008,0,raw,0.04
mimic_perform_non_af_008,0,raw,0.04
mimic_perform_non_af_008,0,raw,0.02666666666666667
mimic_perform_non_af_008,0,raw,0.0
mimic_perform_non_af_008,0,raw,0.08
mimic_perform_non_af_008,0,raw,0.0
mimic_perform_non_af_008,0,raw,0.0
mimic_perform_non_af_008,0,raw,0.03333333333333333
mimic_perform_non_af_008,0,raw,0.006666666666666667
mimic_perform_non_af_008,0,raw,0.05333333333333334
mimic_perform_non_af_008,0,raw,0.0
mimic_perform_non_af_008,0,raw,0.0
mimic_perform_non_af_008,0,raw,0.0
mimic_perform_non_af_008,0,raw,0.0
mimic_perform_non_af_008,0,raw,0.0
mimic_perform_non_af_008,0,raw,0.006666666666666667
mimic_perform_non_af_008,0,raw,0.006666666666666667
mimic_perform_non_af_008,0,raw,0.0
mimic_perform_non_af_008,0,raw,0.0
mimic_perform_non_af_008,0,raw,0.0
mimic_perform_non_af_008,0,raw,0.0
mimic_perform_non_af_008,0,raw,0.06
mimic_perform_non_af_008,0,raw,0.0
mimic_perform_non_af_008,0,raw,0.0
mimic_perform_non_af_008,0,raw,0.0
mimic_perform_non_af_008,0,raw,0.0
mimic_perform_non_af_008,0,raw,0.0
mimic_perform_non_af_008,0,raw,0.0
mimic_perform_non_af_008,0,raw,0.0
mimic_perform_non_af_008,0,raw,0.0
mimic_perform_non_af_008,0,raw,0.006666666666666667
mimic_perform_non_af_008,0,raw,0.0
mimic_perform_non_af_008,0,raw,0.02
mimic_perform_non_af_008,0,raw,0.006666666666666667
mimic_perform_non_af_008,0,raw,0.0
mimic_perform_non_af_008,0,raw,0.0
mimic_perform_non_af_008,0,raw,0.0
mimic_perform_non_af_008,0,raw,0.0
mimic_perform_non_af_008,0,raw,0.0
mimic_perform_non_af_008,0,raw,0.0
mimic_perform_non_af_008,0,raw,0.0
mimic_perform_non_af_008,0,raw,0.08066666666666666
mimic_perform_non_af_008,0,raw,0.02666666666666667
mimic_perform_non_af_008,0,raw,0.04
mimic_perform_non_af_008,0,raw,0.006666666666666667
mimic_perform_non_af_008,0,raw,0.1
mimic_perform_non_af_008,0,raw,0.006666666666666667
mimic_perform_non_af_008,0,raw,0.006666666666666667
mimic_perform_non_af_008,0,raw,0.013333333333333334
mimic_perform_non_af_008,0,raw,0.14666666666666667
mimic_perform_non_af_008,0,raw,0.08
mimic_perform_non_af_008,0,raw,0.3601683093874596
mimic_perform_non_af_008,0,raw,0.27354638545009935
mimic_perform_non_af_008,0,raw,0.13333333333333333
mimic_perform_non_af_009,0,sigmoid,0.010269197258990023
mimic_perform_non_af_009,0,sigmoid,0.010269197258990023
mimic_perform_non_af_009,0,sigmoid,0.010269197258990023
mimic_perform_non_af_009,0,sigmoid,0.010269197258990023
mimic_perform_non_af_009,0,sigmoid,0.010269197258990023
mimic_perform_non_af_009,0,sigmoid,0.010269197258990023
mimic_perform_non_af_009,0,sigmoid,0.010269197258990023
mimic_perform_non_af_009,0,sigmoid,0.02499684574949386
mimic_perform_non_af_009,0,sigmoid,0.02690136806678877
mimic_perform_non_af_009,0,sigmoid,0.01861089091826463
mimic_perform_non_af_009,0,sigmoid,0.010269197258990023
mimic_perform_non_af_009,0,sigmoid,0.010269197258990023
mimic_perform_non_af_009,0,sigmoid,0.010269197258990023
mimic_perform_non_af_009,0,sigmoid,0.010269197258990023
mimic_perform_non_af_009,0,sigmoid,0.010269197258990023
mimic_perform_non_af_009,0,sigmoid,0.010269197258990023
mimic_perform_non_af_009,0,sigmoid,0.010269197258990023
mimic_perform_non_af_009,0,sigmoid,0.011064346272897348
mimic_perform_non_af_009,0,sigmoid,0.010269197258990023
mimic_perform_non_af_009,0,sigmoid,0.010269197258990023
mimic_perform_non_af_009,0,sigmoid,0.010269197258990023
mimic_perform_non_af_009,0,sigmoid,0.010269197258990023
mimic_perform_non_af_009,0,sigmoid,0.010269197258990023
mimic_perform_non_af_009,0,sigmoid,0.010269197258990023
mimic_perform_non_af_009,0,sigmoid,0.010269197258990023
mimic_perform_non_af_009,0,sigmoid,0.010269197258990023
mimic_perform_non_af_009,0,sigmoid,0.010269197258990023
mimic_perform_non_af_009,0,sigmoid,0.010269197258990023
mimic_perform_non_af_009,0,sigmoid,0.010269197258990023
mimic_perform_non_af_009,0,sigmoid,0.011064346272897348
mimic_perform_non_af_009,0,sigmoid,0.010269197258990023
mimic_perform_non_af_009,0,sigmoid,0.010269197258990023
mimic_perform_non_af_009,0,sigmoid,0.010269197258990023
mimic_perform_non_af_009,0,sigmoid,0.010269197258990023
mimic_perform_non_af_009,0,sigmoid,0.010269197258990023
mimic_perform_non_af_009,0,sigmoid,0.010269197258990023
mimic_perform_non_af_009,0,sigmoid,0.010269197258990023
mimic_perform_non_af_009,0,sigmoid,0.010269197258990023
mimic_perform_non_af_009,0,sigmoid,0.010269197258990023
mimic_perform_non_af_009,0,sigmoid,0.010269197258990023
mimic_perform_non_af_009,0,sigmoid,0.010269197258990023
mimic_perform_non_af_009,0,sigmoid,0.010269197258990023
mimic_perform_non_af_009,0,sigmoid,0.010269197258990023
mimic_perform_non_af_009,0,sigmoid,0.010269197258990023
mimic_perform_non_af_009,0,sigmoid,0.010269197258990023
mimic_perform_non_af_009,0,sigmoid,0.010269197258990023
mimic_perform_non_af_009,0,sigmoid,0.010269197258990023
mimic_perform_non_af_009,0,sigmoid,0.010269197258990023
mimic_perform_non_af_009,0,sigmoid,0.010269197258990023
mimic_perform_non_af_009,0,sigmoid,0.010269197258990023
mimic_perform_non_af_009,0,sigmoid,0.010269197258990023
mimic_perform_non_af_009,0,sigmoid,0.010269197258990023
mimic_perform_non_af_009,0,sigmoid,0.010269197258990023
mimic_perform_non_af_009,0,sigmoid,0.010269197258990023
mimic_perform_non_af_009,0,sigmoid,0.010269197258990023
mimic_perform_non_af_009,0,sigmoid,0.010269197258990023
mimic_perform_non_af_009,0,sigmoid,0.010269197258990023
mimic_perform_non_af_009,0,sigmoid,0.010269197258990023
mimic_perform_non_af_009,0,sigmoid,0.010269197258990023
mimic_perform_non_af_009,0,sigmoid,0.010269197258990023
mimic_perform_non_af_009,0,sigmoid,0.010269197258990023
mimic_perform_non_af_009,0,sigmoid,0.010269197258990023
mimic_perform_non_af_009,0,sigmoid,0.010269197258990023
mimic_perform_non_af_009,0,sigmoid,0.010269197258990023
mimic_perform_non_af_009,0,sigmoid,0.010269197258990023
mimic_perform_non_af_009,0,sigmoid,0.010269197258990023
mimic_perform_non_af_009,0,sigmoid,0.010269197258990023
mimic_perform_non_af_009,0,sigmoid,0.010269197258990023
mimic_perform_non_af_009,0,sigmoid,0.010269197258990023
mimic_perform_non_af_009,0,sigmoid,0.010269197258990023
mimic_perform_non_af_009,0,sigmoid,0.010269197258990023
mimic_perform_non_af_009,0,sigmoid,0.010269197258990023
mimic_perform_non_af_009,0,sigmoid,0.010269197258990023
mimic_perform_non_af_009,0,sigmoid,0.010269197258990023
mimic_perform_non_af_009,0,sigmoid,0.010269197258990023
mimic_perform_non_af_009,0,sigmoid,0.010269197258990023
mimic_perform_non_af_009,0,sigmoid,0.010269197258990023
mimic_perform_non_af_009,0,sigmoid,0.011064346272897348
mimic_perform_non_af_009,0,sigmoid,0.010269197258990023
mimic_perform_non_af_009,0,sigmoid,0.010269197258990023
mimic_perform_non_af_009,0,sigmoid,0.010269197258990023
mimic_perform_non_af_009,0,sigmoid,0.010269197258990023
mimic_perform_non_af_009,0,sigmoid,0.010269197258990023
mimic_perform_non_af_009,0,sigmoid,0.010269197258990023
mimic_perform_non_af_009,0,sigmoid,0.010269197258990023
mimic_perform_non_af_009,0,sigmoid,0.010269197258990023
mimic_perform_non_af_009,0,sigmoid,0.010269197258990023
mimic_perform_non_af_009,0,sigmoid,0.010269197258990023
mimic_perform_non_af_009,0,sigmoid,0.010269197258990023
mimic_perform_non_af_009,0,sigmoid,0.010269197258990023
mimic_perform_non_af_009,0,sigmoid,0.010269197258990023
mimic_perform_non_af_009,0,sigmoid,0.010269197258990023
mimic_perform_non_af_009,0,sigmoid,0.010269197258990023
mimic_perform_non_af_009,0,sigmoid,0.010269197258990023
mimic_perform_non_af_009,0,sigmoid,0.010269197258990023
mimic_perform_non_af_009,0,sigmoid,0.010269197258990023
mimic_perform_non_af_009,0,sigmoid,0.010269197258990023
mimic_perform_non_af_009,0,sigmoid,0.011064346272897348
mimic_perform_non_af_009,0,sigmoid,0.01383321228570653
mimic_perform_non_af_009,0,sigmoid,0.014900170176443746
mimic_perform_non_af_009,0,sigmoid,0.011064346272897348
mimic_perform_non_af_009,0,sigmoid,0.011064346272897348
mimic_perform_non_af_009,0,sigmoid,0.010269197258990023
mimic_perform_non_af_009,0,sigmoid,0.010269197258990023
mimic_perform_non_af_009,0,sigmoid,0.010269197258990023
mimic_perform_non_af_009,0,sigmoid,0.010269197258990023
mimic_perform_non_af_009,0,sigmoid,0.010269197258990023
mimic_perform_non_af_009,0,sigmoid,0.010269197258990023
mimic_perform_non_af_009,0,sigmoid,0.010269197258990023
mimic_perform_non_af_009,0,sigmoid,0.011064346272897348
mimic_perform_non_af_009,0,sigmoid,0.010269197258990023
mimic_perform_non_af_009,0,sigmoid,0.010269197258990023
mimic_perform_non_af_009,0,sigmoid,0.010269197258990023
mimic_perform_non_af_009,0,sigmoid,0.010269197258990023
mimic_perform_non_af_009,0,sigmoid,0.010269197258990023
mimic_perform_non_af_009,0,sigmoid,0.010269197258990023
mimic_perform_non_af_009,0,sigmoid,0.010269197258990023
mimic_perform_non_af_009,0,sigmoid,0.01728288086075188
mimic_perform_non_af_009,0,isotonic,0.005687203791469194
mimic_perform_non_af_009,0,isotonic,0.005687203791469194
mimic_perform_non_af_009,0,isotonic,0.005687203791469194
mimic_perform_non_af_009,0,isotonic,0.005687203791469194
mimic_perform_non_af_009,0,isotonic,0.005687203791469194
mimic_perform_non_af_009,0,isotonic,0.005687203791469194
mimic_perform_non_af_009,0,isotonic,0.005687203791469194
mimic_perform_non_af_009,0,isotonic,0.0234375
mimic_perform_non_af_009,0,isotonic,0.0234375
mimic_perform_non_af_009,0,isotonic,0.0234375
mimic_perform_non_af_009,0,isotonic,0.005687203791469194
mimic_perform_non_af_009,0,isotonic,0.005687203791469194
mimic_perform_non_af_009,0,isotonic,0.005687203791469194
mimic_perform_non_af_009,0,isotonic,0.005687203791469194
mimic_perform_non_af_009,0,isotonic,0.005687203791469194
mimic_perform_non_af_009,0,isotonic,0.005687203791469194
mimic_perform_non_af_009,0,isotonic,0.005687203791469194
mimic_perform_non_af_009,0,isotonic,0.005687203791469194
mimic_perform_non_af_009,0,isotonic,0.005687203791469194
mimic_perform_non_af_009,0,isotonic,0.005687203791469194
mimic_perform_non_af_009,0,isotonic,0.005687203791469194
mimic_perform_non_af_009,0,isotonic,0.005687203791469194
mimic_perform_non_af_009,0,isotonic,0.005687203791469194
mimic_perform_non_af_009,0,isotonic,0.005687203791469194
mimic_perform_non_af_009,0,isotonic,0.005687203791469194
mimic_perform_non_af_009,0,isotonic,0.005687203791469194
mimic_perform_non_af_009,0,isotonic,0.005687203791469194
mimic_perform_non_af_009,0,isotonic,0.005687203791469194
mimic_perform_non_af_009,0,isotonic,0.005687203791469194
mimic_perform_non_af_009,0,isotonic,0.005687203791469194
mimic_perform_non_af_009,0,isotonic,0.005687203791469194
mimic_perform_non_af_009,0,isotonic,0.005687203791469194
mimic_perform_non_af_009,0,isotonic,0.005687203791469194
mimic_perform_non_af_009,0,isotonic,0.005687203791469194
mimic_perform_non_af_009,0,isotonic,0.005687203791469194
mimic_perform_non_af_009,0,isotonic,0.005687203791469194
mimic_perform_non_af_009,0,isotonic,0.005687203791469194
mimic_perform_non_af_009,0,isotonic,0.005687203791469194
mimic_perform_non_af_009,0,isotonic,0.005687203791469194
mimic_perform_non_af_009,0,isotonic,0.005687203791469194
mimic_perform_non_af_009,0,isotonic,0.005687203791469194
mimic_perform_non_af_009,0,isotonic,0.005687203791469194
mimic_perform_non_af_009,0,isotonic,0.005687203791469194
mimic_perform_non_af_009,0,isotonic,0.005687203791469194
mimic_perform_non_af_009,0,isotonic,0.005687203791469194
mimic_perform_non_af_009,0,isotonic,0.005687203791469194
mimic_perform_non_af_009,0,isotonic,0.005687203791469194
mimic_perform_non_af_009,0,isotonic,0.005687203791469194
mimic_perform_non_af_009,0,isotonic,0.005687203791469194
mimic_perform_non_af_009,0,isotonic,0.005687203791469194
mimic_perform_non_af_009,0,isotonic,0.005687203791469194
mimic_perform_non_af_009,0,isotonic,0.005687203791469194
mimic_perform_non_af_009,0,isotonic,0.005687203791469194
mimic_perform_non_af_009,0,isotonic,0.005687203791469194
mimic_perform_non_af_009,0,isotonic,0.005687203791469194
mimic_perform_non_af_009,0,isotonic,0.005687203791469194
mimic_perform_non_af_009,0,isotonic,0.005687203791469194
mimic_perform_non_af_009,0,isotonic,0.005687203791469194
mimic_perform_non_af_009,0,isotonic,0.005687203791469194
mimic_perform_non_af_009,0,isotonic,0.005687203791469194
mimic_perform_non_af_009,0,isotonic,0.005687203791469194
mimic_perform_non_af_009,0,isotonic,0.005687203791469194
mimic_perform_non_af_009,0,isotonic,0.005687203791469194
mimic_perform_non_af_009,0,isotonic,0.005687203791469194
mimic_perform_non_af_009,0,isotonic,0.005687203791469194
mimic_perform_non_af_009,0,isotonic,0.005687203791469194
mimic_perform_non_af_009,0,isotonic,0.005687203791469194
mimic_perform_non_af_009,0,isotonic,0.005687203791469194
mimic_perform_non_af_009,0,isotonic,0.005687203791469194
mimic_perform_non_af_009,0,isotonic,0.005687203791469194
mimic_perform_non_af_009,0,isotonic,0.005687203791469194
mimic_perform_non_af_009,0,isotonic,0.005687203791469194
mimic_perform_non_af_009,0,isotonic,0.005687203791469194
mimic_perform_non_af_009,0,isotonic,0.005687203791469194
mimic_perform_non_af_009,0,isotonic,0.005687203791469194
mimic_perform_non_af_009,0,isotonic,0.005687203791469194
mimic_perform_non_af_009,0,isotonic,0.005687203791469194
mimic_perform_non_af_009,0,isotonic,0.005687203791469194
mimic_perform_non_af_009,0,isotonic,0.005687203791469194
mimic_perform_non_af_009,0,isotonic,0.005687203791469194
mimic_perform_non_af_009,0,isotonic,0.005687203791469194
mimic_perform_non_af_009,0,isotonic,0.005687203791469194
mimic_perform_non_af_009,0,isotonic,0.005687203791469194
mimic_perform_non_af_009,0,isotonic,0.005687203791469194
mimic_perform_non_af_009,0,isotonic,0.005687203791469194
mimic_perform_non_af_009,0,isotonic,0.005687203791469194
mimic_perform_non_af_009,0,isotonic,0.005687203791469194
mimic_perform_non_af_009,0,isotonic,0.005687203791469194
mimic_perform_non_af_009,0,isotonic,0.005687203791469194
mimic_perform_non_af_009,0,isotonic,0.005687203791469194
mimic_perform_non_af_009,0,isotonic,0.005687203791469194
mimic_perform_non_af_009,0,isotonic,0.005687203791469194
mimic_perform_non_af_009,0,isotonic,0.005687203791469194
mimic_perform_non_af_009,0,isotonic,0.005687203791469194
mimic_perform_non_af_009,0,isotonic,0.005687203791469194
mimic_perform_non_af_009,0,isotonic,0.005687203791469194
mimic_perform_non_af_009,0,isotonic,0.005687203791469194
mimic_perform_non_af_009,0,isotonic,0.005687203791469194
mimic_perform_non_af_009,0,isotonic,0.0234375
mimic_perform_non_af_009,0,isotonic,0.0234375
mimic_perform_non_af_009,0,isotonic,0.005687203791469194
mimic_perform_non_af_009,0,isotonic,0.005687203791469194
mimic_perform_non_af_009,0,isotonic,0.005687203791469194
mimic_perform_non_af_009,0,isotonic,0.005687203791469194
mimic_perform_non_af_009,0,isotonic,0.005687203791469194
mimic_perform_non_af_009,0,isotonic,0.005687203791469194
mimic_perform_non_af_009,0,isotonic,0.005687203791469194
mimic_perform_non_af_009,0,isotonic,0.005687203791469194
mimic_perform_non_af_009,0,isotonic,0.005687203791469194
mimic_perform_non_af_009,0,isotonic,0.005687203791469194
mimic_perform_non_af_009,0,isotonic,0.005687203791469194
mimic_perform_non_af_009,0,isotonic,0.005687203791469194
mimic_perform_non_af_009,0,isotonic,0.005687203791469194
mimic_perform_non_af_009,0,isotonic,0.005687203791469194
mimic_perform_non_af_009,0,isotonic,0.005687203791469194
mimic_perform_non_af_009,0,isotonic,0.005687203791469194
mimic_perform_non_af_009,0,isotonic,0.005687203791469194
mimic_perform_non_af_009,0,isotonic,0.0234375
mimic_perform_non_af_009,0,raw,0.0
mimic_perform_non_af_009,0,raw,0.0
mimic_perform_non_af_009,0,raw,0.0
mimic_perform_non_af_009,0,raw,0.0
mimic_perform_non_af_009,0,raw,0.0
mimic_perform_non_af_009,0,raw,0.0
mimic_perform_non_af_009,0,raw,0.0
mimic_perform_non_af_009,0,raw,0.12
mimic_perform_non_af_009,0,raw,0.13
mimic_perform_non_af_009,0,raw,0.08
mimic_perform_non_af_009,0,raw,0.0
mimic_perform_non_af_009,0,raw,0.0
mimic_perform_non_af_009,0,raw,0.0
mimic_perform_non_af_009,0,raw,0.0
mimic_perform_non_af_009,0,raw,0.0
mimic_perform_non_af_009,0,raw,0.0
mimic_perform_non_af_009,0,raw,0.0
mimic_perform_non_af_009,0,raw,0.01
mimic_perform_non_af_009,0,raw,0.0
mimic_perform_non_af_009,0,raw,0.0
mimic_perform_non_af_009,0,raw,0.0
mimic_perform_non_af_009,0,raw,0.0
mimic_perform_non_af_009,0,raw,0.0
mimic_perform_non_af_009,0,raw,0.0
mimic_perform_non_af_009,0,raw,0.0
mimic_perform_non_af_009,0,raw,0.0
mimic_perform_non_af_009,0,raw,0.0
mimic_perform_non_af_009,0,raw,0.0
mimic_perform_non_af_009,0,raw,0.0
mimic_perform_non_af_009,0,raw,0.01
mimic_perform_non_af_009,0,raw,0.0
mimic_perform_non_af_009,0,raw,0.0
mimic_perform_non_af_009,0,raw,0.0
mimic_perform_non_af_009,0,raw,0.0
mimic_perform_non_af_009,0,raw,0.0
mimic_perform_non_af_009,0,raw,0.0
mimic_perform_non_af_009,0,raw,0.0
mimic_perform_non_af_009,0,raw,0.0
mimic_perform_non_af_009,0,raw,0.0
mimic_perform_non_af_009,0,raw,0.0
mimic_perform_non_af_009,0,raw,0.0
mimic_perform_non_af_009,0,raw,0.0
mimic_perform_non_af_009,0,raw,0.0
mimic_perform_non_af_009,0,raw,0.0
mimic_perform_non_af_009,0,raw,0.0
mimic_perform_non_af_009,0,raw,0.0
mimic_perform_non_af_009,0,raw,0.0
mimic_perform_non_af_009,0,raw,0.0
mimic_perform_non_af_009,0,raw,0.0
mimic_perform_non_af_009,0,raw,0.0
mimic_perform_non_af_009,0,raw,0.0
mimic_perform_non_af_009,0,raw,0.0
mimic_perform_non_af_009,0,raw,0.0
mimic_perform_non_af_009,0,raw,0.0
mimic_perform_non_af_009,0,raw,0.0
mimic_perform_non_af_009,0,raw,0.0
mimic_perform_non_af_009,0,raw,0.0
mimic_perform_non_af_009,0,raw,0.0
mimic_perform_non_af_009,0,raw,0.0
mimic_perform_non_af_009,0,raw,0.0
mimic_perform_non_af_009,0,raw,0.0
mimic_perform_non_af_009,0,raw,0.0
mimic_perform_non_af_009,0,raw,0.0
mimic_perform_non_af_009,0,raw,0.0
mimic_perform_non_af_009,0,raw,0.0
mimic_perform_non_af_009,0,raw,0.0
mimic_perform_non_af_009,0,raw,0.0
mimic_perform_non_af_009,0,raw,0.0
mimic_perform_non_af_009,0,raw,0.0
mimic_perform_non_af_009,0,raw,0.0
mimic_perform_non_af_009,0,raw,0.0
mimic_perform_non_af_009,0,raw,0.0
mimic_perform_non_af_009,0,raw,0.0
mimic_perform_non_af_009,0,raw,0.0
mimic_perform_non_af_009,0,raw,0.0
mimic_perform_non_af_009,0,raw,0.0
mimic_perform_non_af_009,0,raw,0.0
mimic_perform_non_af_009,0,raw,0.01
mimic_perform_non_af_009,0,raw,0.0
mimic_perform_non_af_009,0,raw,0.0
mimic_perform_non_af_009,0,raw,0.0
mimic_perform_non_af_009,0,raw,0.0
mimic_perform_non_af_009,0,raw,0.0
mimic_perform_non_af_009,0,raw,0.0
mimic_perform_non_af_009,0,raw,0.0
mimic_perform_non_af_009,0,raw,0.0
mimic_perform_non_af_009,0,raw,0.0
mimic_perform_non_af_009,0,raw,0.0
mimic_perform_non_af_009,0,raw,0.0
mimic_perform_non_af_009,0,raw,0.0
mimic_perform_non_af_009,0,raw,0.0
mimic_perform_non_af_009,0,raw,0.0
mimic_perform_non_af_009,0,raw,0.0
mimic_perform_non_af_009,0,raw,0.0
mimic_perform_non_af_009,0,raw,0.0
mimic_perform_non_af_009,0,raw,0.0
mimic_perform_non_af_009,0,raw,0.0
mimic_perform_non_af_009,0,raw,0.01
mimic_perform_non_af_009,0,raw,0.04
mimic_perform_non_af_009,0,raw,0.05
mimic_perform_non_af_009,0,raw,0.01
mimic_perform_non_af_009,0,raw,0.01
mimic_perform_non_af_009,0,raw,0.0
mimic_perform_non_af_009,0,raw,0.0
mimic_perform_non_af_009,0,raw,0.0
mimic_perform_non_af_009,0,raw,0.0
mimic_perform_non_af_009,0,raw,0.0
mimic_perform_non_af_009,0,raw,0.0
mimic_perform_non_af_009,0,raw,0.0
mimic_perform_non_af_009,0,raw,0.01
mimic_perform_non_af_009,0,raw,0.0
mimic_perform_non_af_009,0,raw,0.0
mimic_perform_non_af_009,0,raw,0.0
mimic_perform_non_af_009,0,raw,0.0
mimic_perform_non_af_009,0,raw,0.0
mimic_perform_non_af_009,0,raw,0.0
mimic_perform_non_af_009,0,raw,0.0
mimic_perform_non_af_009,0,raw,0.07
mimic_perform_non_af_010,0,sigmoid,0.02162382810744018
mimic_perform_non_af_010,0,sigmoid,0.014238558777023305
mimic_perform_non_af_010,0,sigmoid,0.014238558777023305
mimic_perform_non_af_010,0,sigmoid,0.014238558777023305
mimic_perform_non_af_010,0,sigmoid,0.014238558777023305
mimic_perform_non_af_010,0,sigmoid,0.014238558777023305
mimic_perform_non_af_010,0,sigmoid,0.014238558777023305
mimic_perform_non_af_010,0,sigmoid,0.014238558777023305
mimic_perform_non_af_010,0,sigmoid,0.014238558777023305
mimic_perform_non_af_010,0,sigmoid,0.014238558777023305
mimic_perform_non_af_010,0,sigmoid,0.02317565094625697
mimic_perform_non_af_010,0,sigmoid,0.017310868691838146
mimic_perform_non_af_010,0,sigmoid,0.028757941311004665
mimic_perform_non_af_010,0,sigmoid,0.014238558777023305
mimic_perform_non_af_010,0,sigmoid,0.014238558777023305
mimic_perform_non_af_010,0,sigmoid,0.01647614419743445
mimic_perform_non_af_010,0,sigmoid,0.8218153245284204
mimic_perform_non_af_010,0,sigmoid,0.9388577400561215
mimic_perform_non_af_010,0,sigmoid,0.8086227409532359
mimic_perform_non_af_010,0,sigmoid,0.8019530358745613
mimic_perform_non_af_010,0,sigmoid,0.014238558777023305
mimic_perform_non_af_010,0,sigmoid,0.014238558777023305
mimic_perform_non_af_010,0,sigmoid,0.014238558777023305
mimic_perform_non_af_010,0,sigmoid,0.01614525624296398
mimic_perform_non_af_010,0,sigmoid,0.01614525624296398
mimic_perform_non_af_010,0,sigmoid,0.10138962191570097
mimic_perform_non_af_010,0,sigmoid,0.014238558777023305
mimic_perform_non_af_010,0,sigmoid,0.016372031716813763
mimic_perform_non_af_010,0,sigmoid,0.014238558777023305
mimic_perform_non_af_010,0,sigmoid,0.014238558777023305
mimic_perform_non_af_010,0,sigmoid,0.014363477148749894
mimic_perform_non_af_010,0,sigmoid,0.014238558777023305
mimic_perform_non_af_010,0,sigmoid,0.02162382810744018
mimic_perform_non_af_010,0,sigmoid,0.02162382810744018
mimic_perform_non_af_010,0,sigmoid,0.01526865282493674
mimic_perform_non_af_010,0,sigmoid,0.018819076462581533
mimic_perform_non_af_010,0,sigmoid,0.01614525624296398
mimic_perform_non_af_010,0,sigmoid,0.01526865282493674
mimic_perform_non_af_010,0,sigmoid,0.014238558777023305
mimic_perform_non_af_010,0,sigmoid,0.014238558777023305
mimic_perform_non_af_010,0,sigmoid,0.018819076462581533
mimic_perform_non_af_010,0,sigmoid,0.017651800612962443
mimic_perform_non_af_010,0,sigmoid,0.01526865282493674
mimic_perform_non_af_010,0,sigmoid,0.014238558777023305
mimic_perform_non_af_010,0,sigmoid,0.014238558777023305
mimic_perform_non_af_010,0,sigmoid,0.014238558777023305
mimic_perform_non_af_010,0,sigmoid,0.01526865282493674
mimic_perform_non_af_010,0,sigmoid,0.014238558777023305
mimic_perform_non_af_010,0,sigmoid,0.014238558777023305
mimic_perform_non_af_010,0,sigmoid,0.014238558777023305
mimic_perform_non_af_010,0,sigmoid,0.014238558777023305
mimic_perform_non_af_010,0,sigmoid,0.01526865282493674
mimic_perform_non_af_010,0,sigmoid,0.01526865282493674
mimic_perform_non_af_010,0,sigmoid,0.014238558777023305
mimic_perform_non_af_010,0,sigmoid,0.017553724192621984
mimic_perform_non_af_010,0,sigmoid,0.014238558777023305
mimic_perform_non_af_010,0,sigmoid,0.014238558777023305
mimic_perform_non_af_010,0,sigmoid,0.014238558777023305
mimic_perform_non_af_010,0,sigmoid,0.014238558777023305
mimic_perform_non_af_010,0,sigmoid,0.014238558777023305
mimic_perform_non_af_010,0,sigmoid,0.014238558777023305
mimic_perform_non_af_010,0,sigmoid,0.01526865282493674
mimic_perform_non_af_010,0,sigmoid,0.01526865282493674
mimic_perform_non_af_010,0,sigmoid,0.014238558777023305
mimic_perform_non_af_010,0,sigmoid,0.014238558777023305
mimic_perform_non_af_010,0,sigmoid,0.014238558777023305
mimic_perform_non_af_010,0,sigmoid,0.014238558777023305
mimic_perform_non_af_010,0,sigmoid,0.014238558777023305
mimic_perform_non_af_010,0,sigmoid,0.014238558777023305
mimic_perform_non_af_010,0,sigmoid,0.014238558777023305
mimic_perform_non_af_010,0,sigmoid,0.014238558777023305
mimic_perform_non_af_010,0,sigmoid,0.014238558777023305
mimic_perform_non_af_010,0,sigmoid,0.014238558777023305
mimic_perform_non_af_010,0,sigmoid,0.014238558777023305
mimic_perform_non_af_010,0,sigmoid,0.014744747520554583
mimic_perform_non_af_010,0,sigmoid,0.016372031716813763
mimic_perform_non_af_010,0,sigmoid,0.014238558777023305
mimic_perform_non_af_010,0,sigmoid,0.014238558777023305
mimic_perform_non_af_010,0,sigmoid,0.014238558777023305
mimic_perform_non_af_010,0,sigmoid,0.014238558777023305
mimic_perform_non_af_010,0,sigmoid,0.014238558777023305
mimic_perform_non_af_010,0,sigmoid,0.014238558777023305
mimic_perform_non_af_010,0,sigmoid,0.014238558777023305
mimic_perform_non_af_010,0,sigmoid,0.016372031716813763
mimic_perform_non_af_010,0,sigmoid,0.014238558777023305
mimic_perform_non_af_010,0,sigmoid,0.016372031716813763
mimic_perform_non_af_010,0,sigmoid,0.017310868691838146
mimic_perform_non_af_010,0,sigmoid,0.017060503635057227
mimic_perform_non_af_010,0,sigmoid,0.41856936027985925
mimic_perform_non_af_010,0,sigmoid,0.09642609754136998
mimic_perform_non_af_010,0,sigmoid,0.7801508382073069
mimic_perform_non_af_010,0,sigmoid,0.25366776101557836
mimic_perform_non_af_010,0,sigmoid,0.017310868691838146
mimic_perform_non_af_010,0,sigmoid,0.01526865282493674
mimic_perform_non_af_010,0,sigmoid,0.014238558777023305
mimic_perform_non_af_010,0,sigmoid,0.014238558777023305
mimic_perform_non_af_010,0,sigmoid,0.014238558777023305
mimic_perform_non_af_010,0,sigmoid,0.016372031716813763
mimic_perform_non_af_010,0,sigmoid,0.01526865282493674
mimic_perform_non_af_010,0,sigmoid,0.014238558777023305
mimic_perform_non_af_010,0,sigmoid,0.014238558777023305
mimic_perform_non_af_010,0,sigmoid,0.014238558777023305
mimic_perform_non_af_010,0,sigmoid,0.014238558777023305
mimic_perform_non_af_010,0,sigmoid,0.014238558777023305
mimic_perform_non_af_010,0,sigmoid,0.014238558777023305
mimic_perform_non_af_010,0,sigmoid,0.016372031716813763
mimic_perform_non_af_010,0,sigmoid,0.028952345649138518
mimic_perform_non_af_010,0,sigmoid,0.0235360285143401
mimic_perform_non_af_010,0,sigmoid,0.014238558777023305
mimic_perform_non_af_010,0,sigmoid,0.014238558777023305
mimic_perform_non_af_010,0,sigmoid,0.014238558777023305
mimic_perform_non_af_010,0,sigmoid,0.016372031716813763
mimic_perform_non_af_010,0,sigmoid,0.02017376810428519
mimic_perform_non_af_010,0,sigmoid,0.01855904553494989
mimic_perform_non_af_010,0,sigmoid,0.014238558777023305
mimic_perform_non_af_010,0,sigmoid,0.014238558777023305
mimic_perform_non_af_010,0,sigmoid,0.014238558777023305
mimic_perform_non_af_010,0,sigmoid,0.016372031716813763
mimic_perform_non_af_010,0,isotonic,0.016483516483516484
mimic_perform_non_af_010,0,isotonic,0.005385996409335727
mimic_perform_non_af_010,0,isotonic,0.005385996409335727
mimic_perform_non_af_010,0,isotonic,0.005385996409335727
mimic_perform_non_af_010,0,isotonic,0.005385996409335727
mimic_perform_non_af_010,0,isotonic,0.005385996409335727
mimic_perform_non_af_010,0,isotonic,0.005385996409335727
mimic_perform_non_af_010,0,isotonic,0.005385996409335727
mimic_perform_non_af_010,0,isotonic,0.005385996409335727
mimic_perform_non_af_010,0,isotonic,0.005385996409335727
mimic_perform_non_af_010,0,isotonic,0.016483516483516484
mimic_perform_non_af_010,0,isotonic,0.016483516483516484
mimic_perform_non_af_010,0,isotonic,0.028169014084507043
mimic_perform_non_af_010,0,isotonic,0.005385996409335727
mimic_perform_non_af_010,0,isotonic,0.005385996409335727
mimic_perform_non_af_010,0,isotonic,0.005385996409335727
mimic_perform_non_af_010,0,isotonic,0.6675675675675675
mimic_perform_non_af_010,0,isotonic,0.9863636363636363
mimic_perform_non_af_010,0,isotonic,0.6675675675675675
mimic_perform_non_af_010,0,isotonic,0.6675675675675675
mimic_perform_non_af_010,0,isotonic,0.005385996409335727
mimic_perform_non_af_010,0,isotonic,0.005385996409335727
mimic_perform_non_af_010,0,isotonic,0.005385996409335727
mimic_perform_non_af_010,0,isotonic,0.005385996409335727
mimic_perform_non_af_010,0,isotonic,0.005385996409335727
mimic_perform_non_af_010,0,isotonic,0.4533333333333333
mimic_perform_non_af_010,0,isotonic,0.005385996409335727
mimic_perform_non_af_010,0,isotonic,0.005385996409335727
mimic_perform_non_af_010,0,isotonic,0.005385996409335727
mimic_perform_non_af_010,0,isotonic,0.005385996409335727
mimic_perform_non_af_010,0,isotonic,0.005385996409335727
mimic_perform_non_af_010,0,isotonic,0.005385996409335727
mimic_perform_non_af_010,0,isotonic,0.016483516483516484
mimic_perform_non_af_010,0,isotonic,0.016483516483516484
mimic_perform_non_af_010,0,isotonic,0.005385996409335727
mimic_perform_non_af_010,0,isotonic,0.016483516483516484
mimic_perform_non_af_010,0,isotonic,0.005385996409335727
mimic_perform_non_af_010,0,isotonic,0.005385996409335727
mimic_perform_non_af_010,0,isotonic,0.005385996409335727
mimic_perform_non_af_010,0,isotonic,0.005385996409335727
mimic_perform_non_af_010,0,isotonic,0.016483516483516484
mimic_perform_non_af_010,0,isotonic,0.016483516483516484
mimic_perform_non_af_010,0,isotonic,0.005385996409335727
mimic_perform_non_af_010,0,isotonic,0.005385996409335727
mimic_perform_non_af_010,0,isotonic,0.005385996409335727
mimic_perform_non_af_010,0,isotonic,0.005385996409335727
mimic_perform_non_af_010,0,isotonic,0.005385996409335727
mimic_perform_non_af_010,0,isotonic,0.005385996409335727
mimic_perform_non_af_010,0,isotonic,0.005385996409335727
mimic_perform_non_af_010,0,isotonic,0.005385996409335727
mimic_perform_non_af_010,0,isotonic,0.005385996409335727
mimic_perform_non_af_010,0,isotonic,0.005385996409335727
mimic_perform_non_af_010,0,isotonic,0.005385996409335727
mimic_perform_non_af_010,0,isotonic,0.005385996409335727
mimic_perform_non_af_010,0,isotonic,0.016483516483516484
mimic_perform_non_af_010,0,isotonic,0.005385996409335727
mimic_perform_non_af_010,0,isotonic,0.005385996409335727
mimic_perform_non_af_010,0,isotonic,0.005385996409335727
mimic_perform_non_af_010,0,isotonic,0.005385996409335727
mimic_perform_non_af_010,0,isotonic,0.005385996409335727
mimic_perform_non_af_010,0,isotonic,0.005385996409335727
mimic_perform_non_af_010,0,isotonic,0.005385996409335727
mimic_perform_non_af_010,0,isotonic,0.005385996409335727
mimic_perform_non_af_010,0,isotonic,0.005385996409335727
mimic_perform_non_af_010,0,isotonic,0.005385996409335727
mimic_perform_non_af_010,0,isotonic,0.005385996409335727
mimic_perform_non_af_010,0,isotonic,0.005385996409335727
mimic_perform_non_af_010,0,isotonic,0.005385996409335727
mimic_perform_non_af_010,0,isotonic,0.005385996409335727
mimic_perform_non_af_010,0,isotonic,0.005385996409335727
mimic_perform_non_af_010,0,isotonic,0.005385996409335727
mimic_perform_non_af_010,0,isotonic,0.005385996409335727
mimic_perform_non_af_010,0,isotonic,0.005385996409335727
mimic_perform_non_af_010,0,isotonic,0.005385996409335727
mimic_perform_non_af_010,0,isotonic,0.005385996409335727
mimic_perform_non_af_010,0,isotonic,0.005385996409335727
mimic_perform_non_af_010,0,isotonic,0.005385996409335727
mimic_perform_non_af_010,0,isotonic,0.005385996409335727
mimic_perform_non_af_010,0,isotonic,0.005385996409335727
mimic_perform_non_af_010,0,isotonic,0.005385996409335727
mimic_perform_non_af_010,0,isotonic,0.005385996409335727
mimic_perform_non_af_010,0,isotonic,0.005385996409335727
mimic_perform_non_af_010,0,isotonic,0.005385996409335727
mimic_perform_non_af_010,0,isotonic,0.005385996409335727
mimic_perform_non_af_010,0,isotonic,0.005385996409335727
mimic_perform_non_af_010,0,isotonic,0.005385996409335727
mimic_perform_non_af_010,0,isotonic,0.016483516483516484
mimic_perform_non_af_010,0,isotonic,0.016483516483516484
mimic_perform_non_af_010,0,isotonic,0.4533333333333333
mimic_perform_non_af_010,0,isotonic,0.4533333333333333
mimic_perform_non_af_010,0,isotonic,0.6675675675675675
mimic_perform_non_af_010,0,isotonic,0.4533333333333333
mimic_perform_non_af_010,0,isotonic,0.016483516483516484
mimic_perform_non_af_010,0,isotonic,0.005385996409335727
mimic_perform_non_af_010,0,isotonic,0.005385996409335727
mimic_perform_non_af_010,0,isotonic,0.005385996409335727
mimic_perform_non_af_010,0,isotonic,0.005385996409335727
mimic_perform_non_af_010,0,isotonic,0.005385996409335727
mimic_perform_non_af_010,0,isotonic,0.005385996409335727
mimic_perform_non_af_010,0,isotonic,0.005385996409335727
mimic_perform_non_af_010,0,isotonic,0.005385996409335727
mimic_perform_non_af_010,0,isotonic,0.005385996409335727
mimic_perform_non_af_010,0,isotonic,0.005385996409335727
mimic_perform_non_af_010,0,isotonic,0.005385996409335727
mimic_perform_non_af_010,0,isotonic,0.005385996409335727
mimic_perform_non_af_010,0,isotonic,0.005385996409335727
mimic_perform_non_af_010,0,isotonic,0.028169014084507043
mimic_perform_non_af_010,0,isotonic,0.018379653830092307
mimic_perform_non_af_010,0,isotonic,0.005385996409335727
mimic_perform_non_af_010,0,isotonic,0.005385996409335727
mimic_perform_non_af_010,0,isotonic,0.005385996409335727
mimic_perform_non_af_010,0,isotonic,0.005385996409335727
mimic_perform_non_af_010,0,isotonic,0.016483516483516484
mimic_perform_non_af_010,0,isotonic,0.016483516483516484
mimic_perform_non_af_010,0,isotonic,0.005385996409335727
mimic_perform_non_af_010,0,isotonic,0.005385996409335727
mimic_perform_non_af_010,0,isotonic,0.005385996409335727
mimic_perform_non_af_010,0,isotonic,0.005385996409335727
mimic_perform_non_af_010,0,raw,0.06
mimic_perform_non_af_010,0,raw,0.0
mimic_perform_non_af_010,0,raw,0.0
mimic_perform_non_af_010,0,raw,0.0
mimic_perform_non_af_010,0,raw,0.0
mimic_perform_non_af_010,0,raw,0.0
mimic_perform_non_af_010,0,raw,0.0
mimic_perform_non_af_010,0,raw,0.0
mimic_perform_non_af_010,0,raw,0.0
mimic_perform_non_af_010,0,raw,0.0
mimic_perform_non_af_010,0,raw,0.07
mimic_perform_non_af_010,0,raw,0.027999999999999997
mimic_perform_non_af_010,0,raw,0.10125
mimic_perform_non_af_010,0,raw,0.0
mimic_perform_non_af_010,0,raw,0.0
mimic_perform_non_af_010,0,raw,0.02090909090909091
mimic_perform_non_af_010,0,raw,0.8133521426928827
mimic_perform_non_af_010,0,raw,0.9830096955125923
mimic_perform_non_af_010,0,raw,0.8009942967977217
mimic_perform_non_af_010,0,raw,0.794993769470405
mimic_perform_non_af_010,0,raw,0.0
mimic_perform_non_af_010,0,raw,0.0
mimic_perform_non_af_010,0,raw,0.0
mimic_perform_non_af_010,0,raw,0.018000000000000002
mimic_perform_non_af_010,0,raw,0.018000000000000002
mimic_perform_non_af_010,0,raw,0.2899526066350711
mimic_perform_non_af_010,0,raw,0.0
mimic_perform_non_af_010,0,raw,0.02
mimic_perform_non_af_010,0,raw,0.0
mimic_perform_non_af_010,0,raw,0.0
mimic_perform_non_af_010,0,raw,0.00125
mimic_perform_non_af_010,0,raw,0.0
mimic_perform_non_af_010,0,raw,0.06
mimic_perform_non_af_010,0,raw,0.06
mimic_perform_non_af_010,0,raw,0.01
mimic_perform_non_af_010,0,raw,0.04
mimic_perform_non_af_010,0,raw,0.018000000000000002
mimic_perform_non_af_010,0,raw,0.01
mimic_perform_non_af_010,0,raw,0.0
mimic_perform_non_af_010,0,raw,0.0
mimic_perform_non_af_010,0,raw,0.04
mimic_perform_non_af_010,0,raw,0.0308
mimic_perform_non_af_010,0,raw,0.01
mimic_perform_non_af_010,0,raw,0.0
mimic_perform_non_af_010,0,raw,0.0
mimic_perform_non_af_010,0,raw,0.0
mimic_perform_non_af_010,0,raw,0.01
mimic_perform_non_af_010,0,raw,0.0
mimic_perform_non_af_010,0,raw,0.0
mimic_perform_non_af_010,0,raw,0.0
mimic_perform_non_af_010,0,raw,0.0
mimic_perform_non_af_010,0,raw,0.01
mimic_perform_non_af_010,0,raw,0.01
mimic_perform_non_af_010,0,raw,0.0
mimic_perform_non_af_010,0,raw,0.03
mimic_perform_non_af_010,0,raw,0.0
mimic_perform_non_af_010,0,raw,0.0
mimic_perform_non_af_010,0,raw,0.0
mimic_perform_non_af_010,0,raw,0.0
mimic_perform_non_af_010,0,raw,0.0
mimic_perform_non_af_010,0,raw,0.0
mimic_perform_non_af_010,0,raw,0.01
mimic_perform_non_af_010,0,raw,0.01
mimic_perform_non_af_010,0,raw,0.0
mimic_perform_non_af_010,0,raw,0.0
mimic_perform_non_af_010,0,raw,0.0
mimic_perform_non_af_010,0,raw,0.0
mimic_perform_non_af_010,0,raw,0.0
mimic_perform_non_af_010,0,raw,0.0
mimic_perform_non_af_010,0,raw,0.0
mimic_perform_non_af_010,0,raw,0.0
mimic_perform_non_af_010,0,raw,0.0
mimic_perform_non_af_010,0,raw,0.0
mimic_perform_non_af_010,0,raw,0.0
mimic_perform_non_af_010,0,raw,0.005
mimic_perform_non_af_010,0,raw,0.02
mimic_perform_non_af_010,0,raw,0.0
mimic_perform_non_af_010,0,raw,0.0
mimic_perform_non_af_010,0,raw,0.0
mimic_perform_non_af_010,0,raw,0.0
mimic_perform_non_af_010,0,raw,0.0
mimic_perform_non_af_010,0,raw,0.0
mimic_perform_non_af_010,0,raw,0.0
mimic_perform_non_af_010,0,raw,0.02
mimic_perform_non_af_010,0,raw,0.0
mimic_perform_non_af_010,0,raw,0.02
mimic_perform_non_af_010,0,raw,0.027999999999999997
mimic_perform_non_af_010,0,raw,0.02590909090909091
mimic_perform_non_af_010,0,raw,0.5513621845798345
mimic_perform_non_af_010,0,raw,0.28209546377792827
mimic_perform_non_af_010,0,raw,0.7763743131013687
mimic_perform_non_af_010,0,raw,0.44549999999999995
mimic_perform_non_af_010,0,raw,0.027999999999999997
mimic_perform_non_af_010,0,raw,0.01
mimic_perform_non_af_010,0,raw,0.0
mimic_perform_non_af_010,0,raw,0.0
mimic_perform_non_af_010,0,raw,0.0
mimic_perform_non_af_010,0,raw,0.02
mimic_perform_non_af_010,0,raw,0.01
mimic_perform_non_af_010,0,raw,0.0
mimic_perform_non_af_010,0,raw,0.0
mimic_perform_non_af_010,0,raw,0.0
mimic_perform_non_af_010,0,raw,0.0
mimic_perform_non_af_010,0,raw,0.0
mimic_perform_non_af_010,0,raw,0.0
mimic_perform_non_af_010,0,raw,0.02
mimic_perform_non_af_010,0,raw,0.10222857142857145
mimic_perform_non_af_010,0,raw,0.07222857142857142
mimic_perform_non_af_010,0,raw,0.0
mimic_perform_non_af_010,0,raw,0.0
mimic_perform_non_af_010,0,raw,0.0
mimic_perform_non_af_010,0,raw,0.02
mimic_perform_non_af_010,0,raw,0.05
mimic_perform_non_af_010,0,raw,0.038
mimic_perform_non_af_010,0,raw,0.0
mimic_perform_non_af_010,0,raw,0.0
mimic_perform_non_af_010,0,raw,0.0
mimic_perform_non_af_010,0,raw,0.02
mimic_perform_non_af_011,0,sigmoid,0.0142851980884582
mimic_perform_non_af_011,0,sigmoid,0.0202099683440583
mimic_perform_non_af_011,0,sigmoid,0.02320361815497235
mimic_perform_non_af_011,0,sigmoid,0.02320361815497235
mimic_perform_non_af_011,0,sigmoid,0.02320361815497235
mimic_perform_non_af_011,0,sigmoid,0.01885839735313358
mimic_perform_non_af_011,0,sigmoid,0.0142851980884582
mimic_perform_non_af_011,0,sigmoid,0.015314126211217133
mimic_perform_non_af_011,0,sigmoid,0.0142851980884582
mimic_perform_non_af_011,0,sigmoid,0.021656267601839398
mimic_perform_non_af_011,0,sigmoid,0.024858718446444043
mimic_perform_non_af_011,0,sigmoid,0.03270456912903654
mimic_perform_non_af_011,0,sigmoid,0.024858718446444043
mimic_perform_non_af_011,0,sigmoid,0.015314126211217133
mimic_perform_non_af_011,0,sigmoid,0.01885839735313358
mimic_perform_non_af_011,0,sigmoid,0.01641593129205964
mimic_perform_non_af_011,0,sigmoid,0.01641593129205964
mimic_perform_non_af_011,0,sigmoid,0.03501307468373175
mimic_perform_non_af_011,0,sigmoid,0.021656267601839398
mimic_perform_non_af_011,0,sigmoid,0.021656267601839398
mimic_perform_non_af_011,0,sigmoid,0.016703346200515955
mimic_perform_non_af_011,0,sigmoid,0.027001494107752027
mimic_perform_non_af_011,0,sigmoid,0.03776612252507161
mimic_perform_non_af_011,0,sigmoid,0.0202099683440583
mimic_perform_non_af_011,0,sigmoid,0.015314126211217133
mimic_perform_non_af_011,0,sigmoid,0.024858718446444043
mimic_perform_non_af_011,0,sigmoid,0.017595591394810522
mimic_perform_non_af_011,0,sigmoid,0.01641593129205964
mimic_perform_non_af_011,0,sigmoid,0.01885839735313358
mimic_perform_non_af_011,0,sigmoid,0.021656267601839398
mimic_perform_non_af_011,0,sigmoid,0.0202099683440583
mimic_perform_non_af_011,0,sigmoid,0.03270456912903654
mimic_perform_non_af_011,0,sigmoid,0.021656267601839398
mimic_perform_non_af_011,0,sigmoid,0.015314126211217133
mimic_perform_non_af_011,0,sigmoid,0.017595591394810522
mimic_perform_non_af_011,0,sigmoid,0.02320361815497235
mimic_perform_non_af_011,0,sigmoid,0.0142851980884582
mimic_perform_non_af_011,0,sigmoid,0.017595591394810522
mimic_perform_non_af_011,0,sigmoid,0.015314126211217133
mimic_perform_non_af_011,0,sigmoid,0.0202099683440583
mimic_perform_non_af_011,0,sigmoid,0.01885839735313358
mimic_perform_non_af_011,0,sigmoid,0.0142851980884582
mimic_perform_non_af_011,0,sigmoid,0.01885839735313358
mimic_perform_non_af_011,0,sigmoid,0.0142851980884582
mimic_perform_non_af_011,0,sigmoid,0.0142851980884582
mimic_perform_non_af_011,0,sigmoid,0.0142851980884582
mimic_perform_non_af_011,0,sigmoid,0.0142851980884582
mimic_perform_non_af_011,0,sigmoid,0.0142851980884582
mimic_perform_non_af_011,0,sigmoid,0.0142851980884582
mimic_perform_non_af_011,0,sigmoid,0.0142851980884582
mimic_perform_non_af_011,0,sigmoid,0.02852093064119898
mimic_perform_non_af_011,0,sigmoid,0.0202099683440583
mimic_perform_non_af_011,0,sigmoid,0.02852093064119898
mimic_perform_non_af_011,0,sigmoid,0.0142851980884582
mimic_perform_non_af_011,0,sigmoid,0.0142851980884582
mimic_perform_non_af_011,0,sigmoid,0.0142851980884582
mimic_perform_non_af_011,0,sigmoid,0.015314126211217133
mimic_perform_non_af_011,0,sigmoid,0.01641593129205964
mimic_perform_non_af_011,0,sigmoid,0.024858718446444043
mimic_perform_non_af_011,0,sigmoid,0.021656267601839398
mimic_perform_non_af_011,0,sigmoid,0.01641593129205964
mimic_perform_non_af_011,0,sigmoid,0.0142851980884582
mimic_perform_non_af_011,0,sigmoid,0.01641593129205964
mimic_perform_non_af_011,0,sigmoid,0.0142851980884582
mimic_perform_non_af_011,0,sigmoid,0.0142851980884582
mimic_perform_non_af_011,0,sigmoid,0.01641593129205964
mimic_perform_non_af_011,0,sigmoid,0.015314126211217133
mimic_perform_non_af_011,0,sigmoid,0.015314126211217133
mimic_perform_non_af_011,0,sigmoid,0.0142851980884582
mimic_perform_non_af_011,0,sigmoid,0.0142851980884582
mimic_perform_non_af_011,0,sigmoid,0.0142851980884582
mimic_perform_non_af_011,0,sigmoid,0.0142851980884582
mimic_perform_non_af_011,0,sigmoid,0.0142851980884582
mimic_perform_non_af_011,0,sigmoid,0.0142851980884582
mimic_perform_non_af_011,0,sigmoid,0.015314126211217133
mimic_perform_non_af_011,0,sigmoid,0.0142851980884582
mimic_perform_non_af_011,0,sigmoid,0.0142851980884582
mimic_perform_non_af_011,0,sigmoid,0.0142851980884582
mimic_perform_non_af_011,0,sigmoid,0.0142851980884582
mimic_perform_non_af_011,0,sigmoid,0.017595591394810522
mimic_perform_non_af_011,0,sigmoid,0.0202099683440583
mimic_perform_non_af_011,0,sigmoid,0.015314126211217133
mimic_perform_non_af_011,0,sigmoid,0.021656267601839398
mimic_perform_non_af_011,0,sigmoid,0.02320361815497235
mimic_perform_non_af_011,0,sigmoid,0.02320361815497235
mimic_perform_non_af_011,0,sigmoid,0.0142851980884582
mimic_perform_non_af_011,0,sigmoid,0.0142851980884582
mimic_perform_non_af_011,0,sigmoid,0.0202099683440583
mimic_perform_non_af_011,0,sigmoid,0.0142851980884582
mimic_perform_non_af_011,0,sigmoid,0.02320361815497235
mimic_perform_non_af_011,0,sigmoid,0.017595591394810522
mimic_perform_non_af_011,0,sigmoid,0.021656267601839398
mimic_perform_non_af_011,0,sigmoid,0.01641593129205964
mimic_perform_non_af_011,0,sigmoid,0.01641593129205964
mimic_perform_non_af_011,0,sigmoid,0.03515365440133355
mimic_perform_non_af_011,0,sigmoid,0.0202099683440583
mimic_perform_non_af_011,0,sigmoid,0.01641593129205964
mimic_perform_non_af_011,0,sigmoid,0.015314126211217133
mimic_perform_non_af_011,0,sigmoid,0.0142851980884582
mimic_perform_non_af_011,0,sigmoid,0.01885839735313358
mimic_perform_non_af_011,0,sigmoid,0.01641593129205964
mimic_perform_non_af_011,0,sigmoid,0.0202099683440583
mimic_perform_non_af_011,0,sigmoid,0.0202099683440583
mimic_perform_non_af_011,0,sigmoid,0.015314126211217133
mimic_perform_non_af_011,0,sigmoid,0.015314126211217133
mimic_perform_non_af_011,0,sigmoid,0.0142851980884582
mimic_perform_non_af_011,0,sigmoid,0.024858718446444043
mimic_perform_non_af_011,0,sigmoid,0.017595591394810522
mimic_perform_non_af_011,0,sigmoid,0.0142851980884582
mimic_perform_non_af_011,0,sigmoid,0.0142851980884582
mimic_perform_non_af_011,0,sigmoid,0.0142851980884582
mimic_perform_non_af_011,0,sigmoid,0.0142851980884582
mimic_perform_non_af_011,0,sigmoid,0.0142851980884582
mimic_perform_non_af_011,0,sigmoid,0.0142851980884582
mimic_perform_non_af_011,0,sigmoid,0.0142851980884582
mimic_perform_non_af_011,0,sigmoid,0.024858718446444043
mimic_perform_non_af_011,0,sigmoid,0.0142851980884582
mimic_perform_non_af_011,0,sigmoid,0.0142851980884582
mimic_perform_non_af_011,0,isotonic,0.006294964028776978
mimic_perform_non_af_011,0,isotonic,0.02040816326530612
mimic_perform_non_af_011,0,isotonic,0.030303030303030304
mimic_perform_non_af_011,0,isotonic,0.030303030303030304
mimic_perform_non_af_011,0,isotonic,0.030303030303030304
mimic_perform_non_af_011,0,isotonic,0.006294964028776978
mimic_perform_non_af_011,0,isotonic,0.006294964028776978
mimic_perform_non_af_011,0,isotonic,0.006294964028776978
mimic_perform_non_af_011,0,isotonic,0.006294964028776978
mimic_perform_non_af_011,0,isotonic,0.030303030303030304
mimic_perform_non_af_011,0,isotonic,0.03389830508474576
mimic_perform_non_af_011,0,isotonic,0.03389830508474576
mimic_perform_non_af_011,0,isotonic,0.03389830508474576
mimic_perform_non_af_011,0,isotonic,0.006294964028776978
mimic_perform_non_af_011,0,isotonic,0.006294964028776978
mimic_perform_non_af_011,0,isotonic,0.006294964028776978
mimic_perform_non_af_011,0,isotonic,0.006294964028776978
mimic_perform_non_af_011,0,isotonic,0.03389830508474576
mimic_perform_non_af_011,0,isotonic,0.030303030303030304
mimic_perform_non_af_011,0,isotonic,0.030303030303030304
mimic_perform_non_af_011,0,isotonic,0.006294964028776978
mimic_perform_non_af_011,0,isotonic,0.03389830508474576
mimic_perform_non_af_011,0,isotonic,0.07142857142857142
mimic_perform_non_af_011,0,isotonic,0.02040816326530612
mimic_perform_non_af_011,0,isotonic,0.006294964028776978
mimic_perform_non_af_011,0,isotonic,0.03389830508474576
mimic_perform_non_af_011,0,isotonic,0.006294964028776978
mimic_perform_non_af_011,0,isotonic,0.006294964028776978
mimic_perform_non_af_011,0,isotonic,0.006294964028776978
mimic_perform_non_af_011,0,isotonic,0.030303030303030304
mimic_perform_non_af_011,0,isotonic,0.02040816326530612
mimic_perform_non_af_011,0,isotonic,0.03389830508474576
mimic_perform_non_af_011,0,isotonic,0.030303030303030304
mimic_perform_non_af_011,0,isotonic,0.006294964028776978
mimic_perform_non_af_011,0,isotonic,0.006294964028776978
mimic_perform_non_af_011,0,isotonic,0.030303030303030304
mimic_perform_non_af_011,0,isotonic,0.006294964028776978
mimic_perform_non_af_011,0,isotonic,0.006294964028776978
mimic_perform_non_af_011,0,isotonic,0.006294964028776978
mimic_perform_non_af_011,0,isotonic,0.02040816326530612
mimic_perform_non_af_011,0,isotonic,0.006294964028776978
mimic_perform_non_af_011,0,isotonic,0.006294964028776978
mimic_perform_non_af_011,0,isotonic,0.006294964028776978
mimic_perform_non_af_011,0,isotonic,0.006294964028776978
mimic_perform_non_af_011,0,isotonic,0.006294964028776978
mimic_perform_non_af_011,0,isotonic,0.006294964028776978
mimic_perform_non_af_011,0,isotonic,0.006294964028776978
mimic_perform_non_af_011,0,isotonic,0.006294964028776978
mimic_perform_non_af_011,0,isotonic,0.006294964028776978
mimic_perform_non_af_011,0,isotonic,0.006294964028776978
mimic_perform_non_af_011,0,isotonic,0.03389830508474576
mimic_perform_non_af_011,0,isotonic,0.02040816326530612
mimic_perform_non_af_011,0,isotonic,0.03389830508474576
mimic_perform_non_af_011,0,isotonic,0.006294964028776978
mimic_perform_non_af_011,0,isotonic,0.006294964028776978
mimic_perform_non_af_011,0,isotonic,0.006294964028776978
mimic_perform_non_af_011,0,isotonic,0.006294964028776978
mimic_perform_non_af_011,0,isotonic,0.006294964028776978
mimic_perform_non_af_011,0,isotonic,0.03389830508474576
mimic_perform_non_af_011,0,isotonic,0.030303030303030304
mimic_perform_non_af_011,0,isotonic,0.006294964028776978
mimic_perform_non_af_011,0,isotonic,0.006294964028776978
mimic_perform_non_af_011,0,isotonic,0.006294964028776978
mimic_perform_non_af_011,0,isotonic,0.006294964028776978
mimic_perform_non_af_011,0,isotonic,0.006294964028776978
mimic_perform_non_af_011,0,isotonic,0.006294964028776978
mimic_perform_non_af_011,0,isotonic,0.006294964028776978
mimic_perform_non_af_011,0,isotonic,0.006294964028776978
mimic_perform_non_af_011,0,isotonic,0.006294964028776978
mimic_perform_non_af_011,0,isotonic,0.006294964028776978
mimic_perform_non_af_011,0,isotonic,0.006294964028776978
mimic_perform_non_af_011,0,isotonic,0.006294964028776978
mimic_perform_non_af_011,0,isotonic,0.006294964028776978
mimic_perform_non_af_011,0,isotonic,0.006294964028776978
mimic_perform_non_af_011,0,isotonic,0.006294964028776978
mimic_perform_non_af_011,0,isotonic,0.006294964028776978
mimic_perform_non_af_011,0,isotonic,0.006294964028776978
mimic_perform_non_af_011,0,isotonic,0.006294964028776978
mimic_perform_non_af_011,0,isotonic,0.006294964028776978
mimic_perform_non_af_011,0,isotonic,0.006294964028776978
mimic_perform_non_af_011,0,isotonic,0.02040816326530612
mimic_perform_non_af_011,0,isotonic,0.006294964028776978
mimic_perform_non_af_011,0,isotonic,0.030303030303030304
mimic_perform_non_af_011,0,isotonic,0.030303030303030304
mimic_perform_non_af_011,0,isotonic,0.030303030303030304
mimic_perform_non_af_011,0,isotonic,0.006294964028776978
mimic_perform_non_af_011,0,isotonic,0.006294964028776978
mimic_perform_non_af_011,0,isotonic,0.02040816326530612
mimic_perform_non_af_011,0,isotonic,0.006294964028776978
mimic_perform_non_af_011,0,isotonic,0.030303030303030304
mimic_perform_non_af_011,0,isotonic,0.006294964028776978
mimic_perform_non_af_011,0,isotonic,0.030303030303030304
mimic_perform_non_af_011,0,isotonic,0.006294964028776978
mimic_perform_non_af_011,0,isotonic,0.006294964028776978
mimic_perform_non_af_011,0,isotonic,0.03389830508474576
mimic_perform_non_af_011,0,isotonic,0.02040816326530612
mimic_perform_non_af_011,0,isotonic,0.006294964028776978
mimic_perform_non_af_011,0,isotonic,0.006294964028776978
mimic_perform_non_af_011,0,isotonic,0.006294964028776978
mimic_perform_non_af_011,0,isotonic,0.006294964028776978
mimic_perform_non_af_011,0,isotonic,0.006294964028776978
mimic_perform_non_af_011,0,isotonic,0.02040816326530612
mimic_perform_non_af_011,0,isotonic,0.02040816326530612
mimic_perform_non_af_011,0,isotonic,0.006294964028776978
mimic_perform_non_af_011,0,isotonic,0.006294964028776978
mimic_perform_non_af_011,0,isotonic,0.006294964028776978
mimic_perform_non_af_011,0,isotonic,0.03389830508474576
mimic_perform_non_af_011,0,isotonic,0.006294964028776978
mimic_perform_non_af_011,0,isotonic,0.006294964028776978
mimic_perform_non_af_011,0,isotonic,0.006294964028776978
mimic_perform_non_af_011,0,isotonic,0.006294964028776978
mimic_perform_non_af_011,0,isotonic,0.006294964028776978
mimic_perform_non_af_011,0,isotonic,0.006294964028776978
mimic_perform_non_af_011,0,isotonic,0.006294964028776978
mimic_perform_non_af_011,0,isotonic,0.006294964028776978
mimic_perform_non_af_011,0,isotonic,0.03389830508474576
mimic_perform_non_af_011,0,isotonic,0.006294964028776978
mimic_perform_non_af_011,0,isotonic,0.006294964028776978
mimic_perform_non_af_011,0,raw,0.0
mimic_perform_non_af_011,0,raw,0.05
mimic_perform_non_af_011,0,raw,0.07
mimic_perform_non_af_011,0,raw,0.07
mimic_perform_non_af_011,0,raw,0.07
mimic_perform_non_af_011,0,raw,0.04
mimic_perform_non_af_011,0,raw,0.0
mimic_perform_non_af_011,0,raw,0.01
mimic_perform_non_af_011,0,raw,0.0
mimic_perform_non_af_011,0,raw,0.06
mimic_perform_non_af_011,0,raw,0.08
mimic_perform_non_af_011,0,raw,0.12
mimic_perform_non_af_011,0,raw,0.08
mimic_perform_non_af_011,0,raw,0.01
mimic_perform_non_af_011,0,raw,0.04
mimic_perform_non_af_011,0,raw,0.02
mimic_perform_non_af_011,0,raw,0.02
mimic_perform_non_af_011,0,raw,0.13
mimic_perform_non_af_011,0,raw,0.06
mimic_perform_non_af_011,0,raw,0.06
mimic_perform_non_af_011,0,raw,0.0225
mimic_perform_non_af_011,0,raw,0.09202380952380952
mimic_perform_non_af_011,0,raw,0.14112637362637362
mimic_perform_non_af_011,0,raw,0.05
mimic_perform_non_af_011,0,raw,0.01
mimic_perform_non_af_011,0,raw,0.08
mimic_perform_non_af_011,0,raw,0.03
mimic_perform_non_af_011,0,raw,0.02
mimic_perform_non_af_011,0,raw,0.04
mimic_perform_non_af_011,0,raw,0.06
mimic_perform_non_af_011,0,raw,0.05
mimic_perform_non_af_011,0,raw,0.12
mimic_perform_non_af_011,0,raw,0.06
mimic_perform_non_af_011,0,raw,0.01
mimic_perform_non_af_011,0,raw,0.03
mimic_perform_non_af_011,0,raw,0.07
mimic_perform_non_af_011,0,raw,0.0
mimic_perform_non_af_011,0,raw,0.03
mimic_perform_non_af_011,0,raw,0.01
mimic_perform_non_af_011,0,raw,0.05
mimic_perform_non_af_011,0,raw,0.04
mimic_perform_non_af_011,0,raw,0.0
mimic_perform_non_af_011,0,raw,0.04
mimic_perform_non_af_011,0,raw,0.0
mimic_perform_non_af_011,0,raw,0.0
mimic_perform_non_af_011,0,raw,0.0
mimic_perform_non_af_011,0,raw,0.0
mimic_perform_non_af_011,0,raw,0.0
mimic_perform_non_af_011,0,raw,0.0
mimic_perform_non_af_011,0,raw,0.0
mimic_perform_non_af_011,0,raw,0.1
mimic_perform_non_af_011,0,raw,0.05
mimic_perform_non_af_011,0,raw,0.1
mimic_perform_non_af_011,0,raw,0.0
mimic_perform_non_af_011,0,raw,0.0
mimic_perform_non_af_011,0,raw,0.0
mimic_perform_non_af_011,0,raw,0.01
mimic_perform_non_af_011,0,raw,0.02
mimic_perform_non_af_011,0,raw,0.08
mimic_perform_non_af_011,0,raw,0.06
mimic_perform_non_af_011,0,raw,0.02
mimic_perform_non_af_011,0,raw,0.0
mimic_perform_non_af_011,0,raw,0.02
mimic_perform_non_af_011,0,raw,0.0
mimic_perform_non_af_011,0,raw,0.0
mimic_perform_non_af_011,0,raw,0.02
mimic_perform_non_af_011,0,raw,0.01
mimic_perform_non_af_011,0,raw,0.01
mimic_perform_non_af_011,0,raw,0.0
mimic_perform_non_af_011,0,raw,0.0
mimic_perform_non_af_011,0,raw,0.0
mimic_perform_non_af_011,0,raw,0.0
mimic_perform_non_af_011,0,raw,0.0
mimic_perform_non_af_011,0,raw,0.0
mimic_perform_non_af_011,0,raw,0.01
mimic_perform_non_af_011,0,raw,0.0
mimic_perform_non_af_011,0,raw,0.0
mimic_perform_non_af_011,0,raw,0.0
mimic_perform_non_af_011,0,raw,0.0
mimic_perform_non_af_011,0,raw,0.03
mimic_perform_non_af_011,0,raw,0.05
mimic_perform_non_af_011,0,raw,0.01
mimic_perform_non_af_011,0,raw,0.06
mimic_perform_non_af_011,0,raw,0.07
mimic_perform_non_af_011,0,raw,0.07
mimic_perform_non_af_011,0,raw,0.0
mimic_perform_non_af_011,0,raw,0.0
mimic_perform_non_af_011,0,raw,0.05
mimic_perform_non_af_011,0,raw,0.0
mimic_perform_non_af_011,0,raw,0.07
mimic_perform_non_af_011,0,raw,0.03
mimic_perform_non_af_011,0,raw,0.06
mimic_perform_non_af_011,0,raw,0.02
mimic_perform_non_af_011,0,raw,0.02
mimic_perform_non_af_011,0,raw,0.13058823529411764
mimic_perform_non_af_011,0,raw,0.05
mimic_perform_non_af_011,0,raw,0.02
mimic_perform_non_af_011,0,raw,0.01
mimic_perform_non_af_011,0,raw,0.0
mimic_perform_non_af_011,0,raw,0.04
mimic_perform_non_af_011,0,raw,0.02
mimic_perform_non_af_011,0,raw,0.05
mimic_perform_non_af_011,0,raw,0.05
mimic_perform_non_af_011,0,raw,0.01
mimic_perform_non_af_011,0,raw,0.01
mimic_perform_non_af_011,0,raw,0.0
mimic_perform_non_af_011,0,raw,0.08
mimic_perform_non_af_011,0,raw,0.03
mimic_perform_non_af_011,0,raw,0.0
mimic_perform_non_af_011,0,raw,0.0
mimic_perform_non_af_011,0,raw,0.0
mimic_perform_non_af_011,0,raw,0.0
mimic_perform_non_af_011,0,raw,0.0
mimic_perform_non_af_011,0,raw,0.0
mimic_perform_non_af_011,0,raw,0.0
mimic_perform_non_af_011,0,raw,0.08
mimic_perform_non_af_011,0,raw,0.0
mimic_perform_non_af_011,0,raw,0.0
mimic_perform_non_af_012,0,sigmoid,0.891682712913039
mimic_perform_non_af_012,0,sigmoid,0.9384111277093509
mimic_perform_non_af_012,0,sigmoid,0.9386932236936787
mimic_perform_non_af_012,0,sigmoid,0.9134238253342915
mimic_perform_non_af_012,0,sigmoid,0.8920637367627863
mimic_perform_non_af_012,0,sigmoid,0.6755401014521356
mimic_perform_non_af_012,0,sigmoid,0.7104755642506927
mimic_perform_non_af_012,0,sigmoid,0.7983373408795795
mimic_perform_non_af_012,0,sigmoid,0.5206372945884467
mimic_perform_non_af_012,0,sigmoid,0.7753882168301649
mimic_perform_non_af_012,0,sigmoid,0.6384454578595514
mimic_perform_non_af_012,0,sigmoid,0.7262528177327965
mimic_perform_non_af_012,0,sigmoid,0.7225569949782727
mimic_perform_non_af_012,0,sigmoid,0.9057939460274118
mimic_perform_non_af_012,0,sigmoid,0.8680008818138639
mimic_perform_non_af_012,0,sigmoid,0.8487757673709654
mimic_perform_non_af_012,0,sigmoid,0.7612712492449467
mimic_perform_non_af_012,0,sigmoid,0.8751007378818854
mimic_perform_non_af_012,0,sigmoid,0.8772536266724325
mimic_perform_non_af_012,0,sigmoid,0.9326911227043541
mimic_perform_non_af_012,0,sigmoid,0.9550193187177085
mimic_perform_non_af_012,0,sigmoid,0.9545461293789456
mimic_perform_non_af_012,0,sigmoid,0.9274277353371934
mimic_perform_non_af_012,0,sigmoid,0.8380151113332109
mimic_perform_non_af_012,0,sigmoid,0.6556863232887664
mimic_perform_non_af_012,0,sigmoid,0.6987719646562198
mimic_perform_non_af_012,0,sigmoid,0.8204657705987126
mimic_perform_non_af_012,0,sigmoid,0.7868818312191135
mimic_perform_non_af_012,0,sigmoid,0.7896942106045719
mimic_perform_non_af_012,0,sigmoid,0.8875312632054382
mimic_perform_non_af_012,0,sigmoid,0.9093708753539446
mimic_perform_non_af_012,0,sigmoid,0.89340672731842
mimic_perform_non_af_012,0,sigmoid,0.7934595097691846
mimic_perform_non_af_012,0,sigmoid,0.9141745576406833
mimic_perform_non_af_012,0,sigmoid,0.9380071017832432
mimic_perform_non_af_012,0,sigmoid,0.8771543129675531
mimic_perform_non_af_012,0,sigmoid,0.37650668209426763
mimic_perform_non_af_012,0,sigmoid,0.43747260021351136
mimic_perform_non_af_012,0,sigmoid,0.7158545626401556
mimic_perform_non_af_012,0,sigmoid,0.8929963902145038
mimic_perform_non_af_012,0,sigmoid,0.8840551777558117
mimic_perform_non_af_012,0,sigmoid,0.6504528765112266
mimic_perform_non_af_012,0,sigmoid,0.5663949725275981
mimic_perform_non_af_012,0,sigmoid,0.5015299092071959
mimic_perform_non_af_012,0,sigmoid,0.5152980928361984
mimic_perform_non_af_012,0,sigmoid,0.8117143124479836
mimic_perform_non_af_012,0,sigmoid,0.9405245838138072
mimic_perform_non_af_012,0,sigmoid,0.9454107280569208
mimic_perform_non_af_012,0,sigmoid,0.8999678601365153
mimic_perform_non_af_012,0,sigmoid,0.8654045018346744
mimic_perform_non_af_012,0,sigmoid,0.8865034929422657
mimic_perform_non_af_012,0,sigmoid,0.8761833676440902
mimic_perform_non_af_012,0,sigmoid,0.8622033918844286
mimic_perform_non_af_012,0,sigmoid,0.9351248620493718
mimic_perform_non_af_012,0,sigmoid,0.7358221100493851
mimic_perform_non_af_012,0,sigmoid,0.7264453643553063
mimic_perform_non_af_012,0,sigmoid,0.7647193109552174
mimic_perform_non_af_012,0,sigmoid,0.7675122401156553
mimic_perform_non_af_012,0,sigmoid,0.9439692436289314
mimic_perform_non_af_012,0,sigmoid,0.9529863002724493
mimic_perform_non_af_012,0,sigmoid,0.7914182291604771
mimic_perform_non_af_012,0,sigmoid,0.8565182721611456
mimic_perform_non_af_012,0,sigmoid,0.8599729643961332
mimic_perform_non_af_012,0,sigmoid,0.9166120084626224
mimic_perform_non_af_012,0,sigmoid,0.9461314065311226
mimic_perform_non_af_012,0,sigmoid,0.9560848205730522
mimic_perform_non_af_012,0,sigmoid,0.9549986050156076
mimic_perform_non_af_012,0,sigmoid,0.9429195660616276
mimic_perform_non_af_012,0,sigmoid,0.9485881220505833
mimic_perform_non_af_012,0,sigmoid,0.7201702184973522
mimic_perform_non_af_012,0,sigmoid,0.7534976640523375
mimic_perform_non_af_012,0,sigmoid,0.8459390012502639
mimic_perform_non_af_012,0,sigmoid,0.8167344536057869
mimic_perform_non_af_012,0,sigmoid,0.9518785933333059
mimic_perform_non_af_012,0,sigmoid,0.9550988412538065
mimic_perform_non_af_012,0,sigmoid,0.7784756491482254
mimic_perform_non_af_012,0,sigmoid,0.757101032551743
mimic_perform_non_af_012,0,sigmoid,0.9076534377021583
mimic_perform_non_af_012,0,sigmoid,0.8852738146738315
mimic_perform_non_af_012,0,sigmoid,0.7305363675389498
mimic_perform_non_af_012,0,sigmoid,0.6096165458960239
mimic_perform_non_af_012,0,sigmoid,0.6747938739815268
mimic_perform_non_af_012,0,sigmoid,0.3799505661123367
mimic_perform_non_af_012,0,sigmoid,0.584374578798202
mimic_perform_non_af_012,0,sigmoid,0.9189421862226876
mimic_perform_non_af_012,0,sigmoid,0.9161817932210423
mimic_perform_non_af_012,0,sigmoid,0.8827101813435954
mimic_perform_non_af_012,0,sigmoid,0.433214172364234
mimic_perform_non_af_012,0,sigmoid,0.43362002242122805
mimic_perform_non_af_012,0,sigmoid,0.7802638191479495
mimic_perform_non_af_012,0,sigmoid,0.786749628961488
mimic_perform_non_af_012,0,sigmoid,0.7887322191543962
mimic_perform_non_af_012,0,sigmoid,0.7342730971373899
mimic_perform_non_af_012,0,sigmoid,0.8681345416587392
mimic_perform_non_af_012,0,sigmoid,0.840109565675912
mimic_perform_non_af_012,0,sigmoid,0.8911397099721113
mimic_perform_non_af_012,0,sigmoid,0.8450020132869425
mimic_perform_non_af_012,0,sigmoid,0.9075792728451997
mimic_perform_non_af_012,0,sigmoid,0.6421496907682231
mimic_perform_non_af_012,0,sigmoid,0.8685762245847762
mimic_perform_non_af_012,0,sigmoid,0.7439316345619603
mimic_perform_non_af_012,0,sigmoid,0.9033076843512732
mimic_perform_non_af_012,0,sigmoid,0.934574615310832
mimic_perform_non_af_012,0,sigmoid,0.9544213831418557
mimic_perform_non_af_012,0,sigmoid,0.9404083126253868
mimic_perform_non_af_012,0,sigmoid,0.9498434764242466
mimic_perform_non_af_012,0,sigmoid,0.9450918781469724
mimic_perform_non_af_012,0,sigmoid,0.9470783382089331
mimic_perform_non_af_012,0,sigmoid,0.6633623154014995
mimic_perform_non_af_012,0,sigmoid,0.7066134424068946
mimic_perform_non_af_012,0,sigmoid,0.8326613853336856
mimic_perform_non_af_012,0,sigmoid,0.8626758815315411
mimic_perform_non_af_012,0,sigmoid,0.801273220932381
mimic_perform_non_af_012,0,sigmoid,0.9449231497448768
mimic_perform_non_af_012,0,sigmoid,0.9373859458756282
mimic_perform_non_af_012,0,sigmoid,0.6824031724002125
mimic_perform_non_af_012,0,sigmoid,0.7304974926915424
mimic_perform_non_af_012,0,sigmoid,0.940482369997077
mimic_perform_non_af_012,0,isotonic,0.7697594501718213
mimic_perform_non_af_012,0,isotonic,0.78
mimic_perform_non_af_012,0,isotonic,0.78
mimic_perform_non_af_012,0,isotonic,0.7697594501718213
mimic_perform_non_af_012,0,isotonic,0.7697594501718213
mimic_perform_non_af_012,0,isotonic,0.7697594501718213
mimic_perform_non_af_012,0,isotonic,0.7697594501718213
mimic_perform_non_af_012,0,isotonic,0.7697594501718213
mimic_perform_non_af_012,0,isotonic,0.7697594501718213
mimic_perform_non_af_012,0,isotonic,0.7697594501718213
mimic_perform_non_af_012,0,isotonic,0.7697594501718213
mimic_perform_non_af_012,0,isotonic,0.7697594501718213
mimic_perform_non_af_012,0,isotonic,0.7697594501718213
mimic_perform_non_af_012,0,isotonic,0.7697594501718213
mimic_perform_non_af_012,0,isotonic,0.7697594501718213
mimic_perform_non_af_012,0,isotonic,0.7697594501718213
mimic_perform_non_af_012,0,isotonic,0.7697594501718213
mimic_perform_non_af_012,0,isotonic,0.7697594501718213
mimic_perform_non_af_012,0,isotonic,0.7697594501718213
mimic_perform_non_af_012,0,isotonic,0.78
mimic_perform_non_af_012,0,isotonic,0.9691714836223507
mimic_perform_non_af_012,0,isotonic,0.9691714836223507
mimic_perform_non_af_012,0,isotonic,0.78
mimic_perform_non_af_012,0,isotonic,0.7697594501718213
mimic_perform_non_af_012,0,isotonic,0.7697594501718213
mimic_perform_non_af_012,0,isotonic,0.7697594501718213
mimic_perform_non_af_012,0,isotonic,0.7697594501718213
mimic_perform_non_af_012,0,isotonic,0.7697594501718213
mimic_perform_non_af_012,0,isotonic,0.7697594501718213
mimic_perform_non_af_012,0,isotonic,0.7697594501718213
mimic_perform_non_af_012,0,isotonic,0.7697594501718213
mimic_perform_non_af_012,0,isotonic,0.7697594501718213
mimic_perform_non_af_012,0,isotonic,0.7697594501718213
mimic_perform_non_af_012,0,isotonic,0.7697594501718213
mimic_perform_non_af_012,0,isotonic,0.78
mimic_perform_non_af_012,0,isotonic,0.7697594501718213
mimic_perform_non_af_012,0,isotonic,0.75
mimic_perform_non_af_012,0,isotonic,0.7697594501718213
mimic_perform_non_af_012,0,isotonic,0.7697594501718213
mimic_perform_non_af_012,0,isotonic,0.7697594501718213
mimic_perform_non_af_012,0,isotonic,0.7697594501718213
mimic_perform_non_af_012,0,isotonic,0.7697594501718213
mimic_perform_non_af_012,0,isotonic,0.7697594501718213
mimic_perform_non_af_012,0,isotonic,0.7697594501718213
mimic_perform_non_af_012,0,isotonic,0.7697594501718213
mimic_perform_non_af_012,0,isotonic,0.7697594501718213
mimic_perform_non_af_012,0,isotonic,0.82
mimic_perform_non_af_012,0,isotonic,0.875
mimic_perform_non_af_012,0,isotonic,0.7697594501718213
mimic_perform_non_af_012,0,isotonic,0.7697594501718213
mimic_perform_non_af_012,0,isotonic,0.7697594501718213
mimic_perform_non_af_012,0,isotonic,0.7697594501718213
mimic_perform_non_af_012,0,isotonic,0.7697594501718213
mimic_perform_non_af_012,0,isotonic,0.78
mimic_perform_non_af_012,0,isotonic,0.7697594501718213
mimic_perform_non_af_012,0,isotonic,0.7697594501718213
mimic_perform_non_af_012,0,isotonic,0.7697594501718213
mimic_perform_non_af_012,0,isotonic,0.7697594501718213
mimic_perform_non_af_012,0,isotonic,0.875
mimic_perform_non_af_012,0,isotonic,0.9691714836223507
mimic_perform_non_af_012,0,isotonic,0.7697594501718213
mimic_perform_non_af_012,0,isotonic,0.7697594501718213
mimic_perform_non_af_012,0,isotonic,0.7697594501718213
mimic_perform_non_af_012,0,isotonic,0.7697594501718213
mimic_perform_non_af_012,0,isotonic,0.9673202614379085
mimic_perform_non_af_012,0,isotonic,0.9691714836223507
mimic_perform_non_af_012,0,isotonic,0.9691714836223507
mimic_perform_non_af_012,0,isotonic,0.82
mimic_perform_non_af_012,0,isotonic,0.9673202614379085
mimic_perform_non_af_012,0,isotonic,0.7697594501718213
mimic_perform_non_af_012,0,isotonic,0.7697594501718213
mimic_perform_non_af_012,0,isotonic,0.7697594501718213
mimic_perform_non_af_012,0,isotonic,0.7697594501718213
mimic_perform_non_af_012,0,isotonic,0.9673202614379085
mimic_perform_non_af_012,0,isotonic,0.9691714836223507
mimic_perform_non_af_012,0,isotonic,0.7697594501718213
mimic_perform_non_af_012,0,isotonic,0.7697594501718213
mimic_perform_non_af_012,0,isotonic,0.7697594501718213
mimic_perform_non_af_012,0,isotonic,0.7697594501718213
mimic_perform_non_af_012,0,isotonic,0.7697594501718213
mimic_perform_non_af_012,0,isotonic,0.7697594501718213
mimic_perform_non_af_012,0,isotonic,0.7697594501718213
mimic_perform_non_af_012,0,isotonic,0.75
mimic_perform_non_af_012,0,isotonic,0.7697594501718213
mimic_perform_non_af_012,0,isotonic,0.7697594501718213
mimic_perform_non_af_012,0,isotonic,0.7697594501718213
mimic_perform_non_af_012,0,isotonic,0.7697594501718213
mimic_perform_non_af_012,0,isotonic,0.7697594501718213
mimic_perform_non_af_012,0,isotonic,0.7697594501718213
mimic_perform_non_af_012,0,isotonic,0.7697594501718213
mimic_perform_non_af_012,0,isotonic,0.7697594501718213
mimic_perform_non_af_012,0,isotonic,0.7697594501718213
mimic_perform_non_af_012,0,isotonic,0.7697594501718213
mimic_perform_non_af_012,0,isotonic,0.7697594501718213
mimic_perform_non_af_012,0,isotonic,0.7697594501718213
mimic_perform_non_af_012,0,isotonic,0.7697594501718213
mimic_perform_non_af_012,0,isotonic,0.7697594501718213
mimic_perform_non_af_012,0,isotonic,0.7697594501718213
mimic_perform_non_af_012,0,isotonic,0.7697594501718213
mimic_perform_non_af_012,0,isotonic,0.7697594501718213
mimic_perform_non_af_012,0,isotonic,0.7697594501718213
mimic_perform_non_af_012,0,isotonic,0.7697594501718213
mimic_perform_non_af_012,0,isotonic,0.78
mimic_perform_non_af_012,0,isotonic,0.9691714836223507
mimic_perform_non_af_012,0,isotonic,0.82
mimic_perform_non_af_012,0,isotonic,0.9673202614379085
mimic_perform_non_af_012,0,isotonic,0.875
mimic_perform_non_af_012,0,isotonic,0.9673202614379085
mimic_perform_non_af_012,0,isotonic,0.7697594501718213
mimic_perform_non_af_012,0,isotonic,0.7697594501718213
mimic_perform_non_af_012,0,isotonic,0.7697594501718213
mimic_perform_non_af_012,0,isotonic,0.7697594501718213
mimic_perform_non_af_012,0,isotonic,0.7697594501718213
mimic_perform_non_af_012,0,isotonic,0.875
mimic_perform_non_af_012,0,isotonic,0.78
mimic_perform_non_af_012,0,isotonic,0.7697594501718213
mimic_perform_non_af_012,0,isotonic,0.7697594501718213
mimic_perform_non_af_012,0,isotonic,0.82
mimic_perform_non_af_012,0,raw,0.8557907013614287
mimic_perform_non_af_012,0,raw,0.9300994051548463
mimic_perform_non_af_012,0,raw,0.9306897835950739
mimic_perform_non_af_012,0,raw,0.8857393059488156
mimic_perform_non_af_012,0,raw,0.8562675867168565
mimic_perform_non_af_012,0,raw,0.6898686290925501
mimic_perform_non_af_012,0,raw,0.7097045514663185
mimic_perform_non_af_012,0,raw,0.7674268716348456
mimic_perform_non_af_012,0,raw,0.6113242773694798
mimic_perform_non_af_012,0,raw,0.750898016537754
mimic_perform_non_af_012,0,raw,0.6699864859760963
mimic_perform_non_af_012,0,raw,0.7191187464990763
mimic_perform_non_af_012,0,raw,0.7168843458692743
mimic_perform_non_af_012,0,raw,0.8745328057049483
mimic_perform_non_af_012,0,raw,0.8286762651906776
mimic_perform_non_af_012,0,raw,0.80956188521308
mimic_perform_non_af_012,0,raw,0.7413232673878266
mimic_perform_non_af_012,0,raw,0.8363325833695918
mimic_perform_non_af_012,0,raw,0.8387277536191954
mimic_perform_non_af_012,0,raw,0.9186422084116825
mimic_perform_non_af_012,0,raw,0.9701457696918943
mimic_perform_non_af_012,0,raw,0.9688228679494004
mimic_perform_non_af_012,0,raw,0.9088717691430064
mimic_perform_non_af_012,0,raw,0.7997252626040178
mimic_perform_non_af_012,0,raw,0.6790998703963931
mimic_perform_non_af_012,0,raw,0.7029167768978234
mimic_perform_non_af_012,0,raw,0.7847555575491628
mimic_perform_non_af_012,0,raw,0.7590138242032498
mimic_perform_non_af_012,0,raw,0.7610478032719586
mimic_perform_non_af_012,0,raw,0.8506879613725776
mimic_perform_non_af_012,0,raw,0.8796805470560569
mimic_perform_non_af_012,0,raw,0.8579603493368321
mimic_perform_non_af_012,0,raw,0.7638024618899626
mimic_perform_non_af_012,0,raw,0.8868896382303988
mimic_perform_non_af_012,0,raw,0.9292582339027061
mimic_perform_non_af_012,0,raw,0.8386164723451256
mimic_perform_non_af_012,0,raw,0.5404751206767465
mimic_perform_non_af_012,0,raw,0.5710087166396285
mimic_perform_non_af_012,0,raw,0.7128784042251819
mimic_perform_non_af_012,0,raw,0.8574411612950856
mimic_perform_non_af_012,0,raw,0.8465403909185087
mimic_perform_non_af_012,0,raw,0.6763118883540217
mimic_perform_non_af_012,0,raw,0.63360036689988
mimic_perform_non_af_012,0,raw,0.6020937714773369
mimic_perform_non_af_012,0,raw,0.6087432092499566
mimic_perform_non_af_012,0,raw,0.7777166938085098
mimic_perform_non_af_012,0,raw,0.9345854593238417
mimic_perform_non_af_012,0,raw,0.9455577376254517
mimic_perform_non_af_012,0,raw,0.866511272852173
mimic_perform_non_af_012,0,raw,0.8259636607299473
mimic_perform_non_af_012,0,raw,0.8494501549468719
mimic_perform_non_af_012,0,raw,0.8375325799709489
mimic_perform_non_af_012,0,raw,0.8226794121252385
mimic_perform_non_af_012,0,raw,0.9234017451240658
mimic_perform_non_af_012,0,raw,0.7249933878729903
mimic_perform_non_af_012,0,raw,0.7192356672044152
mimic_perform_non_af_012,0,raw,0.7436247092252471
mimic_perform_non_af_012,0,raw,0.7455060455995599
mimic_perform_non_af_012,0,raw,0.9422277861656869
mimic_perform_non_af_012,0,raw,0.9645530168090258
mimic_perform_non_af_012,0,raw,0.7623045318277518
mimic_perform_non_af_012,0,raw,0.8170012652150391
mimic_perform_non_af_012,0,raw,0.8204287663721842
mimic_perform_non_af_012,0,raw,0.890688457378622
mimic_perform_non_af_012,0,raw,0.9472537472639363
mimic_perform_non_af_012,0,raw,0.9731738402166703
mimic_perform_non_af_012,0,raw,0.970087583213624
mimic_perform_non_af_012,0,raw,0.93985327841739
mimic_perform_non_af_012,0,raw,0.9532007017871267
mimic_perform_non_af_012,0,raw,0.7154511039295062
mimic_perform_non_af_012,0,raw,0.7362168863080626
mimic_perform_non_af_012,0,raw,0.8069146680620174
mimic_perform_non_af_012,0,raw,0.7817226176512664
mimic_perform_non_af_012,0,raw,0.9616018321969131
mimic_perform_non_af_012,0,raw,0.9703693924160619
mimic_perform_non_af_012,0,raw,0.7530482240976515
mimic_perform_non_af_012,0,raw,0.7385700837694094
mimic_perform_non_af_012,0,raw,0.8771865482232247
mimic_perform_non_af_012,0,raw,0.8479819554827636
mimic_perform_non_af_012,0,raw,0.7217321314942702
mimic_perform_non_af_012,0,raw,0.6551500435168058
mimic_perform_non_af_012,0,raw,0.689457954516601
mimic_perform_non_af_012,0,raw,0.5422426372114892
mimic_perform_non_af_012,0,raw,0.6424837092588793
mimic_perform_non_af_012,0,raw,0.8944156645354243
mimic_perform_non_af_012,0,raw,0.8900106934009381
mimic_perform_non_af_012,0,raw,0.8449645540732357
mimic_perform_non_af_012,0,raw,0.5689178151365681
mimic_perform_non_af_012,0,raw,0.5691172926442316
mimic_perform_non_af_012,0,raw,0.7543033863644097
mimic_perform_non_af_012,0,raw,0.7589186961754821
mimic_perform_non_af_012,0,raw,0.7603498410926014
mimic_perform_non_af_012,0,raw,0.7240333895549528
mimic_perform_non_af_012,0,raw,0.8288171272676783
mimic_perform_non_af_012,0,raw,0.8015973320823516
mimic_perform_non_af_012,0,raw,0.855113624908724
mimic_perform_non_af_012,0,raw,0.8060490563926693
mimic_perform_non_af_012,0,raw,0.8770797906778705
mimic_perform_non_af_012,0,raw,0.6719277015021936
mimic_perform_non_af_012,0,raw,0.8292834731653351
mimic_perform_non_af_012,0,raw,0.7300794531657755
mimic_perform_non_af_012,0,raw,0.8710569504508681
mimic_perform_non_af_012,0,raw,0.9223113102850093
mimic_perform_non_af_012,0,raw,0.9684762982753997
mimic_perform_non_af_012,0,raw,0.9343348109208487
mimic_perform_non_af_012,0,raw,0.9563440432143064
mimic_perform_non_af_012,0,raw,0.944814095149744
mimic_perform_non_af_012,0,raw,0.9495150403671999
mimic_perform_non_af_012,0,raw,0.6832258702749588
mimic_perform_non_af_012,0,raw,0.7074472518694734
mimic_perform_non_af_012,0,raw,0.7950270674774249
mimic_perform_non_af_012,0,raw,0.8231601058415026
mimic_perform_non_af_012,0,raw,0.7696399946121978
mimic_perform_non_af_012,0,raw,0.9444222200208873
mimic_perform_non_af_012,0,raw,0.9279749368107556
mimic_perform_non_af_012,0,raw,0.6936690672531886
mimic_perform_non_af_012,0,raw,0.7217082970666556
mimic_perform_non_af_012,0,raw,0.9344944050268621
mimic_perform_non_af_013,0,sigmoid,0.010442912742147011
mimic_perform_non_af_013,0,sigmoid,0.010442912742147011
mimic_perform_non_af_013,0,sigmoid,0.010442912742147011
mimic_perform_non_af_013,0,sigmoid,0.010442912742147011
mimic_perform_non_af_013,0,sigmoid,0.010442912742147011
mimic_perform_non_af_013,0,sigmoid,0.010442912742147011
mimic_perform_non_af_013,0,sigmoid,0.010442912742147011
mimic_perform_non_af_013,0,sigmoid,0.010442912742147011
mimic_perform_non_af_013,0,sigmoid,0.010442912742147011
mimic_perform_non_af_013,0,sigmoid,0.01045309476908265
mimic_perform_non_af_013,0,sigmoid,0.010442912742147011
mimic_perform_non_af_013,0,sigmoid,0.01045309476908265
mimic_perform_non_af_013,0,sigmoid,0.010442912742147011
mimic_perform_non_af_013,0,sigmoid,0.010442912742147011
mimic_perform_non_af_013,0,sigmoid,0.010442912742147011
mimic_perform_non_af_013,0,sigmoid,0.010442912742147011
mimic_perform_non_af_013,0,sigmoid,0.010442912742147011
mimic_perform_non_af_013,0,sigmoid,0.010442912742147011
mimic_perform_non_af_013,0,sigmoid,0.010442912742147011
mimic_perform_non_af_013,0,sigmoid,0.010442912742147011
mimic_perform_non_af_013,0,sigmoid,0.010442912742147011
mimic_perform_non_af_013,0,sigmoid,0.010442912742147011
mimic_perform_non_af_013,0,sigmoid,0.010442912742147011
mimic_perform_non_af_013,0,sigmoid,0.010442912742147011
mimic_perform_non_af_013,0,sigmoid,0.010442912742147011
mimic_perform_non_af_013,0,sigmoid,0.010442912742147011
mimic_perform_non_af_013,0,sigmoid,0.012156022314253268
mimic_perform_non_af_013,0,sigmoid,0.011002483813347199
mimic_perform_non_af_013,0,sigmoid,0.01567187231620117
mimic_perform_non_af_013,0,sigmoid,0.010442912742147011
mimic_perform_non_af_013,0,sigmoid,0.016481782424165172
mimic_perform_non_af_013,0,sigmoid,0.01155618120598797
mimic_perform_non_af_013,0,sigmoid,0.010442912742147011
mimic_perform_non_af_013,0,sigmoid,0.010442912742147011
mimic_perform_non_af_013,0,sigmoid,0.010442912742147011
mimic_perform_non_af_013,0,sigmoid,0.010442912742147011
mimic_perform_non_af_013,0,sigmoid,0.010442912742147011
mimic_perform_non_af_013,0,sigmoid,0.010442912742147011
mimic_perform_non_af_013,0,sigmoid,0.010442912742147011
mimic_perform_non_af_013,0,sigmoid,0.010442912742147011
mimic_perform_non_af_013,0,sigmoid,0.010442912742147011
mimic_perform_non_af_013,0,sigmoid,0.010442912742147011
mimic_perform_non_af_013,0,sigmoid,0.010442912742147011
mimic_perform_non_af_013,0,sigmoid,0.010442912742147011
mimic_perform_non_af_013,0,sigmoid,0.010478252452346935
mimic_perform_non_af_013,0,sigmoid,0.010442912742147011
mimic_perform_non_af_013,0,sigmoid,0.010710862046071412
mimic_perform_non_af_013,0,sigmoid,0.010710862046071412
mimic_perform_non_af_013,0,sigmoid,0.010442912742147011
mimic_perform_non_af_013,0,sigmoid,0.010442912742147011
mimic_perform_non_af_013,0,sigmoid,0.010442912742147011
mimic_perform_non_af_013,0,sigmoid,0.010442912742147011
mimic_perform_non_af_013,0,sigmoid,0.010442912742147011
mimic_perform_non_af_013,0,sigmoid,0.010442912742147011
mimic_perform_non_af_013,0,sigmoid,0.010442912742147011
mimic_perform_non_af_013,0,sigmoid,0.010442912742147011
mimic_perform_non_af_013,0,sigmoid,0.010442912742147011
mimic_perform_non_af_013,0,sigmoid,0.010442912742147011
mimic_perform_non_af_013,0,sigmoid,0.010442912742147011
mimic_perform_non_af_013,0,sigmoid,0.010442912742147011
mimic_perform_non_af_013,0,sigmoid,0.010442912742147011
mimic_perform_non_af_013,0,sigmoid,0.010442912742147011
mimic_perform_non_af_013,0,sigmoid,0.010442912742147011
mimic_perform_non_af_013,0,sigmoid,0.010442912742147011
mimic_perform_non_af_013,0,sigmoid,0.010442912742147011
mimic_perform_non_af_013,0,sigmoid,0.010442912742147011
mimic_perform_non_af_013,0,sigmoid,0.010442912742147011
mimic_perform_non_af_013,0,sigmoid,0.010442912742147011
mimic_perform_non_af_013,0,sigmoid,0.010442912742147011
mimic_perform_non_af_013,0,sigmoid,0.010442912742147011
mimic_perform_non_af_013,0,sigmoid,0.010442912742147011
mimic_perform_non_af_013,0,sigmoid,0.010442912742147011
mimic_perform_non_af_013,0,sigmoid,0.010442912742147011
mimic_perform_non_af_013,0,sigmoid,0.010985610197756294
mimic_perform_non_af_013,0,sigmoid,0.012156022314253268
mimic_perform_non_af_013,0,sigmoid,0.01155618120598797
mimic_perform_non_af_013,0,sigmoid,0.010442912742147011
mimic_perform_non_af_013,0,sigmoid,0.010442912742147011
mimic_perform_non_af_013,0,sigmoid,0.010442912742147011
mimic_perform_non_af_013,0,sigmoid,0.010442912742147011
mimic_perform_non_af_013,0,sigmoid,0.010442912742147011
mimic_perform_non_af_013,0,sigmoid,0.010442912742147011
mimic_perform_non_af_013,0,sigmoid,0.010442912742147011
mimic_perform_non_af_013,0,sigmoid,0.010442912742147011
mimic_perform_non_af_013,0,sigmoid,0.010442912742147011
mimic_perform_non_af_013,0,sigmoid,0.010442912742147011
mimic_perform_non_af_013,0,sigmoid,0.010442912742147011
mimic_perform_non_af_013,0,sigmoid,0.010442912742147011
mimic_perform_non_af_013,0,sigmoid,0.010442912742147011
mimic_perform_non_af_013,0,sigmoid,0.010442912742147011
mimic_perform_non_af_013,0,sigmoid,0.010442912742147011
mimic_perform_non_af_013,0,sigmoid,0.010442912742147011
mimic_perform_non_af_013,0,sigmoid,0.010442912742147011
mimic_perform_non_af_013,0,sigmoid,0.010442912742147011
mimic_perform_non_af_013,0,sigmoid,0.010442912742147011
mimic_perform_non_af_013,0,sigmoid,0.010442912742147011
mimic_perform_non_af_013,0,sigmoid,0.010442912742147011
mimic_perform_non_af_013,0,sigmoid,0.010442912742147011
mimic_perform_non_af_013,0,sigmoid,0.010442912742147011
mimic_perform_non_af_013,0,sigmoid,0.010442912742147011
mimic_perform_non_af_013,0,sigmoid,0.010442912742147011
mimic_perform_non_af_013,0,sigmoid,0.010442912742147011
mimic_perform_non_af_013,0,sigmoid,0.010442912742147011
mimic_perform_non_af_013,0,sigmoid,0.010442912742147011
mimic_perform_non_af_013,0,sigmoid,0.010442912742147011
mimic_perform_non_af_013,0,sigmoid,0.010442912742147011
mimic_perform_non_af_013,0,sigmoid,0.010442912742147011
mimic_perform_non_af_013,0,sigmoid,0.011567436001157097
mimic_perform_non_af_013,0,sigmoid,0.011267325744452255
mimic_perform_non_af_013,0,sigmoid,0.011267325744452255
mimic_perform_non_af_013,0,sigmoid,0.010442912742147011
mimic_perform_non_af_013,0,sigmoid,0.010442912742147011
mimic_perform_non_af_013,0,sigmoid,0.010442912742147011
mimic_perform_non_af_013,0,sigmoid,0.010442912742147011
mimic_perform_non_af_013,0,sigmoid,0.010442912742147011
mimic_perform_non_af_013,0,sigmoid,0.010442912742147011
mimic_perform_non_af_013,0,sigmoid,0.010442912742147011
mimic_perform_non_af_013,0,sigmoid,0.010442912742147011
mimic_perform_non_af_013,0,isotonic,0.0031479538300104933
mimic_perform_non_af_013,0,isotonic,0.0031479538300104933
mimic_perform_non_af_013,0,isotonic,0.0031479538300104933
mimic_perform_non_af_013,0,isotonic,0.0031479538300104933
mimic_perform_non_af_013,0,isotonic,0.0031479538300104933
mimic_perform_non_af_013,0,isotonic,0.0031479538300104933
mimic_perform_non_af_013,0,isotonic,0.0031479538300104933
mimic_perform_non_af_013,0,isotonic,0.0031479538300104933
mimic_perform_non_af_013,0,isotonic,0.0031479538300104933
mimic_perform_non_af_013,0,isotonic,0.0031479538300104933
mimic_perform_non_af_013,0,isotonic,0.0031479538300104933
mimic_perform_non_af_013,0,isotonic,0.0031479538300104933
mimic_perform_non_af_013,0,isotonic,0.0031479538300104933
mimic_perform_non_af_013,0,isotonic,0.0031479538300104933
mimic_perform_non_af_013,0,isotonic,0.0031479538300104933
mimic_perform_non_af_013,0,isotonic,0.0031479538300104933
mimic_perform_non_af_013,0,isotonic,0.0031479538300104933
mimic_perform_non_af_013,0,isotonic,0.0031479538300104933
mimic_perform_non_af_013,0,isotonic,0.0031479538300104933
mimic_perform_non_af_013,0,isotonic,0.0031479538300104933
mimic_perform_non_af_013,0,isotonic,0.0031479538300104933
mimic_perform_non_af_013,0,isotonic,0.0031479538300104933
mimic_perform_non_af_013,0,isotonic,0.0031479538300104933
mimic_perform_non_af_013,0,isotonic,0.0031479538300104933
mimic_perform_non_af_013,0,isotonic,0.0031479538300104933
mimic_perform_non_af_013,0,isotonic,0.0031479538300104933
mimic_perform_non_af_013,0,isotonic,0.0031479538300104933
mimic_perform_non_af_013,0,isotonic,0.0031479538300104933
mimic_perform_non_af_013,0,isotonic,0.004975124378109453
mimic_perform_non_af_013,0,isotonic,0.0031479538300104933
mimic_perform_non_af_013,0,isotonic,0.005078949108799859
mimic_perform_non_af_013,0,isotonic,0.0031479538300104933
mimic_perform_non_af_013,0,isotonic,0.0031479538300104933
mimic_perform_non_af_013,0,isotonic,0.0031479538300104933
mimic_perform_non_af_013,0,isotonic,0.0031479538300104933
mimic_perform_non_af_013,0,isotonic,0.0031479538300104933
mimic_perform_non_af_013,0,isotonic,0.0031479538300104933
mimic_perform_non_af_013,0,isotonic,0.0031479538300104933
mimic_perform_non_af_013,0,isotonic,0.0031479538300104933
mimic_perform_non_af_013,0,isotonic,0.0031479538300104933
mimic_perform_non_af_013,0,isotonic,0.0031479538300104933
mimic_perform_non_af_013,0,isotonic,0.0031479538300104933
mimic_perform_non_af_013,0,isotonic,0.0031479538300104933
mimic_perform_non_af_013,0,isotonic,0.0031479538300104933
mimic_perform_non_af_013,0,isotonic,0.0031479538300104933
mimic_perform_non_af_013,0,isotonic,0.0031479538300104933
mimic_perform_non_af_013,0,isotonic,0.0031479538300104933
mimic_perform_non_af_013,0,isotonic,0.0031479538300104933
mimic_perform_non_af_013,0,isotonic,0.0031479538300104933
mimic_perform_non_af_013,0,isotonic,0.0031479538300104933
mimic_perform_non_af_013,0,isotonic,0.0031479538300104933
mimic_perform_non_af_013,0,isotonic,0.0031479538300104933
mimic_perform_non_af_013,0,isotonic,0.0031479538300104933
mimic_perform_non_af_013,0,isotonic,0.0031479538300104933
mimic_perform_non_af_013,0,isotonic,0.0031479538300104933
mimic_perform_non_af_013,0,isotonic,0.0031479538300104933
mimic_perform_non_af_013,0,isotonic,0.0031479538300104933
mimic_perform_non_af_013,0,isotonic,0.0031479538300104933
mimic_perform_non_af_013,0,isotonic,0.0031479538300104933
mimic_perform_non_af_013,0,isotonic,0.0031479538300104933
mimic_perform_non_af_013,0,isotonic,0.0031479538300104933
mimic_perform_non_af_013,0,isotonic,0.0031479538300104933
mimic_perform_non_af_013,0,isotonic,0.0031479538300104933
mimic_perform_non_af_013,0,isotonic,0.0031479538300104933
mimic_perform_non_af_013,0,isotonic,0.0031479538300104933
mimic_perform_non_af_013,0,isotonic,0.0031479538300104933
mimic_perform_non_af_013,0,isotonic,0.0031479538300104933
mimic_perform_non_af_013,0,isotonic,0.0031479538300104933
mimic_perform_non_af_013,0,isotonic,0.0031479538300104933
mimic_perform_non_af_013,0,isotonic,0.0031479538300104933
mimic_perform_non_af_013,0,isotonic,0.0031479538300104933
mimic_perform_non_af_013,0,isotonic,0.0031479538300104933
mimic_perform_non_af_013,0,isotonic,0.0031479538300104933
mimic_perform_non_af_013,0,isotonic,0.0031479538300104933
mimic_perform_non_af_013,0,isotonic,0.0031479538300104933
mimic_perform_non_af_013,0,isotonic,0.0031479538300104933
mimic_perform_non_af_013,0,isotonic,0.0031479538300104933
mimic_perform_non_af_013,0,isotonic,0.0031479538300104933
mimic_perform_non_af_013,0,isotonic,0.0031479538300104933
mimic_perform_non_af_013,0,isotonic,0.0031479538300104933
mimic_perform_non_af_013,0,isotonic,0.0031479538300104933
mimic_perform_non_af_013,0,isotonic,0.0031479538300104933
mimic_perform_non_af_013,0,isotonic,0.0031479538300104933
mimic_perform_non_af_013,0,isotonic,0.0031479538300104933
mimic_perform_non_af_013,0,isotonic,0.0031479538300104933
mimic_perform_non_af_013,0,isotonic,0.0031479538300104933
mimic_perform_non_af_013,0,isotonic,0.0031479538300104933
mimic_perform_non_af_013,0,isotonic,0.0031479538300104933
mimic_perform_non_af_013,0,isotonic,0.0031479538300104933
mimic_perform_non_af_013,0,isotonic,0.0031479538300104933
mimic_perform_non_af_013,0,isotonic,0.0031479538300104933
mimic_perform_non_af_013,0,isotonic,0.0031479538300104933
mimic_perform_non_af_013,0,isotonic,0.0031479538300104933
mimic_perform_non_af_013,0,isotonic,0.0031479538300104933
mimic_perform_non_af_013,0,isotonic,0.0031479538300104933
mimic_perform_non_af_013,0,isotonic,0.0031479538300104933
mimic_perform_non_af_013,0,isotonic,0.0031479538300104933
mimic_perform_non_af_013,0,isotonic,0.0031479538300104933
mimic_perform_non_af_013,0,isotonic,0.0031479538300104933
mimic_perform_non_af_013,0,isotonic,0.0031479538300104933
mimic_perform_non_af_013,0,isotonic,0.0031479538300104933
mimic_perform_non_af_013,0,isotonic,0.0031479538300104933
mimic_perform_non_af_013,0,isotonic,0.0031479538300104933
mimic_perform_non_af_013,0,isotonic,0.0031479538300104933
mimic_perform_non_af_013,0,isotonic,0.0031479538300104933
mimic_perform_non_af_013,0,isotonic,0.0031479538300104933
mimic_perform_non_af_013,0,isotonic,0.0031479538300104933
mimic_perform_non_af_013,0,isotonic,0.0031479538300104933
mimic_perform_non_af_013,0,isotonic,0.0031479538300104933
mimic_perform_non_af_013,0,isotonic,0.0031479538300104933
mimic_perform_non_af_013,0,isotonic,0.0031479538300104933
mimic_perform_non_af_013,0,isotonic,0.0031479538300104933
mimic_perform_non_af_013,0,isotonic,0.0031479538300104933
mimic_perform_non_af_013,0,isotonic,0.0031479538300104933
mimic_perform_non_af_013,0,isotonic,0.0031479538300104933
mimic_perform_non_af_013,0,isotonic,0.0031479538300104933
mimic_perform_non_af_013,0,isotonic,0.0031479538300104933
mimic_perform_non_af_013,0,isotonic,0.0031479538300104933
mimic_perform_non_af_013,0,raw,0.0
mimic_perform_non_af_013,0,raw,0.0
mimic_perform_non_af_013,0,raw,0.0
mimic_perform_non_af_013,0,raw,0.0
mimic_perform_non_af_013,0,raw,0.0
mimic_perform_non_af_013,0,raw,0.0
mimic_perform_non_af_013,0,raw,0.0
mimic_perform_non_af_013,0,raw,0.0
mimic_perform_non_af_013,0,raw,0.0
mimic_perform_non_af_013,0,raw,0.0001282051282051282
mimic_perform_non_af_013,0,raw,0.0
mimic_perform_non_af_013,0,raw,0.0001282051282051282
mimic_perform_non_af_013,0,raw,0.0
mimic_perform_non_af_013,0,raw,0.0
mimic_perform_non_af_013,0,raw,0.0
mimic_perform_non_af_013,0,raw,0.0
mimic_perform_non_af_013,0,raw,0.0
mimic_perform_non_af_013,0,raw,0.0
mimic_perform_non_af_013,0,raw,0.0
mimic_perform_non_af_013,0,raw,0.0
mimic_perform_non_af_013,0,raw,0.0
mimic_perform_non_af_013,0,raw,0.0
mimic_perform_non_af_013,0,raw,0.0
mimic_perform_non_af_013,0,raw,0.0
mimic_perform_non_af_013,0,raw,0.0
mimic_perform_non_af_013,0,raw,0.0
mimic_perform_non_af_013,0,raw,0.02
mimic_perform_non_af_013,0,raw,0.006868686868686869
mimic_perform_non_af_013,0,raw,0.05353535353535354
mimic_perform_non_af_013,0,raw,0.0
mimic_perform_non_af_013,0,raw,0.06020202020202021
mimic_perform_non_af_013,0,raw,0.013333333333333334
mimic_perform_non_af_013,0,raw,0.0
mimic_perform_non_af_013,0,raw,0.0
mimic_perform_non_af_013,0,raw,0.0
mimic_perform_non_af_013,0,raw,0.0
mimic_perform_non_af_013,0,raw,0.0
mimic_perform_non_af_013,0,raw,0.0
mimic_perform_non_af_013,0,raw,0.0
mimic_perform_non_af_013,0,raw,0.0
mimic_perform_non_af_013,0,raw,0.0
mimic_perform_non_af_013,0,raw,0.0
mimic_perform_non_af_013,0,raw,0.0
mimic_perform_non_af_013,0,raw,0.0
mimic_perform_non_af_013,0,raw,0.0004444444444444444
mimic_perform_non_af_013,0,raw,0.0
mimic_perform_non_af_013,0,raw,0.0033333333333333335
mimic_perform_non_af_013,0,raw,0.0033333333333333335
mimic_perform_non_af_013,0,raw,0.0
mimic_perform_non_af_013,0,raw,0.0
mimic_perform_non_af_013,0,raw,0.0
mimic_perform_non_af_013,0,raw,0.0
mimic_perform_non_af_013,0,raw,0.0
mimic_perform_non_af_013,0,raw,0.0
mimic_perform_non_af_013,0,raw,0.0
mimic_perform_non_af_013,0,raw,0.0
mimic_perform_non_af_013,0,raw,0.0
mimic_perform_non_af_013,0,raw,0.0
mimic_perform_non_af_013,0,raw,0.0
mimic_perform_non_af_013,0,raw,0.0
mimic_perform_non_af_013,0,raw,0.0
mimic_perform_non_af_013,0,raw,0.0
mimic_perform_non_af_013,0,raw,0.0
mimic_perform_non_af_013,0,raw,0.0
mimic_perform_non_af_013,0,raw,0.0
mimic_perform_non_af_013,0,raw,0.0
mimic_perform_non_af_013,0,raw,0.0
mimic_perform_non_af_013,0,raw,0.0
mimic_perform_non_af_013,0,raw,0.0
mimic_perform_non_af_013,0,raw,0.0
mimic_perform_non_af_013,0,raw,0.0
mimic_perform_non_af_013,0,raw,0.0
mimic_perform_non_af_013,0,raw,0.0
mimic_perform_non_af_013,0,raw,0.006666666666666667
mimic_perform_non_af_013,0,raw,0.02
mimic_perform_non_af_013,0,raw,0.013333333333333334
mimic_perform_non_af_013,0,raw,0.0
mimic_perform_non_af_013,0,raw,0.0
mimic_perform_non_af_013,0,raw,0.0
mimic_perform_non_af_013,0,raw,0.0
mimic_perform_non_af_013,0,raw,0.0
mimic_perform_non_af_013,0,raw,0.0
mimic_perform_non_af_013,0,raw,0.0
mimic_perform_non_af_013,0,raw,0.0
mimic_perform_non_af_013,0,raw,0.0
mimic_perform_non_af_013,0,raw,0.0
mimic_perform_non_af_013,0,raw,0.0
mimic_perform_non_af_013,0,raw,0.0
mimic_perform_non_af_013,0,raw,0.0
mimic_perform_non_af_013,0,raw,0.0
mimic_perform_non_af_013,0,raw,0.0
mimic_perform_non_af_013,0,raw,0.0
mimic_perform_non_af_013,0,raw,0.0
mimic_perform_non_af_013,0,raw,0.0
mimic_perform_non_af_013,0,raw,0.0
mimic_perform_non_af_013,0,raw,0.0
mimic_perform_non_af_013,0,raw,0.0
mimic_perform_non_af_013,0,raw,0.0
mimic_perform_non_af_013,0,raw,0.0
mimic_perform_non_af_013,0,raw,0.0
mimic_perform_non_af_013,0,raw,0.0
mimic_perform_non_af_013,0,raw,0.0
mimic_perform_non_af_013,0,raw,0.0
mimic_perform_non_af_013,0,raw,0.0
mimic_perform_non_af_013,0,raw,0.0
mimic_perform_non_af_013,0,raw,0.0
mimic_perform_non_af_013,0,raw,0.0
mimic_perform_non_af_013,0,raw,0.01346153846153846
mimic_perform_non_af_013,0,raw,0.01
mimic_perform_non_af_013,0,raw,0.01
mimic_perform_non_af_013,0,raw,0.0
mimic_perform_non_af_013,0,raw,0.0
mimic_perform_non_af_013,0,raw,0.0
mimic_perform_non_af_013,0,raw,0.0
mimic_perform_non_af_013,0,raw,0.0
mimic_perform_non_af_013,0,raw,0.0
mimic_perform_non_af_013,0,raw,0.0
mimic_perform_non_af_013,0,raw,0.0
mimic_perform_non_af_014,0,sigmoid,0.9703163543486026
mimic_perform_non_af_014,0,sigmoid,0.9844903143417557
mimic_perform_non_af_014,0,sigmoid,0.9851616093353723
mimic_perform_non_af_014,0,sigmoid,0.9780440340238352
mimic_perform_non_af_014,0,sigmoid,0.9701930671409983
mimic_perform_non_af_014,0,sigmoid,0.9722611342595662
mimic_perform_non_af_014,0,sigmoid,0.9739806939382772
mimic_perform_non_af_014,0,sigmoid,0.9721740691573253
mimic_perform_non_af_014,0,sigmoid,0.9703275629635157
mimic_perform_non_af_014,0,sigmoid,0.9757584836385621
mimic_perform_non_af_014,0,sigmoid,0.9705951904849798
mimic_perform_non_af_014,0,sigmoid,0.9752494057414806
mimic_perform_non_af_014,0,sigmoid,0.9666523408772997
mimic_perform_non_af_014,0,sigmoid,0.9453385373086568
mimic_perform_non_af_014,0,sigmoid,0.7829820965039583
mimic_perform_non_af_014,0,sigmoid,0.8963581775357325
mimic_perform_non_af_014,0,sigmoid,0.970674902960273
mimic_perform_non_af_014,0,sigmoid,0.9671007200083518
mimic_perform_non_af_014,0,sigmoid,0.8039193764239495
mimic_perform_non_af_014,0,sigmoid,0.9649012109387289
mimic_perform_non_af_014,0,sigmoid,0.9581327534667085
mimic_perform_non_af_014,0,sigmoid,0.9586713009775011
mimic_perform_non_af_014,0,sigmoid,0.9539077555257273
mimic_perform_non_af_014,0,sigmoid,0.9576225216035605
mimic_perform_non_af_014,0,sigmoid,0.9548929793843557
mimic_perform_non_af_014,0,sigmoid,0.9718804367330014
mimic_perform_non_af_014,0,sigmoid,0.9621026408278018
mimic_perform_non_af_014,0,sigmoid,0.9710442000930347
mimic_perform_non_af_014,0,sigmoid,0.9738000281073143
mimic_perform_non_af_014,0,sigmoid,0.9806453665225524
mimic_perform_non_af_014,0,sigmoid,0.9587396402341523
mimic_perform_non_af_014,0,sigmoid,0.9772251902925071
mimic_perform_non_af_014,0,sigmoid,0.9683964726422918
mimic_perform_non_af_014,0,sigmoid,0.9854750214864801
mimic_perform_non_af_014,0,sigmoid,0.9833847582256846
mimic_perform_non_af_014,0,sigmoid,0.9876656603531556
mimic_perform_non_af_014,0,sigmoid,0.9754565124050265
mimic_perform_non_af_014,0,sigmoid,0.9846866316132797
mimic_perform_non_af_014,0,sigmoid,0.9817105851257074
mimic_perform_non_af_014,0,sigmoid,0.9704601992044115
mimic_perform_non_af_014,0,sigmoid,0.9769946475042024
mimic_perform_non_af_014,0,sigmoid,0.9720833467623079
mimic_perform_non_af_014,0,sigmoid,0.9809085431242716
mimic_perform_non_af_014,0,sigmoid,0.967229570176747
mimic_perform_non_af_014,0,sigmoid,0.9770549559232138
mimic_perform_non_af_014,0,sigmoid,0.9683908375103276
mimic_perform_non_af_014,0,sigmoid,0.9854302707837564
mimic_perform_non_af_014,0,sigmoid,0.986249266842377
mimic_perform_non_af_014,0,sigmoid,0.9871986264851197
mimic_perform_non_af_014,0,sigmoid,0.9741098891698857
mimic_perform_non_af_014,0,sigmoid,0.9772514121652185
mimic_perform_non_af_014,0,sigmoid,0.9724856734945357
mimic_perform_non_af_014,0,sigmoid,0.9819030113565176
mimic_perform_non_af_014,0,sigmoid,0.9824750173016007
mimic_perform_non_af_014,0,sigmoid,0.9854934380735759
mimic_perform_non_af_014,0,sigmoid,0.9779786966801207
mimic_perform_non_af_014,0,sigmoid,0.9827652985855271
mimic_perform_non_af_014,0,sigmoid,0.9575800224713767
mimic_perform_non_af_014,0,sigmoid,0.9682543544624032
mimic_perform_non_af_014,0,sigmoid,0.9697228358882737
mimic_perform_non_af_014,0,sigmoid,0.987898388937928
mimic_perform_non_af_014,0,sigmoid,0.9861310658777227
mimic_perform_non_af_014,0,sigmoid,0.9837790593758008
mimic_perform_non_af_014,0,sigmoid,0.9659460051172716
mimic_perform_non_af_014,0,sigmoid,0.9871862429190124
mimic_perform_non_af_014,0,sigmoid,0.9887513466200589
mimic_perform_non_af_014,0,sigmoid,0.9876542691610694
mimic_perform_non_af_014,0,sigmoid,0.986951867864547
mimic_perform_non_af_014,0,sigmoid,0.9761116407271732
mimic_perform_non_af_014,0,sigmoid,0.9847814427728189
mimic_perform_non_af_014,0,sigmoid,0.984187677469227
mimic_perform_non_af_014,0,sigmoid,0.9871760013541506
mimic_perform_non_af_014,0,sigmoid,0.9857360537017246
mimic_perform_non_af_014,0,sigmoid,0.9896816710303702
mimic_perform_non_af_014,0,sigmoid,0.9896727357257347
mimic_perform_non_af_014,0,sigmoid,0.9904191926678696
mimic_perform_non_af_014,0,sigmoid,0.9836362791276032
mimic_perform_non_af_014,0,sigmoid,0.9755818006903724
mimic_perform_non_af_014,0,sigmoid,0.9848142323342551
mimic_perform_non_af_014,0,sigmoid,0.984768604720873
mimic_perform_non_af_014,0,sigmoid,0.9834191877364036
mimic_perform_non_af_014,0,sigmoid,0.9770833190277837
mimic_perform_non_af_014,0,sigmoid,0.9878103396638612
mimic_perform_non_af_014,0,sigmoid,0.989204392068978
mimic_perform_non_af_014,0,sigmoid,0.9862438005006339
mimic_perform_non_af_014,0,sigmoid,0.9839007876188968
mimic_perform_non_af_014,0,sigmoid,0.9703221310712996
mimic_perform_non_af_014,0,sigmoid,0.9883705340542992
mimic_perform_non_af_014,0,sigmoid,0.9881101522916965
mimic_perform_non_af_014,0,sigmoid,0.9881196559485311
mimic_perform_non_af_014,0,sigmoid,0.9810318790632173
mimic_perform_non_af_014,0,sigmoid,0.9873155920592527
mimic_perform_non_af_014,0,sigmoid,0.9873691928297789
mimic_perform_non_af_014,0,sigmoid,0.985507606470176
mimic_perform_non_af_014,0,sigmoid,0.9737037991176367
mimic_perform_non_af_014,0,sigmoid,0.9698685045099652
mimic_perform_non_af_014,0,sigmoid,0.9848984711937455
mimic_perform_non_af_014,0,sigmoid,0.9888621367056759
mimic_perform_non_af_014,0,sigmoid,0.9885550595132824
mimic_perform_non_af_014,0,sigmoid,0.9896395928531255
mimic_perform_non_af_014,0,sigmoid,0.9888139301753898
mimic_perform_non_af_014,0,sigmoid,0.989492665614707
mimic_perform_non_af_014,0,sigmoid,0.9838775473702788
mimic_perform_non_af_014,0,sigmoid,0.988534595117469
mimic_perform_non_af_014,0,sigmoid,0.9856241573452724
mimic_perform_non_af_014,0,sigmoid,0.9869475123580616
mimic_perform_non_af_014,0,sigmoid,0.9894314497002772
mimic_perform_non_af_014,0,sigmoid,0.9885110639619434
mimic_perform_non_af_014,0,sigmoid,0.9888033907398925
mimic_perform_non_af_014,0,sigmoid,0.9850240294034305
mimic_perform_non_af_014,0,sigmoid,0.9844159022151847
mimic_perform_non_af_014,0,sigmoid,0.9740554894536911
mimic_perform_non_af_014,0,sigmoid,0.9710894972079652
mimic_perform_non_af_014,0,sigmoid,0.982148147741299
mimic_perform_non_af_014,0,sigmoid,0.971422950814962
mimic_perform_non_af_014,0,sigmoid,0.9712293954157213
mimic_perform_non_af_014,0,sigmoid,0.9699931162072908
mimic_perform_non_af_014,0,sigmoid,0.9564613987770603
mimic_perform_non_af_014,0,isotonic,0.9558823529411765
mimic_perform_non_af_014,0,isotonic,0.958904109589041
mimic_perform_non_af_014,0,isotonic,0.9629906052773858
mimic_perform_non_af_014,0,isotonic,0.9565217391304348
mimic_perform_non_af_014,0,isotonic,0.9558823529411765
mimic_perform_non_af_014,0,isotonic,0.9558823529411765
mimic_perform_non_af_014,0,isotonic,0.9558823529411765
mimic_perform_non_af_014,0,isotonic,0.9558823529411765
mimic_perform_non_af_014,0,isotonic,0.9558823529411765
mimic_perform_non_af_014,0,isotonic,0.9565217391304348
mimic_perform_non_af_014,0,isotonic,0.9558823529411765
mimic_perform_non_af_014,0,isotonic,0.9565217391304348
mimic_perform_non_af_014,0,isotonic,0.9558823529411765
mimic_perform_non_af_014,0,isotonic,0.9309695822797324
mimic_perform_non_af_014,0,isotonic,0.6226415094339622
mimic_perform_non_af_014,0,isotonic,0.8571428571428571
mimic_perform_non_af_014,0,isotonic,0.9558823529411765
mimic_perform_non_af_014,0,isotonic,0.9558823529411765
mimic_perform_non_af_014,0,isotonic,0.6226415094339622
mimic_perform_non_af_014,0,isotonic,0.9558823529411765
mimic_perform_non_af_014,0,isotonic,0.9333333333333333
mimic_perform_non_af_014,0,isotonic,0.9333333333333333
mimic_perform_non_af_014,0,isotonic,0.9333333333333333
mimic_perform_non_af_014,0,isotonic,0.9333333333333333
mimic_perform_non_af_014,0,isotonic,0.9333333333333333
mimic_perform_non_af_014,0,isotonic,0.9558823529411765
mimic_perform_non_af_014,0,isotonic,0.9333333333333333
mimic_perform_non_af_014,0,isotonic,0.9558823529411765
mimic_perform_non_af_014,0,isotonic,0.9558823529411765
mimic_perform_non_af_014,0,isotonic,0.958904109589041
mimic_perform_non_af_014,0,isotonic,0.9333333333333333
mimic_perform_non_af_014,0,isotonic,0.9565217391304348
mimic_perform_non_af_014,0,isotonic,0.9558823529411765
mimic_perform_non_af_014,0,isotonic,0.9655172413793104
mimic_perform_non_af_014,0,isotonic,0.958904109589041
mimic_perform_non_af_014,0,isotonic,0.9802631578947368
mimic_perform_non_af_014,0,isotonic,0.9565217391304348
mimic_perform_non_af_014,0,isotonic,0.958904109589041
mimic_perform_non_af_014,0,isotonic,0.958904109589041
mimic_perform_non_af_014,0,isotonic,0.9558823529411765
mimic_perform_non_af_014,0,isotonic,0.9565217391304348
mimic_perform_non_af_014,0,isotonic,0.9558823529411765
mimic_perform_non_af_014,0,isotonic,0.958904109589041
mimic_perform_non_af_014,0,isotonic,0.9558823529411765
mimic_perform_non_af_014,0,isotonic,0.9565217391304348
mimic_perform_non_af_014,0,isotonic,0.9558823529411765
mimic_perform_non_af_014,0,isotonic,0.9655172413793104
mimic_perform_non_af_014,0,isotonic,0.9655172413793104
mimic_perform_non_af_014,0,isotonic,0.9802631578947368
mimic_perform_non_af_014,0,isotonic,0.9558823529411765
mimic_perform_non_af_014,0,isotonic,0.9565217391304348
mimic_perform_non_af_014,0,isotonic,0.9558823529411765
mimic_perform_non_af_014,0,isotonic,0.958904109589041
mimic_perform_non_af_014,0,isotonic,0.958904109589041
mimic_perform_non_af_014,0,isotonic,0.9655172413793104
mimic_perform_non_af_014,0,isotonic,0.9565217391304348
mimic_perform_non_af_014,0,isotonic,0.958904109589041
mimic_perform_non_af_014,0,isotonic,0.9333333333333333
mimic_perform_non_af_014,0,isotonic,0.9558823529411765
mimic_perform_non_af_014,0,isotonic,0.9558823529411765
mimic_perform_non_af_014,0,isotonic,0.9802631578947368
mimic_perform_non_af_014,0,isotonic,0.9655172413793104
mimic_perform_non_af_014,0,isotonic,0.958904109589041
mimic_perform_non_af_014,0,isotonic,0.9558823529411765
mimic_perform_non_af_014,0,isotonic,0.9802631578947368
mimic_perform_non_af_014,0,isotonic,0.9936305732484076
mimic_perform_non_af_014,0,isotonic,0.9802631578947368
mimic_perform_non_af_014,0,isotonic,0.9802631578947368
mimic_perform_non_af_014,0,isotonic,0.9565217391304348
mimic_perform_non_af_014,0,isotonic,0.958904109589041
mimic_perform_non_af_014,0,isotonic,0.958904109589041
mimic_perform_non_af_014,0,isotonic,0.9802631578947368
mimic_perform_non_af_014,0,isotonic,0.9655172413793104
mimic_perform_non_af_014,0,isotonic,0.9990375360923965
mimic_perform_non_af_014,0,isotonic,0.9990375360923965
mimic_perform_non_af_014,0,isotonic,0.9990375360923965
mimic_perform_non_af_014,0,isotonic,0.958904109589041
mimic_perform_non_af_014,0,isotonic,0.9565217391304348
mimic_perform_non_af_014,0,isotonic,0.958904109589041
mimic_perform_non_af_014,0,isotonic,0.958904109589041
mimic_perform_non_af_014,0,isotonic,0.958904109589041
mimic_perform_non_af_014,0,isotonic,0.9565217391304348
mimic_perform_non_af_014,0,isotonic,0.9802631578947368
mimic_perform_non_af_014,0,isotonic,0.9936305732484076
mimic_perform_non_af_014,0,isotonic,0.9655172413793104
mimic_perform_non_af_014,0,isotonic,0.958904109589041
mimic_perform_non_af_014,0,isotonic,0.9558823529411765
mimic_perform_non_af_014,0,isotonic,0.9802631578947368
mimic_perform_non_af_014,0,isotonic,0.9802631578947368
mimic_perform_non_af_014,0,isotonic,0.9802631578947368
mimic_perform_non_af_014,0,isotonic,0.958904109589041
mimic_perform_non_af_014,0,isotonic,0.9802631578947368
mimic_perform_non_af_014,0,isotonic,0.9802631578947368
mimic_perform_non_af_014,0,isotonic,0.9655172413793104
mimic_perform_non_af_014,0,isotonic,0.9558823529411765
mimic_perform_non_af_014,0,isotonic,0.9558823529411765
mimic_perform_non_af_014,0,isotonic,0.958904109589041
mimic_perform_non_af_014,0,isotonic,0.9936305732484076
mimic_perform_non_af_014,0,isotonic,0.9802631578947368
mimic_perform_non_af_014,0,isotonic,0.9990375360923965
mimic_perform_non_af_014,0,isotonic,0.9936305732484076
mimic_perform_non_af_014,0,isotonic,0.9936305732484076
mimic_perform_non_af_014,0,isotonic,0.958904109589041
mimic_perform_non_af_014,0,isotonic,0.9802631578947368
mimic_perform_non_af_014,0,isotonic,0.9655172413793104
mimic_perform_non_af_014,0,isotonic,0.9802631578947368
mimic_perform_non_af_014,0,isotonic,0.9936305732484076
mimic_perform_non_af_014,0,isotonic,0.9802631578947368
mimic_perform_non_af_014,0,isotonic,0.9936305732484076
mimic_perform_non_af_014,0,isotonic,0.958904109589041
mimic_perform_non_af_014,0,isotonic,0.958904109589041
mimic_perform_non_af_014,0,isotonic,0.9558823529411765
mimic_perform_non_af_014,0,isotonic,0.9558823529411765
mimic_perform_non_af_014,0,isotonic,0.958904109589041
mimic_perform_non_af_014,0,isotonic,0.9558823529411765
mimic_perform_non_af_014,0,isotonic,0.9558823529411765
mimic_perform_non_af_014,0,isotonic,0.9558823529411765
mimic_perform_non_af_014,0,isotonic,0.9333333333333333
mimic_perform_non_af_014,0,raw,0.8796056194897165
mimic_perform_non_af_014,0,raw,0.9464582844707207
mimic_perform_non_af_014,0,raw,0.9509842681652835
mimic_perform_non_af_014,0,raw,0.9107828056273525
mimic_perform_non_af_014,0,raw,0.8791752860168324
mimic_perform_non_af_014,0,raw,0.8866334576262553
mimic_perform_non_af_014,0,raw,0.8932582248270217
mimic_perform_non_af_014,0,raw,0.8863087431035099
mimic_perform_non_af_014,0,raw,0.8796448289915014
mimic_perform_non_af_014,0,raw,0.9005713229557525
mimic_perform_non_af_014,0,raw,0.8805853220946733
mimic_perform_non_af_014,0,raw,0.898425149733464
mimic_perform_non_af_014,0,raw,0.8674995517952874
mimic_perform_non_af_014,0,raw,0.8154720250291994
mimic_perform_non_af_014,0,raw,0.6575910119080579
mimic_perform_non_af_014,0,raw,0.7456625596997739
mimic_perform_non_af_014,0,raw,0.8808670512137237
mimic_perform_non_af_014,0,raw,0.8689099294844663
mimic_perform_non_af_014,0,raw,0.6704695844228544
mimic_perform_non_af_014,0,raw,0.8621612551741443
mimic_perform_non_af_014,0,raw,0.8436883881214319
mimic_perform_non_af_014,0,raw,0.8450492072728469
mimic_perform_non_af_014,0,raw,0.8335582158299097
mimic_perform_non_af_014,0,raw,0.8424144733502336
mimic_perform_non_af_014,0,raw,0.8358388182029892
mimic_perform_non_af_014,0,raw,0.8852208535835617
mimic_perform_non_af_014,0,raw,0.8541406104239506
mimic_perform_non_af_014,0,raw,0.8821820319954312
mimic_perform_non_af_014,0,raw,0.8925424816086733
mimic_perform_non_af_014,0,raw,0.9237540727861036
mimic_perform_non_af_014,0,raw,0.8452231006670052
mimic_perform_non_af_014,0,raw,0.907009813262632
mimic_perform_non_af_014,0,raw,0.8730926412801089
mimic_perform_non_af_014,0,raw,0.953166847814281
mimic_perform_non_af_014,0,raw,0.9394087513768559
mimic_perform_non_af_014,0,raw,0.9698593337586487
mimic_perform_non_af_014,0,raw,0.8992930312479804
mimic_perform_non_af_014,0,raw,0.9477616143090886
mimic_perform_non_af_014,0,raw,0.929566116416373
mimic_perform_non_af_014,0,raw,0.8801099049038271
mimic_perform_non_af_014,0,raw,0.9059714367864654
mimic_perform_non_af_014,0,raw,0.8859714367864656
mimic_perform_non_af_014,0,raw,0.9251602885244359
mimic_perform_non_af_014,0,raw,0.869318663005537
mimic_perform_non_af_014,0,raw,0.9062420841470428
mimic_perform_non_af_014,0,raw,0.8730740945075193
mimic_perform_non_af_014,0,raw,0.9528523838396871
mimic_perform_non_af_014,0,raw,0.9587641193597667
mimic_perform_non_af_014,0,raw,0.9660677581414313
mimic_perform_non_af_014,0,raw,0.893773029544245
mimic_perform_non_af_014,0,raw,0.9071285674865084
mimic_perform_non_af_014,0,raw,0.8874754818362309
mimic_perform_non_af_014,0,raw,0.9306513507947445
mimic_perform_non_af_014,0,raw,0.9339455104849337
mimic_perform_non_af_014,0,raw,0.9532965388356299
mimic_perform_non_af_014,0,raw,0.9104767431513562
mimic_perform_non_af_014,0,raw,0.9356578423047576
mimic_perform_non_af_014,0,raw,0.8423090266434301
mimic_perform_non_af_014,0,raw,0.8726258652730873
mimic_perform_non_af_014,0,raw,0.8775496320575125
mimic_perform_non_af_014,0,raw,0.9718019758834867
mimic_perform_non_af_014,0,raw,0.9578898102840508
mimic_perform_non_af_014,0,raw,0.9418685856403379
mimic_perform_non_af_014,0,raw,0.8653144842977946
mimic_perform_non_af_014,0,raw,0.9659690920717661
mimic_perform_non_af_014,0,raw,0.9792518244265302
mimic_perform_non_af_014,0,raw,0.9697651803990017
mimic_perform_non_af_014,0,raw,0.9641192451150495
mimic_perform_non_af_014,0,raw,0.9020861405315008
mimic_perform_non_af_014,0,raw,0.948396957161871
mimic_perform_non_af_014,0,raw,0.9444805803621521
mimic_perform_non_af_014,0,raw,0.9658875634770239
mimic_perform_non_af_014,0,raw,0.9550203697087998
mimic_perform_non_af_014,0,raw,0.9880428759011105
mimic_perform_non_af_014,0,raw,0.9879547692045317
mimic_perform_non_af_014,0,raw,0.995588595817803
mimic_perform_non_af_014,0,raw,0.9409711319307515
mimic_perform_non_af_014,0,raw,0.8998215247805598
mimic_perform_non_af_014,0,raw,0.9486175918453725
mimic_perform_non_af_014,0,raw,0.9483106998399509
mimic_perform_non_af_014,0,raw,0.9396212391411679
mimic_perform_non_af_014,0,raw,0.9063696101064742
mimic_perform_non_af_014,0,raw,0.9710627027036027
mimic_perform_non_af_014,0,raw,0.9834391872300631
mimic_perform_non_af_014,0,raw,0.9587235227663549
mimic_perform_non_af_014,0,raw,0.9426398725941645
mimic_perform_non_af_014,0,raw,0.8796258255835556
mimic_perform_non_af_014,0,raw,0.9758591075480741
mimic_perform_non_af_014,0,raw,0.9736019527928863
mimic_perform_non_af_014,0,raw,0.9736834740925512
mimic_perform_non_af_014,0,raw,0.9258258555708977
mimic_perform_non_af_014,0,raw,0.9670043563095809
mimic_perform_non_af_014,0,raw,0.9674364149836306
mimic_perform_non_af_014,0,raw,0.9533964242295432
mimic_perform_non_af_014,0,raw,0.8921632095103514
mimic_perform_non_af_014,0,raw,0.8780505975921733
mimic_perform_non_af_014,0,raw,0.949186576617549
mimic_perform_non_af_014,0,raw,0.9802602106957723
mimic_perform_non_af_014,0,raw,0.9774891354579199
mimic_perform_non_af_014,0,raw,0.9876286209695695
mimic_perform_non_af_014,0,raw,0.9798202325272587
mimic_perform_non_af_014,0,raw,0.9861950816543653
mimic_perform_non_af_014,0,raw,0.9424921771335153
mimic_perform_non_af_014,0,raw,0.9773070851162229
mimic_perform_non_af_014,0,raw,0.9542217633197622
mimic_perform_non_af_014,0,raw,0.9640851797305834
mimic_perform_non_af_014,0,raw,0.9856036547840332
mimic_perform_non_af_014,0,raw,0.9770981495691214
mimic_perform_non_af_014,0,raw,0.979724289478753
mimic_perform_non_af_014,0,raw,0.9500404769616794
mimic_perform_non_af_014,0,raw,0.9459685097231926
mimic_perform_non_af_014,0,raw,0.8935559587004569
mimic_perform_non_af_014,0,raw,0.8823444432894488
mimic_perform_non_af_014,0,raw,0.932050381210521
mimic_perform_non_af_014,0,raw,0.8835476852856224
mimic_perform_non_af_014,0,raw,0.8828476069994303
mimic_perform_non_af_014,0,raw,0.8784810125947243
mimic_perform_non_af_014,0,raw,0.8395692359937966
mimic_perform_non_af_015,0,sigmoid,0.007546427819050873
mimic_perform_non_af_015,0,sigmoid,0.0848129429659173
mimic_perform_non_af_015,0,sigmoid,0.005349489332567323
mimic_perform_non_af_015,0,sigmoid,0.004501756922236791
mimic_perform_non_af_015,0,sigmoid,0.004501756922236791
mimic_perform_non_af_015,0,sigmoid,0.0067314536920603735
mimic_perform_non_af_015,0,sigmoid,0.06045371830274236
mimic_perform_non_af_015,0,sigmoid,0.22313507091286552
mimic_perform_non_af_015,0,sigmoid,0.004501756922236791
mimic_perform_non_af_015,0,sigmoid,0.004501756922236791
mimic_perform_non_af_015,0,sigmoid,0.004501756922236791
mimic_perform_non_af_015,0,sigmoid,0.004501756922236791
mimic_perform_non_af_015,0,sigmoid,0.004501756922236791
mimic_perform_non_af_015,0,sigmoid,0.004501756922236791
mimic_perform_non_af_015,0,sigmoid,0.005349489332567323
mimic_perform_non_af_015,0,sigmoid,0.011413236557613586
mimic_perform_non_af_015,0,sigmoid,0.004559682132795242
mimic_perform_non_af_015,0,sigmoid,0.004768324731063709
mimic_perform_non_af_015,0,sigmoid,0.005115548031284224
mimic_perform_non_af_015,0,sigmoid,0.0062832549001769575
mimic_perform_non_af_015,0,sigmoid,0.004501756922236791
mimic_perform_non_af_015,0,sigmoid,0.004501756922236791
mimic_perform_non_af_015,0,sigmoid,0.004501756922236791
mimic_perform_non_af_015,0,sigmoid,0.004501756922236791
mimic_perform_non_af_015,0,sigmoid,0.004501756922236791
mimic_perform_non_af_015,0,sigmoid,0.004501756922236791
mimic_perform_non_af_015,0,sigmoid,0.004501756922236791
mimic_perform_non_af_015,0,sigmoid,0.004501756922236791
mimic_perform_non_af_015,0,sigmoid,0.008674741286759952
mimic_perform_non_af_015,0,sigmoid,0.013660700644624555
mimic_perform_non_af_015,0,sigmoid,0.008966664027113826
mimic_perform_non_af_015,0,sigmoid,0.005349489332567323
mimic_perform_non_af_015,0,sigmoid,0.004501756922236791
mimic_perform_non_af_015,0,sigmoid,0.004501756922236791
mimic_perform_non_af_015,0,sigmoid,0.004501756922236791
mimic_perform_non_af_015,0,sigmoid,0.004501756922236791
mimic_perform_non_af_015,0,sigmoid,0.005349489332567323
mimic_perform_non_af_015,0,sigmoid,0.005418263154412328
mimic_perform_non_af_015,0,sigmoid,0.005418263154412328
mimic_perform_non_af_015,0,sigmoid,0.005418263154412328
mimic_perform_non_af_015,0,sigmoid,0.004501756922236791
mimic_perform_non_af_015,0,sigmoid,0.004768324731063709
mimic_perform_non_af_015,0,sigmoid,0.004501756922236791
mimic_perform_non_af_015,0,sigmoid,0.004501756922236791
mimic_perform_non_af_015,0,sigmoid,0.004501756922236791
mimic_perform_non_af_015,0,sigmoid,0.004501756922236791
mimic_perform_non_af_015,0,sigmoid,0.004501756922236791
mimic_perform_non_af_015,0,sigmoid,0.004501756922236791
mimic_perform_non_af_015,0,sigmoid,0.004768324731063709
mimic_perform_non_af_015,0,sigmoid,0.004501756922236791
mimic_perform_non_af_015,0,sigmoid,0.004501756922236791
mimic_perform_non_af_015,0,sigmoid,0.004501756922236791
mimic_perform_non_af_015,0,sigmoid,0.004768324731063709
mimic_perform_non_af_015,0,sigmoid,0.005349489332567323
mimic_perform_non_af_015,0,sigmoid,0.004559682132795242
mimic_perform_non_af_015,0,sigmoid,0.004829663294379803
mimic_perform_non_af_015,0,sigmoid,0.004501756922236791
mimic_perform_non_af_015,0,sigmoid,0.005349489332567323
mimic_perform_non_af_015,0,sigmoid,0.0067314536920603735
mimic_perform_non_af_015,0,sigmoid,0.004768324731063709
mimic_perform_non_af_015,0,sigmoid,0.05259474893393036
mimic_perform_non_af_015,0,sigmoid,0.7863310379792411
mimic_perform_non_af_015,0,sigmoid,0.19509112681323615
mimic_perform_non_af_015,0,sigmoid,0.007995691160277249
mimic_perform_non_af_015,0,sigmoid,0.004501756922236791
mimic_perform_non_af_015,0,sigmoid,0.004768324731063709
mimic_perform_non_af_015,0,sigmoid,0.004501756922236791
mimic_perform_non_af_015,0,sigmoid,0.004768324731063709
mimic_perform_non_af_015,0,sigmoid,0.004501756922236791
mimic_perform_non_af_015,0,sigmoid,0.004768324731063709
mimic_perform_non_af_015,0,sigmoid,0.004501756922236791
mimic_perform_non_af_015,0,sigmoid,0.004768324731063709
mimic_perform_non_af_015,0,sigmoid,0.004501756922236791
mimic_perform_non_af_015,0,sigmoid,0.004501756922236791
mimic_perform_non_af_015,0,sigmoid,0.004501756922236791
mimic_perform_non_af_015,0,sigmoid,0.004501756922236791
mimic_perform_non_af_015,0,sigmoid,0.004501756922236791
mimic_perform_non_af_015,0,sigmoid,0.005349489332567323
mimic_perform_non_af_015,0,sigmoid,0.0058051205787829005
mimic_perform_non_af_015,0,sigmoid,0.0050505970498554535
mimic_perform_non_af_015,0,sigmoid,0.0050505970498554535
mimic_perform_non_af_015,0,sigmoid,0.004501756922236791
mimic_perform_non_af_015,0,sigmoid,0.004501756922236791
mimic_perform_non_af_015,0,sigmoid,0.004501756922236791
mimic_perform_non_af_015,0,sigmoid,0.004501756922236791
mimic_perform_non_af_015,0,sigmoid,0.004501756922236791
mimic_perform_non_af_015,0,sigmoid,0.004501756922236791
mimic_perform_non_af_015,0,sigmoid,0.004501756922236791
mimic_perform_non_af_015,0,sigmoid,0.004501756922236791
mimic_perform_non_af_015,0,sigmoid,0.004501756922236791
mimic_perform_non_af_015,0,sigmoid,0.004501756922236791
mimic_perform_non_af_015,0,sigmoid,0.004501756922236791
mimic_perform_non_af_015,0,sigmoid,0.004501756922236791
mimic_perform_non_af_015,0,sigmoid,0.004501756922236791
mimic_perform_non_af_015,0,sigmoid,0.004501756922236791
mimic_perform_non_af_015,0,sigmoid,0.004501756922236791
mimic_perform_non_af_015,0,sigmoid,0.004768324731063709
mimic_perform_non_af_015,0,sigmoid,0.0050505970498554535
mimic_perform_non_af_015,0,sigmoid,0.006001059313389307
mimic_perform_non_af_015,0,sigmoid,0.004501756922236791
mimic_perform_non_af_015,0,sigmoid,0.004501756922236791
mimic_perform_non_af_015,0,sigmoid,0.004501756922236791
mimic_perform_non_af_015,0,sigmoid,0.004501756922236791
mimic_perform_non_af_015,0,sigmoid,0.004501756922236791
mimic_perform_non_af_015,0,sigmoid,0.005665969208963933
mimic_perform_non_af_015,0,sigmoid,0.004501756922236791
mimic_perform_non_af_015,0,sigmoid,0.004501756922236791
mimic_perform_non_af_015,0,sigmoid,0.004501756922236791
mimic_perform_non_af_015,0,sigmoid,0.004501756922236791
mimic_perform_non_af_015,0,sigmoid,0.004501756922236791
mimic_perform_non_af_015,0,sigmoid,0.004501756922236791
mimic_perform_non_af_015,0,sigmoid,0.004501756922236791
mimic_perform_non_af_015,0,sigmoid,0.004501756922236791
mimic_perform_non_af_015,0,sigmoid,0.004501756922236791
mimic_perform_non_af_015,0,sigmoid,0.004501756922236791
mimic_perform_non_af_015,0,sigmoid,0.004501756922236791
mimic_perform_non_af_015,0,sigmoid,0.004501756922236791
mimic_perform_non_af_015,0,sigmoid,0.004501756922236791
mimic_perform_non_af_015,0,isotonic,0.0026809651474530836
mimic_perform_non_af_015,0,isotonic,0.3561643835616438
mimic_perform_non_af_015,0,isotonic,0.0026809651474530836
mimic_perform_non_af_015,0,isotonic,0.0026809651474530836
mimic_perform_non_af_015,0,isotonic,0.0026809651474530836
mimic_perform_non_af_015,0,isotonic,0.0026809651474530836
mimic_perform_non_af_015,0,isotonic,0.0851063829787234
mimic_perform_non_af_015,0,isotonic,0.3561643835616438
mimic_perform_non_af_015,0,isotonic,0.0026809651474530836
mimic_perform_non_af_015,0,isotonic,0.0026809651474530836
mimic_perform_non_af_015,0,isotonic,0.0026809651474530836
mimic_perform_non_af_015,0,isotonic,0.0026809651474530836
mimic_perform_non_af_015,0,isotonic,0.0026809651474530836
mimic_perform_non_af_015,0,isotonic,0.0026809651474530836
mimic_perform_non_af_015,0,isotonic,0.0026809651474530836
mimic_perform_non_af_015,0,isotonic,0.008021390374331552
mimic_perform_non_af_015,0,isotonic,0.0026809651474530836
mimic_perform_non_af_015,0,isotonic,0.0026809651474530836
mimic_perform_non_af_015,0,isotonic,0.0026809651474530836
mimic_perform_non_af_015,0,isotonic,0.0026809651474530836
mimic_perform_non_af_015,0,isotonic,0.0026809651474530836
mimic_perform_non_af_015,0,isotonic,0.0026809651474530836
mimic_perform_non_af_015,0,isotonic,0.0026809651474530836
mimic_perform_non_af_015,0,isotonic,0.0026809651474530836
mimic_perform_non_af_015,0,isotonic,0.0026809651474530836
mimic_perform_non_af_015,0,isotonic,0.0026809651474530836
mimic_perform_non_af_015,0,isotonic,0.0026809651474530836
mimic_perform_non_af_015,0,isotonic,0.0026809651474530836
mimic_perform_non_af_015,0,isotonic,0.008021390374331552
mimic_perform_non_af_015,0,isotonic,0.008021390374331552
mimic_perform_non_af_015,0,isotonic,0.008021390374331552
mimic_perform_non_af_015,0,isotonic,0.0026809651474530836
mimic_perform_non_af_015,0,isotonic,0.0026809651474530836
mimic_perform_non_af_015,0,isotonic,0.0026809651474530836
mimic_perform_non_af_015,0,isotonic,0.0026809651474530836
mimic_perform_non_af_015,0,isotonic,0.0026809651474530836
mimic_perform_non_af_015,0,isotonic,0.0026809651474530836
mimic_perform_non_af_015,0,isotonic,0.0026809651474530836
mimic_perform_non_af_015,0,isotonic,0.0026809651474530836
mimic_perform_non_af_015,0,isotonic,0.0026809651474530836
mimic_perform_non_af_015,0,isotonic,0.0026809651474530836
mimic_perform_non_af_015,0,isotonic,0.0026809651474530836
mimic_perform_non_af_015,0,isotonic,0.0026809651474530836
mimic_perform_non_af_015,0,isotonic,0.0026809651474530836
mimic_perform_non_af_015,0,isotonic,0.0026809651474530836
mimic_perform_non_af_015,0,isotonic,0.0026809651474530836
mimic_perform_non_af_015,0,isotonic,0.0026809651474530836
mimic_perform_non_af_015,0,isotonic,0.0026809651474530836
mimic_perform_non_af_015,0,isotonic,0.0026809651474530836
mimic_perform_non_af_015,0,isotonic,0.0026809651474530836
mimic_perform_non_af_015,0,isotonic,0.0026809651474530836
mimic_perform_non_af_015,0,isotonic,0.0026809651474530836
mimic_perform_non_af_015,0,isotonic,0.0026809651474530836
mimic_perform_non_af_015,0,isotonic,0.0026809651474530836
mimic_perform_non_af_015,0,isotonic,0.0026809651474530836
mimic_perform_non_af_015,0,isotonic,0.0026809651474530836
mimic_perform_non_af_015,0,isotonic,0.0026809651474530836
mimic_perform_non_af_015,0,isotonic,0.0026809651474530836
mimic_perform_non_af_015,0,isotonic,0.0026809651474530836
mimic_perform_non_af_015,0,isotonic,0.0026809651474530836
mimic_perform_non_af_015,0,isotonic,0.0851063829787234
mimic_perform_non_af_015,0,isotonic,0.625
mimic_perform_non_af_015,0,isotonic,0.3561643835616438
mimic_perform_non_af_015,0,isotonic,0.008021390374331552
mimic_perform_non_af_015,0,isotonic,0.0026809651474530836
mimic_perform_non_af_015,0,isotonic,0.0026809651474530836
mimic_perform_non_af_015,0,isotonic,0.0026809651474530836
mimic_perform_non_af_015,0,isotonic,0.0026809651474530836
mimic_perform_non_af_015,0,isotonic,0.0026809651474530836
mimic_perform_non_af_015,0,isotonic,0.0026809651474530836
mimic_perform_non_af_015,0,isotonic,0.0026809651474530836
mimic_perform_non_af_015,0,isotonic,0.0026809651474530836
mimic_perform_non_af_015,0,isotonic,0.0026809651474530836
mimic_perform_non_af_015,0,isotonic,0.0026809651474530836
mimic_perform_non_af_015,0,isotonic,0.0026809651474530836
mimic_perform_non_af_015,0,isotonic,0.0026809651474530836
mimic_perform_non_af_015,0,isotonic,0.0026809651474530836
mimic_perform_non_af_015,0,isotonic,0.0026809651474530836
mimic_perform_non_af_015,0,isotonic,0.0026809651474530836
mimic_perform_non_af_015,0,isotonic,0.0026809651474530836
mimic_perform_non_af_015,0,isotonic,0.0026809651474530836
mimic_perform_non_af_015,0,isotonic,0.0026809651474530836
mimic_perform_non_af_015,0,isotonic,0.0026809651474530836
mimic_perform_non_af_015,0,isotonic,0.0026809651474530836
mimic_perform_non_af_015,0,isotonic,0.0026809651474530836
mimic_perform_non_af_015,0,isotonic,0.0026809651474530836
mimic_perform_non_af_015,0,isotonic,0.0026809651474530836
mimic_perform_non_af_015,0,isotonic,0.0026809651474530836
mimic_perform_non_af_015,0,isotonic,0.0026809651474530836
mimic_perform_non_af_015,0,isotonic,0.0026809651474530836
mimic_perform_non_af_015,0,isotonic,0.0026809651474530836
mimic_perform_non_af_015,0,isotonic,0.0026809651474530836
mimic_perform_non_af_015,0,isotonic,0.0026809651474530836
mimic_perform_non_af_015,0,isotonic,0.0026809651474530836
mimic_perform_non_af_015,0,isotonic,0.0026809651474530836
mimic_perform_non_af_015,0,isotonic,0.0026809651474530836
mimic_perform_non_af_015,0,isotonic,0.0026809651474530836
mimic_perform_non_af_015,0,isotonic,0.0026809651474530836
mimic_perform_non_af_015,0,isotonic,0.0026809651474530836
mimic_perform_non_af_015,0,isotonic,0.0026809651474530836
mimic_perform_non_af_015,0,isotonic,0.0026809651474530836
mimic_perform_non_af_015,0,isotonic,0.0026809651474530836
mimic_perform_non_af_015,0,isotonic,0.0026809651474530836
mimic_perform_non_af_015,0,isotonic,0.0026809651474530836
mimic_perform_non_af_015,0,isotonic,0.0026809651474530836
mimic_perform_non_af_015,0,isotonic,0.0026809651474530836
mimic_perform_non_af_015,0,isotonic,0.0026809651474530836
mimic_perform_non_af_015,0,isotonic,0.0026809651474530836
mimic_perform_non_af_015,0,isotonic,0.0026809651474530836
mimic_perform_non_af_015,0,isotonic,0.0026809651474530836
mimic_perform_non_af_015,0,isotonic,0.0026809651474530836
mimic_perform_non_af_015,0,isotonic,0.0026809651474530836
mimic_perform_non_af_015,0,isotonic,0.0026809651474530836
mimic_perform_non_af_015,0,isotonic,0.0026809651474530836
mimic_perform_non_af_015,0,isotonic,0.0026809651474530836
mimic_perform_non_af_015,0,isotonic,0.0026809651474530836
mimic_perform_non_af_015,0,isotonic,0.0026809651474530836
mimic_perform_non_af_015,0,isotonic,0.0026809651474530836
mimic_perform_non_af_015,0,raw,0.05994392100274453
mimic_perform_non_af_015,0,raw,0.3483681195275838
mimic_perform_non_af_015,0,raw,0.02
mimic_perform_non_af_015,0,raw,0.0
mimic_perform_non_af_015,0,raw,0.0
mimic_perform_non_af_015,0,raw,0.04666666666666667
mimic_perform_non_af_015,0,raw,0.3062839628165715
mimic_perform_non_af_015,0,raw,0.47885106138184397
mimic_perform_non_af_015,0,raw,0.0
mimic_perform_non_af_015,0,raw,0.0
mimic_perform_non_af_015,0,raw,0.0
mimic_perform_non_af_015,0,raw,0.0
mimic_perform_non_af_015,0,raw,0.0
mimic_perform_non_af_015,0,raw,0.0
mimic_perform_non_af_015,0,raw,0.02
mimic_perform_non_af_015,0,raw,0.10811447811447811
mimic_perform_non_af_015,0,raw,0.0014814814814814814
mimic_perform_non_af_015,0,raw,0.006666666666666667
mimic_perform_non_af_015,0,raw,0.014814814814814815
mimic_perform_non_af_015,0,raw,0.03866666666666667
mimic_perform_non_af_015,0,raw,0.0
mimic_perform_non_af_015,0,raw,0.0
mimic_perform_non_af_015,0,raw,0.0
mimic_perform_non_af_015,0,raw,0.0
mimic_perform_non_af_015,0,raw,0.0
mimic_perform_non_af_015,0,raw,0.0
mimic_perform_non_af_015,0,raw,0.0
mimic_perform_non_af_015,0,raw,0.0
mimic_perform_non_af_015,0,raw,0.07614814814814815
mimic_perform_non_af_015,0,raw,0.12911111111111112
mimic_perform_non_af_015,0,raw,0.08
mimic_perform_non_af_015,0,raw,0.02
mimic_perform_non_af_015,0,raw,0.0
mimic_perform_non_af_015,0,raw,0.0
mimic_perform_non_af_015,0,raw,0.0
mimic_perform_non_af_015,0,raw,0.0
mimic_perform_non_af_015,0,raw,0.02
mimic_perform_non_af_015,0,raw,0.021481481481481483
mimic_perform_non_af_015,0,raw,0.021481481481481483
mimic_perform_non_af_015,0,raw,0.021481481481481483
mimic_perform_non_af_015,0,raw,0.0
mimic_perform_non_af_015,0,raw,0.006666666666666667
mimic_perform_non_af_015,0,raw,0.0
mimic_perform_non_af_015,0,raw,0.0
mimic_perform_non_af_015,0,raw,0.0
mimic_perform_non_af_015,0,raw,0.0
mimic_perform_non_af_015,0,raw,0.0
mimic_perform_non_af_015,0,raw,0.0
mimic_perform_non_af_015,0,raw,0.006666666666666667
mimic_perform_non_af_015,0,raw,0.0
mimic_perform_non_af_015,0,raw,0.0
mimic_perform_non_af_015,0,raw,0.0
mimic_perform_non_af_015,0,raw,0.006666666666666667
mimic_perform_non_af_015,0,raw,0.02
mimic_perform_non_af_015,0,raw,0.0014814814814814814
mimic_perform_non_af_015,0,raw,0.00814814814814815
mimic_perform_non_af_015,0,raw,0.0
mimic_perform_non_af_015,0,raw,0.02
mimic_perform_non_af_015,0,raw,0.04666666666666667
mimic_perform_non_af_015,0,raw,0.006666666666666667
mimic_perform_non_af_015,0,raw,0.2892592592592592
mimic_perform_non_af_015,0,raw,0.7730443275621002
mimic_perform_non_af_015,0,raw,0.4592677280485106
mimic_perform_non_af_015,0,raw,0.06666666666666667
mimic_perform_non_af_015,0,raw,0.0
mimic_perform_non_af_015,0,raw,0.006666666666666667
mimic_perform_non_af_015,0,raw,0.0
mimic_perform_non_af_015,0,raw,0.006666666666666667
mimic_perform_non_af_015,0,raw,0.0
mimic_perform_non_af_015,0,raw,0.006666666666666667
mimic_perform_non_af_015,0,raw,0.0
mimic_perform_non_af_015,0,raw,0.006666666666666667
mimic_perform_non_af_015,0,raw,0.0
mimic_perform_non_af_015,0,raw,0.0
mimic_perform_non_af_015,0,raw,0.0
mimic_perform_non_af_015,0,raw,0.0
mimic_perform_non_af_015,0,raw,0.0
mimic_perform_non_af_015,0,raw,0.02
mimic_perform_non_af_015,0,raw,0.029481481481481484
mimic_perform_non_af_015,0,raw,0.013333333333333334
mimic_perform_non_af_015,0,raw,0.013333333333333334
mimic_perform_non_af_015,0,raw,0.0
mimic_perform_non_af_015,0,raw,0.0
mimic_perform_non_af_015,0,raw,0.0
mimic_perform_non_af_015,0,raw,0.0
mimic_perform_non_af_015,0,raw,0.0
mimic_perform_non_af_015,0,raw,0.0
mimic_perform_non_af_015,0,raw,0.0
mimic_perform_non_af_015,0,raw,0.0
mimic_perform_non_af_015,0,raw,0.0
mimic_perform_non_af_015,0,raw,0.0
mimic_perform_non_af_015,0,raw,0.0
mimic_perform_non_af_015,0,raw,0.0
mimic_perform_non_af_015,0,raw,0.0
mimic_perform_non_af_015,0,raw,0.0
mimic_perform_non_af_015,0,raw,0.0
mimic_perform_non_af_015,0,raw,0.006666666666666667
mimic_perform_non_af_015,0,raw,0.013333333333333334
mimic_perform_non_af_015,0,raw,0.03333333333333333
mimic_perform_non_af_015,0,raw,0.0
mimic_perform_non_af_015,0,raw,0.0
mimic_perform_non_af_015,0,raw,0.0
mimic_perform_non_af_015,0,raw,0.0
mimic_perform_non_af_015,0,raw,0.0
mimic_perform_non_af_015,0,raw,0.02666666666666667
mimic_perform_non_af_015,0,raw,0.0
mimic_perform_non_af_015,0,raw,0.0
mimic_perform_non_af_015,0,raw,0.0
mimic_perform_non_af_015,0,raw,0.0
mimic_perform_non_af_015,0,raw,0.0
mimic_perform_non_af_015,0,raw,0.0
mimic_perform_non_af_015,0,raw,0.0
mimic_perform_non_af_015,0,raw,0.0
mimic_perform_non_af_015,0,raw,0.0
mimic_perform_non_af_015,0,raw,0.0
mimic_perform_non_af_015,0,raw,0.0
mimic_perform_non_af_015,0,raw,0.0
mimic_perform_non_af_015,0,raw,0.0
mimic_perform_non_af_016,0,sigmoid,0.010809320750866897
mimic_perform_non_af_016,0,sigmoid,0.010264983524872713
mimic_perform_non_af_016,0,sigmoid,0.010264983524872713
mimic_perform_non_af_016,0,sigmoid,0.014728172402633312
mimic_perform_non_af_016,0,sigmoid,0.010264983524872713
mimic_perform_non_af_016,0,sigmoid,0.011985055172535376
mimic_perform_non_af_016,0,sigmoid,0.0497429478142138
mimic_perform_non_af_016,0,sigmoid,0.0350463969633989
mimic_perform_non_af_016,0,sigmoid,0.013989280015845405
mimic_perform_non_af_016,0,sigmoid,0.012619442315395532
mimic_perform_non_af_016,0,sigmoid,0.010264983524872713
mimic_perform_non_af_016,0,sigmoid,0.010264983524872713
mimic_perform_non_af_016,0,sigmoid,0.010264983524872713
mimic_perform_non_af_016,0,sigmoid,0.010809320750866897
mimic_perform_non_af_016,0,sigmoid,0.010809320750866897
mimic_perform_non_af_016,0,sigmoid,0.010264983524872713
mimic_perform_non_af_016,0,sigmoid,0.010264983524872713
mimic_perform_non_af_016,0,sigmoid,0.010264983524872713
mimic_perform_non_af_016,0,sigmoid,0.010264983524872713
mimic_perform_non_af_016,0,sigmoid,0.010264983524872713
mimic_perform_non_af_016,0,sigmoid,0.010264983524872713
mimic_perform_non_af_016,0,sigmoid,0.010264983524872713
mimic_perform_non_af_016,0,sigmoid,0.010264983524872713
mimic_perform_non_af_016,0,sigmoid,0.010264983524872713
mimic_perform_non_af_016,0,sigmoid,0.010264983524872713
mimic_perform_non_af_016,0,sigmoid,0.011382191433221703
mimic_perform_non_af_016,0,sigmoid,0.011382191433221703
mimic_perform_non_af_016,0,sigmoid,0.011460807663324355
mimic_perform_non_af_016,0,sigmoid,0.010809320750866897
mimic_perform_non_af_016,0,sigmoid,0.010264983524872713
mimic_perform_non_af_016,0,sigmoid,0.010264983524872713
mimic_perform_non_af_016,0,sigmoid,0.010809320750866897
mimic_perform_non_af_016,0,sigmoid,0.011382191433221703
mimic_perform_non_af_016,0,sigmoid,0.011460807663324355
mimic_perform_non_af_016,0,sigmoid,0.010997036605192138
mimic_perform_non_af_016,0,sigmoid,0.010264983524872713
mimic_perform_non_af_016,0,sigmoid,0.010264983524872713
mimic_perform_non_af_016,0,sigmoid,0.013286956955765187
mimic_perform_non_af_016,0,sigmoid,0.011985055172535376
mimic_perform_non_af_016,0,sigmoid,0.011985055172535376
mimic_perform_non_af_016,0,sigmoid,0.010264983524872713
mimic_perform_non_af_016,0,sigmoid,0.010264983524872713
mimic_perform_non_af_016,0,sigmoid,0.010264983524872713
mimic_perform_non_af_016,0,sigmoid,0.010264983524872713
mimic_perform_non_af_016,0,sigmoid,0.010264983524872713
mimic_perform_non_af_016,0,sigmoid,0.010264983524872713
mimic_perform_non_af_016,0,sigmoid,0.010264983524872713
mimic_perform_non_af_016,0,sigmoid,0.010264983524872713
mimic_perform_non_af_016,0,sigmoid,0.010264983524872713
mimic_perform_non_af_016,0,sigmoid,0.010264983524872713
mimic_perform_non_af_016,0,sigmoid,0.010264983524872713
mimic_perform_non_af_016,0,sigmoid,0.010264983524872713
mimic_perform_non_af_016,0,sigmoid,0.011382191433221703
mimic_perform_non_af_016,0,sigmoid,0.010264983524872713
mimic_perform_non_af_016,0,sigmoid,0.010264983524872713
mimic_perform_non_af_016,0,sigmoid,0.010264983524872713
mimic_perform_non_af_016,0,sigmoid,0.010264983524872713
mimic_perform_non_af_016,0,sigmoid,0.010264983524872713
mimic_perform_non_af_016,0,sigmoid,0.010264983524872713
mimic_perform_non_af_016,0,sigmoid,0.010264983524872713
mimic_perform_non_af_016,0,sigmoid,0.013286956955765187
mimic_perform_non_af_016,0,sigmoid,0.013989280015845405
mimic_perform_non_af_016,0,sigmoid,0.010264983524872713
mimic_perform_non_af_016,0,sigmoid,0.010809320750866897
mimic_perform_non_af_016,0,sigmoid,0.010809320750866897
mimic_perform_non_af_016,0,sigmoid,0.010809320750866897
mimic_perform_non_af_016,0,sigmoid,0.010809320750866897
mimic_perform_non_af_016,0,sigmoid,0.011382191433221703
mimic_perform_non_af_016,0,sigmoid,0.010264983524872713
mimic_perform_non_af_016,0,sigmoid,0.010264983524872713
mimic_perform_non_af_016,0,sigmoid,0.010264983524872713
mimic_perform_non_af_016,0,sigmoid,0.010264983524872713
mimic_perform_non_af_016,0,sigmoid,0.010264983524872713
mimic_perform_non_af_016,0,sigmoid,0.010264983524872713
mimic_perform_non_af_016,0,sigmoid,0.010264983524872713
mimic_perform_non_af_016,0,sigmoid,0.010264983524872713
mimic_perform_non_af_016,0,sigmoid,0.010264983524872713
mimic_perform_non_af_016,0,sigmoid,0.010264983524872713
mimic_perform_non_af_016,0,sigmoid,0.010264983524872713
mimic_perform_non_af_016,0,sigmoid,0.010264983524872713
mimic_perform_non_af_016,0,sigmoid,0.010830020567688116
mimic_perform_non_af_016,0,sigmoid,0.010284651775452833
mimic_perform_non_af_016,0,sigmoid,0.010284651775452833
mimic_perform_non_af_016,0,sigmoid,0.010264983524872713
mimic_perform_non_af_016,0,sigmoid,0.010264983524872713
mimic_perform_non_af_016,0,sigmoid,0.010264983524872713
mimic_perform_non_af_016,0,sigmoid,0.010264983524872713
mimic_perform_non_af_016,0,sigmoid,0.010264983524872713
mimic_perform_non_af_016,0,sigmoid,0.010264983524872713
mimic_perform_non_af_016,0,sigmoid,0.010264983524872713
mimic_perform_non_af_016,0,sigmoid,0.010264983524872713
mimic_perform_non_af_016,0,sigmoid,0.010264983524872713
mimic_perform_non_af_016,0,sigmoid,0.010264983524872713
mimic_perform_non_af_016,0,sigmoid,0.010264983524872713
mimic_perform_non_af_016,0,sigmoid,0.010264983524872713
mimic_perform_non_af_016,0,sigmoid,0.010264983524872713
mimic_perform_non_af_016,0,sigmoid,0.010264983524872713
mimic_perform_non_af_016,0,sigmoid,0.010264983524872713
mimic_perform_non_af_016,0,sigmoid,0.010264983524872713
mimic_perform_non_af_016,0,sigmoid,0.010264983524872713
mimic_perform_non_af_016,0,sigmoid,0.010264983524872713
mimic_perform_non_af_016,0,sigmoid,0.010264983524872713
mimic_perform_non_af_016,0,sigmoid,0.010264983524872713
mimic_perform_non_af_016,0,sigmoid,0.010264983524872713
mimic_perform_non_af_016,0,sigmoid,0.010264983524872713
mimic_perform_non_af_016,0,sigmoid,0.010264983524872713
mimic_perform_non_af_016,0,sigmoid,0.010264983524872713
mimic_perform_non_af_016,0,sigmoid,0.010264983524872713
mimic_perform_non_af_016,0,sigmoid,0.010264983524872713
mimic_perform_non_af_016,0,sigmoid,0.011382191433221703
mimic_perform_non_af_016,0,sigmoid,0.011985055172535376
mimic_perform_non_af_016,0,sigmoid,0.011985055172535376
mimic_perform_non_af_016,0,sigmoid,0.010264983524872713
mimic_perform_non_af_016,0,sigmoid,0.010264983524872713
mimic_perform_non_af_016,0,sigmoid,0.010264983524872713
mimic_perform_non_af_016,0,sigmoid,0.010264983524872713
mimic_perform_non_af_016,0,sigmoid,0.010264983524872713
mimic_perform_non_af_016,0,sigmoid,0.012643564203298692
mimic_perform_non_af_016,0,isotonic,0.0025884383088869713
mimic_perform_non_af_016,0,isotonic,0.0025884383088869713
mimic_perform_non_af_016,0,isotonic,0.0025884383088869713
mimic_perform_non_af_016,0,isotonic,0.0025884383088869713
mimic_perform_non_af_016,0,isotonic,0.0025884383088869713
mimic_perform_non_af_016,0,isotonic,0.0025884383088869713
mimic_perform_non_af_016,0,isotonic,0.012461059190031152
mimic_perform_non_af_016,0,isotonic,0.012461059190031152
mimic_perform_non_af_016,0,isotonic,0.0025884383088869713
mimic_perform_non_af_016,0,isotonic,0.0025884383088869713
mimic_perform_non_af_016,0,isotonic,0.0025884383088869713
mimic_perform_non_af_016,0,isotonic,0.0025884383088869713
mimic_perform_non_af_016,0,isotonic,0.0025884383088869713
mimic_perform_non_af_016,0,isotonic,0.0025884383088869713
mimic_perform_non_af_016,0,isotonic,0.0025884383088869713
mimic_perform_non_af_016,0,isotonic,0.0025884383088869713
mimic_perform_non_af_016,0,isotonic,0.0025884383088869713
mimic_perform_non_af_016,0,isotonic,0.0025884383088869713
mimic_perform_non_af_016,0,isotonic,0.0025884383088869713
mimic_perform_non_af_016,0,isotonic,0.0025884383088869713
mimic_perform_non_af_016,0,isotonic,0.0025884383088869713
mimic_perform_non_af_016,0,isotonic,0.0025884383088869713
mimic_perform_non_af_016,0,isotonic,0.0025884383088869713
mimic_perform_non_af_016,0,isotonic,0.0025884383088869713
mimic_perform_non_af_016,0,isotonic,0.0025884383088869713
mimic_perform_non_af_016,0,isotonic,0.0025884383088869713
mimic_perform_non_af_016,0,isotonic,0.0025884383088869713
mimic_perform_non_af_016,0,isotonic,0.0025884383088869713
mimic_perform_non_af_016,0,isotonic,0.0025884383088869713
mimic_perform_non_af_016,0,isotonic,0.0025884383088869713
mimic_perform_non_af_016,0,isotonic,0.0025884383088869713
mimic_perform_non_af_016,0,isotonic,0.0025884383088869713
mimic_perform_non_af_016,0,isotonic,0.0025884383088869713
mimic_perform_non_af_016,0,isotonic,0.0025884383088869713
mimic_perform_non_af_016,0,isotonic,0.0025884383088869713
mimic_perform_non_af_016,0,isotonic,0.0025884383088869713
mimic_perform_non_af_016,0,isotonic,0.0025884383088869713
mimic_perform_non_af_016,0,isotonic,0.0025884383088869713
mimic_perform_non_af_016,0,isotonic,0.0025884383088869713
mimic_perform_non_af_016,0,isotonic,0.0025884383088869713
mimic_perform_non_af_016,0,isotonic,0.0025884383088869713
mimic_perform_non_af_016,0,isotonic,0.0025884383088869713
mimic_perform_non_af_016,0,isotonic,0.0025884383088869713
mimic_perform_non_af_016,0,isotonic,0.0025884383088869713
mimic_perform_non_af_016,0,isotonic,0.0025884383088869713
mimic_perform_non_af_016,0,isotonic,0.0025884383088869713
mimic_perform_non_af_016,0,isotonic,0.0025884383088869713
mimic_perform_non_af_016,0,isotonic,0.0025884383088869713
mimic_perform_non_af_016,0,isotonic,0.0025884383088869713
mimic_perform_non_af_016,0,isotonic,0.0025884383088869713
mimic_perform_non_af_016,0,isotonic,0.0025884383088869713
mimic_perform_non_af_016,0,isotonic,0.0025884383088869713
mimic_perform_non_af_016,0,isotonic,0.0025884383088869713
mimic_perform_non_af_016,0,isotonic,0.0025884383088869713
mimic_perform_non_af_016,0,isotonic,0.0025884383088869713
mimic_perform_non_af_016,0,isotonic,0.0025884383088869713
mimic_perform_non_af_016,0,isotonic,0.0025884383088869713
mimic_perform_non_af_016,0,isotonic,0.0025884383088869713
mimic_perform_non_af_016,0,isotonic,0.0025884383088869713
mimic_perform_non_af_016,0,isotonic,0.0025884383088869713
mimic_perform_non_af_016,0,isotonic,0.0025884383088869713
mimic_perform_non_af_016,0,isotonic,0.0025884383088869713
mimic_perform_non_af_016,0,isotonic,0.0025884383088869713
mimic_perform_non_af_016,0,isotonic,0.0025884383088869713
mimic_perform_non_af_016,0,isotonic,0.0025884383088869713
mimic_perform_non_af_016,0,isotonic,0.0025884383088869713
mimic_perform_non_af_016,0,isotonic,0.0025884383088869713
mimic_perform_non_af_016,0,isotonic,0.0025884383088869713
mimic_perform_non_af_016,0,isotonic,0.0025884383088869713
mimic_perform_non_af_016,0,isotonic,0.0025884383088869713
mimic_perform_non_af_016,0,isotonic,0.0025884383088869713
mimic_perform_non_af_016,0,isotonic,0.0025884383088869713
mimic_perform_non_af_016,0,isotonic,0.0025884383088869713
mimic_perform_non_af_016,0,isotonic,0.0025884383088869713
mimic_perform_non_af_016,0,isotonic,0.0025884383088869713
mimic_perform_non_af_016,0,isotonic,0.0025884383088869713
mimic_perform_non_af_016,0,isotonic,0.0025884383088869713
mimic_perform_non_af_016,0,isotonic,0.0025884383088869713
mimic_perform_non_af_016,0,isotonic,0.0025884383088869713
mimic_perform_non_af_016,0,isotonic,0.0025884383088869713
mimic_perform_non_af_016,0,isotonic,0.0025884383088869713
mimic_perform_non_af_016,0,isotonic,0.0025884383088869713
mimic_perform_non_af_016,0,isotonic,0.0025884383088869713
mimic_perform_non_af_016,0,isotonic,0.0025884383088869713
mimic_perform_non_af_016,0,isotonic,0.0025884383088869713
mimic_perform_non_af_016,0,isotonic,0.0025884383088869713
mimic_perform_non_af_016,0,isotonic,0.0025884383088869713
mimic_perform_non_af_016,0,isotonic,0.0025884383088869713
mimic_perform_non_af_016,0,isotonic,0.0025884383088869713
mimic_perform_non_af_016,0,isotonic,0.0025884383088869713
mimic_perform_non_af_016,0,isotonic,0.0025884383088869713
mimic_perform_non_af_016,0,isotonic,0.0025884383088869713
mimic_perform_non_af_016,0,isotonic,0.0025884383088869713
mimic_perform_non_af_016,0,isotonic,0.0025884383088869713
mimic_perform_non_af_016,0,isotonic,0.0025884383088869713
mimic_perform_non_af_016,0,isotonic,0.0025884383088869713
mimic_perform_non_af_016,0,isotonic,0.0025884383088869713
mimic_perform_non_af_016,0,isotonic,0.0025884383088869713
mimic_perform_non_af_016,0,isotonic,0.0025884383088869713
mimic_perform_non_af_016,0,isotonic,0.0025884383088869713
mimic_perform_non_af_016,0,isotonic,0.0025884383088869713
mimic_perform_non_af_016,0,isotonic,0.0025884383088869713
mimic_perform_non_af_016,0,isotonic,0.0025884383088869713
mimic_perform_non_af_016,0,isotonic,0.0025884383088869713
mimic_perform_non_af_016,0,isotonic,0.0025884383088869713
mimic_perform_non_af_016,0,isotonic,0.0025884383088869713
mimic_perform_non_af_016,0,isotonic,0.0025884383088869713
mimic_perform_non_af_016,0,isotonic,0.0025884383088869713
mimic_perform_non_af_016,0,isotonic,0.0025884383088869713
mimic_perform_non_af_016,0,isotonic,0.0025884383088869713
mimic_perform_non_af_016,0,isotonic,0.0025884383088869713
mimic_perform_non_af_016,0,isotonic,0.0025884383088869713
mimic_perform_non_af_016,0,isotonic,0.0025884383088869713
mimic_perform_non_af_016,0,isotonic,0.0025884383088869713
mimic_perform_non_af_016,0,isotonic,0.0025884383088869713
mimic_perform_non_af_016,0,isotonic,0.0025884383088869713
mimic_perform_non_af_016,0,isotonic,0.0025884383088869713
mimic_perform_non_af_016,0,isotonic,0.0025884383088869713
mimic_perform_non_af_016,0,raw,0.006666666666666667
mimic_perform_non_af_016,0,raw,0.0
mimic_perform_non_af_016,0,raw,0.0
mimic_perform_non_af_016,0,raw,0.04666666666666667
mimic_perform_non_af_016,0,raw,0.0
mimic_perform_non_af_016,0,raw,0.02
mimic_perform_non_af_016,0,raw,0.20666666666666667
mimic_perform_non_af_016,0,raw,0.16
mimic_perform_non_af_016,0,raw,0.04
mimic_perform_non_af_016,0,raw,0.02666666666666667
mimic_perform_non_af_016,0,raw,0.0
mimic_perform_non_af_016,0,raw,0.0
mimic_perform_non_af_016,0,raw,0.0
mimic_perform_non_af_016,0,raw,0.006666666666666667
mimic_perform_non_af_016,0,raw,0.006666666666666667
mimic_perform_non_af_016,0,raw,0.0
mimic_perform_non_af_016,0,raw,0.0
mimic_perform_non_af_016,0,raw,0.0
mimic_perform_non_af_016,0,raw,0.0
mimic_perform_non_af_016,0,raw,0.0
mimic_perform_non_af_016,0,raw,0.0
mimic_perform_non_af_016,0,raw,0.0
mimic_perform_non_af_016,0,raw,0.0
mimic_perform_non_af_016,0,raw,0.0
mimic_perform_non_af_016,0,raw,0.0
mimic_perform_non_af_016,0,raw,0.013333333333333334
mimic_perform_non_af_016,0,raw,0.013333333333333334
mimic_perform_non_af_016,0,raw,0.014222222222222221
mimic_perform_non_af_016,0,raw,0.006666666666666667
mimic_perform_non_af_016,0,raw,0.0
mimic_perform_non_af_016,0,raw,0.0
mimic_perform_non_af_016,0,raw,0.006666666666666667
mimic_perform_non_af_016,0,raw,0.013333333333333334
mimic_perform_non_af_016,0,raw,0.014222222222222221
mimic_perform_non_af_016,0,raw,0.00888888888888889
mimic_perform_non_af_016,0,raw,0.0
mimic_perform_non_af_016,0,raw,0.0
mimic_perform_non_af_016,0,raw,0.03333333333333333
mimic_perform_non_af_016,0,raw,0.02
mimic_perform_non_af_016,0,raw,0.02
mimic_perform_non_af_016,0,raw,0.0
mimic_perform_non_af_016,0,raw,0.0
mimic_perform_non_af_016,0,raw,0.0
mimic_perform_non_af_016,0,raw,0.0
mimic_perform_non_af_016,0,raw,0.0
mimic_perform_non_af_016,0,raw,0.0
mimic_perform_non_af_016,0,raw,0.0
mimic_perform_non_af_016,0,raw,0.0
mimic_perform_non_af_016,0,raw,0.0
mimic_perform_non_af_016,0,raw,0.0
mimic_perform_non_af_016,0,raw,0.0
mimic_perform_non_af_016,0,raw,0.0
mimic_perform_non_af_016,0,raw,0.013333333333333334
mimic_perform_non_af_016,0,raw,0.0
mimic_perform_non_af_016,0,raw,0.0
mimic_perform_non_af_016,0,raw,0.0
mimic_perform_non_af_016,0,raw,0.0
mimic_perform_non_af_016,0,raw,0.0
mimic_perform_non_af_016,0,raw,0.0
mimic_perform_non_af_016,0,raw,0.0
mimic_perform_non_af_016,0,raw,0.03333333333333333
mimic_perform_non_af_016,0,raw,0.04
mimic_perform_non_af_016,0,raw,0.0
mimic_perform_non_af_016,0,raw,0.006666666666666667
mimic_perform_non_af_016,0,raw,0.006666666666666667
mimic_perform_non_af_016,0,raw,0.006666666666666667
mimic_perform_non_af_016,0,raw,0.006666666666666667
mimic_perform_non_af_016,0,raw,0.013333333333333334
mimic_perform_non_af_016,0,raw,0.0
mimic_perform_non_af_016,0,raw,0.0
mimic_perform_non_af_016,0,raw,0.0
mimic_perform_non_af_016,0,raw,0.0
mimic_perform_non_af_016,0,raw,0.0
mimic_perform_non_af_016,0,raw,0.0
mimic_perform_non_af_016,0,raw,0.0
mimic_perform_non_af_016,0,raw,0.0
mimic_perform_non_af_016,0,raw,0.0
mimic_perform_non_af_016,0,raw,0.0
mimic_perform_non_af_016,0,raw,0.0
mimic_perform_non_af_016,0,raw,0.0
mimic_perform_non_af_016,0,raw,0.00691358024691358
mimic_perform_non_af_016,0,raw,0.0002469135802469136
mimic_perform_non_af_016,0,raw,0.0002469135802469136
mimic_perform_non_af_016,0,raw,0.0
mimic_perform_non_af_016,0,raw,0.0
mimic_perform_non_af_016,0,raw,0.0
mimic_perform_non_af_016,0,raw,0.0
mimic_perform_non_af_016,0,raw,0.0
mimic_perform_non_af_016,0,raw,0.0
mimic_perform_non_af_016,0,raw,0.0
mimic_perform_non_af_016,0,raw,0.0
mimic_perform_non_af_016,0,raw,0.0
mimic_perform_non_af_016,0,raw,0.0
mimic_perform_non_af_016,0,raw,0.0
mimic_perform_non_af_016,0,raw,0.0
mimic_perform_non_af_016,0,raw,0.0
mimic_perform_non_af_016,0,raw,0.0
mimic_perform_non_af_016,0,raw,0.0
mimic_perform_non_af_016,0,raw,0.0
mimic_perform_non_af_016,0,raw,0.0
mimic_perform_non_af_016,0,raw,0.0
mimic_perform_non_af_016,0,raw,0.0
mimic_perform_non_af_016,0,raw,0.0
mimic_perform_non_af_016,0,raw,0.0
mimic_perform_non_af_016,0,raw,0.0
mimic_perform_non_af_016,0,raw,0.0
mimic_perform_non_af_016,0,raw,0.0
mimic_perform_non_af_016,0,raw,0.0
mimic_perform_non_af_016,0,raw,0.0
mimic_perform_non_af_016,0,raw,0.013333333333333334
mimic_perform_non_af_016,0,raw,0.02
mimic_perform_non_af_016,0,raw,0.02
mimic_perform_non_af_016,0,raw,0.0
mimic_perform_non_af_016,0,raw,0.0
mimic_perform_non_af_016,0,raw,0.0
mimic_perform_non_af_016,0,raw,0.0
mimic_perform_non_af_016,0,raw,0.0
mimic_perform_non_af_016,0,raw,0.026913580246913583
