record_id,status,model,prob,pred
mimic_perform_af_001,1,Logistic Regression,0.9995789705603668,1
mimic_perform_af_001,1,Logistic Regression,0.9957863465212274,1
mimic_perform_af_001,1,Logistic Regression,0.9834988094162392,1
mimic_perform_af_001,1,Logistic Regression,0.98960274496594,1
mimic_perform_af_001,1,Logistic Regression,0.9995120347390026,1
mimic_perform_af_001,1,Logistic Regression,0.9996808958407547,1
mimic_perform_af_001,1,Logistic Regression,0.9993208661466783,1
mimic_perform_af_001,1,Logistic Regression,0.9988304145357776,1
mimic_perform_af_001,1,Logistic Regression,0.9979570966193487,1
mimic_perform_af_001,1,Logistic Regression,0.9966381797684847,1
mimic_perform_af_001,1,Logistic Regression,0.9991651525539579,1
mimic_perform_af_001,1,Logistic Regression,0.9640302916511578,1
mimic_perform_af_001,1,Logistic Regression,0.9773842089698771,1
mimic_perform_af_001,1,Logistic Regression,0.996175520907839,1
mimic_perform_af_001,1,Logistic Regression,0.9726351014805258,1
mimic_perform_af_001,1,Logistic Regression,0.9991505713007488,1
mimic_perform_af_001,1,Logistic Regression,0.997717684695619,1
mimic_perform_af_001,1,Logistic Regression,0.9984458483435957,1
mimic_perform_af_001,1,Logistic Regression,0.9971083520447044,1
mimic_perform_af_001,1,Logistic Regression,0.9950019490544295,1
mimic_perform_af_001,1,Logistic Regression,0.9980151382776258,1
mimic_perform_af_001,1,Logistic Regression,0.9987074976790982,1
mimic_perform_af_001,1,Logistic Regression,0.9971839739282778,1
mimic_perform_af_001,1,Logistic Regression,0.997118001952243,1
mimic_perform_af_001,1,Logistic Regression,0.9923847505155649,1
mimic_perform_af_001,1,Logistic Regression,0.9959596211523214,1
mimic_perform_af_001,1,Logistic Regression,0.9856694298031148,1
mimic_perform_af_001,1,Logistic Regression,0.9986829211442418,1
mimic_perform_af_001,1,Logistic Regression,0.9864445229962784,1
mimic_perform_af_001,1,Logistic Regression,0.931933795974156,1
mimic_perform_af_001,1,Logistic Regression,0.9954545004256349,1
mimic_perform_af_001,1,Logistic Regression,0.9968701882696768,1
mimic_perform_af_001,1,Logistic Regression,0.9992153165431463,1
mimic_perform_af_001,1,Logistic Regression,0.9962270279580522,1
mimic_perform_af_001,1,Logistic Regression,0.9958985919525739,1
mimic_perform_af_001,1,Logistic Regression,0.9950261754870996,1
mimic_perform_af_001,1,Logistic Regression,0.9711393865165534,1
mimic_perform_af_001,1,Logistic Regression,0.9945658954168807,1
mimic_perform_af_001,1,Logistic Regression,0.9930553073885078,1
mimic_perform_af_001,1,Logistic Regression,0.9985208766066223,1
mimic_perform_af_001,1,Logistic Regression,0.9970134078502044,1
mimic_perform_af_001,1,Logistic Regression,0.9985199435103146,1
mimic_perform_af_001,1,Logistic Regression,0.9726915439550167,1
mimic_perform_af_001,1,Logistic Regression,0.9922783658943726,1
mimic_perform_af_001,1,Logistic Regression,0.9902422981056718,1
mimic_perform_af_001,1,Logistic Regression,0.9979084592490781,1
mimic_perform_af_001,1,Logistic Regression,0.9132218127453476,1
mimic_perform_af_001,1,Logistic Regression,0.982628361401263,1
mimic_perform_af_001,1,Logistic Regression,0.975362868856584,1
mimic_perform_af_001,1,Logistic Regression,0.992210128334197,1
mimic_perform_af_001,1,Logistic Regression,0.9990322959328947,1
mimic_perform_af_001,1,Logistic Regression,0.9993269620549023,1
mimic_perform_af_001,1,Logistic Regression,0.9995488476460498,1
mimic_perform_af_001,1,Logistic Regression,0.9959583876961249,1
mimic_perform_af_001,1,Logistic Regression,0.9910868462662202,1
mimic_perform_af_001,1,Logistic Regression,0.9936817097806538,1
mimic_perform_af_001,1,Logistic Regression,0.9946050148314957,1
mimic_perform_af_001,1,Logistic Regression,0.9957117063108797,1
mimic_perform_af_001,1,Logistic Regression,0.9964371559213626,1
mimic_perform_af_001,1,Logistic Regression,0.9938712557966252,1
mimic_perform_af_001,1,Logistic Regression,0.998365060467321,1
mimic_perform_af_001,1,Logistic Regression,0.9972200701491086,1
mimic_perform_af_001,1,Logistic Regression,0.9663168985735251,1
mimic_perform_af_001,1,Logistic Regression,0.8078184673254271,1
mimic_perform_af_001,1,Logistic Regression,0.9095848918509455,1
mimic_perform_af_001,1,Logistic Regression,0.9982277147943406,1
mimic_perform_af_001,1,Logistic Regression,0.99754088376278,1
mimic_perform_af_001,1,Logistic Regression,0.9993122934131118,1
mimic_perform_af_001,1,Logistic Regression,0.9943681514965345,1
mimic_perform_af_001,1,Logistic Regression,0.9971087683074634,1
mimic_perform_af_001,1,Logistic Regression,0.9776570370188152,1
mimic_perform_af_001,1,Logistic Regression,0.9952398381393959,1
mimic_perform_af_001,1,Logistic Regression,0.9964459265744942,1
mimic_perform_af_001,1,Logistic Regression,0.9992376652253014,1
mimic_perform_af_001,1,Logistic Regression,0.9982064543001482,1
mimic_perform_af_001,1,Logistic Regression,0.9888510913155565,1
mimic_perform_af_001,1,Logistic Regression,0.9792460468710366,1
mimic_perform_af_001,1,Logistic Regression,0.9912015568115302,1
mimic_perform_af_001,1,Logistic Regression,0.9866037512698036,1
mimic_perform_af_001,1,Logistic Regression,0.9501377171474196,1
mimic_perform_af_001,1,Logistic Regression,0.873804201254908,1
mimic_perform_af_001,1,Logistic Regression,0.962214159948211,1
mimic_perform_af_001,1,Logistic Regression,0.98096350678899,1
mimic_perform_af_001,1,Logistic Regression,0.9751172844976108,1
mimic_perform_af_001,1,Logistic Regression,0.9948052186663178,1
mimic_perform_af_001,1,Logistic Regression,0.998407125699961,1
mimic_perform_af_001,1,Logistic Regression,0.9942094398342632,1
mimic_perform_af_001,1,Logistic Regression,0.9961263423106994,1
mimic_perform_af_001,1,Logistic Regression,0.9975272506432902,1
mimic_perform_af_001,1,Logistic Regression,0.9904620216416354,1
mimic_perform_af_001,1,Logistic Regression,0.9984542240292594,1
mimic_perform_af_001,1,Logistic Regression,0.9961905991513157,1
mimic_perform_af_001,1,Logistic Regression,0.9991381862438592,1
mimic_perform_af_001,1,Logistic Regression,0.9983640966916892,1
mimic_perform_af_001,1,Logistic Regression,0.9986029555233107,1
mimic_perform_af_001,1,Logistic Regression,0.9904331836136708,1
mimic_perform_af_001,1,Logistic Regression,0.9731897178520726,1
mimic_perform_af_001,1,Logistic Regression,0.964062689624449,1
mimic_perform_af_001,1,Logistic Regression,0.9982335736585493,1
mimic_perform_af_001,1,Logistic Regression,0.9994792651870171,1
mimic_perform_af_001,1,Logistic Regression,0.9970355239084797,1
mimic_perform_af_001,1,Logistic Regression,0.9409596555694664,1
mimic_perform_af_001,1,Logistic Regression,0.9982451542598992,1
mimic_perform_af_001,1,Logistic Regression,0.9995831629708313,1
mimic_perform_af_001,1,Logistic Regression,0.9988270243961178,1
mimic_perform_af_001,1,Logistic Regression,0.9968787268807389,1
mimic_perform_af_001,1,Logistic Regression,0.9963626091334638,1
mimic_perform_af_001,1,Logistic Regression,0.9993060348741634,1
mimic_perform_af_001,1,Logistic Regression,0.9987687891111443,1
mimic_perform_af_001,1,Logistic Regression,0.9979480606241677,1
mimic_perform_af_001,1,Logistic Regression,0.998398201632103,1
mimic_perform_af_001,1,Logistic Regression,0.980748569640727,1
mimic_perform_af_001,1,Logistic Regression,0.9981049371375564,1
mimic_perform_af_001,1,Logistic Regression,0.999281850214544,1
mimic_perform_af_001,1,Logistic Regression,0.9992870177664923,1
mimic_perform_af_001,1,Logistic Regression,0.9989347860812383,1
mimic_perform_af_001,1,Logistic Regression,0.997614005152033,1
mimic_perform_af_001,1,Logistic Regression,0.9944673965443867,1
mimic_perform_af_002,1,Logistic Regression,0.9848387165743121,1
mimic_perform_af_002,1,Logistic Regression,0.9784663634601425,1
mimic_perform_af_002,1,Logistic Regression,0.9003687016637951,1
mimic_perform_af_002,1,Logistic Regression,0.9918546836412485,1
mimic_perform_af_002,1,Logistic Regression,0.9994369027976994,1
mimic_perform_af_002,1,Logistic Regression,0.9944999088428782,1
mimic_perform_af_002,1,Logistic Regression,0.9931504965532469,1
mimic_perform_af_002,1,Logistic Regression,0.9971964700440547,1
mimic_perform_af_002,1,Logistic Regression,0.9969823267141954,1
mimic_perform_af_002,1,Logistic Regression,0.9798385555413807,1
mimic_perform_af_002,1,Logistic Regression,0.9992439520580548,1
mimic_perform_af_002,1,Logistic Regression,0.9989866260740151,1
mimic_perform_af_002,1,Logistic Regression,0.9993791612421251,1
mimic_perform_af_002,1,Logistic Regression,0.9953104648973392,1
mimic_perform_af_002,1,Logistic Regression,0.9978236322466564,1
mimic_perform_af_002,1,Logistic Regression,0.9563927241915939,1
mimic_perform_af_002,1,Logistic Regression,0.9730930842595459,1
mimic_perform_af_002,1,Logistic Regression,0.9692673749350907,1
mimic_perform_af_002,1,Logistic Regression,0.9946945961664103,1
mimic_perform_af_002,1,Logistic Regression,0.9975125142432658,1
mimic_perform_af_002,1,Logistic Regression,0.9398608233230794,1
mimic_perform_af_002,1,Logistic Regression,0.9912318867833703,1
mimic_perform_af_002,1,Logistic Regression,0.9984093168761352,1
mimic_perform_af_002,1,Logistic Regression,0.9894098514639366,1
mimic_perform_af_002,1,Logistic Regression,0.9593648945207924,1
mimic_perform_af_002,1,Logistic Regression,0.944444228389861,1
mimic_perform_af_002,1,Logistic Regression,0.9856894878117383,1
mimic_perform_af_002,1,Logistic Regression,0.983374710253992,1
mimic_perform_af_002,1,Logistic Regression,0.9964279514456295,1
mimic_perform_af_002,1,Logistic Regression,0.9887176896851656,1
mimic_perform_af_002,1,Logistic Regression,0.9819337511279096,1
mimic_perform_af_002,1,Logistic Regression,0.9968853613417846,1
mimic_perform_af_002,1,Logistic Regression,0.996801860546033,1
mimic_perform_af_002,1,Logistic Regression,0.9876418908741337,1
mimic_perform_af_002,1,Logistic Regression,0.9993920006110415,1
mimic_perform_af_002,1,Logistic Regression,0.99303459568298,1
mimic_perform_af_002,1,Logistic Regression,0.988490953343482,1
mimic_perform_af_002,1,Logistic Regression,0.9836604317503123,1
mimic_perform_af_002,1,Logistic Regression,0.8540854984578926,1
mimic_perform_af_002,1,Logistic Regression,0.9727814285974894,1
mimic_perform_af_002,1,Logistic Regression,0.9870094521370016,1
mimic_perform_af_002,1,Logistic Regression,0.994491575579805,1
mimic_perform_af_002,1,Logistic Regression,0.9978921072461274,1
mimic_perform_af_002,1,Logistic Regression,0.9947603855865121,1
mimic_perform_af_002,1,Logistic Regression,0.9985892794384742,1
mimic_perform_af_002,1,Logistic Regression,0.9993491813089642,1
mimic_perform_af_002,1,Logistic Regression,0.9986291196548845,1
mimic_perform_af_002,1,Logistic Regression,0.9974652400328536,1
mimic_perform_af_002,1,Logistic Regression,0.9996382235561541,1
mimic_perform_af_002,1,Logistic Regression,0.9981132272620651,1
mimic_perform_af_002,1,Logistic Regression,0.9968776133017864,1
mimic_perform_af_002,1,Logistic Regression,0.9991049131621279,1
mimic_perform_af_002,1,Logistic Regression,0.999327083373083,1
mimic_perform_af_002,1,Logistic Regression,0.9991904886926144,1
mimic_perform_af_002,1,Logistic Regression,0.9972104162470736,1
mimic_perform_af_002,1,Logistic Regression,0.9928938168116695,1
mimic_perform_af_002,1,Logistic Regression,0.9969239137683509,1
mimic_perform_af_002,1,Logistic Regression,0.9968763155452607,1
mimic_perform_af_002,1,Logistic Regression,0.9940018151400852,1
mimic_perform_af_002,1,Logistic Regression,0.9937110778994195,1
mimic_perform_af_002,1,Logistic Regression,0.9914245509322837,1
mimic_perform_af_002,1,Logistic Regression,0.994612400821992,1
mimic_perform_af_002,1,Logistic Regression,0.9988310830496164,1
mimic_perform_af_002,1,Logistic Regression,0.9927853050755377,1
mimic_perform_af_002,1,Logistic Regression,0.994239888226205,1
mimic_perform_af_002,1,Logistic Regression,0.9917286552662201,1
mimic_perform_af_002,1,Logistic Regression,0.9915202357274667,1
mimic_perform_af_002,1,Logistic Regression,0.9742212919419106,1
mimic_perform_af_002,1,Logistic Regression,0.9761779356611038,1
mimic_perform_af_002,1,Logistic Regression,0.9613183952334573,1
mimic_perform_af_002,1,Logistic Regression,0.9837862983437694,1
mimic_perform_af_002,1,Logistic Regression,0.694317895610409,1
mimic_perform_af_002,1,Logistic Regression,0.9917875233365344,1
mimic_perform_af_002,1,Logistic Regression,0.9910819562816378,1
mimic_perform_af_002,1,Logistic Regression,0.9963538583097572,1
mimic_perform_af_002,1,Logistic Regression,0.9955424487696264,1
mimic_perform_af_002,1,Logistic Regression,0.9874646278604285,1
mimic_perform_af_002,1,Logistic Regression,0.9943480490769401,1
mimic_perform_af_002,1,Logistic Regression,0.9877659274483179,1
mimic_perform_af_002,1,Logistic Regression,0.9965785083606791,1
mimic_perform_af_002,1,Logistic Regression,0.9990320917373612,1
mimic_perform_af_002,1,Logistic Regression,0.9996237700337225,1
mimic_perform_af_002,1,Logistic Regression,0.9967839669459148,1
mimic_perform_af_002,1,Logistic Regression,0.9993069742269212,1
mimic_perform_af_002,1,Logistic Regression,0.9994788049720327,1
mimic_perform_af_002,1,Logistic Regression,0.9990871527589695,1
mimic_perform_af_002,1,Logistic Regression,0.9994599837540099,1
mimic_perform_af_002,1,Logistic Regression,0.9987025088448299,1
mimic_perform_af_002,1,Logistic Regression,0.987977220488438,1
mimic_perform_af_002,1,Logistic Regression,0.9972858892803553,1
mimic_perform_af_002,1,Logistic Regression,0.9954876887036185,1
mimic_perform_af_002,1,Logistic Regression,0.9945795760669036,1
mimic_perform_af_002,1,Logistic Regression,0.9770953171879432,1
mimic_perform_af_002,1,Logistic Regression,0.9794922850422724,1
mimic_perform_af_002,1,Logistic Regression,0.978775255199203,1
mimic_perform_af_002,1,Logistic Regression,0.9979447856802892,1
mimic_perform_af_002,1,Logistic Regression,0.9979487707634586,1
mimic_perform_af_002,1,Logistic Regression,0.995382673788012,1
mimic_perform_af_002,1,Logistic Regression,0.9923863525266388,1
mimic_perform_af_002,1,Logistic Regression,0.9940886919562597,1
mimic_perform_af_002,1,Logistic Regression,0.9369672570550909,1
mimic_perform_af_002,1,Logistic Regression,0.9723336947051161,1
mimic_perform_af_002,1,Logistic Regression,0.9791661808387395,1
mimic_perform_af_002,1,Logistic Regression,0.9831626151513354,1
mimic_perform_af_002,1,Logistic Regression,0.9952608820043165,1
mimic_perform_af_002,1,Logistic Regression,0.9681187579395681,1
mimic_perform_af_002,1,Logistic Regression,0.9953731406127345,1
mimic_perform_af_002,1,Logistic Regression,0.9979496937584551,1
mimic_perform_af_002,1,Logistic Regression,0.987842552939816,1
mimic_perform_af_002,1,Logistic Regression,0.9927549719823441,1
mimic_perform_af_002,1,Logistic Regression,0.9894190913460581,1
mimic_perform_af_002,1,Logistic Regression,0.9509692466788077,1
mimic_perform_af_002,1,Logistic Regression,0.9891978052737928,1
mimic_perform_af_002,1,Logistic Regression,0.9936835551009199,1
mimic_perform_af_002,1,Logistic Regression,0.9862114796495676,1
mimic_perform_af_002,1,Logistic Regression,0.9862714393898947,1
mimic_perform_af_002,1,Logistic Regression,0.9536998431506967,1
mimic_perform_af_002,1,Logistic Regression,0.9892653621820389,1
mimic_perform_af_003,1,Logistic Regression,0.9977431703237216,1
mimic_perform_af_003,1,Logistic Regression,0.9978138552742257,1
mimic_perform_af_003,1,Logistic Regression,0.998572954505165,1
mimic_perform_af_003,1,Logistic Regression,0.9985451505741147,1
mimic_perform_af_003,1,Logistic Regression,0.9980138038310081,1
mimic_perform_af_003,1,Logistic Regression,0.996826519918337,1
mimic_perform_af_003,1,Logistic Regression,0.9907221001430736,1
mimic_perform_af_003,1,Logistic Regression,0.9918809565694519,1
mimic_perform_af_003,1,Logistic Regression,0.9884245488051352,1
mimic_perform_af_003,1,Logistic Regression,0.9934053404376296,1
mimic_perform_af_003,1,Logistic Regression,0.9925512662442867,1
mimic_perform_af_003,1,Logistic Regression,0.9987939944422279,1
mimic_perform_af_003,1,Logistic Regression,0.9468731624260193,1
mimic_perform_af_003,1,Logistic Regression,0.9750543321053097,1
mimic_perform_af_003,1,Logistic Regression,0.9736685011363829,1
mimic_perform_af_003,1,Logistic Regression,0.9899100253129225,1
mimic_perform_af_003,1,Logistic Regression,0.9795021454959674,1
mimic_perform_af_003,1,Logistic Regression,0.9879488165765833,1
mimic_perform_af_003,1,Logistic Regression,0.9833917667062886,1
mimic_perform_af_003,1,Logistic Regression,0.9421221281484846,1
mimic_perform_af_003,1,Logistic Regression,0.7077524131284036,1
mimic_perform_af_003,1,Logistic Regression,0.980474639693097,1
mimic_perform_af_003,1,Logistic Regression,0.9984095294613123,1
mimic_perform_af_003,1,Logistic Regression,0.9941553088736756,1
mimic_perform_af_003,1,Logistic Regression,0.9992946768439295,1
mimic_perform_af_003,1,Logistic Regression,0.9974027342846183,1
mimic_perform_af_003,1,Logistic Regression,0.9989994449243953,1
mimic_perform_af_003,1,Logistic Regression,0.9926056586620552,1
mimic_perform_af_003,1,Logistic Regression,0.9552174289686011,1
mimic_perform_af_003,1,Logistic Regression,0.595818302445706,1
mimic_perform_af_003,1,Logistic Regression,0.9084755927095503,1
mimic_perform_af_003,1,Logistic Regression,0.989879863353667,1
mimic_perform_af_003,1,Logistic Regression,0.996539176889913,1
mimic_perform_af_003,1,Logistic Regression,0.997714861709776,1
mimic_perform_af_003,1,Logistic Regression,0.9783681590938506,1
mimic_perform_af_003,1,Logistic Regression,0.9785041887262523,1
mimic_perform_af_003,1,Logistic Regression,0.9915290926279051,1
mimic_perform_af_003,1,Logistic Regression,0.9927494634667628,1
mimic_perform_af_003,1,Logistic Regression,0.9694695465868655,1
mimic_perform_af_003,1,Logistic Regression,0.9762216287445471,1
mimic_perform_af_003,1,Logistic Regression,0.9663192018580252,1
mimic_perform_af_003,1,Logistic Regression,0.982508673638017,1
mimic_perform_af_003,1,Logistic Regression,0.9887268350674304,1
mimic_perform_af_003,1,Logistic Regression,0.998893220883392,1
mimic_perform_af_003,1,Logistic Regression,0.9982283369022186,1
mimic_perform_af_003,1,Logistic Regression,0.9970475027613364,1
mimic_perform_af_003,1,Logistic Regression,0.921242597917795,1
mimic_perform_af_003,1,Logistic Regression,0.9928781313377804,1
mimic_perform_af_003,1,Logistic Regression,0.9292606790316374,1
mimic_perform_af_003,1,Logistic Regression,0.98154692471184,1
mimic_perform_af_003,1,Logistic Regression,0.941228237988285,1
mimic_perform_af_003,1,Logistic Regression,0.8568231024713514,1
mimic_perform_af_003,1,Logistic Regression,0.9415580552886534,1
mimic_perform_af_003,1,Logistic Regression,0.9168522397527807,1
mimic_perform_af_003,1,Logistic Regression,0.995287294481262,1
mimic_perform_af_003,1,Logistic Regression,0.9849612190725696,1
mimic_perform_af_003,1,Logistic Regression,0.9381483722554483,1
mimic_perform_af_003,1,Logistic Regression,0.9732706883951336,1
mimic_perform_af_003,1,Logistic Regression,0.9734263889623218,1
mimic_perform_af_003,1,Logistic Regression,0.9957803327810646,1
mimic_perform_af_003,1,Logistic Regression,0.9786780051801076,1
mimic_perform_af_003,1,Logistic Regression,0.9856813426049593,1
mimic_perform_af_003,1,Logistic Regression,0.9758084536486453,1
mimic_perform_af_003,1,Logistic Regression,0.9896981870957366,1
mimic_perform_af_003,1,Logistic Regression,0.9896524808421907,1
mimic_perform_af_003,1,Logistic Regression,0.9657273924562623,1
mimic_perform_af_003,1,Logistic Regression,0.8931104376547663,1
mimic_perform_af_003,1,Logistic Regression,0.9187427310411355,1
mimic_perform_af_003,1,Logistic Regression,0.99229824292228,1
mimic_perform_af_003,1,Logistic Regression,0.9966837289896313,1
mimic_perform_af_003,1,Logistic Regression,0.9976319064591168,1
mimic_perform_af_003,1,Logistic Regression,0.9907291244327568,1
mimic_perform_af_003,1,Logistic Regression,0.9755913361369188,1
mimic_perform_af_003,1,Logistic Regression,0.9829441316585392,1
mimic_perform_af_003,1,Logistic Regression,0.9719452637775821,1
mimic_perform_af_003,1,Logistic Regression,0.9371419586446191,1
mimic_perform_af_003,1,Logistic Regression,0.9872802006195536,1
mimic_perform_af_003,1,Logistic Regression,0.9788172079561195,1
mimic_perform_af_003,1,Logistic Regression,0.9962784603799669,1
mimic_perform_af_003,1,Logistic Regression,0.992281063968499,1
mimic_perform_af_003,1,Logistic Regression,0.9967287873504348,1
mimic_perform_af_003,1,Logistic Regression,0.9916889706274836,1
mimic_perform_af_003,1,Logistic Regression,0.9524447335499372,1
mimic_perform_af_003,1,Logistic Regression,0.9877554418614028,1
mimic_perform_af_003,1,Logistic Regression,0.9952637958932954,1
mimic_perform_af_003,1,Logistic Regression,0.9914375603334148,1
mimic_perform_af_003,1,Logistic Regression,0.9895280657473527,1
mimic_perform_af_003,1,Logistic Regression,0.9734184360001015,1
mimic_perform_af_003,1,Logistic Regression,0.9762852421238064,1
mimic_perform_af_003,1,Logistic Regression,0.9265793985791885,1
mimic_perform_af_003,1,Logistic Regression,0.9736204662316129,1
mimic_perform_af_003,1,Logistic Regression,0.9661777237916492,1
mimic_perform_af_003,1,Logistic Regression,0.9948821068920989,1
mimic_perform_af_003,1,Logistic Regression,0.9890607766114853,1
mimic_perform_af_003,1,Logistic Regression,0.9585555131525537,1
mimic_perform_af_003,1,Logistic Regression,0.9758040675123809,1
mimic_perform_af_003,1,Logistic Regression,0.8963882953753717,1
mimic_perform_af_003,1,Logistic Regression,0.934878334427107,1
mimic_perform_af_003,1,Logistic Regression,0.9788191286982899,1
mimic_perform_af_003,1,Logistic Regression,0.9755929779511147,1
mimic_perform_af_003,1,Logistic Regression,0.931689385198759,1
mimic_perform_af_003,1,Logistic Regression,0.9192820164020684,1
mimic_perform_af_003,1,Logistic Regression,0.9140949541385985,1
mimic_perform_af_003,1,Logistic Regression,0.993764670825855,1
mimic_perform_af_003,1,Logistic Regression,0.9624640862054717,1
mimic_perform_af_003,1,Logistic Regression,0.9752049972552614,1
mimic_perform_af_003,1,Logistic Regression,0.945009452545701,1
mimic_perform_af_003,1,Logistic Regression,0.8799008972355402,1
mimic_perform_af_003,1,Logistic Regression,0.9419570462266571,1
mimic_perform_af_003,1,Logistic Regression,0.9808765246138164,1
mimic_perform_af_003,1,Logistic Regression,0.9907908541398109,1
mimic_perform_af_003,1,Logistic Regression,0.9856685586538498,1
mimic_perform_af_003,1,Logistic Regression,0.9621750048213003,1
mimic_perform_af_003,1,Logistic Regression,0.9785848386102513,1
mimic_perform_af_003,1,Logistic Regression,0.9844538258679403,1
mimic_perform_af_003,1,Logistic Regression,0.9986064353293209,1
mimic_perform_af_003,1,Logistic Regression,0.9867327784535816,1
mimic_perform_af_003,1,Logistic Regression,0.9044645386756576,1
mimic_perform_af_004,1,Logistic Regression,0.9819299790315886,1
mimic_perform_af_004,1,Logistic Regression,0.9977754313739999,1
mimic_perform_af_004,1,Logistic Regression,0.9915908403875278,1
mimic_perform_af_004,1,Logistic Regression,0.756127408918409,1
mimic_perform_af_004,1,Logistic Regression,0.6549336363487466,1
mimic_perform_af_004,1,Logistic Regression,0.35831560729747286,0
mimic_perform_af_004,1,Logistic Regression,0.9537535210986166,1
mimic_perform_af_004,1,Logistic Regression,0.9562814376540916,1
mimic_perform_af_004,1,Logistic Regression,0.978910228949098,1
mimic_perform_af_004,1,Logistic Regression,0.9791547880291867,1
mimic_perform_af_004,1,Logistic Regression,0.7088159597246279,1
mimic_perform_af_004,1,Logistic Regression,0.8858376422221583,1
mimic_perform_af_004,1,Logistic Regression,0.5426589371903076,1
mimic_perform_af_004,1,Logistic Regression,0.9848700567842155,1
mimic_perform_af_004,1,Logistic Regression,0.9222981245817549,1
mimic_perform_af_004,1,Logistic Regression,0.8799492068861281,1
mimic_perform_af_004,1,Logistic Regression,0.876506101385046,1
mimic_perform_af_004,1,Logistic Regression,0.960284094981051,1
mimic_perform_af_004,1,Logistic Regression,0.8941714600931593,1
mimic_perform_af_004,1,Logistic Regression,0.9157657224077572,1
mimic_perform_af_004,1,Logistic Regression,0.9632208023308311,1
mimic_perform_af_004,1,Logistic Regression,0.9948926992966112,1
mimic_perform_af_004,1,Logistic Regression,0.990962195545474,1
mimic_perform_af_004,1,Logistic Regression,0.9920291262864511,1
mimic_perform_af_004,1,Logistic Regression,0.9927013133132431,1
mimic_perform_af_004,1,Logistic Regression,0.9979020461166977,1
mimic_perform_af_004,1,Logistic Regression,0.9898057318338473,1
mimic_perform_af_004,1,Logistic Regression,0.9909945305342668,1
mimic_perform_af_004,1,Logistic Regression,0.7112472746243492,1
mimic_perform_af_004,1,Logistic Regression,0.8936768468487086,1
mimic_perform_af_004,1,Logistic Regression,0.7362962058221821,1
mimic_perform_af_004,1,Logistic Regression,0.9698413399520238,1
mimic_perform_af_004,1,Logistic Regression,0.9754219107659293,1
mimic_perform_af_004,1,Logistic Regression,0.9513701217162998,1
mimic_perform_af_004,1,Logistic Regression,0.9814838849371595,1
mimic_perform_af_004,1,Logistic Regression,0.9972729235434169,1
mimic_perform_af_004,1,Logistic Regression,0.9989094164565016,1
mimic_perform_af_004,1,Logistic Regression,0.9954326435169292,1
mimic_perform_af_004,1,Logistic Regression,0.9903748937378314,1
mimic_perform_af_004,1,Logistic Regression,0.9836681972569092,1
mimic_perform_af_004,1,Logistic Regression,0.9984390391652493,1
mimic_perform_af_004,1,Logistic Regression,0.9993763369413668,1
mimic_perform_af_004,1,Logistic Regression,0.9988241065770964,1
mimic_perform_af_004,1,Logistic Regression,0.991805035347641,1
mimic_perform_af_004,1,Logistic Regression,0.9933674814022099,1
mimic_perform_af_004,1,Logistic Regression,0.9960540331222781,1
mimic_perform_af_004,1,Logistic Regression,0.9970696892532108,1
mimic_perform_af_004,1,Logistic Regression,0.9988574865930239,1
mimic_perform_af_004,1,Logistic Regression,0.9978207995539129,1
mimic_perform_af_004,1,Logistic Regression,0.9994206425428733,1
mimic_perform_af_004,1,Logistic Regression,0.975678553154302,1
mimic_perform_af_004,1,Logistic Regression,0.9721170476743513,1
mimic_perform_af_004,1,Logistic Regression,0.9575770413641687,1
mimic_perform_af_004,1,Logistic Regression,0.9895158426885355,1
mimic_perform_af_004,1,Logistic Regression,0.9953725267986292,1
mimic_perform_af_004,1,Logistic Regression,0.996597488797448,1
mimic_perform_af_004,1,Logistic Regression,0.9974142645183073,1
mimic_perform_af_004,1,Logistic Regression,0.9979189768455655,1
mimic_perform_af_004,1,Logistic Regression,0.9937472919750066,1
mimic_perform_af_004,1,Logistic Regression,0.9947055275237108,1
mimic_perform_af_004,1,Logistic Regression,0.9875127016739073,1
mimic_perform_af_004,1,Logistic Regression,0.9867195000674829,1
mimic_perform_af_004,1,Logistic Regression,0.9337460140661323,1
mimic_perform_af_004,1,Logistic Regression,0.8657518491595131,1
mimic_perform_af_004,1,Logistic Regression,0.9308013278576958,1
mimic_perform_af_004,1,Logistic Regression,0.8481515280224535,1
mimic_perform_af_004,1,Logistic Regression,0.9489450368671398,1
mimic_perform_af_004,1,Logistic Regression,0.6604055428082574,1
mimic_perform_af_004,1,Logistic Regression,0.914279339643202,1
mimic_perform_af_004,1,Logistic Regression,0.9714915413894942,1
mimic_perform_af_004,1,Logistic Regression,0.9901090409211395,1
mimic_perform_af_004,1,Logistic Regression,0.9909833633390265,1
mimic_perform_af_004,1,Logistic Regression,0.9827529105875943,1
mimic_perform_af_004,1,Logistic Regression,0.9729005800004464,1
mimic_perform_af_004,1,Logistic Regression,0.9672135694554388,1
mimic_perform_af_004,1,Logistic Regression,0.9783296084088835,1
mimic_perform_af_004,1,Logistic Regression,0.9865191474402328,1
mimic_perform_af_004,1,Logistic Regression,0.9947946005814445,1
mimic_perform_af_004,1,Logistic Regression,0.9997248893332329,1
mimic_perform_af_004,1,Logistic Regression,0.9976900637536227,1
mimic_perform_af_004,1,Logistic Regression,0.9984115683100314,1
mimic_perform_af_004,1,Logistic Regression,0.9889280250153041,1
mimic_perform_af_004,1,Logistic Regression,0.9992946088968451,1
mimic_perform_af_004,1,Logistic Regression,0.9964757161000152,1
mimic_perform_af_004,1,Logistic Regression,0.999509225681832,1
mimic_perform_af_004,1,Logistic Regression,0.9995365588059678,1
mimic_perform_af_004,1,Logistic Regression,0.9997949738309155,1
mimic_perform_af_004,1,Logistic Regression,0.9994652295560729,1
mimic_perform_af_004,1,Logistic Regression,0.9992629551628712,1
mimic_perform_af_004,1,Logistic Regression,0.9995957122673249,1
mimic_perform_af_004,1,Logistic Regression,0.9993729717257542,1
mimic_perform_af_004,1,Logistic Regression,0.9995082254844772,1
mimic_perform_af_004,1,Logistic Regression,0.9963929681088535,1
mimic_perform_af_004,1,Logistic Regression,0.997404229358362,1
mimic_perform_af_004,1,Logistic Regression,0.9953703387202697,1
mimic_perform_af_004,1,Logistic Regression,0.9787986782026927,1
mimic_perform_af_004,1,Logistic Regression,0.9752009135519979,1
mimic_perform_af_004,1,Logistic Regression,0.9954538339039558,1
mimic_perform_af_004,1,Logistic Regression,0.9965322687087148,1
mimic_perform_af_004,1,Logistic Regression,0.9927878392732267,1
mimic_perform_af_004,1,Logistic Regression,0.9909851578438683,1
mimic_perform_af_004,1,Logistic Regression,0.9754423465689857,1
mimic_perform_af_004,1,Logistic Regression,0.9816056401179271,1
mimic_perform_af_004,1,Logistic Regression,0.9799318345582906,1
mimic_perform_af_004,1,Logistic Regression,0.9801996170513818,1
mimic_perform_af_004,1,Logistic Regression,0.9654561142772843,1
mimic_perform_af_004,1,Logistic Regression,0.8768827958089848,1
mimic_perform_af_004,1,Logistic Regression,0.8414027731501654,1
mimic_perform_af_004,1,Logistic Regression,0.9611104871344021,1
mimic_perform_af_004,1,Logistic Regression,0.997054726999241,1
mimic_perform_af_004,1,Logistic Regression,0.9963020464990758,1
mimic_perform_af_004,1,Logistic Regression,0.9955851307111827,1
mimic_perform_af_004,1,Logistic Regression,0.9823922870155456,1
mimic_perform_af_004,1,Logistic Regression,0.9953775929330121,1
mimic_perform_af_004,1,Logistic Regression,0.9958310483696345,1
mimic_perform_af_004,1,Logistic Regression,0.9862977596494084,1
mimic_perform_af_004,1,Logistic Regression,0.9930246676266503,1
mimic_perform_af_004,1,Logistic Regression,0.9745933358837624,1
mimic_perform_af_005,1,Logistic Regression,0.9087026180243458,1
mimic_perform_af_005,1,Logistic Regression,0.27779086435752126,0
mimic_perform_af_005,1,Logistic Regression,0.7929124269311302,1
mimic_perform_af_005,1,Logistic Regression,0.9488915836806784,1
mimic_perform_af_005,1,Logistic Regression,0.704854845318075,1
mimic_perform_af_005,1,Logistic Regression,0.7708989879082038,1
mimic_perform_af_005,1,Logistic Regression,0.200595946684456,0
mimic_perform_af_005,1,Logistic Regression,0.9746934938936171,1
mimic_perform_af_005,1,Logistic Regression,0.34499670112137465,0
mimic_perform_af_005,1,Logistic Regression,0.9532203348283959,1
mimic_perform_af_005,1,Logistic Regression,0.9651649836870546,1
mimic_perform_af_005,1,Logistic Regression,0.9869193537349992,1
mimic_perform_af_005,1,Logistic Regression,0.8866278489840265,1
mimic_perform_af_005,1,Logistic Regression,0.8364329930652108,1
mimic_perform_af_005,1,Logistic Regression,0.8300148140860445,1
mimic_perform_af_005,1,Logistic Regression,0.9570795877441971,1
mimic_perform_af_005,1,Logistic Regression,0.1824354694012534,0
mimic_perform_af_005,1,Logistic Regression,0.9296562426347488,1
mimic_perform_af_005,1,Logistic Regression,0.5187395537581656,1
mimic_perform_af_005,1,Logistic Regression,0.9762583414695795,1
mimic_perform_af_005,1,Logistic Regression,0.9686830538302688,1
mimic_perform_af_005,1,Logistic Regression,0.9785229960332541,1
mimic_perform_af_005,1,Logistic Regression,0.813190073202627,1
mimic_perform_af_005,1,Logistic Regression,0.956921798848221,1
mimic_perform_af_005,1,Logistic Regression,0.9615200060677747,1
mimic_perform_af_005,1,Logistic Regression,0.8078225979454015,1
mimic_perform_af_005,1,Logistic Regression,0.74258721703166,1
mimic_perform_af_005,1,Logistic Regression,0.8459592053153434,1
mimic_perform_af_005,1,Logistic Regression,0.974599186999168,1
mimic_perform_af_005,1,Logistic Regression,0.8966379819542158,1
mimic_perform_af_005,1,Logistic Regression,0.985551501705333,1
mimic_perform_af_005,1,Logistic Regression,0.9736622424202557,1
mimic_perform_af_005,1,Logistic Regression,0.9719742194742949,1
mimic_perform_af_005,1,Logistic Regression,0.9759121160139452,1
mimic_perform_af_005,1,Logistic Regression,0.9365171701687419,1
mimic_perform_af_005,1,Logistic Regression,0.9710489042804826,1
mimic_perform_af_005,1,Logistic Regression,0.9584029340044599,1
mimic_perform_af_005,1,Logistic Regression,0.8680834975065115,1
mimic_perform_af_005,1,Logistic Regression,0.9910696307149601,1
mimic_perform_af_005,1,Logistic Regression,0.9941033238966266,1
mimic_perform_af_005,1,Logistic Regression,0.986202620198402,1
mimic_perform_af_005,1,Logistic Regression,0.9921007331273438,1
mimic_perform_af_005,1,Logistic Regression,0.9805916530006471,1
mimic_perform_af_005,1,Logistic Regression,0.9940346656329545,1
mimic_perform_af_005,1,Logistic Regression,0.9816243537703895,1
mimic_perform_af_005,1,Logistic Regression,0.8785855474969793,1
mimic_perform_af_005,1,Logistic Regression,0.9265185909862376,1
mimic_perform_af_005,1,Logistic Regression,0.327600292420889,0
mimic_perform_af_005,1,Logistic Regression,0.4131620696029495,0
mimic_perform_af_005,1,Logistic Regression,0.7559713249023865,1
mimic_perform_af_005,1,Logistic Regression,0.9754270532366338,1
mimic_perform_af_005,1,Logistic Regression,0.962285383977148,1
mimic_perform_af_005,1,Logistic Regression,0.8712026564475888,1
mimic_perform_af_005,1,Logistic Regression,0.9347427421733892,1
mimic_perform_af_005,1,Logistic Regression,0.9380140831795191,1
mimic_perform_af_005,1,Logistic Regression,0.3810155278518786,0
mimic_perform_af_005,1,Logistic Regression,0.5097621555078681,1
mimic_perform_af_005,1,Logistic Regression,0.025053201776177706,0
mimic_perform_af_005,1,Logistic Regression,0.8257452567877126,1
mimic_perform_af_005,1,Logistic Regression,0.8220721262814269,1
mimic_perform_af_005,1,Logistic Regression,0.9950577148058064,1
mimic_perform_af_005,1,Logistic Regression,0.9890266545550601,1
mimic_perform_af_005,1,Logistic Regression,0.9472389694062235,1
mimic_perform_af_005,1,Logistic Regression,0.9708999525708156,1
mimic_perform_af_005,1,Logistic Regression,0.4540670098330493,0
mimic_perform_af_005,1,Logistic Regression,0.6969271591481127,1
mimic_perform_af_005,1,Logistic Regression,0.01456115854253977,0
mimic_perform_af_005,1,Logistic Regression,0.8409395632645623,1
mimic_perform_af_005,1,Logistic Regression,0.5555902793586777,1
mimic_perform_af_005,1,Logistic Regression,0.8380414946272781,1
mimic_perform_af_005,1,Logistic Regression,0.976151864775617,1
mimic_perform_af_005,1,Logistic Regression,0.952836370047047,1
mimic_perform_af_005,1,Logistic Regression,0.933951296336324,1
mimic_perform_af_005,1,Logistic Regression,0.7606737304071934,1
mimic_perform_af_005,1,Logistic Regression,0.9716161502151053,1
mimic_perform_af_005,1,Logistic Regression,0.9418306086220166,1
mimic_perform_af_005,1,Logistic Regression,0.968822991063092,1
mimic_perform_af_005,1,Logistic Regression,0.9964746201322688,1
mimic_perform_af_005,1,Logistic Regression,0.9127357943556186,1
mimic_perform_af_005,1,Logistic Regression,0.8626649806843947,1
mimic_perform_af_005,1,Logistic Regression,0.9723856223274556,1
mimic_perform_af_005,1,Logistic Regression,0.4529894363402986,0
mimic_perform_af_005,1,Logistic Regression,0.7583320115349692,1
mimic_perform_af_005,1,Logistic Regression,0.5997938795476504,1
mimic_perform_af_005,1,Logistic Regression,0.9214804927401054,1
mimic_perform_af_005,1,Logistic Regression,0.9381956050113804,1
mimic_perform_af_005,1,Logistic Regression,0.9413405954118221,1
mimic_perform_af_005,1,Logistic Regression,0.9191883271643324,1
mimic_perform_af_005,1,Logistic Regression,0.029523863400883033,0
mimic_perform_af_005,1,Logistic Regression,0.31664824482420045,0
mimic_perform_af_005,1,Logistic Regression,0.537265526540243,1
mimic_perform_af_005,1,Logistic Regression,0.9858744187381538,1
mimic_perform_af_005,1,Logistic Regression,0.1709451263175979,0
mimic_perform_af_005,1,Logistic Regression,0.34889452414310784,0
mimic_perform_af_005,1,Logistic Regression,0.27327338469046486,0
mimic_perform_af_005,1,Logistic Regression,0.1306464599964838,0
mimic_perform_af_005,1,Logistic Regression,0.9704727381891576,1
mimic_perform_af_005,1,Logistic Regression,0.9967886239749321,1
mimic_perform_af_005,1,Logistic Regression,0.9705542679679362,1
mimic_perform_af_005,1,Logistic Regression,0.8177489190483143,1
mimic_perform_af_005,1,Logistic Regression,0.9343739372574812,1
mimic_perform_af_005,1,Logistic Regression,0.9820933085643867,1
mimic_perform_af_005,1,Logistic Regression,0.9885457442579355,1
mimic_perform_af_005,1,Logistic Regression,0.38609166405872414,0
mimic_perform_af_005,1,Logistic Regression,0.9096090700092082,1
mimic_perform_af_005,1,Logistic Regression,0.8454778815966957,1
mimic_perform_af_005,1,Logistic Regression,0.9646874299162789,1
mimic_perform_af_005,1,Logistic Regression,0.9814157218502202,1
mimic_perform_af_005,1,Logistic Regression,0.9844225808877939,1
mimic_perform_af_005,1,Logistic Regression,0.9659678657978258,1
mimic_perform_af_005,1,Logistic Regression,0.9429710670560141,1
mimic_perform_af_005,1,Logistic Regression,0.68917287090198,1
mimic_perform_af_005,1,Logistic Regression,0.849232443892494,1
mimic_perform_af_005,1,Logistic Regression,0.974115401065351,1
mimic_perform_af_005,1,Logistic Regression,0.9819626333321448,1
mimic_perform_af_005,1,Logistic Regression,0.8204491307646612,1
mimic_perform_af_005,1,Logistic Regression,0.2182401832864757,0
mimic_perform_af_005,1,Logistic Regression,0.9613409644078182,1
mimic_perform_af_006,1,Logistic Regression,0.9997480497877925,1
mimic_perform_af_006,1,Logistic Regression,0.9980344765661118,1
mimic_perform_af_006,1,Logistic Regression,0.9918928397001882,1
mimic_perform_af_006,1,Logistic Regression,0.9924653975488664,1
mimic_perform_af_006,1,Logistic Regression,0.9998169792359937,1
mimic_perform_af_006,1,Logistic Regression,0.9995828914366693,1
mimic_perform_af_006,1,Logistic Regression,0.9993394641261814,1
mimic_perform_af_006,1,Logistic Regression,0.985282308118259,1
mimic_perform_af_006,1,Logistic Regression,0.9947150218609345,1
mimic_perform_af_006,1,Logistic Regression,0.9982418163892368,1
mimic_perform_af_006,1,Logistic Regression,0.9994039983901952,1
mimic_perform_af_006,1,Logistic Regression,0.9943712923811944,1
mimic_perform_af_006,1,Logistic Regression,0.9956879968207175,1
mimic_perform_af_006,1,Logistic Regression,0.9995177820348591,1
mimic_perform_af_006,1,Logistic Regression,0.9989563859837931,1
mimic_perform_af_006,1,Logistic Regression,0.9979351073076744,1
mimic_perform_af_006,1,Logistic Regression,0.991653317105038,1
mimic_perform_af_006,1,Logistic Regression,0.9975525733797398,1
mimic_perform_af_006,1,Logistic Regression,0.9980428283968242,1
mimic_perform_af_006,1,Logistic Regression,0.9984093637108784,1
mimic_perform_af_006,1,Logistic Regression,0.998453869931325,1
mimic_perform_af_006,1,Logistic Regression,0.9965607370700815,1
mimic_perform_af_006,1,Logistic Regression,0.983816206323724,1
mimic_perform_af_006,1,Logistic Regression,0.9936231726245112,1
mimic_perform_af_006,1,Logistic Regression,0.9983642924692275,1
mimic_perform_af_006,1,Logistic Regression,0.8776395895512195,1
mimic_perform_af_006,1,Logistic Regression,0.9571377460759722,1
mimic_perform_af_006,1,Logistic Regression,0.9711117246039901,1
mimic_perform_af_006,1,Logistic Regression,0.9954920124823192,1
mimic_perform_af_006,1,Logistic Regression,0.9963668350749666,1
mimic_perform_af_006,1,Logistic Regression,0.9994403876278591,1
mimic_perform_af_006,1,Logistic Regression,0.999619184076164,1
mimic_perform_af_006,1,Logistic Regression,0.9997717869530365,1
mimic_perform_af_006,1,Logistic Regression,0.9978867627763293,1
mimic_perform_af_006,1,Logistic Regression,0.9974285313866407,1
mimic_perform_af_006,1,Logistic Regression,0.9997240551168209,1
mimic_perform_af_006,1,Logistic Regression,0.9932517332051598,1
mimic_perform_af_006,1,Logistic Regression,0.9925564822265542,1
mimic_perform_af_006,1,Logistic Regression,0.9982960944991157,1
mimic_perform_af_006,1,Logistic Regression,0.9996003776692607,1
mimic_perform_af_006,1,Logistic Regression,0.9940786788430497,1
mimic_perform_af_006,1,Logistic Regression,0.9643338241051418,1
mimic_perform_af_006,1,Logistic Regression,0.06368017383435558,0
mimic_perform_af_006,1,Logistic Regression,0.05192650284384426,0
mimic_perform_af_006,1,Logistic Regression,0.7733736932400067,1
mimic_perform_af_006,1,Logistic Regression,0.8523470984397075,1
mimic_perform_af_006,1,Logistic Regression,0.262215267001668,0
mimic_perform_af_006,1,Logistic Regression,0.8411770538010572,1
mimic_perform_af_006,1,Logistic Regression,0.9052787138175558,1
mimic_perform_af_006,1,Logistic Regression,0.9911922995013933,1
mimic_perform_af_006,1,Logistic Regression,0.9790720243350708,1
mimic_perform_af_006,1,Logistic Regression,0.979907606676,1
mimic_perform_af_006,1,Logistic Regression,0.9235490248186526,1
mimic_perform_af_006,1,Logistic Regression,0.8853217319843627,1
mimic_perform_af_006,1,Logistic Regression,0.9729800194606666,1
mimic_perform_af_006,1,Logistic Regression,0.998915273542927,1
mimic_perform_af_006,1,Logistic Regression,0.9990598151175819,1
mimic_perform_af_006,1,Logistic Regression,0.998106477565465,1
mimic_perform_af_006,1,Logistic Regression,0.9944665906567319,1
mimic_perform_af_006,1,Logistic Regression,0.9956353766932686,1
mimic_perform_af_006,1,Logistic Regression,0.9980274123445497,1
mimic_perform_af_006,1,Logistic Regression,0.9986350422831622,1
mimic_perform_af_006,1,Logistic Regression,0.9726559966261901,1
mimic_perform_af_006,1,Logistic Regression,0.9645471485946058,1
mimic_perform_af_006,1,Logistic Regression,0.9821617607915115,1
mimic_perform_af_006,1,Logistic Regression,0.9172603773835248,1
mimic_perform_af_006,1,Logistic Regression,0.9910160123787138,1
mimic_perform_af_006,1,Logistic Regression,0.9880535906117582,1
mimic_perform_af_006,1,Logistic Regression,0.8687915416164083,1
mimic_perform_af_006,1,Logistic Regression,0.9691833823566472,1
mimic_perform_af_006,1,Logistic Regression,0.9963358207681201,1
mimic_perform_af_006,1,Logistic Regression,0.9976189947038213,1
mimic_perform_af_006,1,Logistic Regression,0.9947094303979099,1
mimic_perform_af_006,1,Logistic Regression,0.9988042992966598,1
mimic_perform_af_006,1,Logistic Regression,0.9997617856325173,1
mimic_perform_af_006,1,Logistic Regression,0.999181011257497,1
mimic_perform_af_006,1,Logistic Regression,0.9988162659465285,1
mimic_perform_af_006,1,Logistic Regression,0.9958524906924325,1
mimic_perform_af_006,1,Logistic Regression,0.9948007120732201,1
mimic_perform_af_006,1,Logistic Regression,0.9990294338693524,1
mimic_perform_af_006,1,Logistic Regression,0.9989728173923761,1
mimic_perform_af_006,1,Logistic Regression,0.9981298450185289,1
mimic_perform_af_006,1,Logistic Regression,0.9743223637412176,1
mimic_perform_af_006,1,Logistic Regression,0.9714926815841485,1
mimic_perform_af_006,1,Logistic Regression,0.9970360573734487,1
mimic_perform_af_006,1,Logistic Regression,0.9990380236446057,1
mimic_perform_af_006,1,Logistic Regression,0.9978107432981439,1
mimic_perform_af_006,1,Logistic Regression,0.9653255895711376,1
mimic_perform_af_006,1,Logistic Regression,0.9683043796638571,1
mimic_perform_af_006,1,Logistic Regression,0.9558889206944594,1
mimic_perform_af_006,1,Logistic Regression,0.9232252802811804,1
mimic_perform_af_006,1,Logistic Regression,0.8619931129222109,1
mimic_perform_af_006,1,Logistic Regression,0.978183266597052,1
mimic_perform_af_006,1,Logistic Regression,0.9948601379404507,1
mimic_perform_af_006,1,Logistic Regression,0.9984390226044463,1
mimic_perform_af_006,1,Logistic Regression,0.9910731257390789,1
mimic_perform_af_006,1,Logistic Regression,0.997511281145386,1
mimic_perform_af_006,1,Logistic Regression,0.9993532671063955,1
mimic_perform_af_006,1,Logistic Regression,0.9975137002724495,1
mimic_perform_af_006,1,Logistic Regression,0.9970491822405038,1
mimic_perform_af_006,1,Logistic Regression,0.8083893753027083,1
mimic_perform_af_006,1,Logistic Regression,0.2653699221563482,0
mimic_perform_af_006,1,Logistic Regression,0.008726415047921921,0
mimic_perform_af_006,1,Logistic Regression,0.9497498970244054,1
mimic_perform_af_006,1,Logistic Regression,0.9820519099539746,1
mimic_perform_af_006,1,Logistic Regression,0.77780571848217,1
mimic_perform_af_006,1,Logistic Regression,0.9837249915890366,1
mimic_perform_af_006,1,Logistic Regression,0.984791576827792,1
mimic_perform_af_006,1,Logistic Regression,0.9970353143646533,1
mimic_perform_af_006,1,Logistic Regression,0.9926621458849939,1
mimic_perform_af_006,1,Logistic Regression,0.9883424006862869,1
mimic_perform_af_006,1,Logistic Regression,0.9772598909502602,1
mimic_perform_af_006,1,Logistic Regression,0.9739308072716795,1
mimic_perform_af_006,1,Logistic Regression,0.9818362335518896,1
mimic_perform_af_006,1,Logistic Regression,0.986932429071269,1
mimic_perform_af_006,1,Logistic Regression,0.9950787024269583,1
mimic_perform_af_006,1,Logistic Regression,0.9963392276783152,1
mimic_perform_af_006,1,Logistic Regression,0.9982547084916648,1
mimic_perform_af_007,1,Logistic Regression,0.8873021766055338,1
mimic_perform_af_007,1,Logistic Regression,0.9268233226553523,1
mimic_perform_af_007,1,Logistic Regression,0.9950746265140143,1
mimic_perform_af_007,1,Logistic Regression,0.9992346838456083,1
mimic_perform_af_007,1,Logistic Regression,0.9995428881139351,1
mimic_perform_af_007,1,Logistic Regression,0.9992101731136109,1
mimic_perform_af_007,1,Logistic Regression,0.9980515005824817,1
mimic_perform_af_007,1,Logistic Regression,0.9973285095494787,1
mimic_perform_af_007,1,Logistic Regression,0.9982875860558174,1
mimic_perform_af_007,1,Logistic Regression,0.9971196731480106,1
mimic_perform_af_007,1,Logistic Regression,0.9932730357030919,1
mimic_perform_af_007,1,Logistic Regression,0.9927543944324312,1
mimic_perform_af_007,1,Logistic Regression,0.9960711549279561,1
mimic_perform_af_007,1,Logistic Regression,0.9998500516253548,1
mimic_perform_af_007,1,Logistic Regression,0.9992026566920744,1
mimic_perform_af_007,1,Logistic Regression,0.9975107705088586,1
mimic_perform_af_007,1,Logistic Regression,0.9995800968162626,1
mimic_perform_af_007,1,Logistic Regression,0.9984218890797196,1
mimic_perform_af_007,1,Logistic Regression,0.9970942700497615,1
mimic_perform_af_007,1,Logistic Regression,0.9915605750505598,1
mimic_perform_af_007,1,Logistic Regression,0.9964200642317954,1
mimic_perform_af_007,1,Logistic Regression,0.9982700836796458,1
mimic_perform_af_007,1,Logistic Regression,0.9991189396123773,1
mimic_perform_af_007,1,Logistic Regression,0.9979851601455517,1
mimic_perform_af_007,1,Logistic Regression,0.9994042483764795,1
mimic_perform_af_007,1,Logistic Regression,0.9978307171455164,1
mimic_perform_af_007,1,Logistic Regression,0.9933386580109467,1
mimic_perform_af_007,1,Logistic Regression,0.989475919124164,1
mimic_perform_af_007,1,Logistic Regression,0.9972982564639326,1
mimic_perform_af_007,1,Logistic Regression,0.9943738427147072,1
mimic_perform_af_007,1,Logistic Regression,0.9957310401215139,1
mimic_perform_af_007,1,Logistic Regression,0.9996470730886026,1
mimic_perform_af_007,1,Logistic Regression,0.9997518658485651,1
mimic_perform_af_007,1,Logistic Regression,0.9977936414063848,1
mimic_perform_af_007,1,Logistic Regression,0.9915837748212509,1
mimic_perform_af_007,1,Logistic Regression,0.9699280503627331,1
mimic_perform_af_007,1,Logistic Regression,0.994906609610026,1
mimic_perform_af_007,1,Logistic Regression,0.9963605649211977,1
mimic_perform_af_007,1,Logistic Regression,0.9990832284100273,1
mimic_perform_af_007,1,Logistic Regression,0.9973332755802696,1
mimic_perform_af_007,1,Logistic Regression,0.9982219318178955,1
mimic_perform_af_007,1,Logistic Regression,0.9975322828776251,1
mimic_perform_af_007,1,Logistic Regression,0.9992397844669486,1
mimic_perform_af_007,1,Logistic Regression,0.996602056772256,1
mimic_perform_af_007,1,Logistic Regression,0.9993430105352573,1
mimic_perform_af_007,1,Logistic Regression,0.9995133200020383,1
mimic_perform_af_007,1,Logistic Regression,0.999248524277206,1
mimic_perform_af_007,1,Logistic Regression,0.9400808317369069,1
mimic_perform_af_007,1,Logistic Regression,0.9914261674532102,1
mimic_perform_af_007,1,Logistic Regression,0.9984996930059234,1
mimic_perform_af_007,1,Logistic Regression,0.9906903786945064,1
mimic_perform_af_007,1,Logistic Regression,0.9912222195300013,1
mimic_perform_af_007,1,Logistic Regression,0.24640879637614246,0
mimic_perform_af_007,1,Logistic Regression,0.6736800724877373,1
mimic_perform_af_007,1,Logistic Regression,0.9969613867323086,1
mimic_perform_af_007,1,Logistic Regression,0.9930866408365852,1
mimic_perform_af_007,1,Logistic Regression,0.36836524462505926,0
mimic_perform_af_007,1,Logistic Regression,0.9979761536556698,1
mimic_perform_af_007,1,Logistic Regression,0.9955794660668897,1
mimic_perform_af_007,1,Logistic Regression,0.9993055376781379,1
mimic_perform_af_007,1,Logistic Regression,0.9310451797584707,1
mimic_perform_af_007,1,Logistic Regression,0.9967878962765312,1
mimic_perform_af_007,1,Logistic Regression,0.982554795793563,1
mimic_perform_af_007,1,Logistic Regression,0.9954373163180654,1
mimic_perform_af_007,1,Logistic Regression,0.9964777681869323,1
mimic_perform_af_007,1,Logistic Regression,0.9982501762067713,1
mimic_perform_af_007,1,Logistic Regression,0.9760424193364026,1
mimic_perform_af_007,1,Logistic Regression,0.9990954404479265,1
mimic_perform_af_007,1,Logistic Regression,0.9990935047170284,1
mimic_perform_af_007,1,Logistic Regression,0.9990596806773451,1
mimic_perform_af_007,1,Logistic Regression,0.9994797847990794,1
mimic_perform_af_007,1,Logistic Regression,0.9920226486973525,1
mimic_perform_af_007,1,Logistic Regression,0.997340213850015,1
mimic_perform_af_007,1,Logistic Regression,0.9985702257484111,1
mimic_perform_af_007,1,Logistic Regression,0.9967630630636618,1
mimic_perform_af_007,1,Logistic Regression,0.9993500724653287,1
mimic_perform_af_007,1,Logistic Regression,0.9935331278965193,1
mimic_perform_af_007,1,Logistic Regression,0.9900305095914075,1
mimic_perform_af_007,1,Logistic Regression,0.9776220178861414,1
mimic_perform_af_007,1,Logistic Regression,0.9979978958273126,1
mimic_perform_af_007,1,Logistic Regression,0.9959069358965035,1
mimic_perform_af_007,1,Logistic Regression,0.9988283596039308,1
mimic_perform_af_007,1,Logistic Regression,0.9993153937132302,1
mimic_perform_af_007,1,Logistic Regression,0.9980235949578963,1
mimic_perform_af_007,1,Logistic Regression,0.9978116444045084,1
mimic_perform_af_007,1,Logistic Regression,0.9819720444504516,1
mimic_perform_af_007,1,Logistic Regression,0.9958498232605263,1
mimic_perform_af_007,1,Logistic Regression,0.9880245304748845,1
mimic_perform_af_007,1,Logistic Regression,0.9982720574067924,1
mimic_perform_af_007,1,Logistic Regression,0.991973878529345,1
mimic_perform_af_007,1,Logistic Regression,0.9988536323449207,1
mimic_perform_af_007,1,Logistic Regression,0.8999777280588592,1
mimic_perform_af_007,1,Logistic Regression,0.9971304894538052,1
mimic_perform_af_007,1,Logistic Regression,0.9997141500075606,1
mimic_perform_af_007,1,Logistic Regression,0.9976777740733003,1
mimic_perform_af_007,1,Logistic Regression,0.9962616614583899,1
mimic_perform_af_007,1,Logistic Regression,0.9990132119224644,1
mimic_perform_af_007,1,Logistic Regression,0.9853990499350697,1
mimic_perform_af_007,1,Logistic Regression,0.999466164563925,1
mimic_perform_af_007,1,Logistic Regression,0.8784095022155132,1
mimic_perform_af_007,1,Logistic Regression,0.2862312095546188,0
mimic_perform_af_007,1,Logistic Regression,0.5871934740767188,1
mimic_perform_af_007,1,Logistic Regression,0.9566578556241464,1
mimic_perform_af_007,1,Logistic Regression,0.7056235748410545,1
mimic_perform_af_007,1,Logistic Regression,0.12765172182900503,0
mimic_perform_af_007,1,Logistic Regression,0.02293320191337562,0
mimic_perform_af_007,1,Logistic Regression,0.015370970314927089,0
mimic_perform_af_007,1,Logistic Regression,0.010688658410820688,0
mimic_perform_af_007,1,Logistic Regression,0.003358385459043648,0
mimic_perform_af_007,1,Logistic Regression,0.1101646762444266,0
mimic_perform_af_007,1,Logistic Regression,0.7716227967227482,1
mimic_perform_af_007,1,Logistic Regression,0.4885129529784704,0
mimic_perform_af_007,1,Logistic Regression,0.13350337849760524,0
mimic_perform_af_007,1,Logistic Regression,0.8194185689140758,1
mimic_perform_af_007,1,Logistic Regression,0.8308270669174436,1
mimic_perform_af_007,1,Logistic Regression,0.0027774807676887296,0
mimic_perform_af_007,1,Logistic Regression,0.007038302855538095,0
mimic_perform_af_007,1,Logistic Regression,0.03848750255918648,0
mimic_perform_af_008,1,Logistic Regression,0.9848062674125946,1
mimic_perform_af_008,1,Logistic Regression,0.9477102812709953,1
mimic_perform_af_008,1,Logistic Regression,0.8125073944897723,1
mimic_perform_af_008,1,Logistic Regression,0.9934845960354103,1
mimic_perform_af_008,1,Logistic Regression,0.5352618896687947,1
mimic_perform_af_008,1,Logistic Regression,0.9714575175810235,1
mimic_perform_af_008,1,Logistic Regression,0.9858308829661883,1
mimic_perform_af_008,1,Logistic Regression,0.9512705001860865,1
mimic_perform_af_008,1,Logistic Regression,0.8015652330371283,1
mimic_perform_af_008,1,Logistic Regression,0.8901977645804585,1
mimic_perform_af_008,1,Logistic Regression,0.9664946946611159,1
mimic_perform_af_008,1,Logistic Regression,0.9683780085700499,1
mimic_perform_af_008,1,Logistic Regression,0.985989322723245,1
mimic_perform_af_008,1,Logistic Regression,0.22032614378719606,0
mimic_perform_af_008,1,Logistic Regression,0.6785147214134712,1
mimic_perform_af_008,1,Logistic Regression,0.769147020058218,1
mimic_perform_af_008,1,Logistic Regression,0.8568473999240666,1
mimic_perform_af_008,1,Logistic Regression,0.3950591990319442,0
mimic_perform_af_008,1,Logistic Regression,0.9926634496696205,1
mimic_perform_af_008,1,Logistic Regression,0.8916010931490659,1
mimic_perform_af_008,1,Logistic Regression,0.9943906944955198,1
mimic_perform_af_008,1,Logistic Regression,0.8481407391347057,1
mimic_perform_af_008,1,Logistic Regression,0.9491812677406709,1
mimic_perform_af_008,1,Logistic Regression,0.5729197430285039,1
mimic_perform_af_008,1,Logistic Regression,0.9984678887763933,1
mimic_perform_af_008,1,Logistic Regression,0.9982426605783034,1
mimic_perform_af_008,1,Logistic Regression,0.9847773859648389,1
mimic_perform_af_008,1,Logistic Regression,0.9963089992500361,1
mimic_perform_af_008,1,Logistic Regression,0.5921172939230483,1
mimic_perform_af_008,1,Logistic Regression,0.9977342920913334,1
mimic_perform_af_008,1,Logistic Regression,0.9697937412873038,1
mimic_perform_af_008,1,Logistic Regression,0.647477801845229,1
mimic_perform_af_008,1,Logistic Regression,0.9859803879482701,1
mimic_perform_af_008,1,Logistic Regression,0.9628199860267066,1
mimic_perform_af_008,1,Logistic Regression,0.8775629309896232,1
mimic_perform_af_008,1,Logistic Regression,0.8298544564320366,1
mimic_perform_af_008,1,Logistic Regression,0.6677854839010459,1
mimic_perform_af_008,1,Logistic Regression,0.9375851461115845,1
mimic_perform_af_008,1,Logistic Regression,0.947812060727043,1
mimic_perform_af_008,1,Logistic Regression,0.9808517871732617,1
mimic_perform_af_008,1,Logistic Regression,0.9497470979055421,1
mimic_perform_af_008,1,Logistic Regression,0.049788542702945346,0
mimic_perform_af_008,1,Logistic Regression,0.5360966854540682,1
mimic_perform_af_008,1,Logistic Regression,0.5848467793091494,1
mimic_perform_af_008,1,Logistic Regression,0.99673707585276,1
mimic_perform_af_008,1,Logistic Regression,0.983368573102364,1
mimic_perform_af_008,1,Logistic Regression,0.9294906107904002,1
mimic_perform_af_008,1,Logistic Regression,0.418753990605706,0
mimic_perform_af_008,1,Logistic Regression,0.6125593987980954,1
mimic_perform_af_008,1,Logistic Regression,0.1608716960722873,0
mimic_perform_af_008,1,Logistic Regression,0.4910717341223761,0
mimic_perform_af_008,1,Logistic Regression,0.933530786347162,1
mimic_perform_af_008,1,Logistic Regression,0.48952703844057815,0
mimic_perform_af_008,1,Logistic Regression,0.960099131037757,1
mimic_perform_af_008,1,Logistic Regression,0.8708294617382176,1
mimic_perform_af_008,1,Logistic Regression,0.9822219326325551,1
mimic_perform_af_008,1,Logistic Regression,0.8424159434156274,1
mimic_perform_af_008,1,Logistic Regression,0.4323261472015505,0
mimic_perform_af_008,1,Logistic Regression,0.7168853416505574,1
mimic_perform_af_008,1,Logistic Regression,0.6500120558109814,1
mimic_perform_af_008,1,Logistic Regression,0.940892571134009,1
mimic_perform_af_008,1,Logistic Regression,0.9944427424966578,1
mimic_perform_af_008,1,Logistic Regression,0.9968155781254365,1
mimic_perform_af_008,1,Logistic Regression,0.9935403975602187,1
mimic_perform_af_008,1,Logistic Regression,0.9933997579088528,1
mimic_perform_af_008,1,Logistic Regression,0.9773964771505163,1
mimic_perform_af_008,1,Logistic Regression,0.4343858066437663,0
mimic_perform_af_008,1,Logistic Regression,0.9646438646360745,1
mimic_perform_af_008,1,Logistic Regression,0.967137354445121,1
mimic_perform_af_008,1,Logistic Regression,0.9981307968819085,1
mimic_perform_af_008,1,Logistic Regression,0.9825517734636559,1
mimic_perform_af_008,1,Logistic Regression,0.9333263059832502,1
mimic_perform_af_008,1,Logistic Regression,0.9343197053457281,1
mimic_perform_af_008,1,Logistic Regression,0.8677129016250461,1
mimic_perform_af_008,1,Logistic Regression,0.779181722781666,1
mimic_perform_af_008,1,Logistic Regression,0.8494960172251517,1
mimic_perform_af_008,1,Logistic Regression,0.8663738929618666,1
mimic_perform_af_008,1,Logistic Regression,0.8254897702240432,1
mimic_perform_af_008,1,Logistic Regression,0.7430342219778567,1
mimic_perform_af_008,1,Logistic Regression,0.818851044536915,1
mimic_perform_af_008,1,Logistic Regression,0.9808826668726772,1
mimic_perform_af_008,1,Logistic Regression,0.9972437134460519,1
mimic_perform_af_008,1,Logistic Regression,0.9807554531310392,1
mimic_perform_af_008,1,Logistic Regression,0.9887853786236424,1
mimic_perform_af_008,1,Logistic Regression,0.9684233992021601,1
mimic_perform_af_008,1,Logistic Regression,0.5529498841859438,1
mimic_perform_af_008,1,Logistic Regression,0.6677828083025347,1
mimic_perform_af_008,1,Logistic Regression,0.922427313781972,1
mimic_perform_af_008,1,Logistic Regression,0.9614704989387486,1
mimic_perform_af_008,1,Logistic Regression,0.9749968565990873,1
mimic_perform_af_008,1,Logistic Regression,0.9584605561089998,1
mimic_perform_af_008,1,Logistic Regression,0.9688492018460846,1
mimic_perform_af_008,1,Logistic Regression,0.9891996335733487,1
mimic_perform_af_008,1,Logistic Regression,0.9976085281955817,1
mimic_perform_af_008,1,Logistic Regression,0.8741035547109256,1
mimic_perform_af_008,1,Logistic Regression,0.7757455474924164,1
mimic_perform_af_008,1,Logistic Regression,0.990727675716155,1
mimic_perform_af_008,1,Logistic Regression,0.9908102957065231,1
mimic_perform_af_008,1,Logistic Regression,0.9941258430112327,1
mimic_perform_af_008,1,Logistic Regression,0.8826806899477022,1
mimic_perform_af_008,1,Logistic Regression,0.9820974662426908,1
mimic_perform_af_008,1,Logistic Regression,0.6732976467247325,1
mimic_perform_af_008,1,Logistic Regression,0.42259396865643517,0
mimic_perform_af_008,1,Logistic Regression,0.5416062819642069,1
mimic_perform_af_008,1,Logistic Regression,0.4426765499291535,0
mimic_perform_af_008,1,Logistic Regression,0.9280643973490343,1
mimic_perform_af_008,1,Logistic Regression,0.9382292459153035,1
mimic_perform_af_008,1,Logistic Regression,0.8834610355435655,1
mimic_perform_af_008,1,Logistic Regression,0.960171687052515,1
mimic_perform_af_008,1,Logistic Regression,0.5369776663764553,1
mimic_perform_af_008,1,Logistic Regression,0.747903894502943,1
mimic_perform_af_008,1,Logistic Regression,0.8224833872064905,1
mimic_perform_af_008,1,Logistic Regression,0.9888353163518102,1
mimic_perform_af_008,1,Logistic Regression,0.886901396659547,1
mimic_perform_af_008,1,Logistic Regression,0.8737612626379653,1
mimic_perform_af_008,1,Logistic Regression,0.7937615007490351,1
mimic_perform_af_008,1,Logistic Regression,0.9789033328774839,1
mimic_perform_af_008,1,Logistic Regression,0.9793459229659888,1
mimic_perform_af_009,1,Logistic Regression,0.998816558641641,1
mimic_perform_af_009,1,Logistic Regression,0.9334047655521654,1
mimic_perform_af_009,1,Logistic Regression,0.4350499639666372,0
mimic_perform_af_009,1,Logistic Regression,0.8140607525529344,1
mimic_perform_af_009,1,Logistic Regression,0.9021052991607378,1
mimic_perform_af_009,1,Logistic Regression,0.9644316366525059,1
mimic_perform_af_009,1,Logistic Regression,0.8599209610663171,1
mimic_perform_af_009,1,Logistic Regression,0.9821637114198435,1
mimic_perform_af_009,1,Logistic Regression,0.99903451152822,1
mimic_perform_af_009,1,Logistic Regression,0.9992039095240633,1
mimic_perform_af_009,1,Logistic Regression,0.9978802648749079,1
mimic_perform_af_009,1,Logistic Regression,0.9974117439613537,1
mimic_perform_af_009,1,Logistic Regression,0.9982048417700593,1
mimic_perform_af_009,1,Logistic Regression,0.9842000450229366,1
mimic_perform_af_009,1,Logistic Regression,0.9982563189830576,1
mimic_perform_af_009,1,Logistic Regression,0.9965367002406071,1
mimic_perform_af_009,1,Logistic Regression,0.9989023110617404,1
mimic_perform_af_009,1,Logistic Regression,0.9985214492710487,1
mimic_perform_af_009,1,Logistic Regression,0.9958613824616297,1
mimic_perform_af_009,1,Logistic Regression,0.9961622371355725,1
mimic_perform_af_009,1,Logistic Regression,0.9992888857537917,1
mimic_perform_af_009,1,Logistic Regression,0.9996659053851038,1
mimic_perform_af_009,1,Logistic Regression,0.9997789658940734,1
mimic_perform_af_009,1,Logistic Regression,0.9965523427844067,1
mimic_perform_af_009,1,Logistic Regression,0.9979320794439545,1
mimic_perform_af_009,1,Logistic Regression,0.994465754506574,1
mimic_perform_af_009,1,Logistic Regression,0.996076698902307,1
mimic_perform_af_009,1,Logistic Regression,0.9814412567989409,1
mimic_perform_af_009,1,Logistic Regression,0.9949540640352951,1
mimic_perform_af_009,1,Logistic Regression,0.9985137689862871,1
mimic_perform_af_009,1,Logistic Regression,0.9664008597132648,1
mimic_perform_af_009,1,Logistic Regression,0.9408250385115716,1
mimic_perform_af_009,1,Logistic Regression,0.9416297743544105,1
mimic_perform_af_009,1,Logistic Regression,0.9992369685321627,1
mimic_perform_af_009,1,Logistic Regression,0.9998353875016232,1
mimic_perform_af_009,1,Logistic Regression,0.9992903805634534,1
mimic_perform_af_009,1,Logistic Regression,0.9973810552189531,1
mimic_perform_af_009,1,Logistic Regression,0.9003318223394755,1
mimic_perform_af_009,1,Logistic Regression,0.9425432251859612,1
mimic_perform_af_009,1,Logistic Regression,0.9590704534150012,1
mimic_perform_af_009,1,Logistic Regression,0.9988965735762942,1
mimic_perform_af_009,1,Logistic Regression,0.9992927700380871,1
mimic_perform_af_009,1,Logistic Regression,0.9966590191491134,1
mimic_perform_af_009,1,Logistic Regression,0.9966410033020708,1
mimic_perform_af_009,1,Logistic Regression,0.8952095611429262,1
mimic_perform_af_009,1,Logistic Regression,0.9868566093036598,1
mimic_perform_af_009,1,Logistic Regression,0.9953287476630309,1
mimic_perform_af_009,1,Logistic Regression,0.9978211323340842,1
mimic_perform_af_009,1,Logistic Regression,0.9958690601923704,1
mimic_perform_af_009,1,Logistic Regression,0.99765050705394,1
mimic_perform_af_009,1,Logistic Regression,0.9956841967389025,1
mimic_perform_af_009,1,Logistic Regression,0.9968600160443583,1
mimic_perform_af_009,1,Logistic Regression,0.984656256809781,1
mimic_perform_af_009,1,Logistic Regression,0.9916309848199557,1
mimic_perform_af_009,1,Logistic Regression,0.996156866617753,1
mimic_perform_af_009,1,Logistic Regression,0.9993640644430561,1
mimic_perform_af_009,1,Logistic Regression,0.9990205783133003,1
mimic_perform_af_009,1,Logistic Regression,0.9995184636949929,1
mimic_perform_af_009,1,Logistic Regression,0.9995625944122073,1
mimic_perform_af_009,1,Logistic Regression,0.9997449014577829,1
mimic_perform_af_009,1,Logistic Regression,0.9997159844070838,1
mimic_perform_af_009,1,Logistic Regression,0.9981848422160778,1
mimic_perform_af_009,1,Logistic Regression,0.9986904362719211,1
mimic_perform_af_009,1,Logistic Regression,0.9995604945066652,1
mimic_perform_af_009,1,Logistic Regression,0.9996029211374365,1
mimic_perform_af_009,1,Logistic Regression,0.9999004005526139,1
mimic_perform_af_009,1,Logistic Regression,0.9994593559396416,1
mimic_perform_af_009,1,Logistic Regression,0.9973121655619324,1
mimic_perform_af_009,1,Logistic Regression,0.9967824330908898,1
mimic_perform_af_009,1,Logistic Regression,0.9955427515091813,1
mimic_perform_af_009,1,Logistic Regression,0.9987934727313779,1
mimic_perform_af_009,1,Logistic Regression,0.9936028130641906,1
mimic_perform_af_009,1,Logistic Regression,0.9955687948206583,1
mimic_perform_af_009,1,Logistic Regression,0.9939761051770407,1
mimic_perform_af_009,1,Logistic Regression,0.9978999710008747,1
mimic_perform_af_009,1,Logistic Regression,0.998808713858448,1
mimic_perform_af_009,1,Logistic Regression,0.9987271918758531,1
mimic_perform_af_009,1,Logistic Regression,0.9989480914805184,1
mimic_perform_af_009,1,Logistic Regression,0.9991321051934975,1
mimic_perform_af_009,1,Logistic Regression,0.9984538934894938,1
mimic_perform_af_009,1,Logistic Regression,0.9962000797638877,1
mimic_perform_af_009,1,Logistic Regression,0.9948177832799943,1
mimic_perform_af_009,1,Logistic Regression,0.9931996436240027,1
mimic_perform_af_009,1,Logistic Regression,0.9959674316790458,1
mimic_perform_af_009,1,Logistic Regression,0.9950369605467246,1
mimic_perform_af_009,1,Logistic Regression,0.9945153579053521,1
mimic_perform_af_009,1,Logistic Regression,0.9984144163076838,1
mimic_perform_af_009,1,Logistic Regression,0.9990290825256133,1
mimic_perform_af_009,1,Logistic Regression,0.9962896657530292,1
mimic_perform_af_009,1,Logistic Regression,0.9959618772678429,1
mimic_perform_af_009,1,Logistic Regression,0.9957486271681317,1
mimic_perform_af_009,1,Logistic Regression,0.9991833272561312,1
mimic_perform_af_009,1,Logistic Regression,0.9994305183608804,1
mimic_perform_af_009,1,Logistic Regression,0.9996542760129067,1
mimic_perform_af_009,1,Logistic Regression,0.9996234775838689,1
mimic_perform_af_009,1,Logistic Regression,0.9985317199377232,1
mimic_perform_af_009,1,Logistic Regression,0.996698039866292,1
mimic_perform_af_009,1,Logistic Regression,0.9982163852407545,1
mimic_perform_af_009,1,Logistic Regression,0.9875097598467741,1
mimic_perform_af_009,1,Logistic Regression,0.9938341315742394,1
mimic_perform_af_009,1,Logistic Regression,0.9757735083040601,1
mimic_perform_af_009,1,Logistic Regression,0.9952556242186934,1
mimic_perform_af_009,1,Logistic Regression,0.9931963938544022,1
mimic_perform_af_009,1,Logistic Regression,0.9887182407482872,1
mimic_perform_af_009,1,Logistic Regression,0.9954723567768072,1
mimic_perform_af_009,1,Logistic Regression,0.9965305834245906,1
mimic_perform_af_009,1,Logistic Regression,0.9978735300476198,1
mimic_perform_af_009,1,Logistic Regression,0.995022199764634,1
mimic_perform_af_009,1,Logistic Regression,0.9812141174975657,1
mimic_perform_af_009,1,Logistic Regression,0.9952328849345865,1
mimic_perform_af_009,1,Logistic Regression,0.9568671103022478,1
mimic_perform_af_009,1,Logistic Regression,0.9959810724328481,1
mimic_perform_af_009,1,Logistic Regression,0.9985393243828462,1
mimic_perform_af_009,1,Logistic Regression,0.9998283745336294,1
mimic_perform_af_009,1,Logistic Regression,0.9977189163974437,1
mimic_perform_af_009,1,Logistic Regression,0.9695239772447449,1
mimic_perform_af_009,1,Logistic Regression,0.9719851729616932,1
mimic_perform_af_009,1,Logistic Regression,0.9967636328510219,1
mimic_perform_af_010,1,Logistic Regression,0.9969163575053824,1
mimic_perform_af_010,1,Logistic Regression,0.9989811819735187,1
mimic_perform_af_010,1,Logistic Regression,0.9987503432569912,1
mimic_perform_af_010,1,Logistic Regression,0.9966487652952232,1
mimic_perform_af_010,1,Logistic Regression,0.9963448688389408,1
mimic_perform_af_010,1,Logistic Regression,0.999147537115998,1
mimic_perform_af_010,1,Logistic Regression,0.998279816643083,1
mimic_perform_af_010,1,Logistic Regression,0.99930289871067,1
mimic_perform_af_010,1,Logistic Regression,0.9991118520350474,1
mimic_perform_af_010,1,Logistic Regression,0.99985025374026,1
mimic_perform_af_010,1,Logistic Regression,0.9997626599627881,1
mimic_perform_af_010,1,Logistic Regression,0.9998610254088295,1
mimic_perform_af_010,1,Logistic Regression,0.9997778903363989,1
mimic_perform_af_010,1,Logistic Regression,0.9989955704640731,1
mimic_perform_af_010,1,Logistic Regression,0.9992001292284625,1
mimic_perform_af_010,1,Logistic Regression,0.9974237859630445,1
mimic_perform_af_010,1,Logistic Regression,0.9964860726197293,1
mimic_perform_af_010,1,Logistic Regression,0.996083612850596,1
mimic_perform_af_010,1,Logistic Regression,0.9921049025694662,1
mimic_perform_af_010,1,Logistic Regression,0.9917299851655225,1
mimic_perform_af_010,1,Logistic Regression,0.9818373721500894,1
mimic_perform_af_010,1,Logistic Regression,0.9972457167378942,1
mimic_perform_af_010,1,Logistic Regression,0.9997080467771895,1
mimic_perform_af_010,1,Logistic Regression,0.9989339828876781,1
mimic_perform_af_010,1,Logistic Regression,0.9982732634596333,1
mimic_perform_af_010,1,Logistic Regression,0.9763575887480993,1
mimic_perform_af_010,1,Logistic Regression,0.7150999905302952,1
mimic_perform_af_010,1,Logistic Regression,0.8826064489559289,1
mimic_perform_af_010,1,Logistic Regression,0.9820112392497627,1
mimic_perform_af_010,1,Logistic Regression,0.9969334038986193,1
mimic_perform_af_010,1,Logistic Regression,0.9967032515879243,1
mimic_perform_af_010,1,Logistic Regression,0.9965143290161523,1
mimic_perform_af_010,1,Logistic Regression,0.9959968253124997,1
mimic_perform_af_010,1,Logistic Regression,0.9968678890358147,1
mimic_perform_af_010,1,Logistic Regression,0.9345634926354672,1
mimic_perform_af_010,1,Logistic Regression,0.9913057930541525,1
mimic_perform_af_010,1,Logistic Regression,0.9977751084330204,1
mimic_perform_af_010,1,Logistic Regression,0.999353528535962,1
mimic_perform_af_010,1,Logistic Regression,0.9795867651170307,1
mimic_perform_af_010,1,Logistic Regression,0.9493986237040776,1
mimic_perform_af_010,1,Logistic Regression,0.23339395111838276,0
mimic_perform_af_010,1,Logistic Regression,0.10373194201104162,0
mimic_perform_af_010,1,Logistic Regression,0.34247013098137563,0
mimic_perform_af_010,1,Logistic Regression,0.4839536453858324,0
mimic_perform_af_010,1,Logistic Regression,0.6381504429149816,1
mimic_perform_af_010,1,Logistic Regression,0.8534021229440595,1
mimic_perform_af_010,1,Logistic Regression,0.9980251242232225,1
mimic_perform_af_010,1,Logistic Regression,0.9993581946536763,1
mimic_perform_af_010,1,Logistic Regression,0.9971461840363843,1
mimic_perform_af_010,1,Logistic Regression,0.9997262382595846,1
mimic_perform_af_010,1,Logistic Regression,0.9994202450642368,1
mimic_perform_af_010,1,Logistic Regression,0.9977232752856832,1
mimic_perform_af_010,1,Logistic Regression,0.8099375480406421,1
mimic_perform_af_010,1,Logistic Regression,0.9401709652885923,1
mimic_perform_af_010,1,Logistic Regression,0.9896498649565063,1
mimic_perform_af_010,1,Logistic Regression,0.9971746117035967,1
mimic_perform_af_010,1,Logistic Regression,0.9991166232433639,1
mimic_perform_af_010,1,Logistic Regression,0.9986711840734447,1
mimic_perform_af_010,1,Logistic Regression,0.9993716173664209,1
mimic_perform_af_010,1,Logistic Regression,0.9998576216751464,1
mimic_perform_af_010,1,Logistic Regression,0.9984010188584872,1
mimic_perform_af_010,1,Logistic Regression,0.9943094100714767,1
mimic_perform_af_010,1,Logistic Regression,0.9779085757004349,1
mimic_perform_af_010,1,Logistic Regression,0.9825309815202082,1
mimic_perform_af_010,1,Logistic Regression,0.997114064594963,1
mimic_perform_af_010,1,Logistic Regression,0.9982995499320647,1
mimic_perform_af_010,1,Logistic Regression,0.9998115875489695,1
mimic_perform_af_010,1,Logistic Regression,0.9996880070387059,1
mimic_perform_af_010,1,Logistic Regression,0.9983479671621376,1
mimic_perform_af_010,1,Logistic Regression,0.9955170941608551,1
mimic_perform_af_010,1,Logistic Regression,0.9925233180658788,1
mimic_perform_af_010,1,Logistic Regression,0.996749699926071,1
mimic_perform_af_010,1,Logistic Regression,0.9958332891201663,1
mimic_perform_af_010,1,Logistic Regression,0.9964289656464664,1
mimic_perform_af_010,1,Logistic Regression,0.9988487957740992,1
mimic_perform_af_010,1,Logistic Regression,0.9974591336349872,1
mimic_perform_af_010,1,Logistic Regression,0.9974743124725409,1
mimic_perform_af_010,1,Logistic Regression,0.9981678011338877,1
mimic_perform_af_010,1,Logistic Regression,0.9978375926594002,1
mimic_perform_af_010,1,Logistic Regression,0.9984957497301707,1
mimic_perform_af_010,1,Logistic Regression,0.9983709769438038,1
mimic_perform_af_010,1,Logistic Regression,0.9994898582400336,1
mimic_perform_af_010,1,Logistic Regression,0.9995709829093694,1
mimic_perform_af_010,1,Logistic Regression,0.9997681126343763,1
mimic_perform_af_010,1,Logistic Regression,0.9969488123696593,1
mimic_perform_af_010,1,Logistic Regression,0.9956853088548752,1
mimic_perform_af_010,1,Logistic Regression,0.9988814690245889,1
mimic_perform_af_010,1,Logistic Regression,0.9995742011252928,1
mimic_perform_af_010,1,Logistic Regression,0.9987913028925013,1
mimic_perform_af_010,1,Logistic Regression,0.990296703832635,1
mimic_perform_af_010,1,Logistic Regression,0.9893567767472017,1
mimic_perform_af_010,1,Logistic Regression,0.9974442998114668,1
mimic_perform_af_010,1,Logistic Regression,0.9972135878927751,1
mimic_perform_af_010,1,Logistic Regression,0.9952004799251877,1
mimic_perform_af_010,1,Logistic Regression,0.9819056689730284,1
mimic_perform_af_010,1,Logistic Regression,0.9235034239786883,1
mimic_perform_af_010,1,Logistic Regression,0.9768886438081267,1
mimic_perform_af_010,1,Logistic Regression,0.4228796814953308,0
mimic_perform_af_010,1,Logistic Regression,0.5520514930542645,1
mimic_perform_af_010,1,Logistic Regression,0.3561104283326119,0
mimic_perform_af_010,1,Logistic Regression,0.9186594475035098,1
mimic_perform_af_010,1,Logistic Regression,0.8617783439942021,1
mimic_perform_af_010,1,Logistic Regression,0.03796262916087798,0
mimic_perform_af_010,1,Logistic Regression,0.02254197238443246,0
mimic_perform_af_010,1,Logistic Regression,0.03159860771354437,0
mimic_perform_af_010,1,Logistic Regression,0.8463481235153966,1
mimic_perform_af_010,1,Logistic Regression,0.9828644502090276,1
mimic_perform_af_010,1,Logistic Regression,0.9906322580701309,1
mimic_perform_af_010,1,Logistic Regression,0.9912114607862852,1
mimic_perform_af_010,1,Logistic Regression,0.9878617902021127,1
mimic_perform_af_010,1,Logistic Regression,0.9961302905439368,1
mimic_perform_af_010,1,Logistic Regression,0.9964915381416845,1
mimic_perform_af_010,1,Logistic Regression,0.9859059466441694,1
mimic_perform_af_010,1,Logistic Regression,0.9469683147813056,1
mimic_perform_af_010,1,Logistic Regression,0.9422206725546625,1
mimic_perform_af_010,1,Logistic Regression,0.9734978225482375,1
mimic_perform_af_010,1,Logistic Regression,0.9950968088137508,1
mimic_perform_af_010,1,Logistic Regression,0.9990711632259957,1
mimic_perform_af_011,1,Logistic Regression,0.9975940896778142,1
mimic_perform_af_011,1,Logistic Regression,0.9957257921483688,1
mimic_perform_af_011,1,Logistic Regression,0.9946000719699292,1
mimic_perform_af_011,1,Logistic Regression,0.9968494509141563,1
mimic_perform_af_011,1,Logistic Regression,0.9983250480970607,1
mimic_perform_af_011,1,Logistic Regression,0.9935476454121677,1
mimic_perform_af_011,1,Logistic Regression,0.9966480622063434,1
mimic_perform_af_011,1,Logistic Regression,0.9896203892200073,1
mimic_perform_af_011,1,Logistic Regression,0.997623016394909,1
mimic_perform_af_011,1,Logistic Regression,0.9940393885990243,1
mimic_perform_af_011,1,Logistic Regression,0.9980953821960652,1
mimic_perform_af_011,1,Logistic Regression,0.9938341951199923,1
mimic_perform_af_011,1,Logistic Regression,0.9990467327804518,1
mimic_perform_af_011,1,Logistic Regression,0.9992124691410332,1
mimic_perform_af_011,1,Logistic Regression,0.9993945516990648,1
mimic_perform_af_011,1,Logistic Regression,0.9965279385113125,1
mimic_perform_af_011,1,Logistic Regression,0.9931359526905184,1
mimic_perform_af_011,1,Logistic Regression,0.9950444739567711,1
mimic_perform_af_011,1,Logistic Regression,0.99872589770427,1
mimic_perform_af_011,1,Logistic Regression,0.9995175305399251,1
mimic_perform_af_011,1,Logistic Regression,0.9996026740968473,1
mimic_perform_af_011,1,Logistic Regression,0.9990251303141982,1
mimic_perform_af_011,1,Logistic Regression,0.9996005799586412,1
mimic_perform_af_011,1,Logistic Regression,0.9995536761881932,1
mimic_perform_af_011,1,Logistic Regression,0.9998486826357765,1
mimic_perform_af_011,1,Logistic Regression,0.9993669494323423,1
mimic_perform_af_011,1,Logistic Regression,0.9982370641736856,1
mimic_perform_af_011,1,Logistic Regression,0.985059110827661,1
mimic_perform_af_011,1,Logistic Regression,0.9187723290579141,1
mimic_perform_af_011,1,Logistic Regression,0.8276851504839822,1
mimic_perform_af_011,1,Logistic Regression,0.976641572640766,1
mimic_perform_af_011,1,Logistic Regression,0.9878659594403125,1
mimic_perform_af_011,1,Logistic Regression,0.9991905953904006,1
mimic_perform_af_011,1,Logistic Regression,0.9987678215257089,1
mimic_perform_af_011,1,Logistic Regression,0.9990885177114589,1
mimic_perform_af_011,1,Logistic Regression,0.9994099317324018,1
mimic_perform_af_011,1,Logistic Regression,0.9995586862741302,1
mimic_perform_af_011,1,Logistic Regression,0.9991198092288712,1
mimic_perform_af_011,1,Logistic Regression,0.9985236113447892,1
mimic_perform_af_011,1,Logistic Regression,0.9961877998116293,1
mimic_perform_af_011,1,Logistic Regression,0.9967024765662733,1
mimic_perform_af_011,1,Logistic Regression,0.9943903654172672,1
mimic_perform_af_011,1,Logistic Regression,0.9995500163889031,1
mimic_perform_af_011,1,Logistic Regression,0.997198053684899,1
mimic_perform_af_011,1,Logistic Regression,0.9987285523009212,1
mimic_perform_af_011,1,Logistic Regression,0.9984442578670499,1
mimic_perform_af_011,1,Logistic Regression,0.9990456825223623,1
mimic_perform_af_011,1,Logistic Regression,0.9992130136924341,1
mimic_perform_af_011,1,Logistic Regression,0.9994686318866315,1
mimic_perform_af_011,1,Logistic Regression,0.9995295363835794,1
mimic_perform_af_011,1,Logistic Regression,0.9993897178574115,1
mimic_perform_af_011,1,Logistic Regression,0.999013074814502,1
mimic_perform_af_011,1,Logistic Regression,0.9964380271699393,1
mimic_perform_af_011,1,Logistic Regression,0.9970830266249283,1
mimic_perform_af_011,1,Logistic Regression,0.9984899031348898,1
mimic_perform_af_011,1,Logistic Regression,0.9987649538799567,1
mimic_perform_af_011,1,Logistic Regression,0.9976612614784015,1
mimic_perform_af_011,1,Logistic Regression,0.9993542312810356,1
mimic_perform_af_011,1,Logistic Regression,0.9990844195284009,1
mimic_perform_af_011,1,Logistic Regression,0.9932888246566284,1
mimic_perform_af_011,1,Logistic Regression,0.9980753537088305,1
mimic_perform_af_011,1,Logistic Regression,0.998764129101015,1
mimic_perform_af_011,1,Logistic Regression,0.9995895171325837,1
mimic_perform_af_011,1,Logistic Regression,0.9987411056338186,1
mimic_perform_af_011,1,Logistic Regression,0.9981127078726195,1
mimic_perform_af_011,1,Logistic Regression,0.9752523560127718,1
mimic_perform_af_011,1,Logistic Regression,0.9770007263112747,1
mimic_perform_af_011,1,Logistic Regression,0.9861357825345451,1
mimic_perform_af_011,1,Logistic Regression,0.9989520159040512,1
mimic_perform_af_011,1,Logistic Regression,0.9993397068932485,1
mimic_perform_af_011,1,Logistic Regression,0.9991538344001875,1
mimic_perform_af_011,1,Logistic Regression,0.9966013017743929,1
mimic_perform_af_011,1,Logistic Regression,0.9967532598198785,1
mimic_perform_af_011,1,Logistic Regression,0.9880053222059033,1
mimic_perform_af_011,1,Logistic Regression,0.9901961525024088,1
mimic_perform_af_011,1,Logistic Regression,0.9985380119310079,1
mimic_perform_af_011,1,Logistic Regression,0.999681759029267,1
mimic_perform_af_011,1,Logistic Regression,0.9995673548315696,1
mimic_perform_af_011,1,Logistic Regression,0.9955426231340199,1
mimic_perform_af_011,1,Logistic Regression,0.9654208863871923,1
mimic_perform_af_011,1,Logistic Regression,0.7668656327116143,1
mimic_perform_af_011,1,Logistic Regression,0.6530851911706473,1
mimic_perform_af_011,1,Logistic Regression,0.8808881800904383,1
mimic_perform_af_011,1,Logistic Regression,0.9919536166389611,1
mimic_perform_af_011,1,Logistic Regression,0.9966231584733107,1
mimic_perform_af_011,1,Logistic Regression,0.9969996220030273,1
mimic_perform_af_011,1,Logistic Regression,0.9977365482231886,1
mimic_perform_af_011,1,Logistic Regression,0.9984930709147118,1
mimic_perform_af_011,1,Logistic Regression,0.9988630481210589,1
mimic_perform_af_011,1,Logistic Regression,0.995714594380384,1
mimic_perform_af_011,1,Logistic Regression,0.9981972282903531,1
mimic_perform_af_011,1,Logistic Regression,0.9986775292268122,1
mimic_perform_af_011,1,Logistic Regression,0.9753092077430504,1
mimic_perform_af_011,1,Logistic Regression,0.8737375686935627,1
mimic_perform_af_011,1,Logistic Regression,0.6864027294984086,1
mimic_perform_af_011,1,Logistic Regression,0.9979206749927781,1
mimic_perform_af_011,1,Logistic Regression,0.9974122879526565,1
mimic_perform_af_011,1,Logistic Regression,0.9980714249644765,1
mimic_perform_af_011,1,Logistic Regression,0.9988597380086304,1
mimic_perform_af_011,1,Logistic Regression,0.9995575634188396,1
mimic_perform_af_011,1,Logistic Regression,0.9445722055853326,1
mimic_perform_af_011,1,Logistic Regression,0.9754767622346557,1
mimic_perform_af_011,1,Logistic Regression,0.9401238496031424,1
mimic_perform_af_011,1,Logistic Regression,0.9974447396252466,1
mimic_perform_af_011,1,Logistic Regression,0.9957549705536907,1
mimic_perform_af_011,1,Logistic Regression,0.9987227214841318,1
mimic_perform_af_011,1,Logistic Regression,0.9989006737121013,1
mimic_perform_af_011,1,Logistic Regression,0.9995281713584763,1
mimic_perform_af_011,1,Logistic Regression,0.9996955749597854,1
mimic_perform_af_011,1,Logistic Regression,0.998486686035589,1
mimic_perform_af_011,1,Logistic Regression,0.9959038135557395,1
mimic_perform_af_011,1,Logistic Regression,0.9974667215663533,1
mimic_perform_af_011,1,Logistic Regression,0.9994163466321663,1
mimic_perform_af_011,1,Logistic Regression,0.9996997481001468,1
mimic_perform_af_011,1,Logistic Regression,0.9977568785991462,1
mimic_perform_af_011,1,Logistic Regression,0.9929083382397565,1
mimic_perform_af_011,1,Logistic Regression,0.9777009515466014,1
mimic_perform_af_011,1,Logistic Regression,0.9711505473957304,1
mimic_perform_af_012,1,Logistic Regression,0.998706290482549,1
mimic_perform_af_012,1,Logistic Regression,0.9976990190823014,1
mimic_perform_af_012,1,Logistic Regression,0.986212960082586,1
mimic_perform_af_012,1,Logistic Regression,0.9823928602572769,1
mimic_perform_af_012,1,Logistic Regression,0.9760912888459208,1
mimic_perform_af_012,1,Logistic Regression,0.9887459513295147,1
mimic_perform_af_012,1,Logistic Regression,0.9958896493399306,1
mimic_perform_af_012,1,Logistic Regression,0.9993226983612565,1
mimic_perform_af_012,1,Logistic Regression,0.9995885221483757,1
mimic_perform_af_012,1,Logistic Regression,0.9889232582287552,1
mimic_perform_af_012,1,Logistic Regression,0.9533542600215239,1
mimic_perform_af_012,1,Logistic Regression,0.9480191262999468,1
mimic_perform_af_012,1,Logistic Regression,0.9579977803079248,1
mimic_perform_af_012,1,Logistic Regression,0.9970869236398512,1
mimic_perform_af_012,1,Logistic Regression,0.9970417306959495,1
mimic_perform_af_012,1,Logistic Regression,0.9987089459509733,1
mimic_perform_af_012,1,Logistic Regression,0.9961406614729174,1
mimic_perform_af_012,1,Logistic Regression,0.995414648258428,1
mimic_perform_af_012,1,Logistic Regression,0.9639552928895752,1
mimic_perform_af_012,1,Logistic Regression,0.9926524777994056,1
mimic_perform_af_012,1,Logistic Regression,0.9890402255091465,1
mimic_perform_af_012,1,Logistic Regression,0.9916154973128254,1
mimic_perform_af_012,1,Logistic Regression,0.9752722125893172,1
mimic_perform_af_012,1,Logistic Regression,0.968034155445843,1
mimic_perform_af_012,1,Logistic Regression,0.9789902417862133,1
mimic_perform_af_012,1,Logistic Regression,0.9934953119442533,1
mimic_perform_af_012,1,Logistic Regression,0.996495313624185,1
mimic_perform_af_012,1,Logistic Regression,0.9972494566857149,1
mimic_perform_af_012,1,Logistic Regression,0.9965663428693516,1
mimic_perform_af_012,1,Logistic Regression,0.9874504246578268,1
mimic_perform_af_012,1,Logistic Regression,0.8762117238348575,1
mimic_perform_af_012,1,Logistic Regression,0.9083630435217174,1
mimic_perform_af_012,1,Logistic Regression,0.9778472157591717,1
mimic_perform_af_012,1,Logistic Regression,0.9973822083332632,1
mimic_perform_af_012,1,Logistic Regression,0.9965429509996658,1
mimic_perform_af_012,1,Logistic Regression,0.9885834488217431,1
mimic_perform_af_012,1,Logistic Regression,0.998556508248777,1
mimic_perform_af_012,1,Logistic Regression,0.9984072724730542,1
mimic_perform_af_012,1,Logistic Regression,0.9985328298542397,1
mimic_perform_af_012,1,Logistic Regression,0.9991409763760988,1
mimic_perform_af_012,1,Logistic Regression,0.9937046595922668,1
mimic_perform_af_012,1,Logistic Regression,0.9906164398154901,1
mimic_perform_af_012,1,Logistic Regression,0.9876859400219086,1
mimic_perform_af_012,1,Logistic Regression,0.9986890530136407,1
mimic_perform_af_012,1,Logistic Regression,0.9911220365161041,1
mimic_perform_af_012,1,Logistic Regression,0.9829869481093959,1
mimic_perform_af_012,1,Logistic Regression,0.990824020929916,1
mimic_perform_af_012,1,Logistic Regression,0.996822257998788,1
mimic_perform_af_012,1,Logistic Regression,0.9978169639661193,1
mimic_perform_af_012,1,Logistic Regression,0.9927276924967499,1
mimic_perform_af_012,1,Logistic Regression,0.9963719678860553,1
mimic_perform_af_012,1,Logistic Regression,0.9987485246790695,1
mimic_perform_af_012,1,Logistic Regression,0.9932882017100165,1
mimic_perform_af_012,1,Logistic Regression,0.9868416761592999,1
mimic_perform_af_012,1,Logistic Regression,0.9967943340697177,1
mimic_perform_af_012,1,Logistic Regression,0.9965992607259578,1
mimic_perform_af_012,1,Logistic Regression,0.9995593355012758,1
mimic_perform_af_012,1,Logistic Regression,0.9893458763467032,1
mimic_perform_af_012,1,Logistic Regression,0.9902083598793557,1
mimic_perform_af_012,1,Logistic Regression,0.7420258369134165,1
mimic_perform_af_012,1,Logistic Regression,0.9827405894756406,1
mimic_perform_af_012,1,Logistic Regression,0.9890777695088842,1
mimic_perform_af_012,1,Logistic Regression,0.993644215500939,1
mimic_perform_af_012,1,Logistic Regression,0.990877718034203,1
mimic_perform_af_012,1,Logistic Regression,0.9991916542030864,1
mimic_perform_af_012,1,Logistic Regression,0.9996803451156682,1
mimic_perform_af_012,1,Logistic Regression,0.9998248483217231,1
mimic_perform_af_012,1,Logistic Regression,0.999719460992483,1
mimic_perform_af_012,1,Logistic Regression,0.9992072217439212,1
mimic_perform_af_012,1,Logistic Regression,0.999519443705104,1
mimic_perform_af_012,1,Logistic Regression,0.9940678999081012,1
mimic_perform_af_012,1,Logistic Regression,0.9947198695514275,1
mimic_perform_af_012,1,Logistic Regression,0.9992146395684337,1
mimic_perform_af_012,1,Logistic Regression,0.9972857513737989,1
mimic_perform_af_012,1,Logistic Regression,0.9990085101742291,1
mimic_perform_af_012,1,Logistic Regression,0.9907639289266253,1
mimic_perform_af_012,1,Logistic Regression,0.9453455936411973,1
mimic_perform_af_012,1,Logistic Regression,0.9556072704140284,1
mimic_perform_af_012,1,Logistic Regression,0.9951315878887751,1
mimic_perform_af_012,1,Logistic Regression,0.9989045696298564,1
mimic_perform_af_012,1,Logistic Regression,0.9972154279614998,1
mimic_perform_af_012,1,Logistic Regression,0.999592650573095,1
mimic_perform_af_012,1,Logistic Regression,0.9994278199099101,1
mimic_perform_af_012,1,Logistic Regression,0.9957931295461535,1
mimic_perform_af_012,1,Logistic Regression,0.9944954848736087,1
mimic_perform_af_012,1,Logistic Regression,0.9970401155840614,1
mimic_perform_af_012,1,Logistic Regression,0.9995630776523362,1
mimic_perform_af_012,1,Logistic Regression,0.9936492176559685,1
mimic_perform_af_012,1,Logistic Regression,0.9957225896653614,1
mimic_perform_af_012,1,Logistic Regression,0.9984333106485302,1
mimic_perform_af_012,1,Logistic Regression,0.9965123429716579,1
mimic_perform_af_012,1,Logistic Regression,0.9985687362126945,1
mimic_perform_af_012,1,Logistic Regression,0.9959257191020262,1
mimic_perform_af_012,1,Logistic Regression,0.9976725424726129,1
mimic_perform_af_012,1,Logistic Regression,0.9974527431742279,1
mimic_perform_af_012,1,Logistic Regression,0.9939223245148697,1
mimic_perform_af_012,1,Logistic Regression,0.9946430394880177,1
mimic_perform_af_012,1,Logistic Regression,0.9887340504070055,1
mimic_perform_af_012,1,Logistic Regression,0.9993466603017449,1
mimic_perform_af_012,1,Logistic Regression,0.9997146683856535,1
mimic_perform_af_012,1,Logistic Regression,0.9988787422812256,1
mimic_perform_af_012,1,Logistic Regression,0.9933361162949875,1
mimic_perform_af_012,1,Logistic Regression,0.996266228393179,1
mimic_perform_af_012,1,Logistic Regression,0.9932301277761847,1
mimic_perform_af_012,1,Logistic Regression,0.9993486758670822,1
mimic_perform_af_012,1,Logistic Regression,0.9965164075141095,1
mimic_perform_af_012,1,Logistic Regression,0.9984154727872522,1
mimic_perform_af_012,1,Logistic Regression,0.9985015854354653,1
mimic_perform_af_012,1,Logistic Regression,0.9984003476408865,1
mimic_perform_af_012,1,Logistic Regression,0.9972960849390009,1
mimic_perform_af_012,1,Logistic Regression,0.9976324478761275,1
mimic_perform_af_012,1,Logistic Regression,0.9929306966590008,1
mimic_perform_af_012,1,Logistic Regression,0.9947568839802795,1
mimic_perform_af_012,1,Logistic Regression,0.9898676334514713,1
mimic_perform_af_012,1,Logistic Regression,0.9903966739021124,1
mimic_perform_af_012,1,Logistic Regression,0.9952689636900083,1
mimic_perform_af_012,1,Logistic Regression,0.9719434413700582,1
mimic_perform_af_012,1,Logistic Regression,0.9972317791325831,1
mimic_perform_af_013,1,Logistic Regression,0.9583623492456899,1
mimic_perform_af_013,1,Logistic Regression,0.9806321061676773,1
mimic_perform_af_013,1,Logistic Regression,0.998096386201933,1
mimic_perform_af_013,1,Logistic Regression,0.9997428736237417,1
mimic_perform_af_013,1,Logistic Regression,0.999481761778442,1
mimic_perform_af_013,1,Logistic Regression,0.9995009205526769,1
mimic_perform_af_013,1,Logistic Regression,0.9964714634693812,1
mimic_perform_af_013,1,Logistic Regression,0.9907203253653412,1
mimic_perform_af_013,1,Logistic Regression,0.9878186639418777,1
mimic_perform_af_013,1,Logistic Regression,0.9574054926741997,1
mimic_perform_af_013,1,Logistic Regression,0.9790935405939456,1
mimic_perform_af_013,1,Logistic Regression,0.9208772145778064,1
mimic_perform_af_013,1,Logistic Regression,0.9170347099101095,1
mimic_perform_af_013,1,Logistic Regression,0.9178002005606652,1
mimic_perform_af_013,1,Logistic Regression,0.8593975227579501,1
mimic_perform_af_013,1,Logistic Regression,0.8648152285811371,1
mimic_perform_af_013,1,Logistic Regression,0.917653311251481,1
mimic_perform_af_013,1,Logistic Regression,0.7356896948751217,1
mimic_perform_af_013,1,Logistic Regression,0.8738997765396082,1
mimic_perform_af_013,1,Logistic Regression,0.9082980244779877,1
mimic_perform_af_013,1,Logistic Regression,0.918390557332655,1
mimic_perform_af_013,1,Logistic Regression,0.9125949786646484,1
mimic_perform_af_013,1,Logistic Regression,0.9838471860700304,1
mimic_perform_af_013,1,Logistic Regression,0.9705419257284414,1
mimic_perform_af_013,1,Logistic Regression,0.9697832825463266,1
mimic_perform_af_013,1,Logistic Regression,0.8936662043867216,1
mimic_perform_af_013,1,Logistic Regression,0.9782575861554023,1
mimic_perform_af_013,1,Logistic Regression,0.9780343831045462,1
mimic_perform_af_013,1,Logistic Regression,0.9934372989851288,1
mimic_perform_af_013,1,Logistic Regression,0.9534954515894897,1
mimic_perform_af_013,1,Logistic Regression,0.7563797185321817,1
mimic_perform_af_013,1,Logistic Regression,0.8346754189332684,1
mimic_perform_af_013,1,Logistic Regression,0.7613385668594782,1
mimic_perform_af_013,1,Logistic Regression,0.9796155583501325,1
mimic_perform_af_013,1,Logistic Regression,0.9885020176762593,1
mimic_perform_af_013,1,Logistic Regression,0.9610065753632479,1
mimic_perform_af_013,1,Logistic Regression,0.7682489143235202,1
mimic_perform_af_013,1,Logistic Regression,0.7515349683511152,1
mimic_perform_af_013,1,Logistic Regression,0.9420201624555548,1
mimic_perform_af_013,1,Logistic Regression,0.8988843985594634,1
mimic_perform_af_013,1,Logistic Regression,0.945613258201414,1
mimic_perform_af_013,1,Logistic Regression,0.9756563031020801,1
mimic_perform_af_013,1,Logistic Regression,0.9652783003591129,1
mimic_perform_af_013,1,Logistic Regression,0.9590421451551577,1
mimic_perform_af_013,1,Logistic Regression,0.9755250434781575,1
mimic_perform_af_013,1,Logistic Regression,0.9955376986831292,1
mimic_perform_af_013,1,Logistic Regression,0.9935001234365254,1
mimic_perform_af_013,1,Logistic Regression,0.9977516820129664,1
mimic_perform_af_013,1,Logistic Regression,0.982728674565416,1
mimic_perform_af_013,1,Logistic Regression,0.9710103062016517,1
mimic_perform_af_013,1,Logistic Regression,0.9503437431896107,1
mimic_perform_af_013,1,Logistic Regression,0.9948570779965781,1
mimic_perform_af_013,1,Logistic Regression,0.986705257623502,1
mimic_perform_af_013,1,Logistic Regression,0.9946153368672701,1
mimic_perform_af_013,1,Logistic Regression,0.9813181101783484,1
mimic_perform_af_013,1,Logistic Regression,0.9665469690868159,1
mimic_perform_af_013,1,Logistic Regression,0.9934970461452743,1
mimic_perform_af_013,1,Logistic Regression,0.9957012470665575,1
mimic_perform_af_013,1,Logistic Regression,0.9974205022658678,1
mimic_perform_af_013,1,Logistic Regression,0.9709660494852459,1
mimic_perform_af_013,1,Logistic Regression,0.9124424126957495,1
mimic_perform_af_013,1,Logistic Regression,0.9813450459521571,1
mimic_perform_af_013,1,Logistic Regression,0.982673866068924,1
mimic_perform_af_013,1,Logistic Regression,0.9968275584413926,1
mimic_perform_af_013,1,Logistic Regression,0.9732692885844861,1
mimic_perform_af_013,1,Logistic Regression,0.9698258597913509,1
mimic_perform_af_013,1,Logistic Regression,0.9781796157742303,1
mimic_perform_af_013,1,Logistic Regression,0.969913083948939,1
mimic_perform_af_013,1,Logistic Regression,0.9896468081555366,1
mimic_perform_af_013,1,Logistic Regression,0.9567763039773015,1
mimic_perform_af_013,1,Logistic Regression,0.9170863679836316,1
mimic_perform_af_013,1,Logistic Regression,0.8510701117076771,1
mimic_perform_af_013,1,Logistic Regression,0.9410673906893535,1
mimic_perform_af_013,1,Logistic Regression,0.95355580348695,1
mimic_perform_af_013,1,Logistic Regression,0.9680723187517293,1
mimic_perform_af_013,1,Logistic Regression,0.9532625664577026,1
mimic_perform_af_013,1,Logistic Regression,0.9660190291611563,1
mimic_perform_af_013,1,Logistic Regression,0.9903434657792773,1
mimic_perform_af_013,1,Logistic Regression,0.9083684443170795,1
mimic_perform_af_013,1,Logistic Regression,0.9559824348570877,1
mimic_perform_af_013,1,Logistic Regression,0.9366897278578173,1
mimic_perform_af_013,1,Logistic Regression,0.9839670205390381,1
mimic_perform_af_013,1,Logistic Regression,0.9426983513507944,1
mimic_perform_af_013,1,Logistic Regression,0.8922555595025261,1
mimic_perform_af_013,1,Logistic Regression,0.9430950516301443,1
mimic_perform_af_013,1,Logistic Regression,0.46895862597632876,0
mimic_perform_af_013,1,Logistic Regression,0.7080928265548193,1
mimic_perform_af_013,1,Logistic Regression,0.9687216231973049,1
mimic_perform_af_013,1,Logistic Regression,0.9898478864486822,1
mimic_perform_af_013,1,Logistic Regression,0.9980227188745607,1
mimic_perform_af_013,1,Logistic Regression,0.9943818237135181,1
mimic_perform_af_013,1,Logistic Regression,0.9175202082523144,1
mimic_perform_af_013,1,Logistic Regression,0.8601426932890652,1
mimic_perform_af_013,1,Logistic Regression,0.9948271963187655,1
mimic_perform_af_013,1,Logistic Regression,0.8958830637105674,1
mimic_perform_af_013,1,Logistic Regression,0.9722909076778103,1
mimic_perform_af_013,1,Logistic Regression,0.9507798913280912,1
mimic_perform_af_013,1,Logistic Regression,0.9253156344800703,1
mimic_perform_af_013,1,Logistic Regression,0.9507321998038842,1
mimic_perform_af_013,1,Logistic Regression,0.8731802084843304,1
mimic_perform_af_013,1,Logistic Regression,0.8994803304249643,1
mimic_perform_af_013,1,Logistic Regression,0.8225606213758658,1
mimic_perform_af_013,1,Logistic Regression,0.7136948882193831,1
mimic_perform_af_013,1,Logistic Regression,0.9301973734396441,1
mimic_perform_af_013,1,Logistic Regression,0.8961846274092349,1
mimic_perform_af_013,1,Logistic Regression,0.9164847197245286,1
mimic_perform_af_013,1,Logistic Regression,0.9417004762321287,1
mimic_perform_af_013,1,Logistic Regression,0.9794795087813514,1
mimic_perform_af_013,1,Logistic Regression,0.9455833522418504,1
mimic_perform_af_013,1,Logistic Regression,0.9135727040068382,1
mimic_perform_af_013,1,Logistic Regression,0.8511476120939548,1
mimic_perform_af_013,1,Logistic Regression,0.942074202526038,1
mimic_perform_af_013,1,Logistic Regression,0.7843995483143202,1
mimic_perform_af_013,1,Logistic Regression,0.8313123996356558,1
mimic_perform_af_013,1,Logistic Regression,0.8469513315963106,1
mimic_perform_af_013,1,Logistic Regression,0.833781295551387,1
mimic_perform_af_013,1,Logistic Regression,0.9636983148265464,1
mimic_perform_af_013,1,Logistic Regression,0.8580604825107501,1
mimic_perform_af_014,1,Logistic Regression,0.999291682012808,1
mimic_perform_af_014,1,Logistic Regression,0.9964255618198933,1
mimic_perform_af_014,1,Logistic Regression,0.9981104515420198,1
mimic_perform_af_014,1,Logistic Regression,0.9947198894959578,1
mimic_perform_af_014,1,Logistic Regression,0.9958861081657706,1
mimic_perform_af_014,1,Logistic Regression,0.9986161766128132,1
mimic_perform_af_014,1,Logistic Regression,0.99853913433957,1
mimic_perform_af_014,1,Logistic Regression,0.9940017829234626,1
mimic_perform_af_014,1,Logistic Regression,0.9978896918291436,1
mimic_perform_af_014,1,Logistic Regression,0.9992036882957824,1
mimic_perform_af_014,1,Logistic Regression,0.999251335266637,1
mimic_perform_af_014,1,Logistic Regression,0.9997184061748502,1
mimic_perform_af_014,1,Logistic Regression,0.9996938417053468,1
mimic_perform_af_014,1,Logistic Regression,0.9999521015246249,1
mimic_perform_af_014,1,Logistic Regression,0.9999166694120754,1
mimic_perform_af_014,1,Logistic Regression,0.9997173808568792,1
mimic_perform_af_014,1,Logistic Regression,0.9995692096911736,1
mimic_perform_af_014,1,Logistic Regression,0.9987438635636026,1
mimic_perform_af_014,1,Logistic Regression,0.9997702772958725,1
mimic_perform_af_014,1,Logistic Regression,0.9988993034946803,1
mimic_perform_af_014,1,Logistic Regression,0.9994163941703437,1
mimic_perform_af_014,1,Logistic Regression,0.9992614688085606,1
mimic_perform_af_014,1,Logistic Regression,0.9995411914781571,1
mimic_perform_af_014,1,Logistic Regression,0.9995145210677803,1
mimic_perform_af_014,1,Logistic Regression,0.9993793890604341,1
mimic_perform_af_014,1,Logistic Regression,0.9989933838456144,1
mimic_perform_af_014,1,Logistic Regression,0.9989355170886871,1
mimic_perform_af_014,1,Logistic Regression,0.9998440508957269,1
mimic_perform_af_014,1,Logistic Regression,0.9997960693583499,1
mimic_perform_af_014,1,Logistic Regression,0.9992729265661492,1
mimic_perform_af_014,1,Logistic Regression,0.9992699207235034,1
mimic_perform_af_014,1,Logistic Regression,0.9994463968201741,1
mimic_perform_af_014,1,Logistic Regression,0.999554305202524,1
mimic_perform_af_014,1,Logistic Regression,0.9989901753480996,1
mimic_perform_af_014,1,Logistic Regression,0.9992304696224383,1
mimic_perform_af_014,1,Logistic Regression,0.9983069685864162,1
mimic_perform_af_014,1,Logistic Regression,0.9991355329256962,1
mimic_perform_af_014,1,Logistic Regression,0.9996437887542065,1
mimic_perform_af_014,1,Logistic Regression,0.9995359715842966,1
mimic_perform_af_014,1,Logistic Regression,0.9996328216709743,1
mimic_perform_af_014,1,Logistic Regression,0.999855492819099,1
mimic_perform_af_014,1,Logistic Regression,0.9989517298297281,1
mimic_perform_af_014,1,Logistic Regression,0.9985637905184177,1
mimic_perform_af_014,1,Logistic Regression,0.9887108506423661,1
mimic_perform_af_014,1,Logistic Regression,0.9987675393568007,1
mimic_perform_af_014,1,Logistic Regression,0.9933928087257468,1
mimic_perform_af_014,1,Logistic Regression,0.9894426874527597,1
mimic_perform_af_014,1,Logistic Regression,0.9901450792227097,1
mimic_perform_af_014,1,Logistic Regression,0.9995052196770798,1
mimic_perform_af_014,1,Logistic Regression,0.9998630525911746,1
mimic_perform_af_014,1,Logistic Regression,0.999797718884253,1
mimic_perform_af_014,1,Logistic Regression,0.9982992265292415,1
mimic_perform_af_014,1,Logistic Regression,0.995290319918454,1
mimic_perform_af_014,1,Logistic Regression,0.99886306223332,1
mimic_perform_af_014,1,Logistic Regression,0.9996584826289949,1
mimic_perform_af_014,1,Logistic Regression,0.9995189683108319,1
mimic_perform_af_014,1,Logistic Regression,0.9992362910223102,1
mimic_perform_af_014,1,Logistic Regression,0.9998162264807136,1
mimic_perform_af_014,1,Logistic Regression,0.9999417146044408,1
mimic_perform_af_014,1,Logistic Regression,0.9998095036669031,1
mimic_perform_af_014,1,Logistic Regression,0.9985364489788526,1
mimic_perform_af_014,1,Logistic Regression,0.9994785401865727,1
mimic_perform_af_014,1,Logistic Regression,0.9976230887360694,1
mimic_perform_af_014,1,Logistic Regression,0.9997033317378202,1
mimic_perform_af_014,1,Logistic Regression,0.9880685363881926,1
mimic_perform_af_014,1,Logistic Regression,0.9990845705285873,1
mimic_perform_af_014,1,Logistic Regression,0.9979293689007683,1
mimic_perform_af_014,1,Logistic Regression,0.9987987555286856,1
mimic_perform_af_014,1,Logistic Regression,0.9968707280584996,1
mimic_perform_af_014,1,Logistic Regression,0.9628290942705974,1
mimic_perform_af_014,1,Logistic Regression,0.9907505914442514,1
mimic_perform_af_014,1,Logistic Regression,0.9977503750382529,1
mimic_perform_af_014,1,Logistic Regression,0.9997098596706399,1
mimic_perform_af_014,1,Logistic Regression,0.9993185767389112,1
mimic_perform_af_014,1,Logistic Regression,0.9990976144249937,1
mimic_perform_af_014,1,Logistic Regression,0.9993457131309144,1
mimic_perform_af_014,1,Logistic Regression,0.9997116115057624,1
mimic_perform_af_014,1,Logistic Regression,0.9991043278298565,1
mimic_perform_af_014,1,Logistic Regression,0.9995969509691597,1
mimic_perform_af_014,1,Logistic Regression,0.999292104126023,1
mimic_perform_af_014,1,Logistic Regression,0.999473555323978,1
mimic_perform_af_014,1,Logistic Regression,0.9998193078444698,1
mimic_perform_af_014,1,Logistic Regression,0.9997549814084248,1
mimic_perform_af_014,1,Logistic Regression,0.9999450693586656,1
mimic_perform_af_014,1,Logistic Regression,0.9810582771348335,1
mimic_perform_af_014,1,Logistic Regression,0.9464678855698658,1
mimic_perform_af_014,1,Logistic Regression,0.330258548497036,0
mimic_perform_af_014,1,Logistic Regression,0.990052392973219,1
mimic_perform_af_014,1,Logistic Regression,0.922229493801053,1
mimic_perform_af_014,1,Logistic Regression,0.9979632701705742,1
mimic_perform_af_014,1,Logistic Regression,0.999248200621526,1
mimic_perform_af_014,1,Logistic Regression,0.9986158229570226,1
mimic_perform_af_014,1,Logistic Regression,0.9696155614573267,1
mimic_perform_af_014,1,Logistic Regression,0.9806213323299298,1
mimic_perform_af_014,1,Logistic Regression,0.9765835891464676,1
mimic_perform_af_014,1,Logistic Regression,0.9996999502244598,1
mimic_perform_af_014,1,Logistic Regression,0.9997455786226321,1
mimic_perform_af_014,1,Logistic Regression,0.9997516837919893,1
mimic_perform_af_014,1,Logistic Regression,0.999381284312477,1
mimic_perform_af_014,1,Logistic Regression,0.9976423912541617,1
mimic_perform_af_014,1,Logistic Regression,0.9774334368737996,1
mimic_perform_af_014,1,Logistic Regression,0.9793826675245068,1
mimic_perform_af_014,1,Logistic Regression,0.9936003434385802,1
mimic_perform_af_014,1,Logistic Regression,0.9994491336932709,1
mimic_perform_af_014,1,Logistic Regression,0.9995206672264239,1
mimic_perform_af_014,1,Logistic Regression,0.9984741975331201,1
mimic_perform_af_014,1,Logistic Regression,0.9992774619246549,1
mimic_perform_af_014,1,Logistic Regression,0.9982936876344048,1
mimic_perform_af_014,1,Logistic Regression,0.9994920788391236,1
mimic_perform_af_014,1,Logistic Regression,0.9991686164350553,1
mimic_perform_af_014,1,Logistic Regression,0.9994784395746962,1
mimic_perform_af_014,1,Logistic Regression,0.9984878480557683,1
mimic_perform_af_014,1,Logistic Regression,0.9982385353840663,1
mimic_perform_af_014,1,Logistic Regression,0.9986341200189028,1
mimic_perform_af_014,1,Logistic Regression,0.9992343014494373,1
mimic_perform_af_014,1,Logistic Regression,0.9957409491485095,1
mimic_perform_af_014,1,Logistic Regression,0.9948668853428796,1
mimic_perform_af_014,1,Logistic Regression,0.998228008920698,1
mimic_perform_af_015,1,Logistic Regression,0.9846966618450382,1
mimic_perform_af_015,1,Logistic Regression,0.9916220801685162,1
mimic_perform_af_015,1,Logistic Regression,0.9973506068164889,1
mimic_perform_af_015,1,Logistic Regression,0.995747250025164,1
mimic_perform_af_015,1,Logistic Regression,0.9897435056957847,1
mimic_perform_af_015,1,Logistic Regression,0.9967111722899242,1
mimic_perform_af_015,1,Logistic Regression,0.9968158514028675,1
mimic_perform_af_015,1,Logistic Regression,0.9954927888925681,1
mimic_perform_af_015,1,Logistic Regression,0.9942422875652963,1
mimic_perform_af_015,1,Logistic Regression,0.997759068821595,1
mimic_perform_af_015,1,Logistic Regression,0.9961535606163994,1
mimic_perform_af_015,1,Logistic Regression,0.9988497085549473,1
mimic_perform_af_015,1,Logistic Regression,0.9982359907312333,1
mimic_perform_af_015,1,Logistic Regression,0.9957473932136701,1
mimic_perform_af_015,1,Logistic Regression,0.977500470183902,1
mimic_perform_af_015,1,Logistic Regression,0.9866407409345348,1
mimic_perform_af_015,1,Logistic Regression,0.9916427189438871,1
mimic_perform_af_015,1,Logistic Regression,0.984259455886736,1
mimic_perform_af_015,1,Logistic Regression,0.9957116153820313,1
mimic_perform_af_015,1,Logistic Regression,0.9973425008117484,1
mimic_perform_af_015,1,Logistic Regression,0.9902282136507203,1
mimic_perform_af_015,1,Logistic Regression,0.9992983505333689,1
mimic_perform_af_015,1,Logistic Regression,0.9985981438663474,1
mimic_perform_af_015,1,Logistic Regression,0.998937607624753,1
mimic_perform_af_015,1,Logistic Regression,0.9994523274735488,1
mimic_perform_af_015,1,Logistic Regression,0.9996228348218666,1
mimic_perform_af_015,1,Logistic Regression,0.9983574984462646,1
mimic_perform_af_015,1,Logistic Regression,0.9945389001891154,1
mimic_perform_af_015,1,Logistic Regression,0.9780067706691574,1
mimic_perform_af_015,1,Logistic Regression,0.9954728144098601,1
mimic_perform_af_015,1,Logistic Regression,0.9846924030527358,1
mimic_perform_af_015,1,Logistic Regression,0.9951915995256384,1
mimic_perform_af_015,1,Logistic Regression,0.9954184222400307,1
mimic_perform_af_015,1,Logistic Regression,0.9962876889341309,1
mimic_perform_af_015,1,Logistic Regression,0.9944855079617225,1
mimic_perform_af_015,1,Logistic Regression,0.9982310662467991,1
mimic_perform_af_015,1,Logistic Regression,0.9956602209345422,1
mimic_perform_af_015,1,Logistic Regression,0.9949959530915965,1
mimic_perform_af_015,1,Logistic Regression,0.9948424023507823,1
mimic_perform_af_015,1,Logistic Regression,0.9944602067789855,1
mimic_perform_af_015,1,Logistic Regression,0.997978299939774,1
mimic_perform_af_015,1,Logistic Regression,0.8842296026733101,1
mimic_perform_af_015,1,Logistic Regression,0.97508391048809,1
mimic_perform_af_015,1,Logistic Regression,0.9578788035961203,1
mimic_perform_af_015,1,Logistic Regression,0.992139625955318,1
mimic_perform_af_015,1,Logistic Regression,0.9525181524779587,1
mimic_perform_af_015,1,Logistic Regression,0.998232686298215,1
mimic_perform_af_015,1,Logistic Regression,0.9674558354196501,1
mimic_perform_af_015,1,Logistic Regression,0.9897321370502844,1
mimic_perform_af_015,1,Logistic Regression,0.9727300232242803,1
mimic_perform_af_015,1,Logistic Regression,0.9932382755005116,1
mimic_perform_af_015,1,Logistic Regression,0.9975543025097413,1
mimic_perform_af_015,1,Logistic Regression,0.999670537438475,1
mimic_perform_af_015,1,Logistic Regression,0.9983322267862763,1
mimic_perform_af_015,1,Logistic Regression,0.9989657836834113,1
mimic_perform_af_015,1,Logistic Regression,0.9875372609568424,1
mimic_perform_af_015,1,Logistic Regression,0.9439751365729953,1
mimic_perform_af_015,1,Logistic Regression,0.9747358650206269,1
mimic_perform_af_015,1,Logistic Regression,0.9871224053953882,1
mimic_perform_af_015,1,Logistic Regression,0.9960586675578328,1
mimic_perform_af_015,1,Logistic Regression,0.9836270167477,1
mimic_perform_af_015,1,Logistic Regression,0.9889890124286578,1
mimic_perform_af_015,1,Logistic Regression,0.9892192680300147,1
mimic_perform_af_015,1,Logistic Regression,0.9986539957432985,1
mimic_perform_af_015,1,Logistic Regression,0.9988727457713754,1
mimic_perform_af_015,1,Logistic Regression,0.9968554524966404,1
mimic_perform_af_015,1,Logistic Regression,0.980812911210831,1
mimic_perform_af_015,1,Logistic Regression,0.9612707376325764,1
mimic_perform_af_015,1,Logistic Regression,0.9529257807295953,1
mimic_perform_af_015,1,Logistic Regression,0.9921534070631451,1
mimic_perform_af_015,1,Logistic Regression,0.9975613869736945,1
mimic_perform_af_015,1,Logistic Regression,0.9979557362001403,1
mimic_perform_af_015,1,Logistic Regression,0.9939972656318068,1
mimic_perform_af_015,1,Logistic Regression,0.9963672919437659,1
mimic_perform_af_015,1,Logistic Regression,0.9895421738916189,1
mimic_perform_af_015,1,Logistic Regression,0.9991096344590268,1
mimic_perform_af_015,1,Logistic Regression,0.9988825410551043,1
mimic_perform_af_015,1,Logistic Regression,0.9956071851077096,1
mimic_perform_af_015,1,Logistic Regression,0.9958673843368999,1
mimic_perform_af_015,1,Logistic Regression,0.9801430848449212,1
mimic_perform_af_015,1,Logistic Regression,0.8880749710370364,1
mimic_perform_af_015,1,Logistic Regression,0.9601912291885846,1
mimic_perform_af_015,1,Logistic Regression,0.9971503466720205,1
mimic_perform_af_015,1,Logistic Regression,0.9960817652579085,1
mimic_perform_af_015,1,Logistic Regression,0.9947141756025685,1
mimic_perform_af_015,1,Logistic Regression,0.9534086403986056,1
mimic_perform_af_015,1,Logistic Regression,0.9848159819511212,1
mimic_perform_af_015,1,Logistic Regression,0.9967418300989915,1
mimic_perform_af_015,1,Logistic Regression,0.9942125099596392,1
mimic_perform_af_015,1,Logistic Regression,0.9983847777286534,1
mimic_perform_af_015,1,Logistic Regression,0.9899630553966573,1
mimic_perform_af_015,1,Logistic Regression,0.9990306546124984,1
mimic_perform_af_015,1,Logistic Regression,0.9909734167421326,1
mimic_perform_af_015,1,Logistic Regression,0.9971053431129974,1
mimic_perform_af_015,1,Logistic Regression,0.9990923679454135,1
mimic_perform_af_015,1,Logistic Regression,0.9993963777137959,1
mimic_perform_af_015,1,Logistic Regression,0.9887362465757353,1
mimic_perform_af_015,1,Logistic Regression,0.9905449653041674,1
mimic_perform_af_015,1,Logistic Regression,0.9791412348540525,1
mimic_perform_af_015,1,Logistic Regression,0.9971085212811996,1
mimic_perform_af_015,1,Logistic Regression,0.9963732308849865,1
mimic_perform_af_015,1,Logistic Regression,0.9989114697882913,1
mimic_perform_af_015,1,Logistic Regression,0.9983182540351463,1
mimic_perform_af_015,1,Logistic Regression,0.9903986258013004,1
mimic_perform_af_015,1,Logistic Regression,0.9973755659724453,1
mimic_perform_af_015,1,Logistic Regression,0.9767618484154885,1
mimic_perform_af_015,1,Logistic Regression,0.423732245122546,0
mimic_perform_af_015,1,Logistic Regression,0.7052659858382418,1
mimic_perform_af_015,1,Logistic Regression,0.8830559859491729,1
mimic_perform_af_015,1,Logistic Regression,0.9839566185520785,1
mimic_perform_af_015,1,Logistic Regression,0.9866317963987239,1
mimic_perform_af_015,1,Logistic Regression,0.9839277391256329,1
mimic_perform_af_015,1,Logistic Regression,0.9828093808559454,1
mimic_perform_af_015,1,Logistic Regression,0.9983265005971664,1
mimic_perform_af_015,1,Logistic Regression,0.9863676771697544,1
mimic_perform_af_015,1,Logistic Regression,0.9688109690891331,1
mimic_perform_af_015,1,Logistic Regression,0.988058522727499,1
mimic_perform_af_015,1,Logistic Regression,0.9963425647528706,1
mimic_perform_af_016,1,Logistic Regression,0.999979731418878,1
mimic_perform_af_016,1,Logistic Regression,0.9999806694228892,1
mimic_perform_af_016,1,Logistic Regression,0.9999299844033589,1
mimic_perform_af_016,1,Logistic Regression,0.9989171153907087,1
mimic_perform_af_016,1,Logistic Regression,0.9988075653689901,1
mimic_perform_af_016,1,Logistic Regression,0.9983575207442109,1
mimic_perform_af_016,1,Logistic Regression,0.9884674429294322,1
mimic_perform_af_016,1,Logistic Regression,0.9948963138463153,1
mimic_perform_af_016,1,Logistic Regression,0.9991346540293203,1
mimic_perform_af_016,1,Logistic Regression,0.9998715681720517,1
mimic_perform_af_016,1,Logistic Regression,0.9996789068041394,1
mimic_perform_af_016,1,Logistic Regression,0.9994185007285649,1
mimic_perform_af_016,1,Logistic Regression,0.9927337338713484,1
mimic_perform_af_016,1,Logistic Regression,0.8085945574647091,1
mimic_perform_af_016,1,Logistic Regression,0.3762078138606104,0
mimic_perform_af_016,1,Logistic Regression,0.001803866871313905,0
mimic_perform_af_016,1,Logistic Regression,0.041238320111670924,0
mimic_perform_af_016,1,Logistic Regression,0.0033708142052739096,0
mimic_perform_af_016,1,Logistic Regression,0.6556074487239448,1
mimic_perform_af_016,1,Logistic Regression,0.41587097646068316,0
mimic_perform_af_016,1,Logistic Regression,0.9921188544546768,1
mimic_perform_af_016,1,Logistic Regression,0.9040028198523375,1
mimic_perform_af_016,1,Logistic Regression,0.9902924981398223,1
mimic_perform_af_016,1,Logistic Regression,0.9974376735001791,1
mimic_perform_af_016,1,Logistic Regression,0.9985564541755423,1
mimic_perform_af_016,1,Logistic Regression,0.9965921773794476,1
mimic_perform_af_016,1,Logistic Regression,0.9968159821318656,1
mimic_perform_af_016,1,Logistic Regression,0.9927690981938029,1
mimic_perform_af_016,1,Logistic Regression,0.9918305126695234,1
mimic_perform_af_016,1,Logistic Regression,0.9355667748493466,1
mimic_perform_af_016,1,Logistic Regression,0.8469820490463033,1
mimic_perform_af_016,1,Logistic Regression,0.9786701838212407,1
mimic_perform_af_016,1,Logistic Regression,0.9948284003003591,1
mimic_perform_af_016,1,Logistic Regression,0.9991797993386362,1
mimic_perform_af_016,1,Logistic Regression,0.9930225991010501,1
mimic_perform_af_016,1,Logistic Regression,0.9953902547622595,1
mimic_perform_af_016,1,Logistic Regression,0.9820674338570217,1
mimic_perform_af_016,1,Logistic Regression,0.9973869483821509,1
mimic_perform_af_016,1,Logistic Regression,0.9986282289038894,1
mimic_perform_af_016,1,Logistic Regression,0.9981431987046476,1
mimic_perform_af_016,1,Logistic Regression,0.9890921958256783,1
mimic_perform_af_016,1,Logistic Regression,0.9968480292642359,1
mimic_perform_af_016,1,Logistic Regression,0.996766586092312,1
mimic_perform_af_016,1,Logistic Regression,0.9960199253247225,1
mimic_perform_af_016,1,Logistic Regression,0.9947099311953672,1
mimic_perform_af_016,1,Logistic Regression,0.9693665378067844,1
mimic_perform_af_016,1,Logistic Regression,0.9963309499536657,1
mimic_perform_af_016,1,Logistic Regression,0.9954551023550969,1
mimic_perform_af_016,1,Logistic Regression,0.9986396866146089,1
mimic_perform_af_016,1,Logistic Regression,0.9981008308529994,1
mimic_perform_af_016,1,Logistic Regression,0.9975083539431675,1
mimic_perform_af_016,1,Logistic Regression,0.9901190825685139,1
mimic_perform_af_016,1,Logistic Regression,0.935364845262169,1
mimic_perform_af_016,1,Logistic Regression,0.9850691859410247,1
mimic_perform_af_016,1,Logistic Regression,0.9905496735875002,1
mimic_perform_af_016,1,Logistic Regression,0.9922687864177315,1
mimic_perform_af_016,1,Logistic Regression,0.9838367440016077,1
mimic_perform_af_016,1,Logistic Regression,0.9982188245886091,1
mimic_perform_af_016,1,Logistic Regression,0.9961676078682187,1
mimic_perform_af_016,1,Logistic Regression,0.9977431132965217,1
mimic_perform_af_016,1,Logistic Regression,0.9552047964672807,1
mimic_perform_af_016,1,Logistic Regression,0.992865771746822,1
mimic_perform_af_016,1,Logistic Regression,0.9991845884889012,1
mimic_perform_af_016,1,Logistic Regression,0.999799339741937,1
mimic_perform_af_016,1,Logistic Regression,0.997257451030081,1
mimic_perform_af_016,1,Logistic Regression,0.9946242633030967,1
mimic_perform_af_016,1,Logistic Regression,0.9975474027761732,1
mimic_perform_af_016,1,Logistic Regression,0.9995908004722253,1
mimic_perform_af_016,1,Logistic Regression,0.9986768900946444,1
mimic_perform_af_016,1,Logistic Regression,0.9997456458629923,1
mimic_perform_af_016,1,Logistic Regression,0.9970976997204564,1
mimic_perform_af_016,1,Logistic Regression,0.9959531828369375,1
mimic_perform_af_016,1,Logistic Regression,0.9938333107821703,1
mimic_perform_af_016,1,Logistic Regression,0.999338441132142,1
mimic_perform_af_016,1,Logistic Regression,0.9997954745002633,1
mimic_perform_af_016,1,Logistic Regression,0.9997127585942237,1
mimic_perform_af_016,1,Logistic Regression,0.9996351428470651,1
mimic_perform_af_016,1,Logistic Regression,0.9990087519860932,1
mimic_perform_af_016,1,Logistic Regression,0.9991331735718164,1
mimic_perform_af_016,1,Logistic Regression,0.9969679053653112,1
mimic_perform_af_016,1,Logistic Regression,0.9990616065902639,1
mimic_perform_af_016,1,Logistic Regression,0.9977555256726757,1
mimic_perform_af_016,1,Logistic Regression,0.9938785868896536,1
mimic_perform_af_016,1,Logistic Regression,0.961660443641224,1
mimic_perform_af_016,1,Logistic Regression,0.9735956952309855,1
mimic_perform_af_016,1,Logistic Regression,0.9974703097138148,1
mimic_perform_af_016,1,Logistic Regression,0.9983576610337347,1
mimic_perform_af_016,1,Logistic Regression,0.9113451735809329,1
mimic_perform_af_016,1,Logistic Regression,0.9971294881025604,1
mimic_perform_af_016,1,Logistic Regression,0.9966028926691756,1
mimic_perform_af_016,1,Logistic Regression,0.8629293573982039,1
mimic_perform_af_016,1,Logistic Regression,0.7853354400474545,1
mimic_perform_af_016,1,Logistic Regression,0.7764030457703784,1
mimic_perform_af_016,1,Logistic Regression,0.9726658389120039,1
mimic_perform_af_016,1,Logistic Regression,0.9936142959827374,1
mimic_perform_af_016,1,Logistic Regression,0.9816101314907665,1
mimic_perform_af_016,1,Logistic Regression,0.999644088843835,1
mimic_perform_af_016,1,Logistic Regression,0.9987915134854035,1
mimic_perform_af_016,1,Logistic Regression,0.9983353724086517,1
mimic_perform_af_016,1,Logistic Regression,0.9959948528741082,1
mimic_perform_af_016,1,Logistic Regression,0.956372672981231,1
mimic_perform_af_016,1,Logistic Regression,0.985587770642658,1
mimic_perform_af_016,1,Logistic Regression,0.9961513428093547,1
mimic_perform_af_016,1,Logistic Regression,0.9997267334577989,1
mimic_perform_af_016,1,Logistic Regression,0.9988239772741959,1
mimic_perform_af_016,1,Logistic Regression,0.9985342687627327,1
mimic_perform_af_016,1,Logistic Regression,0.9986109240715598,1
mimic_perform_af_016,1,Logistic Regression,0.9998047050494192,1
mimic_perform_af_016,1,Logistic Regression,0.996564679033899,1
mimic_perform_af_016,1,Logistic Regression,0.9929978051869636,1
mimic_perform_af_016,1,Logistic Regression,0.9696888678489135,1
mimic_perform_af_016,1,Logistic Regression,0.9955674418878803,1
mimic_perform_af_016,1,Logistic Regression,0.9933483092134612,1
mimic_perform_af_016,1,Logistic Regression,0.999572028643416,1
mimic_perform_af_016,1,Logistic Regression,0.9990993126073727,1
mimic_perform_af_016,1,Logistic Regression,0.9998485228287511,1
mimic_perform_af_016,1,Logistic Regression,0.999864762512105,1
mimic_perform_af_016,1,Logistic Regression,0.9964421592776632,1
mimic_perform_af_017,1,Logistic Regression,0.9976605633922443,1
mimic_perform_af_017,1,Logistic Regression,0.9964336710446302,1
mimic_perform_af_017,1,Logistic Regression,0.9995271189508835,1
mimic_perform_af_017,1,Logistic Regression,0.9985189870872725,1
mimic_perform_af_017,1,Logistic Regression,0.9738025452697183,1
mimic_perform_af_017,1,Logistic Regression,0.9780642273888145,1
mimic_perform_af_017,1,Logistic Regression,0.8721797987831638,1
mimic_perform_af_017,1,Logistic Regression,0.9884441956619097,1
mimic_perform_af_017,1,Logistic Regression,0.998907080879366,1
mimic_perform_af_017,1,Logistic Regression,0.9991253723442027,1
mimic_perform_af_017,1,Logistic Regression,0.9991429268348316,1
mimic_perform_af_017,1,Logistic Regression,0.9979494088651408,1
mimic_perform_af_017,1,Logistic Regression,0.9984833301383765,1
mimic_perform_af_017,1,Logistic Regression,0.9961332504937099,1
mimic_perform_af_017,1,Logistic Regression,0.9982588653312882,1
mimic_perform_af_017,1,Logistic Regression,0.9997751251875546,1
mimic_perform_af_017,1,Logistic Regression,0.999927326088862,1
mimic_perform_af_017,1,Logistic Regression,0.9999010477193413,1
mimic_perform_af_017,1,Logistic Regression,0.9996736147263027,1
mimic_perform_af_017,1,Logistic Regression,0.9895727251541552,1
mimic_perform_af_017,1,Logistic Regression,0.9844315119619469,1
mimic_perform_af_017,1,Logistic Regression,0.9898304639247774,1
mimic_perform_af_017,1,Logistic Regression,0.9997968920206037,1
mimic_perform_af_017,1,Logistic Regression,0.9997641676177549,1
mimic_perform_af_017,1,Logistic Regression,0.9990246971611225,1
mimic_perform_af_017,1,Logistic Regression,0.9936509046790126,1
mimic_perform_af_017,1,Logistic Regression,0.9929992585111799,1
mimic_perform_af_017,1,Logistic Regression,0.996645153133398,1
mimic_perform_af_017,1,Logistic Regression,0.9987364983638447,1
mimic_perform_af_017,1,Logistic Regression,0.9993534110418058,1
mimic_perform_af_017,1,Logistic Regression,0.998006011205976,1
mimic_perform_af_017,1,Logistic Regression,0.9990462184362634,1
mimic_perform_af_017,1,Logistic Regression,0.9989631015890227,1
mimic_perform_af_017,1,Logistic Regression,0.9998605365014345,1
mimic_perform_af_017,1,Logistic Regression,0.9998512361038283,1
mimic_perform_af_017,1,Logistic Regression,0.9992315796995335,1
mimic_perform_af_017,1,Logistic Regression,0.9986695450767513,1
mimic_perform_af_017,1,Logistic Regression,0.9923504414109242,1
mimic_perform_af_017,1,Logistic Regression,0.9795488987075865,1
mimic_perform_af_017,1,Logistic Regression,0.9893916554790668,1
mimic_perform_af_017,1,Logistic Regression,0.9962368561122739,1
mimic_perform_af_017,1,Logistic Regression,0.9939260948007271,1
mimic_perform_af_017,1,Logistic Regression,0.9994055542764473,1
mimic_perform_af_017,1,Logistic Regression,0.9995709491172674,1
mimic_perform_af_017,1,Logistic Regression,0.9992733773925656,1
mimic_perform_af_017,1,Logistic Regression,0.998019478659048,1
mimic_perform_af_017,1,Logistic Regression,0.9986836056632905,1
mimic_perform_af_017,1,Logistic Regression,0.9982462628081417,1
mimic_perform_af_017,1,Logistic Regression,0.9993928464292001,1
mimic_perform_af_017,1,Logistic Regression,0.9978512411050912,1
mimic_perform_af_017,1,Logistic Regression,0.9993554670020435,1
mimic_perform_af_017,1,Logistic Regression,0.9991091506919835,1
mimic_perform_af_017,1,Logistic Regression,0.999685735962851,1
mimic_perform_af_017,1,Logistic Regression,0.9997579044291638,1
mimic_perform_af_017,1,Logistic Regression,0.9975901178881116,1
mimic_perform_af_017,1,Logistic Regression,0.9989187903432897,1
mimic_perform_af_017,1,Logistic Regression,0.998277939822111,1
mimic_perform_af_017,1,Logistic Regression,0.9278850087063095,1
mimic_perform_af_017,1,Logistic Regression,0.9438529402685856,1
mimic_perform_af_017,1,Logistic Regression,0.9784242902363578,1
mimic_perform_af_017,1,Logistic Regression,0.9992763466955342,1
mimic_perform_af_017,1,Logistic Regression,0.9985917702805617,1
mimic_perform_af_017,1,Logistic Regression,0.9996854206547362,1
mimic_perform_af_017,1,Logistic Regression,0.9983965304074631,1
mimic_perform_af_017,1,Logistic Regression,0.9778653716930784,1
mimic_perform_af_017,1,Logistic Regression,0.9308350332992303,1
mimic_perform_af_017,1,Logistic Regression,0.9258606033808492,1
mimic_perform_af_017,1,Logistic Regression,0.8600234009458655,1
mimic_perform_af_017,1,Logistic Regression,0.9822609347189779,1
mimic_perform_af_017,1,Logistic Regression,0.9826032706115916,1
mimic_perform_af_017,1,Logistic Regression,0.9863635964054936,1
mimic_perform_af_017,1,Logistic Regression,0.9960020616008294,1
mimic_perform_af_017,1,Logistic Regression,0.9981068063343458,1
mimic_perform_af_017,1,Logistic Regression,0.999073246773686,1
mimic_perform_af_017,1,Logistic Regression,0.9950225561352999,1
mimic_perform_af_017,1,Logistic Regression,0.9279514435387395,1
mimic_perform_af_017,1,Logistic Regression,0.9627148151893377,1
mimic_perform_af_017,1,Logistic Regression,0.9576457252365589,1
mimic_perform_af_017,1,Logistic Regression,0.9851675209797173,1
mimic_perform_af_017,1,Logistic Regression,0.9646969112249343,1
mimic_perform_af_017,1,Logistic Regression,0.9985037755313797,1
mimic_perform_af_017,1,Logistic Regression,0.9977901117196344,1
mimic_perform_af_017,1,Logistic Regression,0.9973591369006342,1
mimic_perform_af_017,1,Logistic Regression,0.9986188803388066,1
mimic_perform_af_017,1,Logistic Regression,0.9986098463850442,1
mimic_perform_af_017,1,Logistic Regression,0.9931372944992722,1
mimic_perform_af_017,1,Logistic Regression,0.9933626192089956,1
mimic_perform_af_017,1,Logistic Regression,0.9956500972993662,1
mimic_perform_af_017,1,Logistic Regression,0.9953847078640993,1
mimic_perform_af_017,1,Logistic Regression,0.9942261742702527,1
mimic_perform_af_017,1,Logistic Regression,0.9449391252237528,1
mimic_perform_af_017,1,Logistic Regression,0.9656303299063647,1
mimic_perform_af_017,1,Logistic Regression,0.9317435815469891,1
mimic_perform_af_017,1,Logistic Regression,0.9886485526987636,1
mimic_perform_af_017,1,Logistic Regression,0.9985391588889188,1
mimic_perform_af_017,1,Logistic Regression,0.9998510563202436,1
mimic_perform_af_017,1,Logistic Regression,0.9991341466553216,1
mimic_perform_af_017,1,Logistic Regression,0.996897363459942,1
mimic_perform_af_017,1,Logistic Regression,0.9933772277893954,1
mimic_perform_af_017,1,Logistic Regression,0.9711208678467527,1
mimic_perform_af_017,1,Logistic Regression,0.9964672510515695,1
mimic_perform_af_017,1,Logistic Regression,0.9991739492557338,1
mimic_perform_af_017,1,Logistic Regression,0.9998437075104825,1
mimic_perform_af_017,1,Logistic Regression,0.9996813309598842,1
mimic_perform_af_017,1,Logistic Regression,0.9987350404350731,1
mimic_perform_af_017,1,Logistic Regression,0.9925802551619338,1
mimic_perform_af_017,1,Logistic Regression,0.9921091860863076,1
mimic_perform_af_017,1,Logistic Regression,0.9971847392202774,1
mimic_perform_af_017,1,Logistic Regression,0.9992495779152357,1
mimic_perform_af_017,1,Logistic Regression,0.998476292359564,1
mimic_perform_af_017,1,Logistic Regression,0.9995097026890447,1
mimic_perform_af_017,1,Logistic Regression,0.9998205883674391,1
mimic_perform_af_017,1,Logistic Regression,0.9969803986996199,1
mimic_perform_af_017,1,Logistic Regression,0.15834897470309195,0
mimic_perform_af_017,1,Logistic Regression,0.045840589878333414,0
mimic_perform_af_017,1,Logistic Regression,0.0007804259016552167,0
mimic_perform_af_017,1,Logistic Regression,0.0005686671662539959,0
mimic_perform_af_017,1,Logistic Regression,0.02161392683691219,0
mimic_perform_af_018,1,Logistic Regression,0.9997483755713149,1
mimic_perform_af_018,1,Logistic Regression,0.9998240011708958,1
mimic_perform_af_018,1,Logistic Regression,0.9997702947500618,1
mimic_perform_af_018,1,Logistic Regression,0.9998842524796177,1
mimic_perform_af_018,1,Logistic Regression,0.9997542195639367,1
mimic_perform_af_018,1,Logistic Regression,0.9988282191875291,1
mimic_perform_af_018,1,Logistic Regression,0.9986607283738479,1
mimic_perform_af_018,1,Logistic Regression,0.9986783999215628,1
mimic_perform_af_018,1,Logistic Regression,0.9971673727423526,1
mimic_perform_af_018,1,Logistic Regression,0.9970245944749446,1
mimic_perform_af_018,1,Logistic Regression,0.9988591217494162,1
mimic_perform_af_018,1,Logistic Regression,0.9992935827967966,1
mimic_perform_af_018,1,Logistic Regression,0.9997815013295666,1
mimic_perform_af_018,1,Logistic Regression,0.9995202211250447,1
mimic_perform_af_018,1,Logistic Regression,0.9981462602898896,1
mimic_perform_af_018,1,Logistic Regression,0.9986402622335793,1
mimic_perform_af_018,1,Logistic Regression,0.9979786180899402,1
mimic_perform_af_018,1,Logistic Regression,0.9994470424938692,1
mimic_perform_af_018,1,Logistic Regression,0.9997207512028431,1
mimic_perform_af_018,1,Logistic Regression,0.9996624936305293,1
mimic_perform_af_018,1,Logistic Regression,0.9993961493735386,1
mimic_perform_af_018,1,Logistic Regression,0.99885186349497,1
mimic_perform_af_018,1,Logistic Regression,0.9997272183342882,1
mimic_perform_af_018,1,Logistic Regression,0.9994517579675253,1
mimic_perform_af_018,1,Logistic Regression,0.9993389524507832,1
mimic_perform_af_018,1,Logistic Regression,0.9993451387018459,1
mimic_perform_af_018,1,Logistic Regression,0.9995246223899088,1
mimic_perform_af_018,1,Logistic Regression,0.9972698084633118,1
mimic_perform_af_018,1,Logistic Regression,0.9976780478730078,1
mimic_perform_af_018,1,Logistic Regression,0.9948937951869729,1
mimic_perform_af_018,1,Logistic Regression,0.9984816369118665,1
mimic_perform_af_018,1,Logistic Regression,0.9969529937613139,1
mimic_perform_af_018,1,Logistic Regression,0.9994889587988095,1
mimic_perform_af_018,1,Logistic Regression,0.9993963774631793,1
mimic_perform_af_018,1,Logistic Regression,0.9984888362919834,1
mimic_perform_af_018,1,Logistic Regression,0.9987487570032296,1
mimic_perform_af_018,1,Logistic Regression,0.9990548779743348,1
mimic_perform_af_018,1,Logistic Regression,0.9993083364669616,1
mimic_perform_af_018,1,Logistic Regression,0.9991133133233108,1
mimic_perform_af_018,1,Logistic Regression,0.999496719099444,1
mimic_perform_af_018,1,Logistic Regression,0.9988285657243868,1
mimic_perform_af_018,1,Logistic Regression,0.9992869782140347,1
mimic_perform_af_018,1,Logistic Regression,0.9966486713224684,1
mimic_perform_af_018,1,Logistic Regression,0.9991404750645965,1
mimic_perform_af_018,1,Logistic Regression,0.9983909697912786,1
mimic_perform_af_018,1,Logistic Regression,0.9989950353876086,1
mimic_perform_af_018,1,Logistic Regression,0.9992927405116079,1
mimic_perform_af_018,1,Logistic Regression,0.9987085670896702,1
mimic_perform_af_018,1,Logistic Regression,0.9896857323204943,1
mimic_perform_af_018,1,Logistic Regression,0.9904461996168022,1
mimic_perform_af_018,1,Logistic Regression,0.9924238700797845,1
mimic_perform_af_018,1,Logistic Regression,0.9970463641932921,1
mimic_perform_af_018,1,Logistic Regression,0.9991628565553586,1
mimic_perform_af_018,1,Logistic Regression,0.9996157696266394,1
mimic_perform_af_018,1,Logistic Regression,0.999749859185128,1
mimic_perform_af_018,1,Logistic Regression,0.9991855282364803,1
mimic_perform_af_018,1,Logistic Regression,0.9996479602415792,1
mimic_perform_af_018,1,Logistic Regression,0.999347864982623,1
mimic_perform_af_018,1,Logistic Regression,0.9996358238106156,1
mimic_perform_af_018,1,Logistic Regression,0.9983411564413752,1
mimic_perform_af_018,1,Logistic Regression,0.9968669991079143,1
mimic_perform_af_018,1,Logistic Regression,0.9971056458947226,1
mimic_perform_af_018,1,Logistic Regression,0.9979670498141266,1
mimic_perform_af_018,1,Logistic Regression,0.9992566364603854,1
mimic_perform_af_018,1,Logistic Regression,0.9997515490780691,1
mimic_perform_af_018,1,Logistic Regression,0.997909816928811,1
mimic_perform_af_018,1,Logistic Regression,0.9982265030230025,1
mimic_perform_af_018,1,Logistic Regression,0.9989574519883792,1
mimic_perform_af_018,1,Logistic Regression,0.9995047993125981,1
mimic_perform_af_018,1,Logistic Regression,0.9991353208663972,1
mimic_perform_af_018,1,Logistic Regression,0.9984819111693914,1
mimic_perform_af_018,1,Logistic Regression,0.9984011629081693,1
mimic_perform_af_018,1,Logistic Regression,0.9976505132467928,1
mimic_perform_af_018,1,Logistic Regression,0.9991161887889082,1
mimic_perform_af_018,1,Logistic Regression,0.9956677665885453,1
mimic_perform_af_018,1,Logistic Regression,0.9974619653091757,1
mimic_perform_af_018,1,Logistic Regression,0.9978250795721569,1
mimic_perform_af_018,1,Logistic Regression,0.9995388303158718,1
mimic_perform_af_018,1,Logistic Regression,0.9990475061450552,1
mimic_perform_af_018,1,Logistic Regression,0.9992861723087,1
mimic_perform_af_018,1,Logistic Regression,0.999132683237132,1
mimic_perform_af_018,1,Logistic Regression,0.999354986516442,1
mimic_perform_af_018,1,Logistic Regression,0.9982133072055532,1
mimic_perform_af_018,1,Logistic Regression,0.999568971343057,1
mimic_perform_af_018,1,Logistic Regression,0.9982499062479451,1
mimic_perform_af_018,1,Logistic Regression,0.998122083551955,1
mimic_perform_af_018,1,Logistic Regression,0.9946311415565559,1
mimic_perform_af_018,1,Logistic Regression,0.9987230482636905,1
mimic_perform_af_018,1,Logistic Regression,0.9994625626378393,1
mimic_perform_af_018,1,Logistic Regression,0.999843112212751,1
mimic_perform_af_018,1,Logistic Regression,0.9989270050087534,1
mimic_perform_af_018,1,Logistic Regression,0.9987063065324623,1
mimic_perform_af_018,1,Logistic Regression,0.9874658524271968,1
mimic_perform_af_018,1,Logistic Regression,0.9982349908680485,1
mimic_perform_af_018,1,Logistic Regression,0.9986384813803297,1
mimic_perform_af_018,1,Logistic Regression,0.999573935029786,1
mimic_perform_af_018,1,Logistic Regression,0.999618761066818,1
mimic_perform_af_018,1,Logistic Regression,0.9994637104998785,1
mimic_perform_af_018,1,Logistic Regression,0.9985099994521751,1
mimic_perform_af_018,1,Logistic Regression,0.999498739138568,1
mimic_perform_af_018,1,Logistic Regression,0.9990772757885602,1
mimic_perform_af_018,1,Logistic Regression,0.9947254022184763,1
mimic_perform_af_018,1,Logistic Regression,0.9974336400394622,1
mimic_perform_af_018,1,Logistic Regression,0.999008455503928,1
mimic_perform_af_018,1,Logistic Regression,0.999788200691638,1
mimic_perform_af_018,1,Logistic Regression,0.9988665576207408,1
mimic_perform_af_018,1,Logistic Regression,0.9974973144189061,1
mimic_perform_af_018,1,Logistic Regression,0.9969982365441409,1
mimic_perform_af_018,1,Logistic Regression,0.9987172933941276,1
mimic_perform_af_018,1,Logistic Regression,0.995935164997691,1
mimic_perform_af_018,1,Logistic Regression,0.9989588142169896,1
mimic_perform_af_018,1,Logistic Regression,0.9994520833528142,1
mimic_perform_af_018,1,Logistic Regression,0.9994892980534424,1
mimic_perform_af_018,1,Logistic Regression,0.9992034829009068,1
mimic_perform_af_018,1,Logistic Regression,0.9993809118007339,1
mimic_perform_af_018,1,Logistic Regression,0.9996445227180819,1
mimic_perform_af_018,1,Logistic Regression,0.998133482321298,1
mimic_perform_af_018,1,Logistic Regression,0.9991147417908505,1
mimic_perform_af_019,1,Logistic Regression,0.9805626679399813,1
mimic_perform_af_019,1,Logistic Regression,0.997811278262002,1
mimic_perform_af_019,1,Logistic Regression,0.9983983999864081,1
mimic_perform_af_019,1,Logistic Regression,0.999747171223646,1
mimic_perform_af_019,1,Logistic Regression,0.999420854216972,1
mimic_perform_af_019,1,Logistic Regression,0.9994042558003662,1
mimic_perform_af_019,1,Logistic Regression,0.9997603896658688,1
mimic_perform_af_019,1,Logistic Regression,0.999893161548559,1
mimic_perform_af_019,1,Logistic Regression,0.9998585494868631,1
mimic_perform_af_019,1,Logistic Regression,0.9998610567103016,1
mimic_perform_af_019,1,Logistic Regression,0.9985272621334323,1
mimic_perform_af_019,1,Logistic Regression,0.9984597715990315,1
mimic_perform_af_019,1,Logistic Regression,0.9998255626322541,1
mimic_perform_af_019,1,Logistic Regression,0.997595522988494,1
mimic_perform_af_019,1,Logistic Regression,0.9964164478225762,1
mimic_perform_af_019,1,Logistic Regression,0.9958737707154132,1
mimic_perform_af_019,1,Logistic Regression,0.9996313281117103,1
mimic_perform_af_019,1,Logistic Regression,0.9991544972480783,1
mimic_perform_af_019,1,Logistic Regression,0.9988640382570015,1
mimic_perform_af_019,1,Logistic Regression,0.9954095370615781,1
mimic_perform_af_019,1,Logistic Regression,0.9986168707078324,1
mimic_perform_af_019,1,Logistic Regression,0.9997977361331112,1
mimic_perform_af_019,1,Logistic Regression,0.9995905993316727,1
mimic_perform_af_019,1,Logistic Regression,0.99944281610425,1
mimic_perform_af_019,1,Logistic Regression,0.9991409504793927,1
mimic_perform_af_019,1,Logistic Regression,0.9997171498830553,1
mimic_perform_af_019,1,Logistic Regression,0.9994060291749065,1
mimic_perform_af_019,1,Logistic Regression,0.9993551320560161,1
mimic_perform_af_019,1,Logistic Regression,0.969806216993004,1
mimic_perform_af_019,1,Logistic Regression,0.9793118441270772,1
mimic_perform_af_019,1,Logistic Regression,0.985769438161033,1
mimic_perform_af_019,1,Logistic Regression,0.9997917696562811,1
mimic_perform_af_019,1,Logistic Regression,0.9996521808057002,1
mimic_perform_af_019,1,Logistic Regression,0.9970093510552267,1
mimic_perform_af_019,1,Logistic Regression,0.9972775632200971,1
mimic_perform_af_019,1,Logistic Regression,0.9974004270020435,1
mimic_perform_af_019,1,Logistic Regression,0.9961573355100535,1
mimic_perform_af_019,1,Logistic Regression,0.996330778117947,1
mimic_perform_af_019,1,Logistic Regression,0.9946504121478963,1
mimic_perform_af_019,1,Logistic Regression,0.9997060412092658,1
mimic_perform_af_019,1,Logistic Regression,0.9995551887804226,1
mimic_perform_af_019,1,Logistic Regression,0.996883740566353,1
mimic_perform_af_019,1,Logistic Regression,0.9864166689353628,1
mimic_perform_af_019,1,Logistic Regression,0.8522865689365536,1
mimic_perform_af_019,1,Logistic Regression,0.9815292004372458,1
mimic_perform_af_019,1,Logistic Regression,0.983956752214274,1
mimic_perform_af_019,1,Logistic Regression,0.9999387327938296,1
mimic_perform_af_019,1,Logistic Regression,0.9997949474043886,1
mimic_perform_af_019,1,Logistic Regression,0.9997569341737911,1
mimic_perform_af_019,1,Logistic Regression,0.9997354747941034,1
mimic_perform_af_019,1,Logistic Regression,0.9996804123744824,1
mimic_perform_af_019,1,Logistic Regression,0.9997342804410474,1
mimic_perform_af_019,1,Logistic Regression,0.9998993513209841,1
mimic_perform_af_019,1,Logistic Regression,0.9999849882094227,1
mimic_perform_af_019,1,Logistic Regression,0.99994761751754,1
mimic_perform_af_019,1,Logistic Regression,0.9997545819294272,1
mimic_perform_af_019,1,Logistic Regression,0.9997320289686835,1
mimic_perform_af_019,1,Logistic Regression,0.9999138451065462,1
mimic_perform_af_019,1,Logistic Regression,0.9998960173517716,1
mimic_perform_af_019,1,Logistic Regression,0.9999357925250653,1
mimic_perform_af_019,1,Logistic Regression,0.999591789791947,1
mimic_perform_af_019,1,Logistic Regression,0.9989411733951823,1
mimic_perform_af_019,1,Logistic Regression,0.9987641620622633,1
mimic_perform_af_019,1,Logistic Regression,0.9999403907083775,1
mimic_perform_af_019,1,Logistic Regression,0.9999609653341971,1
mimic_perform_af_019,1,Logistic Regression,0.9997904803490884,1
mimic_perform_af_019,1,Logistic Regression,0.9998415853456544,1
mimic_perform_af_019,1,Logistic Regression,0.999826809813697,1
mimic_perform_af_019,1,Logistic Regression,0.9996612649827165,1
mimic_perform_af_019,1,Logistic Regression,0.9975958545011734,1
mimic_perform_af_019,1,Logistic Regression,0.9942559143027282,1
mimic_perform_af_019,1,Logistic Regression,0.9074953808406573,1
mimic_perform_af_019,1,Logistic Regression,0.9835071150720459,1
mimic_perform_af_019,1,Logistic Regression,0.9940794052687747,1
mimic_perform_af_019,1,Logistic Regression,0.9997832885868471,1
mimic_perform_af_019,1,Logistic Regression,0.9997073267981489,1
mimic_perform_af_019,1,Logistic Regression,0.999341248857101,1
mimic_perform_af_019,1,Logistic Regression,0.9996521151562963,1
mimic_perform_af_019,1,Logistic Regression,0.9998312647288591,1
mimic_perform_af_019,1,Logistic Regression,0.999290771826316,1
mimic_perform_af_019,1,Logistic Regression,0.9994281498442023,1
mimic_perform_af_019,1,Logistic Regression,0.9995635576635191,1
mimic_perform_af_019,1,Logistic Regression,0.9996864486664687,1
mimic_perform_af_019,1,Logistic Regression,0.9999435785319177,1
mimic_perform_af_019,1,Logistic Regression,0.9999398529623724,1
mimic_perform_af_019,1,Logistic Regression,0.9999385326932339,1
mimic_perform_af_019,1,Logistic Regression,0.9998088975844092,1
mimic_perform_af_019,1,Logistic Regression,0.9978355846188914,1
mimic_perform_af_019,1,Logistic Regression,0.9982142492277016,1
mimic_perform_af_019,1,Logistic Regression,0.999419899620979,1
mimic_perform_af_019,1,Logistic Regression,0.9767759720257696,1
mimic_perform_af_019,1,Logistic Regression,0.9961732612864606,1
mimic_perform_af_019,1,Logistic Regression,0.9954706064256957,1
mimic_perform_af_019,1,Logistic Regression,0.9966282027285851,1
mimic_perform_af_019,1,Logistic Regression,0.9951535423451523,1
mimic_perform_af_019,1,Logistic Regression,0.9986223434428297,1
mimic_perform_af_019,1,Logistic Regression,0.9989096660498802,1
mimic_perform_af_019,1,Logistic Regression,0.9851290802523541,1
mimic_perform_af_019,1,Logistic Regression,0.9786435181392847,1
mimic_perform_af_019,1,Logistic Regression,0.9417691478196695,1
mimic_perform_af_019,1,Logistic Regression,0.9959215805371446,1
mimic_perform_af_019,1,Logistic Regression,0.9972810195841123,1
mimic_perform_af_019,1,Logistic Regression,0.9996557067690912,1
mimic_perform_af_019,1,Logistic Regression,0.999859857779104,1
mimic_perform_af_019,1,Logistic Regression,0.998148621822789,1
mimic_perform_af_019,1,Logistic Regression,0.9964706756855108,1
mimic_perform_af_019,1,Logistic Regression,0.9947868581627778,1
mimic_perform_af_019,1,Logistic Regression,0.9984680553982247,1
mimic_perform_af_019,1,Logistic Regression,0.9981171536691434,1
mimic_perform_af_019,1,Logistic Regression,0.9937900375263405,1
mimic_perform_af_019,1,Logistic Regression,0.9952461311790567,1
mimic_perform_af_019,1,Logistic Regression,0.9994881656149701,1
mimic_perform_af_019,1,Logistic Regression,0.9975476374268946,1
mimic_perform_af_019,1,Logistic Regression,0.982561731249478,1
mimic_perform_af_019,1,Logistic Regression,0.977006318382936,1
mimic_perform_af_019,1,Logistic Regression,0.9983452630218504,1
mimic_perform_af_019,1,Logistic Regression,0.998727258919647,1
mimic_perform_af_019,1,Logistic Regression,0.99950992513725,1
mimic_perform_non_af_001,0,Logistic Regression,4.457837236062777e-05,0
mimic_perform_non_af_001,0,Logistic Regression,1.3883916013449252e-05,0
mimic_perform_non_af_001,0,Logistic Regression,3.2840666626476985e-05,0
mimic_perform_non_af_001,0,Logistic Regression,5.710544129583902e-05,0
mimic_perform_non_af_001,0,Logistic Regression,7.724333586528883e-06,0
mimic_perform_non_af_001,0,Logistic Regression,7.806009454793245e-05,0
mimic_perform_non_af_001,0,Logistic Regression,3.4781316211867628e-06,0
mimic_perform_non_af_001,0,Logistic Regression,1.0021628169391488e-06,0
mimic_perform_non_af_001,0,Logistic Regression,9.13245859611345e-07,0
mimic_perform_non_af_001,0,Logistic Regression,1.4976116601070195e-06,0
mimic_perform_non_af_001,0,Logistic Regression,3.4274032555051575e-05,0
mimic_perform_non_af_001,0,Logistic Regression,0.04491702299012311,0
mimic_perform_non_af_001,0,Logistic Regression,0.010505477175301729,0
mimic_perform_non_af_001,0,Logistic Regression,0.004573477414177895,0
mimic_perform_non_af_001,0,Logistic Regression,1.8371976675397818e-05,0
mimic_perform_non_af_001,0,Logistic Regression,8.862198361438627e-06,0
mimic_perform_non_af_001,0,Logistic Regression,9.804198874183922e-06,0
mimic_perform_non_af_001,0,Logistic Regression,0.0019267646926483992,0
mimic_perform_non_af_001,0,Logistic Regression,0.00020170746008993625,0
mimic_perform_non_af_001,0,Logistic Regression,0.0011948724490896427,0
mimic_perform_non_af_001,0,Logistic Regression,1.0753236881127322e-05,0
mimic_perform_non_af_001,0,Logistic Regression,4.3579719435527825e-05,0
mimic_perform_non_af_001,0,Logistic Regression,7.592838888922277e-06,0
mimic_perform_non_af_001,0,Logistic Regression,1.914258294111459e-05,0
mimic_perform_non_af_001,0,Logistic Regression,8.941768114180497e-05,0
mimic_perform_non_af_001,0,Logistic Regression,4.8178570737961536e-05,0
mimic_perform_non_af_001,0,Logistic Regression,3.5477958786792526e-05,0
mimic_perform_non_af_001,0,Logistic Regression,1.0090773769021897e-05,0
mimic_perform_non_af_001,0,Logistic Regression,8.288236190047313e-06,0
mimic_perform_non_af_001,0,Logistic Regression,1.3735343825816556e-05,0
mimic_perform_non_af_001,0,Logistic Regression,2.1216584619853096e-05,0
mimic_perform_non_af_001,0,Logistic Regression,9.559539773761377e-06,0
mimic_perform_non_af_001,0,Logistic Regression,3.2763233482192234e-06,0
mimic_perform_non_af_001,0,Logistic Regression,0.02528125180199997,0
mimic_perform_non_af_001,0,Logistic Regression,0.00029880146005125345,0
mimic_perform_non_af_001,0,Logistic Regression,0.12439797378892037,0
mimic_perform_non_af_001,0,Logistic Regression,0.00010540271709938879,0
mimic_perform_non_af_001,0,Logistic Regression,0.00024868703499464145,0
mimic_perform_non_af_001,0,Logistic Regression,0.0017333235459662168,0
mimic_perform_non_af_001,0,Logistic Regression,0.0047188979205839655,0
mimic_perform_non_af_001,0,Logistic Regression,0.0013793560002446782,0
mimic_perform_non_af_001,0,Logistic Regression,0.0007163856682358167,0
mimic_perform_non_af_001,0,Logistic Regression,0.00029247083891443615,0
mimic_perform_non_af_001,0,Logistic Regression,2.2345182315483616e-05,0
mimic_perform_non_af_001,0,Logistic Regression,4.076849845825459e-06,0
mimic_perform_non_af_001,0,Logistic Regression,5.240678770128415e-07,0
mimic_perform_non_af_001,0,Logistic Regression,2.4165750388700925e-07,0
mimic_perform_non_af_001,0,Logistic Regression,4.840147641711644e-07,0
mimic_perform_non_af_001,0,Logistic Regression,4.184123587763974e-06,0
mimic_perform_non_af_001,0,Logistic Regression,0.011544853244308022,0
mimic_perform_non_af_001,0,Logistic Regression,0.07025961874795271,0
mimic_perform_non_af_001,0,Logistic Regression,0.00017424635307103798,0
mimic_perform_non_af_001,0,Logistic Regression,0.0003300840529302088,0
mimic_perform_non_af_001,0,Logistic Regression,4.096147856033547e-06,0
mimic_perform_non_af_001,0,Logistic Regression,5.768819570963836e-06,0
mimic_perform_non_af_001,0,Logistic Regression,7.454849405588943e-06,0
mimic_perform_non_af_001,0,Logistic Regression,3.225465532645292e-06,0
mimic_perform_non_af_001,0,Logistic Regression,2.0078748071484816e-06,0
mimic_perform_non_af_001,0,Logistic Regression,3.1977887740441595e-06,0
mimic_perform_non_af_001,0,Logistic Regression,3.042322117860136e-06,0
mimic_perform_non_af_001,0,Logistic Regression,5.231517696622938e-06,0
mimic_perform_non_af_001,0,Logistic Regression,1.006908855021432e-06,0
mimic_perform_non_af_001,0,Logistic Regression,1.009914197667314e-06,0
mimic_perform_non_af_001,0,Logistic Regression,5.538744949049367e-06,0
mimic_perform_non_af_001,0,Logistic Regression,0.0006386529825351728,0
mimic_perform_non_af_001,0,Logistic Regression,0.00054205766955439,0
mimic_perform_non_af_001,0,Logistic Regression,0.0039283797950091645,0
mimic_perform_non_af_001,0,Logistic Regression,0.0003768339202313068,0
mimic_perform_non_af_001,0,Logistic Regression,3.954593847888681e-05,0
mimic_perform_non_af_001,0,Logistic Regression,1.8765272725074214e-06,0
mimic_perform_non_af_001,0,Logistic Regression,4.849868500770304e-07,0
mimic_perform_non_af_001,0,Logistic Regression,4.998722489320803e-07,0
mimic_perform_non_af_001,0,Logistic Regression,1.6406196059033614e-06,0
mimic_perform_non_af_001,0,Logistic Regression,6.380910779552145e-06,0
mimic_perform_non_af_001,0,Logistic Regression,0.0007235853221706043,0
mimic_perform_non_af_001,0,Logistic Regression,1.8018715052826553e-05,0
mimic_perform_non_af_001,0,Logistic Regression,0.0004614447839536795,0
mimic_perform_non_af_001,0,Logistic Regression,1.1238651285269907e-06,0
mimic_perform_non_af_001,0,Logistic Regression,1.2459638135676195e-05,0
mimic_perform_non_af_001,0,Logistic Regression,2.830955080714494e-05,0
mimic_perform_non_af_001,0,Logistic Regression,3.5265009180285494e-06,0
mimic_perform_non_af_001,0,Logistic Regression,1.9509726233264113e-06,0
mimic_perform_non_af_001,0,Logistic Regression,6.925539378251828e-07,0
mimic_perform_non_af_001,0,Logistic Regression,2.243118279449677e-06,0
mimic_perform_non_af_001,0,Logistic Regression,6.202978405379866e-05,0
mimic_perform_non_af_001,0,Logistic Regression,9.374833259941492e-06,0
mimic_perform_non_af_001,0,Logistic Regression,1.2628796594319654e-06,0
mimic_perform_non_af_001,0,Logistic Regression,1.1307389075051336e-06,0
mimic_perform_non_af_001,0,Logistic Regression,1.0743745494945687e-06,0
mimic_perform_non_af_001,0,Logistic Regression,3.0085443823437877e-06,0
mimic_perform_non_af_001,0,Logistic Regression,7.702138189934313e-07,0
mimic_perform_non_af_001,0,Logistic Regression,1.7196415085966316e-06,0
mimic_perform_non_af_001,0,Logistic Regression,1.6957254820026373e-06,0
mimic_perform_non_af_001,0,Logistic Regression,0.0020386895693735056,0
mimic_perform_non_af_001,0,Logistic Regression,0.23861816701801,0
mimic_perform_non_af_001,0,Logistic Regression,0.07003275926732354,0
mimic_perform_non_af_001,0,Logistic Regression,0.3487721964172222,0
mimic_perform_non_af_001,0,Logistic Regression,0.5557699021821612,1
mimic_perform_non_af_001,0,Logistic Regression,0.35319676202519074,0
mimic_perform_non_af_001,0,Logistic Regression,0.010654753553058517,0
mimic_perform_non_af_001,0,Logistic Regression,1.4389449032863744e-05,0
mimic_perform_non_af_001,0,Logistic Regression,0.0003380880151506449,0
mimic_perform_non_af_001,0,Logistic Regression,0.0009258553182813292,0
mimic_perform_non_af_001,0,Logistic Regression,0.0056781622148741025,0
mimic_perform_non_af_001,0,Logistic Regression,1.0006211192270206e-06,0
mimic_perform_non_af_001,0,Logistic Regression,2.4171341684407963e-06,0
mimic_perform_non_af_001,0,Logistic Regression,3.7095887847374138e-06,0
mimic_perform_non_af_001,0,Logistic Regression,1.1140379286512395e-05,0
mimic_perform_non_af_001,0,Logistic Regression,4.9129736237735914e-05,0
mimic_perform_non_af_001,0,Logistic Regression,0.00041652994398982,0
mimic_perform_non_af_001,0,Logistic Regression,0.00036281314667941305,0
mimic_perform_non_af_001,0,Logistic Regression,0.00113507291704271,0
mimic_perform_non_af_001,0,Logistic Regression,0.35697435907729663,0
mimic_perform_non_af_001,0,Logistic Regression,0.13498987371062174,0
mimic_perform_non_af_001,0,Logistic Regression,0.8547746449174503,1
mimic_perform_non_af_001,0,Logistic Regression,0.4810923984621081,0
mimic_perform_non_af_001,0,Logistic Regression,0.041226880374304865,0
mimic_perform_non_af_001,0,Logistic Regression,0.00022832502258781815,0
mimic_perform_non_af_002,0,Logistic Regression,0.00402763857176943,0
mimic_perform_non_af_002,0,Logistic Regression,0.3798448591083399,0
mimic_perform_non_af_002,0,Logistic Regression,0.011046458496931262,0
mimic_perform_non_af_002,0,Logistic Regression,0.006786190864502192,0
mimic_perform_non_af_002,0,Logistic Regression,0.8975320711328141,1
mimic_perform_non_af_002,0,Logistic Regression,0.04599630993485581,0
mimic_perform_non_af_002,0,Logistic Regression,0.018009603822604515,0
mimic_perform_non_af_002,0,Logistic Regression,0.5598114057123244,1
mimic_perform_non_af_002,0,Logistic Regression,0.19620326868791652,0
mimic_perform_non_af_002,0,Logistic Regression,0.01647950170825714,0
mimic_perform_non_af_002,0,Logistic Regression,0.0018803270451277258,0
mimic_perform_non_af_002,0,Logistic Regression,0.00276275287426913,0
mimic_perform_non_af_002,0,Logistic Regression,0.00022208845915475461,0
mimic_perform_non_af_002,0,Logistic Regression,0.0005122204852593041,0
mimic_perform_non_af_002,0,Logistic Regression,8.480458912420025e-05,0
mimic_perform_non_af_002,0,Logistic Regression,0.00041311409724259144,0
mimic_perform_non_af_002,0,Logistic Regression,0.0012238997439311865,0
mimic_perform_non_af_002,0,Logistic Regression,0.015173277514434026,0
mimic_perform_non_af_002,0,Logistic Regression,0.01176496970745368,0
mimic_perform_non_af_002,0,Logistic Regression,0.005292054563786022,0
mimic_perform_non_af_002,0,Logistic Regression,0.0021972480481112886,0
mimic_perform_non_af_002,0,Logistic Regression,0.0020263338133055314,0
mimic_perform_non_af_002,0,Logistic Regression,0.0006255207543038394,0
mimic_perform_non_af_002,0,Logistic Regression,0.0006173341036995939,0
mimic_perform_non_af_002,0,Logistic Regression,0.0038720292446829847,0
mimic_perform_non_af_002,0,Logistic Regression,0.011562783256100561,0
mimic_perform_non_af_002,0,Logistic Regression,0.016272662594864845,0
mimic_perform_non_af_002,0,Logistic Regression,0.09676288863906994,0
mimic_perform_non_af_002,0,Logistic Regression,2.5798223126478054e-05,0
mimic_perform_non_af_002,0,Logistic Regression,0.13357185234640284,0
mimic_perform_non_af_002,0,Logistic Regression,0.16788235856793934,0
mimic_perform_non_af_002,0,Logistic Regression,0.01053487381344052,0
mimic_perform_non_af_002,0,Logistic Regression,0.0126767892553345,0
mimic_perform_non_af_002,0,Logistic Regression,0.002020412917885625,0
mimic_perform_non_af_002,0,Logistic Regression,0.0539352466250256,0
mimic_perform_non_af_002,0,Logistic Regression,0.0021114330989151584,0
mimic_perform_non_af_002,0,Logistic Regression,0.0003391008250216993,0
mimic_perform_non_af_002,0,Logistic Regression,0.02808214630063292,0
mimic_perform_non_af_002,0,Logistic Regression,0.004293558224351138,0
mimic_perform_non_af_002,0,Logistic Regression,0.012226725063006358,0
mimic_perform_non_af_002,0,Logistic Regression,0.003905607025745538,0
mimic_perform_non_af_002,0,Logistic Regression,0.4932996565557537,0
mimic_perform_non_af_002,0,Logistic Regression,0.005757746637467202,0
mimic_perform_non_af_002,0,Logistic Regression,0.009410630735792198,0
mimic_perform_non_af_002,0,Logistic Regression,0.021968001358184167,0
mimic_perform_non_af_002,0,Logistic Regression,0.016893026324300772,0
mimic_perform_non_af_002,0,Logistic Regression,0.025176282280121,0
mimic_perform_non_af_002,0,Logistic Regression,0.002818275715986649,0
mimic_perform_non_af_002,0,Logistic Regression,0.001350797416300969,0
mimic_perform_non_af_002,0,Logistic Regression,0.004637197393593331,0
mimic_perform_non_af_002,0,Logistic Regression,0.01684611314186279,0
mimic_perform_non_af_002,0,Logistic Regression,0.0034832811526169607,0
mimic_perform_non_af_002,0,Logistic Regression,0.009153938952587589,0
mimic_perform_non_af_002,0,Logistic Regression,0.018421036901071365,0
mimic_perform_non_af_002,0,Logistic Regression,0.005497837416181992,0
mimic_perform_non_af_002,0,Logistic Regression,0.005757867253618373,0
mimic_perform_non_af_002,0,Logistic Regression,0.0029111007459647273,0
mimic_perform_non_af_002,0,Logistic Regression,0.01399609778692601,0
mimic_perform_non_af_002,0,Logistic Regression,0.008973700575382644,0
mimic_perform_non_af_002,0,Logistic Regression,0.02881187185858815,0
mimic_perform_non_af_002,0,Logistic Regression,0.0046992633332337995,0
mimic_perform_non_af_002,0,Logistic Regression,0.014059099017877726,0
mimic_perform_non_af_002,0,Logistic Regression,0.016929762563985186,0
mimic_perform_non_af_002,0,Logistic Regression,0.004976574130919431,0
mimic_perform_non_af_002,0,Logistic Regression,0.001891722665239995,0
mimic_perform_non_af_002,0,Logistic Regression,0.0006952474717357667,0
mimic_perform_non_af_002,0,Logistic Regression,0.0009280775186230166,0
mimic_perform_non_af_002,0,Logistic Regression,0.000842043134990135,0
mimic_perform_non_af_002,0,Logistic Regression,0.0015437222881193322,0
mimic_perform_non_af_002,0,Logistic Regression,0.0013399172157165795,0
mimic_perform_non_af_002,0,Logistic Regression,0.0009730362834215599,0
mimic_perform_non_af_002,0,Logistic Regression,0.0007066873089887471,0
mimic_perform_non_af_002,0,Logistic Regression,0.0014954829521466916,0
mimic_perform_non_af_002,0,Logistic Regression,0.0011909955703668623,0
mimic_perform_non_af_002,0,Logistic Regression,0.0009044062406709156,0
mimic_perform_non_af_002,0,Logistic Regression,0.0007041126682296407,0
mimic_perform_non_af_002,0,Logistic Regression,0.0007543061206015519,0
mimic_perform_non_af_002,0,Logistic Regression,0.0003367528100350019,0
mimic_perform_non_af_002,0,Logistic Regression,0.011972908627608386,0
mimic_perform_non_af_002,0,Logistic Regression,0.01761955040459882,0
mimic_perform_non_af_002,0,Logistic Regression,0.0038375478545617653,0
mimic_perform_non_af_002,0,Logistic Regression,0.5343833279768775,1
mimic_perform_non_af_002,0,Logistic Regression,0.018640769370990403,0
mimic_perform_non_af_002,0,Logistic Regression,0.9434343574665081,1
mimic_perform_non_af_002,0,Logistic Regression,0.48681957799783543,0
mimic_perform_non_af_002,0,Logistic Regression,0.7784436834662531,1
mimic_perform_non_af_002,0,Logistic Regression,0.7328680343163763,1
mimic_perform_non_af_002,0,Logistic Regression,0.0015592942542814237,0
mimic_perform_non_af_002,0,Logistic Regression,5.743432196816684e-06,0
mimic_perform_non_af_002,0,Logistic Regression,3.0524308030656237e-06,0
mimic_perform_non_af_002,0,Logistic Regression,0.009294544918374933,0
mimic_perform_non_af_002,0,Logistic Regression,0.3278150904647445,0
mimic_perform_non_af_002,0,Logistic Regression,0.009285422427459148,0
mimic_perform_non_af_002,0,Logistic Regression,0.2987697892747058,0
mimic_perform_non_af_002,0,Logistic Regression,0.14678705662636513,0
mimic_perform_non_af_002,0,Logistic Regression,0.0013008411815168483,0
mimic_perform_non_af_002,0,Logistic Regression,0.009191663185365495,0
mimic_perform_non_af_002,0,Logistic Regression,0.00028609408276780897,0
mimic_perform_non_af_002,0,Logistic Regression,0.01215907899049007,0
mimic_perform_non_af_002,0,Logistic Regression,0.19259765841221851,0
mimic_perform_non_af_002,0,Logistic Regression,0.05699066847766443,0
mimic_perform_non_af_002,0,Logistic Regression,0.05688043968664282,0
mimic_perform_non_af_002,0,Logistic Regression,0.018496738351572835,0
mimic_perform_non_af_002,0,Logistic Regression,0.03536533768136488,0
mimic_perform_non_af_002,0,Logistic Regression,0.2204211762777804,0
mimic_perform_non_af_002,0,Logistic Regression,0.03704274433094589,0
mimic_perform_non_af_002,0,Logistic Regression,0.06674533310067796,0
mimic_perform_non_af_002,0,Logistic Regression,0.014642410832658844,0
mimic_perform_non_af_002,0,Logistic Regression,0.2012892947155674,0
mimic_perform_non_af_002,0,Logistic Regression,0.014931558782362271,0
mimic_perform_non_af_002,0,Logistic Regression,0.030325754596469776,0
mimic_perform_non_af_002,0,Logistic Regression,0.03210171069996068,0
mimic_perform_non_af_002,0,Logistic Regression,0.13296102189792183,0
mimic_perform_non_af_002,0,Logistic Regression,0.6753485358299468,1
mimic_perform_non_af_002,0,Logistic Regression,0.11958836783743165,0
mimic_perform_non_af_002,0,Logistic Regression,0.08328697829484837,0
mimic_perform_non_af_002,0,Logistic Regression,0.20747868202835829,0
mimic_perform_non_af_002,0,Logistic Regression,0.0333581233873996,0
mimic_perform_non_af_003,0,Logistic Regression,3.044196373845967e-08,0
mimic_perform_non_af_003,0,Logistic Regression,2.8210350002680426e-07,0
mimic_perform_non_af_003,0,Logistic Regression,2.608702466527249e-07,0
mimic_perform_non_af_003,0,Logistic Regression,2.0959175409819308e-07,0
mimic_perform_non_af_003,0,Logistic Regression,2.6976714808206782e-08,0
mimic_perform_non_af_003,0,Logistic Regression,2.7794451228417468e-08,0
mimic_perform_non_af_003,0,Logistic Regression,4.479310888969934e-07,0
mimic_perform_non_af_003,0,Logistic Regression,3.5905261708025616e-06,0
mimic_perform_non_af_003,0,Logistic Regression,5.74684349260358e-07,0
mimic_perform_non_af_003,0,Logistic Regression,7.018843778753172e-07,0
mimic_perform_non_af_003,0,Logistic Regression,2.294485749821401e-06,0
mimic_perform_non_af_003,0,Logistic Regression,1.9383338860609385e-06,0
mimic_perform_non_af_003,0,Logistic Regression,6.173573334127462e-08,0
mimic_perform_non_af_003,0,Logistic Regression,4.1731578590289205e-08,0
mimic_perform_non_af_003,0,Logistic Regression,5.324975323774139e-08,0
mimic_perform_non_af_003,0,Logistic Regression,2.2516119535305856e-07,0
mimic_perform_non_af_003,0,Logistic Regression,1.98901170540271e-07,0
mimic_perform_non_af_003,0,Logistic Regression,8.970335803277038e-07,0
mimic_perform_non_af_003,0,Logistic Regression,8.915092517560216e-07,0
mimic_perform_non_af_003,0,Logistic Regression,8.459270007929474e-07,0
mimic_perform_non_af_003,0,Logistic Regression,3.3848066414972215e-08,0
mimic_perform_non_af_003,0,Logistic Regression,2.6048200485448985e-08,0
mimic_perform_non_af_003,0,Logistic Regression,4.285888007663844e-08,0
mimic_perform_non_af_003,0,Logistic Regression,3.903138081763522e-08,0
mimic_perform_non_af_003,0,Logistic Regression,9.332189760760144e-07,0
mimic_perform_non_af_003,0,Logistic Regression,1.120826235115442e-07,0
mimic_perform_non_af_003,0,Logistic Regression,1.1918860647129956e-07,0
mimic_perform_non_af_003,0,Logistic Regression,4.9813407636456776e-08,0
mimic_perform_non_af_003,0,Logistic Regression,5.619115239053762e-07,0
mimic_perform_non_af_003,0,Logistic Regression,2.407219197491402e-06,0
mimic_perform_non_af_003,0,Logistic Regression,2.5428331329884235e-05,0
mimic_perform_non_af_003,0,Logistic Regression,4.562262285179564e-06,0
mimic_perform_non_af_003,0,Logistic Regression,2.1083937805597062e-05,0
mimic_perform_non_af_003,0,Logistic Regression,1.762237098618769e-05,0
mimic_perform_non_af_003,0,Logistic Regression,3.042523653131891e-05,0
mimic_perform_non_af_003,0,Logistic Regression,3.7096130240658957e-07,0
mimic_perform_non_af_003,0,Logistic Regression,1.0133197319334659e-06,0
mimic_perform_non_af_003,0,Logistic Regression,8.140039956861891e-08,0
mimic_perform_non_af_003,0,Logistic Regression,4.089971805912397e-08,0
mimic_perform_non_af_003,0,Logistic Regression,8.861778825513504e-08,0
mimic_perform_non_af_003,0,Logistic Regression,2.3927692498210372e-08,0
mimic_perform_non_af_003,0,Logistic Regression,3.009851160058536e-08,0
mimic_perform_non_af_003,0,Logistic Regression,2.632015981913796e-08,0
mimic_perform_non_af_003,0,Logistic Regression,3.219758775705456e-08,0
mimic_perform_non_af_003,0,Logistic Regression,5.655053630350516e-08,0
mimic_perform_non_af_003,0,Logistic Regression,7.17074294106631e-08,0
mimic_perform_non_af_003,0,Logistic Regression,1.1726418188774798e-06,0
mimic_perform_non_af_003,0,Logistic Regression,4.2094615339318e-07,0
mimic_perform_non_af_003,0,Logistic Regression,1.0105409148372448e-05,0
mimic_perform_non_af_003,0,Logistic Regression,3.4493285539883247e-06,0
mimic_perform_non_af_003,0,Logistic Regression,3.0756895017104256e-06,0
mimic_perform_non_af_003,0,Logistic Regression,1.6278120289792936e-07,0
mimic_perform_non_af_003,0,Logistic Regression,1.932361537480598e-08,0
mimic_perform_non_af_003,0,Logistic Regression,2.0172690971904368e-07,0
mimic_perform_non_af_003,0,Logistic Regression,3.142147493449302e-07,0
mimic_perform_non_af_003,0,Logistic Regression,7.128588669374289e-09,0
mimic_perform_non_af_003,0,Logistic Regression,7.381353993824472e-08,0
mimic_perform_non_af_003,0,Logistic Regression,6.544421494382908e-08,0
mimic_perform_non_af_003,0,Logistic Regression,5.881273285092103e-07,0
mimic_perform_non_af_003,0,Logistic Regression,5.855489234317654e-07,0
mimic_perform_non_af_003,0,Logistic Regression,6.577494974616299e-07,0
mimic_perform_non_af_003,0,Logistic Regression,5.6230529141225705e-08,0
mimic_perform_non_af_003,0,Logistic Regression,3.62759239511835e-08,0
mimic_perform_non_af_003,0,Logistic Regression,3.803490322735523e-08,0
mimic_perform_non_af_003,0,Logistic Regression,9.441239776283194e-07,0
mimic_perform_non_af_003,0,Logistic Regression,0.00025894913700097525,0
mimic_perform_non_af_003,0,Logistic Regression,0.00038520401252427957,0
mimic_perform_non_af_003,0,Logistic Regression,1.9468893343911047e-05,0
mimic_perform_non_af_003,0,Logistic Regression,0.00017628410082506856,0
mimic_perform_non_af_003,0,Logistic Regression,0.00013907787615687124,0
mimic_perform_non_af_003,0,Logistic Regression,2.92607084110034e-05,0
mimic_perform_non_af_003,0,Logistic Regression,1.070298883841043e-07,0
mimic_perform_non_af_003,0,Logistic Regression,1.4561558936838033e-05,0
mimic_perform_non_af_003,0,Logistic Regression,0.00010100053836250024,0
mimic_perform_non_af_003,0,Logistic Regression,1.9993120053537437e-06,0
mimic_perform_non_af_003,0,Logistic Regression,3.914725111981239e-05,0
mimic_perform_non_af_003,0,Logistic Regression,0.0002941623970272513,0
mimic_perform_non_af_003,0,Logistic Regression,9.474422064708359e-06,0
mimic_perform_non_af_003,0,Logistic Regression,1.9045092773853386e-05,0
mimic_perform_non_af_003,0,Logistic Regression,9.011795570349842e-07,0
mimic_perform_non_af_003,0,Logistic Regression,1.3788744785502333e-08,0
mimic_perform_non_af_003,0,Logistic Regression,1.2035535909780025e-08,0
mimic_perform_non_af_003,0,Logistic Regression,1.6742255110415377e-08,0
mimic_perform_non_af_003,0,Logistic Regression,2.1040649395652898e-08,0
mimic_perform_non_af_003,0,Logistic Regression,6.790424094451691e-06,0
mimic_perform_non_af_003,0,Logistic Regression,2.0669841839176134e-06,0
mimic_perform_non_af_003,0,Logistic Regression,6.89986402057773e-06,0
mimic_perform_non_af_003,0,Logistic Regression,2.6019890233378063e-08,0
mimic_perform_non_af_003,0,Logistic Regression,1.7434860878228138e-07,0
mimic_perform_non_af_003,0,Logistic Regression,2.1034381842196987e-07,0
mimic_perform_non_af_003,0,Logistic Regression,1.9406511178763623e-08,0
mimic_perform_non_af_003,0,Logistic Regression,1.5616252361848618e-06,0
mimic_perform_non_af_003,0,Logistic Regression,1.393918466192815e-06,0
mimic_perform_non_af_003,0,Logistic Regression,1.2528544148106464e-07,0
mimic_perform_non_af_003,0,Logistic Regression,1.3358045619735667e-08,0
mimic_perform_non_af_003,0,Logistic Regression,1.5497346833993448e-08,0
mimic_perform_non_af_003,0,Logistic Regression,4.586796721425413e-09,0
mimic_perform_non_af_003,0,Logistic Regression,5.8474381192839693e-08,0
mimic_perform_non_af_003,0,Logistic Regression,8.648423127667785e-08,0
mimic_perform_non_af_003,0,Logistic Regression,2.0600377217185652e-07,0
mimic_perform_non_af_003,0,Logistic Regression,4.861323820711785e-06,0
mimic_perform_non_af_003,0,Logistic Regression,1.8374529298163784e-06,0
mimic_perform_non_af_003,0,Logistic Regression,2.6449584001474726e-05,0
mimic_perform_non_af_003,0,Logistic Regression,5.294109354045094e-06,0
mimic_perform_non_af_003,0,Logistic Regression,2.928550492780677e-07,0
mimic_perform_non_af_003,0,Logistic Regression,5.1646735180883413e-08,0
mimic_perform_non_af_003,0,Logistic Regression,6.295302724459204e-08,0
mimic_perform_non_af_003,0,Logistic Regression,7.728373749960889e-08,0
mimic_perform_non_af_003,0,Logistic Regression,1.1501295662184625e-07,0
mimic_perform_non_af_003,0,Logistic Regression,1.392432663423252e-07,0
mimic_perform_non_af_003,0,Logistic Regression,2.2160664104161658e-07,0
mimic_perform_non_af_003,0,Logistic Regression,5.492720001722507e-06,0
mimic_perform_non_af_003,0,Logistic Regression,4.019199685492587e-06,0
mimic_perform_non_af_003,0,Logistic Regression,7.34930079140779e-06,0
mimic_perform_non_af_003,0,Logistic Regression,2.2621197498346085e-06,0
mimic_perform_non_af_003,0,Logistic Regression,1.8097840312574237e-06,0
mimic_perform_non_af_003,0,Logistic Regression,1.021452936297668e-07,0
mimic_perform_non_af_003,0,Logistic Regression,2.8860735619486196e-08,0
mimic_perform_non_af_004,0,Logistic Regression,1.4650822187403547e-05,0
mimic_perform_non_af_004,0,Logistic Regression,2.859619586196271e-05,0
mimic_perform_non_af_004,0,Logistic Regression,1.879174785178346e-07,0
mimic_perform_non_af_004,0,Logistic Regression,1.7808907624911778e-06,0
mimic_perform_non_af_004,0,Logistic Regression,0.00012920862364972668,0
mimic_perform_non_af_004,0,Logistic Regression,2.4676635570220326e-05,0
mimic_perform_non_af_004,0,Logistic Regression,6.030823345166341e-07,0
mimic_perform_non_af_004,0,Logistic Regression,8.266486354972144e-07,0
mimic_perform_non_af_004,0,Logistic Regression,5.469555461695599e-05,0
mimic_perform_non_af_004,0,Logistic Regression,6.093484744114681e-06,0
mimic_perform_non_af_004,0,Logistic Regression,3.7973677495047206e-07,0
mimic_perform_non_af_004,0,Logistic Regression,2.0903988092947e-06,0
mimic_perform_non_af_004,0,Logistic Regression,1.058070864902649e-06,0
mimic_perform_non_af_004,0,Logistic Regression,1.0775363653912286e-06,0
mimic_perform_non_af_004,0,Logistic Regression,5.669783318555667e-07,0
mimic_perform_non_af_004,0,Logistic Regression,5.739014160822225e-07,0
mimic_perform_non_af_004,0,Logistic Regression,3.073990303146063e-07,0
mimic_perform_non_af_004,0,Logistic Regression,2.703542906191044e-07,0
mimic_perform_non_af_004,0,Logistic Regression,2.7856678717586027e-07,0
mimic_perform_non_af_004,0,Logistic Regression,3.5144124174120113e-07,0
mimic_perform_non_af_004,0,Logistic Regression,6.123781618587869e-07,0
mimic_perform_non_af_004,0,Logistic Regression,1.0654521217187446e-06,0
mimic_perform_non_af_004,0,Logistic Regression,3.6714617574315245e-07,0
mimic_perform_non_af_004,0,Logistic Regression,2.3122904803282052e-07,0
mimic_perform_non_af_004,0,Logistic Regression,6.1730793799834e-07,0
mimic_perform_non_af_004,0,Logistic Regression,3.860894335718213e-06,0
mimic_perform_non_af_004,0,Logistic Regression,7.740800367246419e-05,0
mimic_perform_non_af_004,0,Logistic Regression,0.0005929263676942594,0
mimic_perform_non_af_004,0,Logistic Regression,9.56030545314806e-05,0
mimic_perform_non_af_004,0,Logistic Regression,3.7069483910367034e-07,0
mimic_perform_non_af_004,0,Logistic Regression,6.062881407282569e-08,0
mimic_perform_non_af_004,0,Logistic Regression,3.149081631289075e-06,0
mimic_perform_non_af_004,0,Logistic Regression,5.937226486420109e-07,0
mimic_perform_non_af_004,0,Logistic Regression,4.854292776311052e-07,0
mimic_perform_non_af_004,0,Logistic Regression,1.2595952343933591e-05,0
mimic_perform_non_af_004,0,Logistic Regression,0.0009275633240357046,0
mimic_perform_non_af_004,0,Logistic Regression,0.00033071616793508754,0
mimic_perform_non_af_004,0,Logistic Regression,6.606414772891552e-06,0
mimic_perform_non_af_004,0,Logistic Regression,7.118177678441093e-05,0
mimic_perform_non_af_004,0,Logistic Regression,8.067809493200972e-05,0
mimic_perform_non_af_004,0,Logistic Regression,8.895157145008552e-06,0
mimic_perform_non_af_004,0,Logistic Regression,1.1096865841604636e-06,0
mimic_perform_non_af_004,0,Logistic Regression,1.2329916026588346e-06,0
mimic_perform_non_af_004,0,Logistic Regression,6.474765457711904e-07,0
mimic_perform_non_af_004,0,Logistic Regression,1.3353694131128147e-06,0
mimic_perform_non_af_004,0,Logistic Regression,1.847404015200651e-05,0
mimic_perform_non_af_004,0,Logistic Regression,0.00029355072442909907,0
mimic_perform_non_af_004,0,Logistic Regression,6.308431090409023e-07,0
mimic_perform_non_af_004,0,Logistic Regression,2.8689589490663003e-06,0
mimic_perform_non_af_004,0,Logistic Regression,0.0008077371880736745,0
mimic_perform_non_af_004,0,Logistic Regression,0.0003265697087697688,0
mimic_perform_non_af_004,0,Logistic Regression,0.00024175342674129433,0
mimic_perform_non_af_004,0,Logistic Regression,0.0013352825320073693,0
mimic_perform_non_af_004,0,Logistic Regression,0.06986647691439199,0
mimic_perform_non_af_004,0,Logistic Regression,0.1829651494864641,0
mimic_perform_non_af_004,0,Logistic Regression,0.00632666974989185,0
mimic_perform_non_af_004,0,Logistic Regression,1.0916615928323988e-06,0
mimic_perform_non_af_004,0,Logistic Regression,1.6803169824269817e-06,0
mimic_perform_non_af_004,0,Logistic Regression,2.870369856528998e-07,0
mimic_perform_non_af_004,0,Logistic Regression,2.0837655257078462e-07,0
mimic_perform_non_af_004,0,Logistic Regression,3.187650450266041e-06,0
mimic_perform_non_af_004,0,Logistic Regression,1.2186642794525735e-05,0
mimic_perform_non_af_004,0,Logistic Regression,1.71894244054567e-05,0
mimic_perform_non_af_004,0,Logistic Regression,1.4133328588153135e-06,0
mimic_perform_non_af_004,0,Logistic Regression,2.320169351811086e-06,0
mimic_perform_non_af_004,0,Logistic Regression,1.6571280667359012e-07,0
mimic_perform_non_af_004,0,Logistic Regression,2.0036891899820758e-07,0
mimic_perform_non_af_004,0,Logistic Regression,2.39438574774691e-07,0
mimic_perform_non_af_004,0,Logistic Regression,1.9887917991777923e-07,0
mimic_perform_non_af_004,0,Logistic Regression,2.610943466053983e-06,0
mimic_perform_non_af_004,0,Logistic Regression,2.4819097250980434e-07,0
mimic_perform_non_af_004,0,Logistic Regression,2.0132589965398984e-07,0
mimic_perform_non_af_004,0,Logistic Regression,3.2106927032139993e-07,0
mimic_perform_non_af_004,0,Logistic Regression,1.3023901468266332e-07,0
mimic_perform_non_af_004,0,Logistic Regression,5.703115175799638e-06,0
mimic_perform_non_af_004,0,Logistic Regression,1.6026696021739265e-07,0
mimic_perform_non_af_004,0,Logistic Regression,3.7541801618264165e-07,0
mimic_perform_non_af_004,0,Logistic Regression,2.9384865902279996e-07,0
mimic_perform_non_af_004,0,Logistic Regression,1.7094952848255187e-06,0
mimic_perform_non_af_004,0,Logistic Regression,2.85652255439866e-07,0
mimic_perform_non_af_004,0,Logistic Regression,3.663416589624149e-07,0
mimic_perform_non_af_004,0,Logistic Regression,9.760324486400374e-07,0
mimic_perform_non_af_004,0,Logistic Regression,1.875575740115699e-06,0
mimic_perform_non_af_004,0,Logistic Regression,6.405390476316014e-09,0
mimic_perform_non_af_004,0,Logistic Regression,1.6190097993637642e-06,0
mimic_perform_non_af_004,0,Logistic Regression,0.00010445195192761384,0
mimic_perform_non_af_004,0,Logistic Regression,0.00012917665017727186,0
mimic_perform_non_af_004,0,Logistic Regression,4.733610286925397e-07,0
mimic_perform_non_af_004,0,Logistic Regression,1.3245894325110447e-07,0
mimic_perform_non_af_004,0,Logistic Regression,7.16119306950463e-07,0
mimic_perform_non_af_004,0,Logistic Regression,6.030981422954687e-08,0
mimic_perform_non_af_004,0,Logistic Regression,2.25840575591213e-07,0
mimic_perform_non_af_004,0,Logistic Regression,2.47350625199344e-07,0
mimic_perform_non_af_004,0,Logistic Regression,3.397823594168707e-07,0
mimic_perform_non_af_004,0,Logistic Regression,2.2571622657498664e-07,0
mimic_perform_non_af_004,0,Logistic Regression,1.7393056934111104e-07,0
mimic_perform_non_af_004,0,Logistic Regression,3.8590754585625283e-07,0
mimic_perform_non_af_004,0,Logistic Regression,1.0113813283202466e-06,0
mimic_perform_non_af_004,0,Logistic Regression,3.944333977306178e-06,0
mimic_perform_non_af_004,0,Logistic Regression,8.738216504619434e-06,0
mimic_perform_non_af_004,0,Logistic Regression,8.367536783195914e-06,0
mimic_perform_non_af_004,0,Logistic Regression,0.00023678053444793875,0
mimic_perform_non_af_004,0,Logistic Regression,0.001021881568472667,0
mimic_perform_non_af_004,0,Logistic Regression,0.00044786245560115304,0
mimic_perform_non_af_004,0,Logistic Regression,3.593991835247313e-06,0
mimic_perform_non_af_004,0,Logistic Regression,6.411053180985415e-07,0
mimic_perform_non_af_004,0,Logistic Regression,6.185754558945621e-07,0
mimic_perform_non_af_004,0,Logistic Regression,4.779231540440456e-07,0
mimic_perform_non_af_004,0,Logistic Regression,2.268751094901129e-06,0
mimic_perform_non_af_004,0,Logistic Regression,1.6701461601376902e-07,0
mimic_perform_non_af_004,0,Logistic Regression,3.374722354849992e-06,0
mimic_perform_non_af_004,0,Logistic Regression,2.5641498670957342e-05,0
mimic_perform_non_af_004,0,Logistic Regression,1.402038999880844e-05,0
mimic_perform_non_af_004,0,Logistic Regression,0.00013637134910148658,0
mimic_perform_non_af_004,0,Logistic Regression,0.010217823634328542,0
mimic_perform_non_af_004,0,Logistic Regression,0.0020903597671974713,0
mimic_perform_non_af_004,0,Logistic Regression,0.03551866291105905,0
mimic_perform_non_af_004,0,Logistic Regression,0.03830103088026655,0
mimic_perform_non_af_005,0,Logistic Regression,1.9896579727848033e-06,0
mimic_perform_non_af_005,0,Logistic Regression,3.7853865948892085e-06,0
mimic_perform_non_af_005,0,Logistic Regression,2.563328476078008e-06,0
mimic_perform_non_af_005,0,Logistic Regression,1.0809745537177948e-06,0
mimic_perform_non_af_005,0,Logistic Regression,5.543200493863281e-07,0
mimic_perform_non_af_005,0,Logistic Regression,2.2082552046436848e-07,0
mimic_perform_non_af_005,0,Logistic Regression,4.859179580464035e-07,0
mimic_perform_non_af_005,0,Logistic Regression,2.891750080743298e-07,0
mimic_perform_non_af_005,0,Logistic Regression,2.5951868201133057e-07,0
mimic_perform_non_af_005,0,Logistic Regression,2.688487479823542e-07,0
mimic_perform_non_af_005,0,Logistic Regression,2.3611956099519372e-07,0
mimic_perform_non_af_005,0,Logistic Regression,8.348741877188416e-08,0
mimic_perform_non_af_005,0,Logistic Regression,5.0028199867213914e-08,0
mimic_perform_non_af_005,0,Logistic Regression,4.21662586703849e-08,0
mimic_perform_non_af_005,0,Logistic Regression,3.5769765029390914e-07,0
mimic_perform_non_af_005,0,Logistic Regression,9.514456239602228e-07,0
mimic_perform_non_af_005,0,Logistic Regression,3.119568260667669e-07,0
mimic_perform_non_af_005,0,Logistic Regression,2.687969823091788e-07,0
mimic_perform_non_af_005,0,Logistic Regression,2.076307151155097e-07,0
mimic_perform_non_af_005,0,Logistic Regression,1.933370874006342e-06,0
mimic_perform_non_af_005,0,Logistic Regression,1.9611940749145228e-07,0
mimic_perform_non_af_005,0,Logistic Regression,1.3444041022796117e-07,0
mimic_perform_non_af_005,0,Logistic Regression,1.4133170301105128e-07,0
mimic_perform_non_af_005,0,Logistic Regression,3.1216551831561556e-07,0
mimic_perform_non_af_005,0,Logistic Regression,4.801472293309756e-07,0
mimic_perform_non_af_005,0,Logistic Regression,6.121536990267015e-07,0
mimic_perform_non_af_005,0,Logistic Regression,1.4997020541953337e-07,0
mimic_perform_non_af_005,0,Logistic Regression,2.9393253435956614e-07,0
mimic_perform_non_af_005,0,Logistic Regression,2.718686625132622e-07,0
mimic_perform_non_af_005,0,Logistic Regression,4.278163642611389e-07,0
mimic_perform_non_af_005,0,Logistic Regression,6.410403696890134e-07,0
mimic_perform_non_af_005,0,Logistic Regression,8.52558224823435e-08,0
mimic_perform_non_af_005,0,Logistic Regression,3.612984284202587e-07,0
mimic_perform_non_af_005,0,Logistic Regression,8.425023033621439e-07,0
mimic_perform_non_af_005,0,Logistic Regression,6.382546996854094e-07,0
mimic_perform_non_af_005,0,Logistic Regression,5.033997273443024e-07,0
mimic_perform_non_af_005,0,Logistic Regression,3.075264634775422e-07,0
mimic_perform_non_af_005,0,Logistic Regression,6.364975704832742e-07,0
mimic_perform_non_af_005,0,Logistic Regression,1.0806759028908735e-07,0
mimic_perform_non_af_005,0,Logistic Regression,1.4346869162964463e-07,0
mimic_perform_non_af_005,0,Logistic Regression,6.404325545665431e-08,0
mimic_perform_non_af_005,0,Logistic Regression,7.514418393347706e-08,0
mimic_perform_non_af_005,0,Logistic Regression,1.5452426302540237e-07,0
mimic_perform_non_af_005,0,Logistic Regression,1.110128729765569e-07,0
mimic_perform_non_af_005,0,Logistic Regression,1.588010262651986e-07,0
mimic_perform_non_af_005,0,Logistic Regression,1.3267425848114006e-06,0
mimic_perform_non_af_005,0,Logistic Regression,1.353072306441133e-07,0
mimic_perform_non_af_005,0,Logistic Regression,3.6636320758127905e-07,0
mimic_perform_non_af_005,0,Logistic Regression,6.918639483181809e-07,0
mimic_perform_non_af_005,0,Logistic Regression,1.429024120038256e-07,0
mimic_perform_non_af_005,0,Logistic Regression,8.565576923664869e-07,0
mimic_perform_non_af_005,0,Logistic Regression,2.048995848024258e-07,0
mimic_perform_non_af_005,0,Logistic Regression,6.939450258885524e-07,0
mimic_perform_non_af_005,0,Logistic Regression,3.3188032684875385e-07,0
mimic_perform_non_af_005,0,Logistic Regression,4.727195177760746e-07,0
mimic_perform_non_af_005,0,Logistic Regression,9.19639878401571e-08,0
mimic_perform_non_af_005,0,Logistic Regression,1.7645226642631934e-07,0
mimic_perform_non_af_005,0,Logistic Regression,7.44758613531923e-08,0
mimic_perform_non_af_005,0,Logistic Regression,8.125863270057027e-08,0
mimic_perform_non_af_005,0,Logistic Regression,6.791952356354893e-08,0
mimic_perform_non_af_005,0,Logistic Regression,1.9990271070730152e-07,0
mimic_perform_non_af_005,0,Logistic Regression,2.1164058180398819e-07,0
mimic_perform_non_af_005,0,Logistic Regression,2.232892056918678e-07,0
mimic_perform_non_af_005,0,Logistic Regression,1.1675096231376282e-07,0
mimic_perform_non_af_005,0,Logistic Regression,1.2677731677013647e-07,0
mimic_perform_non_af_005,0,Logistic Regression,3.8120824890093766e-07,0
mimic_perform_non_af_005,0,Logistic Regression,6.295137718031638e-08,0
mimic_perform_non_af_005,0,Logistic Regression,1.2255964669361166e-07,0
mimic_perform_non_af_005,0,Logistic Regression,8.726203905760005e-08,0
mimic_perform_non_af_005,0,Logistic Regression,5.377156029360702e-08,0
mimic_perform_non_af_005,0,Logistic Regression,8.461557450117691e-08,0
mimic_perform_non_af_005,0,Logistic Regression,1.3246400647007188e-07,0
mimic_perform_non_af_005,0,Logistic Regression,5.8272573094519455e-08,0
mimic_perform_non_af_005,0,Logistic Regression,1.0329559457435202e-07,0
mimic_perform_non_af_005,0,Logistic Regression,7.307821862780854e-08,0
mimic_perform_non_af_005,0,Logistic Regression,3.690942175956626e-08,0
mimic_perform_non_af_005,0,Logistic Regression,1.2803732495811344e-07,0
mimic_perform_non_af_005,0,Logistic Regression,2.775732731442834e-07,0
mimic_perform_non_af_005,0,Logistic Regression,6.635767946694599e-07,0
mimic_perform_non_af_005,0,Logistic Regression,6.580734285837759e-07,0
mimic_perform_non_af_005,0,Logistic Regression,3.1605696848206556e-07,0
mimic_perform_non_af_005,0,Logistic Regression,2.414895864210821e-07,0
mimic_perform_non_af_005,0,Logistic Regression,1.3783182307092943e-07,0
mimic_perform_non_af_005,0,Logistic Regression,7.862765343145597e-08,0
mimic_perform_non_af_005,0,Logistic Regression,2.591854464168867e-07,0
mimic_perform_non_af_005,0,Logistic Regression,8.850911481642532e-08,0
mimic_perform_non_af_005,0,Logistic Regression,1.2020107333663576e-06,0
mimic_perform_non_af_005,0,Logistic Regression,6.182200883613914e-08,0
mimic_perform_non_af_005,0,Logistic Regression,1.601470785494699e-06,0
mimic_perform_non_af_005,0,Logistic Regression,2.2414426975518238e-07,0
mimic_perform_non_af_005,0,Logistic Regression,1.2719250256442997e-07,0
mimic_perform_non_af_005,0,Logistic Regression,1.1630383328143217e-07,0
mimic_perform_non_af_005,0,Logistic Regression,1.375774239343628e-07,0
mimic_perform_non_af_005,0,Logistic Regression,2.5723009065056963e-07,0
mimic_perform_non_af_005,0,Logistic Regression,2.205711572891881e-07,0
mimic_perform_non_af_005,0,Logistic Regression,1.3371264991239075e-07,0
mimic_perform_non_af_005,0,Logistic Regression,2.344259491612265e-07,0
mimic_perform_non_af_005,0,Logistic Regression,9.342479362393485e-08,0
mimic_perform_non_af_005,0,Logistic Regression,6.709639868075209e-08,0
mimic_perform_non_af_005,0,Logistic Regression,2.078012661766058e-07,0
mimic_perform_non_af_005,0,Logistic Regression,5.5006093494443495e-08,0
mimic_perform_non_af_005,0,Logistic Regression,2.458534772020185e-07,0
mimic_perform_non_af_005,0,Logistic Regression,1.2689945099154547e-07,0
mimic_perform_non_af_005,0,Logistic Regression,2.2119244307355076e-08,0
mimic_perform_non_af_005,0,Logistic Regression,2.12985027778501e-07,0
mimic_perform_non_af_005,0,Logistic Regression,5.2670975979914627e-08,0
mimic_perform_non_af_005,0,Logistic Regression,2.1916082072668997e-07,0
mimic_perform_non_af_005,0,Logistic Regression,7.578849978482788e-08,0
mimic_perform_non_af_005,0,Logistic Regression,3.892763667758899e-08,0
mimic_perform_non_af_005,0,Logistic Regression,1.0037565345462684e-07,0
mimic_perform_non_af_005,0,Logistic Regression,3.4870096546145095e-07,0
mimic_perform_non_af_005,0,Logistic Regression,4.4202846939947016e-07,0
mimic_perform_non_af_005,0,Logistic Regression,2.0946549023504194e-07,0
mimic_perform_non_af_005,0,Logistic Regression,1.0991367069632376e-07,0
mimic_perform_non_af_005,0,Logistic Regression,1.647639929858786e-07,0
mimic_perform_non_af_005,0,Logistic Regression,4.5808505942884196e-08,0
mimic_perform_non_af_005,0,Logistic Regression,4.7224751336096815e-08,0
mimic_perform_non_af_005,0,Logistic Regression,7.965498863815174e-08,0
mimic_perform_non_af_006,0,Logistic Regression,3.694337541790563e-07,0
mimic_perform_non_af_006,0,Logistic Regression,1.048706104873115e-06,0
mimic_perform_non_af_006,0,Logistic Regression,4.3675618768724286e-08,0
mimic_perform_non_af_006,0,Logistic Regression,7.117059912275665e-06,0
mimic_perform_non_af_006,0,Logistic Regression,1.7504179389339797e-07,0
mimic_perform_non_af_006,0,Logistic Regression,3.0583114234377827e-06,0
mimic_perform_non_af_006,0,Logistic Regression,8.691141343230303e-07,0
mimic_perform_non_af_006,0,Logistic Regression,3.6699317755749466e-08,0
mimic_perform_non_af_006,0,Logistic Regression,1.4708136283598344e-08,0
mimic_perform_non_af_006,0,Logistic Regression,2.403233776071795e-07,0
mimic_perform_non_af_006,0,Logistic Regression,1.793901716128512e-06,0
mimic_perform_non_af_006,0,Logistic Regression,1.2802797554250556e-05,0
mimic_perform_non_af_006,0,Logistic Regression,1.523573503313205e-08,0
mimic_perform_non_af_006,0,Logistic Regression,1.0116324820325223e-08,0
mimic_perform_non_af_006,0,Logistic Regression,3.2443035098039844e-08,0
mimic_perform_non_af_006,0,Logistic Regression,2.859261945262801e-06,0
mimic_perform_non_af_006,0,Logistic Regression,6.22219442681576e-05,0
mimic_perform_non_af_006,0,Logistic Regression,3.750734413208831e-05,0
mimic_perform_non_af_006,0,Logistic Regression,1.8939358257809106e-05,0
mimic_perform_non_af_006,0,Logistic Regression,8.171156252195787e-06,0
mimic_perform_non_af_006,0,Logistic Regression,3.2678646393489666e-05,0
mimic_perform_non_af_006,0,Logistic Regression,2.8965979534501865e-05,0
mimic_perform_non_af_006,0,Logistic Regression,9.530028154431292e-07,0
mimic_perform_non_af_006,0,Logistic Regression,3.9289013375231743e-07,0
mimic_perform_non_af_006,0,Logistic Regression,1.1132531459959432e-06,0
mimic_perform_non_af_006,0,Logistic Regression,0.00037807164197389516,0
mimic_perform_non_af_006,0,Logistic Regression,2.8796880590781883e-05,0
mimic_perform_non_af_006,0,Logistic Regression,0.0001909737580993704,0
mimic_perform_non_af_006,0,Logistic Regression,3.791518235332037e-05,0
mimic_perform_non_af_006,0,Logistic Regression,0.00016386876171829286,0
mimic_perform_non_af_006,0,Logistic Regression,9.217650690960086e-05,0
mimic_perform_non_af_006,0,Logistic Regression,0.001090122157606135,0
mimic_perform_non_af_006,0,Logistic Regression,0.00022562413967718302,0
mimic_perform_non_af_006,0,Logistic Regression,0.0005283087310735635,0
mimic_perform_non_af_006,0,Logistic Regression,0.0002234689904997732,0
mimic_perform_non_af_006,0,Logistic Regression,3.028800790852357e-05,0
mimic_perform_non_af_006,0,Logistic Regression,6.739282896660634e-07,0
mimic_perform_non_af_006,0,Logistic Regression,4.387673772216791e-05,0
mimic_perform_non_af_006,0,Logistic Regression,3.2136912164898145e-05,0
mimic_perform_non_af_006,0,Logistic Regression,7.051395849434902e-05,0
mimic_perform_non_af_006,0,Logistic Regression,7.018117508879209e-06,0
mimic_perform_non_af_006,0,Logistic Regression,1.4467428927086904e-06,0
mimic_perform_non_af_006,0,Logistic Regression,2.7936865219747463e-05,0
mimic_perform_non_af_006,0,Logistic Regression,0.00011586777492598088,0
mimic_perform_non_af_006,0,Logistic Regression,0.0003992565098120231,0
mimic_perform_non_af_006,0,Logistic Regression,0.00018960331186491068,0
mimic_perform_non_af_006,0,Logistic Regression,0.0001103192116805935,0
mimic_perform_non_af_006,0,Logistic Regression,0.0001960892287464543,0
mimic_perform_non_af_006,0,Logistic Regression,0.022382666932049967,0
mimic_perform_non_af_006,0,Logistic Regression,0.00016918292605423021,0
mimic_perform_non_af_006,0,Logistic Regression,6.35547649147097e-05,0
mimic_perform_non_af_006,0,Logistic Regression,3.2122514202800457e-06,0
mimic_perform_non_af_006,0,Logistic Regression,6.540603555077102e-07,0
mimic_perform_non_af_006,0,Logistic Regression,6.863497779794272e-06,0
mimic_perform_non_af_006,0,Logistic Regression,3.4948272103168205e-07,0
mimic_perform_non_af_006,0,Logistic Regression,6.365835029725371e-06,0
mimic_perform_non_af_006,0,Logistic Regression,5.946012680984541e-06,0
mimic_perform_non_af_006,0,Logistic Regression,7.690883714439888e-06,0
mimic_perform_non_af_006,0,Logistic Regression,3.993453129855875e-05,0
mimic_perform_non_af_006,0,Logistic Regression,5.000887691297361e-05,0
mimic_perform_non_af_006,0,Logistic Regression,2.621855283099145e-06,0
mimic_perform_non_af_006,0,Logistic Regression,1.2580942781511144e-05,0
mimic_perform_non_af_006,0,Logistic Regression,1.9664256419533492e-06,0
mimic_perform_non_af_006,0,Logistic Regression,1.8864958483462328e-06,0
mimic_perform_non_af_006,0,Logistic Regression,9.67398779520025e-07,0
mimic_perform_non_af_006,0,Logistic Regression,3.5608749795580647e-06,0
mimic_perform_non_af_006,0,Logistic Regression,4.486573937913356e-06,0
mimic_perform_non_af_006,0,Logistic Regression,1.1299574412895073e-05,0
mimic_perform_non_af_006,0,Logistic Regression,1.4181568529092062e-05,0
mimic_perform_non_af_006,0,Logistic Regression,6.997549696661583e-05,0
mimic_perform_non_af_006,0,Logistic Regression,2.3211192442805386e-05,0
mimic_perform_non_af_006,0,Logistic Regression,0.00015120468313261094,0
mimic_perform_non_af_006,0,Logistic Regression,0.0011538464777507773,0
mimic_perform_non_af_006,0,Logistic Regression,0.0012108086626387974,0
mimic_perform_non_af_006,0,Logistic Regression,5.9555256789400854e-05,0
mimic_perform_non_af_006,0,Logistic Regression,4.3617606700476647e-07,0
mimic_perform_non_af_006,0,Logistic Regression,5.546998589797185e-06,0
mimic_perform_non_af_006,0,Logistic Regression,3.328276764594317e-05,0
mimic_perform_non_af_006,0,Logistic Regression,0.00016613044747436055,0
mimic_perform_non_af_006,0,Logistic Regression,6.315221005490841e-05,0
mimic_perform_non_af_006,0,Logistic Regression,7.801404981319781e-05,0
mimic_perform_non_af_006,0,Logistic Regression,4.50430519984248e-05,0
mimic_perform_non_af_006,0,Logistic Regression,0.00018827909645197007,0
mimic_perform_non_af_006,0,Logistic Regression,9.327918372938256e-05,0
mimic_perform_non_af_006,0,Logistic Regression,0.0019378270138020784,0
mimic_perform_non_af_006,0,Logistic Regression,0.0006177156218790007,0
mimic_perform_non_af_006,0,Logistic Regression,1.0836526506364486e-05,0
mimic_perform_non_af_006,0,Logistic Regression,6.452333445447178e-07,0
mimic_perform_non_af_006,0,Logistic Regression,1.0088416245807054e-06,0
mimic_perform_non_af_006,0,Logistic Regression,1.1136298482660868e-06,0
mimic_perform_non_af_006,0,Logistic Regression,3.043001416644547e-05,0
mimic_perform_non_af_006,0,Logistic Regression,7.276583579759262e-05,0
mimic_perform_non_af_006,0,Logistic Regression,0.00035712461284495,0
mimic_perform_non_af_006,0,Logistic Regression,8.159121853342528e-05,0
mimic_perform_non_af_006,0,Logistic Regression,5.953312022864617e-05,0
mimic_perform_non_af_006,0,Logistic Regression,1.2090975201183511e-05,0
mimic_perform_non_af_006,0,Logistic Regression,3.460951250228032e-06,0
mimic_perform_non_af_006,0,Logistic Regression,9.210912181144521e-06,0
mimic_perform_non_af_006,0,Logistic Regression,1.4823002502060478e-06,0
mimic_perform_non_af_006,0,Logistic Regression,2.8525509305723818e-06,0
mimic_perform_non_af_006,0,Logistic Regression,2.6698941872467316e-08,0
mimic_perform_non_af_006,0,Logistic Regression,9.430475260697212e-08,0
mimic_perform_non_af_006,0,Logistic Regression,1.6259110523465686e-07,0
mimic_perform_non_af_006,0,Logistic Regression,1.6537823898375217e-07,0
mimic_perform_non_af_006,0,Logistic Regression,1.353722368910339e-06,0
mimic_perform_non_af_006,0,Logistic Regression,5.203995817458299e-06,0
mimic_perform_non_af_006,0,Logistic Regression,4.504919304861672e-06,0
mimic_perform_non_af_006,0,Logistic Regression,9.264856996248863e-06,0
mimic_perform_non_af_006,0,Logistic Regression,2.123232758266311e-05,0
mimic_perform_non_af_006,0,Logistic Regression,0.00010690013235370617,0
mimic_perform_non_af_006,0,Logistic Regression,1.6813369010056735e-06,0
mimic_perform_non_af_006,0,Logistic Regression,5.494194928499081e-07,0
mimic_perform_non_af_006,0,Logistic Regression,3.038270153418605e-08,0
mimic_perform_non_af_006,0,Logistic Regression,3.161358184664939e-08,0
mimic_perform_non_af_006,0,Logistic Regression,1.6733992364434145e-06,0
mimic_perform_non_af_006,0,Logistic Regression,7.141070969191577e-06,0
mimic_perform_non_af_006,0,Logistic Regression,5.22376267227282e-07,0
mimic_perform_non_af_006,0,Logistic Regression,2.1165156735568222e-07,0
mimic_perform_non_af_007,0,Logistic Regression,0.0039073293525868896,0
mimic_perform_non_af_007,0,Logistic Regression,0.22411069699331984,0
mimic_perform_non_af_007,0,Logistic Regression,0.00010482769465326875,0
mimic_perform_non_af_007,0,Logistic Regression,3.491178092488664e-05,0
mimic_perform_non_af_007,0,Logistic Regression,0.007138891426113309,0
mimic_perform_non_af_007,0,Logistic Regression,0.7749912400439769,1
mimic_perform_non_af_007,0,Logistic Regression,0.01464879154851617,0
mimic_perform_non_af_007,0,Logistic Regression,0.6912009327579925,1
mimic_perform_non_af_007,0,Logistic Regression,0.35734034852607216,0
mimic_perform_non_af_007,0,Logistic Regression,0.0073356608895518705,0
mimic_perform_non_af_007,0,Logistic Regression,0.0002149116511658666,0
mimic_perform_non_af_007,0,Logistic Regression,0.043067223568863715,0
mimic_perform_non_af_007,0,Logistic Regression,0.0013788889315707053,0
mimic_perform_non_af_007,0,Logistic Regression,0.00039013139354962653,0
mimic_perform_non_af_007,0,Logistic Regression,0.0004366944855936021,0
mimic_perform_non_af_007,0,Logistic Regression,0.06739401910980648,0
mimic_perform_non_af_007,0,Logistic Regression,0.06494908225856998,0
mimic_perform_non_af_007,0,Logistic Regression,0.002351922951556611,0
mimic_perform_non_af_007,0,Logistic Regression,5.178164022888075e-05,0
mimic_perform_non_af_007,0,Logistic Regression,5.014507247503321e-05,0
mimic_perform_non_af_007,0,Logistic Regression,0.007084372222080965,0
mimic_perform_non_af_007,0,Logistic Regression,0.00038239778634489873,0
mimic_perform_non_af_007,0,Logistic Regression,0.00015568472846138326,0
mimic_perform_non_af_007,0,Logistic Regression,0.00031370500136946157,0
mimic_perform_non_af_007,0,Logistic Regression,0.0015267009838340392,0
mimic_perform_non_af_007,0,Logistic Regression,0.8342238960561249,1
mimic_perform_non_af_007,0,Logistic Regression,0.0022591851846237585,0
mimic_perform_non_af_007,0,Logistic Regression,0.4075768471951854,0
mimic_perform_non_af_007,0,Logistic Regression,0.3438557499763206,0
mimic_perform_non_af_007,0,Logistic Regression,0.018870121690496552,0
mimic_perform_non_af_007,0,Logistic Regression,0.0024999574548316057,0
mimic_perform_non_af_007,0,Logistic Regression,0.5320511550307232,1
mimic_perform_non_af_007,0,Logistic Regression,0.24420447809065068,0
mimic_perform_non_af_007,0,Logistic Regression,0.10581411021210546,0
mimic_perform_non_af_007,0,Logistic Regression,0.5017394593038242,1
mimic_perform_non_af_007,0,Logistic Regression,6.789221507205704e-05,0
mimic_perform_non_af_007,0,Logistic Regression,0.01574737972924666,0
mimic_perform_non_af_007,0,Logistic Regression,0.1197429075382751,0
mimic_perform_non_af_007,0,Logistic Regression,0.4746477014041057,0
mimic_perform_non_af_007,0,Logistic Regression,0.12190534537001138,0
mimic_perform_non_af_007,0,Logistic Regression,0.6569793437047516,1
mimic_perform_non_af_007,0,Logistic Regression,0.05075847198747135,0
mimic_perform_non_af_007,0,Logistic Regression,0.00036741166659628576,0
mimic_perform_non_af_007,0,Logistic Regression,0.0004353390699624204,0
mimic_perform_non_af_007,0,Logistic Regression,1.7583487885579367e-05,0
mimic_perform_non_af_007,0,Logistic Regression,1.1178595926588028e-05,0
mimic_perform_non_af_007,0,Logistic Regression,4.2980073274839245e-05,0
mimic_perform_non_af_007,0,Logistic Regression,0.005174539118528575,0
mimic_perform_non_af_007,0,Logistic Regression,0.7138924413294482,1
mimic_perform_non_af_007,0,Logistic Regression,0.9866897165431674,1
mimic_perform_non_af_007,0,Logistic Regression,0.9833471305145616,1
mimic_perform_non_af_007,0,Logistic Regression,0.8431223358509826,1
mimic_perform_non_af_007,0,Logistic Regression,0.5472359819371487,1
mimic_perform_non_af_007,0,Logistic Regression,0.3437567022151716,0
mimic_perform_non_af_007,0,Logistic Regression,0.7030168759266928,1
mimic_perform_non_af_007,0,Logistic Regression,0.1685012214014732,0
mimic_perform_non_af_007,0,Logistic Regression,0.005543382965652248,0
mimic_perform_non_af_007,0,Logistic Regression,0.7344901545125204,1
mimic_perform_non_af_007,0,Logistic Regression,0.1642343087871897,0
mimic_perform_non_af_007,0,Logistic Regression,0.7831772760120763,1
mimic_perform_non_af_007,0,Logistic Regression,0.3758440033988211,0
mimic_perform_non_af_007,0,Logistic Regression,0.0006240292775641318,0
mimic_perform_non_af_007,0,Logistic Regression,8.801396341385675e-05,0
mimic_perform_non_af_007,0,Logistic Regression,0.0020461549003044695,0
mimic_perform_non_af_007,0,Logistic Regression,0.0025026091189685484,0
mimic_perform_non_af_007,0,Logistic Regression,0.0024816336695463164,0
mimic_perform_non_af_007,0,Logistic Regression,0.010055230215211583,0
mimic_perform_non_af_007,0,Logistic Regression,0.000666826868685896,0
mimic_perform_non_af_007,0,Logistic Regression,0.00048674589297515293,0
mimic_perform_non_af_007,0,Logistic Regression,0.006885481721389073,0
mimic_perform_non_af_007,0,Logistic Regression,0.03760211189714025,0
mimic_perform_non_af_007,0,Logistic Regression,0.05367923602804403,0
mimic_perform_non_af_007,0,Logistic Regression,0.6107749432024957,1
mimic_perform_non_af_007,0,Logistic Regression,0.43706988238372724,0
mimic_perform_non_af_007,0,Logistic Regression,0.7562060522094024,1
mimic_perform_non_af_007,0,Logistic Regression,0.20030188860568016,0
mimic_perform_non_af_007,0,Logistic Regression,0.0007335045741559424,0
mimic_perform_non_af_007,0,Logistic Regression,0.00016326253465229743,0
mimic_perform_non_af_007,0,Logistic Regression,3.672530330399424e-05,0
mimic_perform_non_af_007,0,Logistic Regression,3.8541569489934745e-05,0
mimic_perform_non_af_007,0,Logistic Regression,8.512655800097729e-05,0
mimic_perform_non_af_007,0,Logistic Regression,0.0008148805600924973,0
mimic_perform_non_af_007,0,Logistic Regression,0.007970043984912188,0
mimic_perform_non_af_007,0,Logistic Regression,0.0019531154325632487,0
mimic_perform_non_af_007,0,Logistic Regression,0.12135658117266915,0
mimic_perform_non_af_007,0,Logistic Regression,0.0014443330024268431,0
mimic_perform_non_af_007,0,Logistic Regression,0.010509409673460635,0
mimic_perform_non_af_007,0,Logistic Regression,0.0011265127253861991,0
mimic_perform_non_af_007,0,Logistic Regression,0.000744355249531144,0
mimic_perform_non_af_007,0,Logistic Regression,0.006943393220301166,0
mimic_perform_non_af_007,0,Logistic Regression,0.002403178441223424,0
mimic_perform_non_af_007,0,Logistic Regression,0.016395368149849168,0
mimic_perform_non_af_007,0,Logistic Regression,0.0005447702557096136,0
mimic_perform_non_af_007,0,Logistic Regression,0.001656948434897447,0
mimic_perform_non_af_007,0,Logistic Regression,0.433921304758649,0
mimic_perform_non_af_007,0,Logistic Regression,0.20676053957446971,0
mimic_perform_non_af_007,0,Logistic Regression,0.006925439905474293,0
mimic_perform_non_af_007,0,Logistic Regression,0.00235774202072236,0
mimic_perform_non_af_007,0,Logistic Regression,0.0006566669930763989,0
mimic_perform_non_af_007,0,Logistic Regression,0.0432285690300598,0
mimic_perform_non_af_007,0,Logistic Regression,0.001499166872448469,0
mimic_perform_non_af_007,0,Logistic Regression,0.0003937818352505502,0
mimic_perform_non_af_007,0,Logistic Regression,0.0001665694879906853,0
mimic_perform_non_af_007,0,Logistic Regression,0.004591049873552882,0
mimic_perform_non_af_007,0,Logistic Regression,0.0033457249578753476,0
mimic_perform_non_af_007,0,Logistic Regression,0.0013375562425186754,0
mimic_perform_non_af_007,0,Logistic Regression,0.046935479760344435,0
mimic_perform_non_af_007,0,Logistic Regression,0.001658221018377414,0
mimic_perform_non_af_007,0,Logistic Regression,0.0022095141377093687,0
mimic_perform_non_af_007,0,Logistic Regression,0.06288443954601028,0
mimic_perform_non_af_007,0,Logistic Regression,0.04047189371822184,0
mimic_perform_non_af_007,0,Logistic Regression,0.08626864045789988,0
mimic_perform_non_af_007,0,Logistic Regression,0.8362020402625028,1
mimic_perform_non_af_007,0,Logistic Regression,0.02950473041281292,0
mimic_perform_non_af_007,0,Logistic Regression,0.01892014395465126,0
mimic_perform_non_af_007,0,Logistic Regression,0.19869197718693715,0
mimic_perform_non_af_007,0,Logistic Regression,0.8310061151362998,1
mimic_perform_non_af_007,0,Logistic Regression,0.6265699898531012,1
mimic_perform_non_af_008,0,Logistic Regression,0.05300072062426479,0
mimic_perform_non_af_008,0,Logistic Regression,0.14917696027137314,0
mimic_perform_non_af_008,0,Logistic Regression,0.39793794440406066,0
mimic_perform_non_af_008,0,Logistic Regression,0.40788192587939764,0
mimic_perform_non_af_008,0,Logistic Regression,0.6928705321934839,1
mimic_perform_non_af_008,0,Logistic Regression,0.37515925617138207,0
mimic_perform_non_af_008,0,Logistic Regression,0.03163027955003913,0
mimic_perform_non_af_008,0,Logistic Regression,0.034932711199591175,0
mimic_perform_non_af_008,0,Logistic Regression,8.37757414857058e-06,0
mimic_perform_non_af_008,0,Logistic Regression,1.0303922587121509e-05,0
mimic_perform_non_af_008,0,Logistic Regression,3.402603509269305e-05,0
mimic_perform_non_af_008,0,Logistic Regression,0.002911450488535285,0
mimic_perform_non_af_008,0,Logistic Regression,7.87438874663107e-05,0
mimic_perform_non_af_008,0,Logistic Regression,0.00010722000050004919,0
mimic_perform_non_af_008,0,Logistic Regression,0.005818711624842729,0
mimic_perform_non_af_008,0,Logistic Regression,0.0012891230640550172,0
mimic_perform_non_af_008,0,Logistic Regression,0.00048191031847896857,0
mimic_perform_non_af_008,0,Logistic Regression,0.002905474820621057,0
mimic_perform_non_af_008,0,Logistic Regression,0.00011508266697979342,0
mimic_perform_non_af_008,0,Logistic Regression,0.009200232175700653,0
mimic_perform_non_af_008,0,Logistic Regression,0.0027487416323686556,0
mimic_perform_non_af_008,0,Logistic Regression,0.0013802741842276506,0
mimic_perform_non_af_008,0,Logistic Regression,0.029127329097882477,0
mimic_perform_non_af_008,0,Logistic Regression,0.06671143662124071,0
mimic_perform_non_af_008,0,Logistic Regression,0.06872745667378483,0
mimic_perform_non_af_008,0,Logistic Regression,0.00014871886757233702,0
mimic_perform_non_af_008,0,Logistic Regression,2.056479522752683e-05,0
mimic_perform_non_af_008,0,Logistic Regression,1.6505813575393607e-05,0
mimic_perform_non_af_008,0,Logistic Regression,0.0006768523990098472,0
mimic_perform_non_af_008,0,Logistic Regression,0.003623888148028129,0
mimic_perform_non_af_008,0,Logistic Regression,0.0010310111873372816,0
mimic_perform_non_af_008,0,Logistic Regression,0.016582626433679006,0
mimic_perform_non_af_008,0,Logistic Regression,0.0272132980147002,0
mimic_perform_non_af_008,0,Logistic Regression,0.004102171232213135,0
mimic_perform_non_af_008,0,Logistic Regression,0.06263517888952085,0
mimic_perform_non_af_008,0,Logistic Regression,0.08408313473974939,0
mimic_perform_non_af_008,0,Logistic Regression,0.004593815265083209,0
mimic_perform_non_af_008,0,Logistic Regression,0.016407024509950397,0
mimic_perform_non_af_008,0,Logistic Regression,0.17417330737417921,0
mimic_perform_non_af_008,0,Logistic Regression,0.026542113862396563,0
mimic_perform_non_af_008,0,Logistic Regression,0.008904723693920306,0
mimic_perform_non_af_008,0,Logistic Regression,0.007972899902904795,0
mimic_perform_non_af_008,0,Logistic Regression,0.0011273848753539937,0
mimic_perform_non_af_008,0,Logistic Regression,0.0011990534997562334,0
mimic_perform_non_af_008,0,Logistic Regression,0.000300396942740881,0
mimic_perform_non_af_008,0,Logistic Regression,0.033419009504309316,0
mimic_perform_non_af_008,0,Logistic Regression,0.041710463049232496,0
mimic_perform_non_af_008,0,Logistic Regression,0.03247711116709668,0
mimic_perform_non_af_008,0,Logistic Regression,0.0037859154375327058,0
mimic_perform_non_af_008,0,Logistic Regression,0.017215989175543827,0
mimic_perform_non_af_008,0,Logistic Regression,0.10245185970322701,0
mimic_perform_non_af_008,0,Logistic Regression,0.2950055117458788,0
mimic_perform_non_af_008,0,Logistic Regression,0.06651701485867094,0
mimic_perform_non_af_008,0,Logistic Regression,0.011615290703195285,0
mimic_perform_non_af_008,0,Logistic Regression,8.209950550982022e-05,0
mimic_perform_non_af_008,0,Logistic Regression,0.011977774937895872,0
mimic_perform_non_af_008,0,Logistic Regression,0.0038224047553912475,0
mimic_perform_non_af_008,0,Logistic Regression,0.011265925529651763,0
mimic_perform_non_af_008,0,Logistic Regression,0.1066504579930454,0
mimic_perform_non_af_008,0,Logistic Regression,0.1993012046264982,0
mimic_perform_non_af_008,0,Logistic Regression,0.0930794275842858,0
mimic_perform_non_af_008,0,Logistic Regression,6.114144116651958e-05,0
mimic_perform_non_af_008,0,Logistic Regression,1.9070103414814766e-05,0
mimic_perform_non_af_008,0,Logistic Regression,0.0007443357406792653,0
mimic_perform_non_af_008,0,Logistic Regression,0.017262203191299844,0
mimic_perform_non_af_008,0,Logistic Regression,0.037074148465257806,0
mimic_perform_non_af_008,0,Logistic Regression,0.11333205374438596,0
mimic_perform_non_af_008,0,Logistic Regression,0.06714039383690472,0
mimic_perform_non_af_008,0,Logistic Regression,0.003470760204895427,0
mimic_perform_non_af_008,0,Logistic Regression,0.002506850005108453,0
mimic_perform_non_af_008,0,Logistic Regression,0.03107286933981777,0
mimic_perform_non_af_008,0,Logistic Regression,0.18872573620019917,0
mimic_perform_non_af_008,0,Logistic Regression,0.10046705448360663,0
mimic_perform_non_af_008,0,Logistic Regression,0.02467467589998441,0
mimic_perform_non_af_008,0,Logistic Regression,2.118742079920174e-05,0
mimic_perform_non_af_008,0,Logistic Regression,1.3657069168628788e-05,0
mimic_perform_non_af_008,0,Logistic Regression,8.259727618655382e-06,0
mimic_perform_non_af_008,0,Logistic Regression,0.008526630995031327,0
mimic_perform_non_af_008,0,Logistic Regression,0.0001333792371228131,0
mimic_perform_non_af_008,0,Logistic Regression,0.00012850071283370445,0
mimic_perform_non_af_008,0,Logistic Regression,0.013694404254312842,0
mimic_perform_non_af_008,0,Logistic Regression,0.008841946926914266,0
mimic_perform_non_af_008,0,Logistic Regression,0.0003768305293008864,0
mimic_perform_non_af_008,0,Logistic Regression,6.833613328054075e-06,0
mimic_perform_non_af_008,0,Logistic Regression,0.0001543746105052462,0
mimic_perform_non_af_008,0,Logistic Regression,0.0007254405062670856,0
mimic_perform_non_af_008,0,Logistic Regression,0.00037564514613956077,0
mimic_perform_non_af_008,0,Logistic Regression,0.00834565006480759,0
mimic_perform_non_af_008,0,Logistic Regression,6.737283043599049e-05,0
mimic_perform_non_af_008,0,Logistic Regression,0.00012393573363109051,0
mimic_perform_non_af_008,0,Logistic Regression,0.00015063518703248866,0
mimic_perform_non_af_008,0,Logistic Regression,0.011298351041727613,0
mimic_perform_non_af_008,0,Logistic Regression,0.025858268333235748,0
mimic_perform_non_af_008,0,Logistic Regression,0.019959286141326422,0
mimic_perform_non_af_008,0,Logistic Regression,0.004301854156614992,0
mimic_perform_non_af_008,0,Logistic Regression,0.006075805464754987,0
mimic_perform_non_af_008,0,Logistic Regression,0.0028172466798175267,0
mimic_perform_non_af_008,0,Logistic Regression,0.000368695122310462,0
mimic_perform_non_af_008,0,Logistic Regression,0.009150989291605913,0
mimic_perform_non_af_008,0,Logistic Regression,0.0329623291543183,0
mimic_perform_non_af_008,0,Logistic Regression,0.0018169481019545731,0
mimic_perform_non_af_008,0,Logistic Regression,0.0016557367146513456,0
mimic_perform_non_af_008,0,Logistic Regression,0.0013260153317155975,0
mimic_perform_non_af_008,0,Logistic Regression,0.0027644244688771282,0
mimic_perform_non_af_008,0,Logistic Regression,0.000544686793592961,0
mimic_perform_non_af_008,0,Logistic Regression,0.0062658742639018,0
mimic_perform_non_af_008,0,Logistic Regression,0.00016829275640253144,0
mimic_perform_non_af_008,0,Logistic Regression,8.648237246211976e-05,0
mimic_perform_non_af_008,0,Logistic Regression,0.00013667180641631203,0
mimic_perform_non_af_008,0,Logistic Regression,0.06214432882798036,0
mimic_perform_non_af_008,0,Logistic Regression,0.0006634459310277731,0
mimic_perform_non_af_008,0,Logistic Regression,3.920787331256084e-06,0
mimic_perform_non_af_008,0,Logistic Regression,4.268417546182176e-05,0
mimic_perform_non_af_008,0,Logistic Regression,0.017329291154493894,0
mimic_perform_non_af_008,0,Logistic Regression,0.04257659723631757,0
mimic_perform_non_af_008,0,Logistic Regression,0.5146652600788425,1
mimic_perform_non_af_008,0,Logistic Regression,0.33153887133840065,0
mimic_perform_non_af_008,0,Logistic Regression,0.4245122852874161,0
mimic_perform_non_af_009,0,Logistic Regression,7.714212797872782e-06,0
mimic_perform_non_af_009,0,Logistic Regression,5.5532537690278e-06,0
mimic_perform_non_af_009,0,Logistic Regression,1.0990478392508484e-05,0
mimic_perform_non_af_009,0,Logistic Regression,2.6551289437296237e-05,0
mimic_perform_non_af_009,0,Logistic Regression,5.440888835463572e-06,0
mimic_perform_non_af_009,0,Logistic Regression,5.928431531517274e-06,0
mimic_perform_non_af_009,0,Logistic Regression,9.619081493460343e-06,0
mimic_perform_non_af_009,0,Logistic Regression,4.3463660262670145e-07,0
mimic_perform_non_af_009,0,Logistic Regression,3.1339845013051965e-06,0
mimic_perform_non_af_009,0,Logistic Regression,3.1177913120603747e-06,0
mimic_perform_non_af_009,0,Logistic Regression,1.279442148615892e-05,0
mimic_perform_non_af_009,0,Logistic Regression,3.483220705322683e-06,0
mimic_perform_non_af_009,0,Logistic Regression,2.859709968352805e-06,0
mimic_perform_non_af_009,0,Logistic Regression,1.629626980531814e-05,0
mimic_perform_non_af_009,0,Logistic Regression,4.123951254848517e-06,0
mimic_perform_non_af_009,0,Logistic Regression,1.0306861800467585e-06,0
mimic_perform_non_af_009,0,Logistic Regression,2.17176063803905e-06,0
mimic_perform_non_af_009,0,Logistic Regression,1.2155618951991275e-05,0
mimic_perform_non_af_009,0,Logistic Regression,9.434003438259995e-05,0
mimic_perform_non_af_009,0,Logistic Regression,0.00012891218485735454,0
mimic_perform_non_af_009,0,Logistic Regression,2.956260049731481e-05,0
mimic_perform_non_af_009,0,Logistic Regression,3.950786236898333e-05,0
mimic_perform_non_af_009,0,Logistic Regression,5.733773819468324e-05,0
mimic_perform_non_af_009,0,Logistic Regression,7.749298362859415e-07,0
mimic_perform_non_af_009,0,Logistic Regression,1.874394879130573e-05,0
mimic_perform_non_af_009,0,Logistic Regression,7.024398717057106e-05,0
mimic_perform_non_af_009,0,Logistic Regression,1.3466213608571235e-05,0
mimic_perform_non_af_009,0,Logistic Regression,7.278912458078073e-06,0
mimic_perform_non_af_009,0,Logistic Regression,5.492898943221047e-05,0
mimic_perform_non_af_009,0,Logistic Regression,2.982549200486355e-05,0
mimic_perform_non_af_009,0,Logistic Regression,4.1608790132380035e-05,0
mimic_perform_non_af_009,0,Logistic Regression,9.843259745868824e-05,0
mimic_perform_non_af_009,0,Logistic Regression,0.00026437999626787763,0
mimic_perform_non_af_009,0,Logistic Regression,4.538358424306925e-05,0
mimic_perform_non_af_009,0,Logistic Regression,5.675993325088507e-05,0
mimic_perform_non_af_009,0,Logistic Regression,7.988433970428138e-06,0
mimic_perform_non_af_009,0,Logistic Regression,1.160347936601844e-06,0
mimic_perform_non_af_009,0,Logistic Regression,9.152918367955525e-06,0
mimic_perform_non_af_009,0,Logistic Regression,1.2667450229612495e-05,0
mimic_perform_non_af_009,0,Logistic Regression,2.47373013117948e-06,0
mimic_perform_non_af_009,0,Logistic Regression,1.4351483044242377e-05,0
mimic_perform_non_af_009,0,Logistic Regression,2.302171250282944e-05,0
mimic_perform_non_af_009,0,Logistic Regression,5.4655694933725085e-05,0
mimic_perform_non_af_009,0,Logistic Regression,7.99631635071027e-05,0
mimic_perform_non_af_009,0,Logistic Regression,3.615211651277493e-05,0
mimic_perform_non_af_009,0,Logistic Regression,0.00014402996713843856,0
mimic_perform_non_af_009,0,Logistic Regression,8.360557885707056e-05,0
mimic_perform_non_af_009,0,Logistic Regression,3.806276807130863e-05,0
mimic_perform_non_af_009,0,Logistic Regression,1.3120804949200488e-05,0
mimic_perform_non_af_009,0,Logistic Regression,5.765994112337543e-06,0
mimic_perform_non_af_009,0,Logistic Regression,9.799270294250702e-06,0
mimic_perform_non_af_009,0,Logistic Regression,7.782997046510428e-06,0
mimic_perform_non_af_009,0,Logistic Regression,3.976240590621833e-06,0
mimic_perform_non_af_009,0,Logistic Regression,2.800806405617448e-06,0
mimic_perform_non_af_009,0,Logistic Regression,1.7174227541415548e-05,0
mimic_perform_non_af_009,0,Logistic Regression,1.7781430138997264e-05,0
mimic_perform_non_af_009,0,Logistic Regression,6.587410522055352e-05,0
mimic_perform_non_af_009,0,Logistic Regression,1.6194392980263248e-05,0
mimic_perform_non_af_009,0,Logistic Regression,1.1288929374907573e-05,0
mimic_perform_non_af_009,0,Logistic Regression,2.0438195154304436e-05,0
mimic_perform_non_af_009,0,Logistic Regression,4.802381703335877e-05,0
mimic_perform_non_af_009,0,Logistic Regression,4.8993186066621823e-05,0
mimic_perform_non_af_009,0,Logistic Regression,7.3429355560884e-05,0
mimic_perform_non_af_009,0,Logistic Regression,3.697744651916772e-05,0
mimic_perform_non_af_009,0,Logistic Regression,8.877073030043445e-06,0
mimic_perform_non_af_009,0,Logistic Regression,1.9917285301808463e-05,0
mimic_perform_non_af_009,0,Logistic Regression,8.298047972793636e-06,0
mimic_perform_non_af_009,0,Logistic Regression,1.6140190859422198e-05,0
mimic_perform_non_af_009,0,Logistic Regression,4.0193238832810645e-05,0
mimic_perform_non_af_009,0,Logistic Regression,3.0358740957144416e-05,0
mimic_perform_non_af_009,0,Logistic Regression,7.259818357282204e-05,0
mimic_perform_non_af_009,0,Logistic Regression,7.502258214761126e-05,0
mimic_perform_non_af_009,0,Logistic Regression,0.001008103020501515,0
mimic_perform_non_af_009,0,Logistic Regression,0.0005866879493020817,0
mimic_perform_non_af_009,0,Logistic Regression,0.0013948296977354566,0
mimic_perform_non_af_009,0,Logistic Regression,0.0005742374358136016,0
mimic_perform_non_af_009,0,Logistic Regression,3.159566178343184e-05,0
mimic_perform_non_af_009,0,Logistic Regression,1.0802190755542886e-05,0
mimic_perform_non_af_009,0,Logistic Regression,0.00019584721959190496,0
mimic_perform_non_af_009,0,Logistic Regression,0.004282771306059447,0
mimic_perform_non_af_009,0,Logistic Regression,0.0076048729087152276,0
mimic_perform_non_af_009,0,Logistic Regression,0.0008640772904493256,0
mimic_perform_non_af_009,0,Logistic Regression,0.0006245622628299615,0
mimic_perform_non_af_009,0,Logistic Regression,0.00014332517197763146,0
mimic_perform_non_af_009,0,Logistic Regression,0.00018438694512192886,0
mimic_perform_non_af_009,0,Logistic Regression,0.00033912951021176045,0
mimic_perform_non_af_009,0,Logistic Regression,0.0007273068129120036,0
mimic_perform_non_af_009,0,Logistic Regression,0.0040571107786729335,0
mimic_perform_non_af_009,0,Logistic Regression,0.0009469289576199786,0
mimic_perform_non_af_009,0,Logistic Regression,0.0015955181305522862,0
mimic_perform_non_af_009,0,Logistic Regression,0.007703038497550286,0
mimic_perform_non_af_009,0,Logistic Regression,0.004484871460519864,0
mimic_perform_non_af_009,0,Logistic Regression,0.01191286949364247,0
mimic_perform_non_af_009,0,Logistic Regression,0.0008866166986010239,0
mimic_perform_non_af_009,0,Logistic Regression,0.006924912228656875,0
mimic_perform_non_af_009,0,Logistic Regression,0.0011367608231321123,0
mimic_perform_non_af_009,0,Logistic Regression,0.0384239613335345,0
mimic_perform_non_af_009,0,Logistic Regression,0.08222776795018494,0
mimic_perform_non_af_009,0,Logistic Regression,0.5285631034023203,1
mimic_perform_non_af_009,0,Logistic Regression,0.42405665556195504,0
mimic_perform_non_af_009,0,Logistic Regression,0.08759477669032327,0
mimic_perform_non_af_009,0,Logistic Regression,0.1038959732738005,0
mimic_perform_non_af_009,0,Logistic Regression,0.007516217324869343,0
mimic_perform_non_af_009,0,Logistic Regression,0.0015575105270592361,0
mimic_perform_non_af_009,0,Logistic Regression,0.0003090922488781731,0
mimic_perform_non_af_009,0,Logistic Regression,0.00681659900782208,0
mimic_perform_non_af_009,0,Logistic Regression,0.0104934513053439,0
mimic_perform_non_af_009,0,Logistic Regression,0.022351877424321213,0
mimic_perform_non_af_009,0,Logistic Regression,0.011671174461162778,0
mimic_perform_non_af_009,0,Logistic Regression,0.0139888271893413,0
mimic_perform_non_af_009,0,Logistic Regression,0.011975834076307786,0
mimic_perform_non_af_009,0,Logistic Regression,0.0021986886661389117,0
mimic_perform_non_af_009,0,Logistic Regression,0.0002779322631749523,0
mimic_perform_non_af_009,0,Logistic Regression,0.0008919951578513152,0
mimic_perform_non_af_009,0,Logistic Regression,0.00044039274675175864,0
mimic_perform_non_af_009,0,Logistic Regression,0.0004117748173837309,0
mimic_perform_non_af_009,0,Logistic Regression,0.07110061683800825,0
mimic_perform_non_af_009,0,Logistic Regression,0.5575122038947039,1
mimic_perform_non_af_010,0,Logistic Regression,0.0070694235982310056,0
mimic_perform_non_af_010,0,Logistic Regression,0.0002470754757447864,0
mimic_perform_non_af_010,0,Logistic Regression,5.370369987651514e-06,0
mimic_perform_non_af_010,0,Logistic Regression,4.311403539265865e-06,0
mimic_perform_non_af_010,0,Logistic Regression,6.907232766087969e-06,0
mimic_perform_non_af_010,0,Logistic Regression,0.0021744328696709954,0
mimic_perform_non_af_010,0,Logistic Regression,0.2043826360643261,0
mimic_perform_non_af_010,0,Logistic Regression,0.0002980104527903024,0
mimic_perform_non_af_010,0,Logistic Regression,0.00026943627140634365,0
mimic_perform_non_af_010,0,Logistic Regression,0.0019392171879949313,0
mimic_perform_non_af_010,0,Logistic Regression,0.006811337753924093,0
mimic_perform_non_af_010,0,Logistic Regression,0.0005167346694056253,0
mimic_perform_non_af_010,0,Logistic Regression,0.0012276622610659144,0
mimic_perform_non_af_010,0,Logistic Regression,0.0003690958379446975,0
mimic_perform_non_af_010,0,Logistic Regression,0.00025613333305031825,0
mimic_perform_non_af_010,0,Logistic Regression,0.0036621352230649024,0
mimic_perform_non_af_010,0,Logistic Regression,0.6023860490471213,1
mimic_perform_non_af_010,0,Logistic Regression,0.9406247188842453,1
mimic_perform_non_af_010,0,Logistic Regression,0.5565698721368342,1
mimic_perform_non_af_010,0,Logistic Regression,0.004036306359799867,0
mimic_perform_non_af_010,0,Logistic Regression,0.14709611910485162,0
mimic_perform_non_af_010,0,Logistic Regression,0.001128005406879342,0
mimic_perform_non_af_010,0,Logistic Regression,1.7558214650081032e-05,0
mimic_perform_non_af_010,0,Logistic Regression,0.004559356449375769,0
mimic_perform_non_af_010,0,Logistic Regression,0.002356891314239779,0
mimic_perform_non_af_010,0,Logistic Regression,0.371355207373555,0
mimic_perform_non_af_010,0,Logistic Regression,0.00019893015347475422,0
mimic_perform_non_af_010,0,Logistic Regression,1.237873194861448e-06,0
mimic_perform_non_af_010,0,Logistic Regression,9.05228071882778e-05,0
mimic_perform_non_af_010,0,Logistic Regression,0.0006686704051883187,0
mimic_perform_non_af_010,0,Logistic Regression,0.006395181834270799,0
mimic_perform_non_af_010,0,Logistic Regression,0.002436293962349773,0
mimic_perform_non_af_010,0,Logistic Regression,0.000125325103801689,0
mimic_perform_non_af_010,0,Logistic Regression,8.729230247384516e-05,0
mimic_perform_non_af_010,0,Logistic Regression,5.014212046152784e-05,0
mimic_perform_non_af_010,0,Logistic Regression,6.943284916219272e-05,0
mimic_perform_non_af_010,0,Logistic Regression,0.005861601367308402,0
mimic_perform_non_af_010,0,Logistic Regression,0.001211931333537981,0
mimic_perform_non_af_010,0,Logistic Regression,0.0008578457555961249,0
mimic_perform_non_af_010,0,Logistic Regression,5.6156633185481805e-05,0
mimic_perform_non_af_010,0,Logistic Regression,0.0014158798241770362,0
mimic_perform_non_af_010,0,Logistic Regression,0.00025552015899138106,0
mimic_perform_non_af_010,0,Logistic Regression,8.669627932983491e-07,0
mimic_perform_non_af_010,0,Logistic Regression,2.1893678786503908e-06,0
mimic_perform_non_af_010,0,Logistic Regression,1.513645503868668e-05,0
mimic_perform_non_af_010,0,Logistic Regression,4.221429701268303e-05,0
mimic_perform_non_af_010,0,Logistic Regression,5.354107317101682e-06,0
mimic_perform_non_af_010,0,Logistic Regression,2.9579937879607936e-06,0
mimic_perform_non_af_010,0,Logistic Regression,1.5514502851772466e-06,0
mimic_perform_non_af_010,0,Logistic Regression,2.499779692914721e-07,0
mimic_perform_non_af_010,0,Logistic Regression,2.524635907134745e-07,0
mimic_perform_non_af_010,0,Logistic Regression,9.626767495950474e-07,0
mimic_perform_non_af_010,0,Logistic Regression,0.00011580519899141859,0
mimic_perform_non_af_010,0,Logistic Regression,0.0010270686360135649,0
mimic_perform_non_af_010,0,Logistic Regression,4.978859492948438e-06,0
mimic_perform_non_af_010,0,Logistic Regression,3.613497140682921e-07,0
mimic_perform_non_af_010,0,Logistic Regression,5.152880833442499e-07,0
mimic_perform_non_af_010,0,Logistic Regression,5.948331676652676e-07,0
mimic_perform_non_af_010,0,Logistic Regression,4.3041235033409987e-07,0
mimic_perform_non_af_010,0,Logistic Regression,3.7081652121268686e-07,0
mimic_perform_non_af_010,0,Logistic Regression,4.494620649893197e-07,0
mimic_perform_non_af_010,0,Logistic Regression,1.3085017676960163e-06,0
mimic_perform_non_af_010,0,Logistic Regression,9.630863104452e-07,0
mimic_perform_non_af_010,0,Logistic Regression,7.191991648911374e-07,0
mimic_perform_non_af_010,0,Logistic Regression,1.8739760998264295e-06,0
mimic_perform_non_af_010,0,Logistic Regression,6.835486019755019e-07,0
mimic_perform_non_af_010,0,Logistic Regression,1.4966566526135497e-06,0
mimic_perform_non_af_010,0,Logistic Regression,1.0520473081706578e-05,0
mimic_perform_non_af_010,0,Logistic Regression,1.7022778614339175e-05,0
mimic_perform_non_af_010,0,Logistic Regression,0.00196347919929235,0
mimic_perform_non_af_010,0,Logistic Regression,0.002697831156837786,0
mimic_perform_non_af_010,0,Logistic Regression,0.041943849677462716,0
mimic_perform_non_af_010,0,Logistic Regression,1.1905283632119534e-05,0
mimic_perform_non_af_010,0,Logistic Regression,0.000991732299026928,0
mimic_perform_non_af_010,0,Logistic Regression,0.0049882766636561654,0
mimic_perform_non_af_010,0,Logistic Regression,0.0035379044029951266,0
mimic_perform_non_af_010,0,Logistic Regression,0.0019174602366272624,0
mimic_perform_non_af_010,0,Logistic Regression,1.2306803293968204e-06,0
mimic_perform_non_af_010,0,Logistic Regression,3.9099536010357365e-07,0
mimic_perform_non_af_010,0,Logistic Regression,2.3210838736374486e-07,0
mimic_perform_non_af_010,0,Logistic Regression,2.848737550979989e-07,0
mimic_perform_non_af_010,0,Logistic Regression,2.0075804941027795e-07,0
mimic_perform_non_af_010,0,Logistic Regression,1.7541174651912035e-06,0
mimic_perform_non_af_010,0,Logistic Regression,3.2804914246688566e-06,0
mimic_perform_non_af_010,0,Logistic Regression,1.444563330644347e-06,0
mimic_perform_non_af_010,0,Logistic Regression,9.16793486456108e-07,0
mimic_perform_non_af_010,0,Logistic Regression,3.298404737155789e-05,0
mimic_perform_non_af_010,0,Logistic Regression,0.002796460455472421,0
mimic_perform_non_af_010,0,Logistic Regression,0.1778529543699251,0
mimic_perform_non_af_010,0,Logistic Regression,0.3666762615945638,0
mimic_perform_non_af_010,0,Logistic Regression,0.5061952526162673,1
mimic_perform_non_af_010,0,Logistic Regression,0.004150604672291548,0
mimic_perform_non_af_010,0,Logistic Regression,0.0002503340413382501,0
mimic_perform_non_af_010,0,Logistic Regression,1.4054694362682337e-05,0
mimic_perform_non_af_010,0,Logistic Regression,4.307995177035523e-05,0
mimic_perform_non_af_010,0,Logistic Regression,0.00023381160577883505,0
mimic_perform_non_af_010,0,Logistic Regression,0.00015044023922582657,0
mimic_perform_non_af_010,0,Logistic Regression,0.048069632454037156,0
mimic_perform_non_af_010,0,Logistic Regression,0.00043214364003993025,0
mimic_perform_non_af_010,0,Logistic Regression,0.0011778581944414629,0
mimic_perform_non_af_010,0,Logistic Regression,0.0007563318629451213,0
mimic_perform_non_af_010,0,Logistic Regression,0.0004918396711578575,0
mimic_perform_non_af_010,0,Logistic Regression,1.1470840097601399e-05,0
mimic_perform_non_af_010,0,Logistic Regression,5.208582848837159e-06,0
mimic_perform_non_af_010,0,Logistic Regression,2.4117589955934413e-07,0
mimic_perform_non_af_010,0,Logistic Regression,7.285445151176692e-06,0
mimic_perform_non_af_010,0,Logistic Regression,3.911708564668045e-14,0
mimic_perform_non_af_010,0,Logistic Regression,9.498964201571038e-15,0
mimic_perform_non_af_010,0,Logistic Regression,0.00029907052266642763,0
mimic_perform_non_af_010,0,Logistic Regression,4.882873786831915e-05,0
mimic_perform_non_af_010,0,Logistic Regression,9.025597235691341e-05,0
mimic_perform_non_af_010,0,Logistic Regression,0.013813339606813003,0
mimic_perform_non_af_010,0,Logistic Regression,0.12025921778314111,0
mimic_perform_non_af_010,0,Logistic Regression,0.002243709284034711,0
mimic_perform_non_af_010,0,Logistic Regression,1.7001438666077375e-05,0
mimic_perform_non_af_010,0,Logistic Regression,0.0034821512547952545,0
mimic_perform_non_af_010,0,Logistic Regression,6.218020997056221e-07,0
mimic_perform_non_af_010,0,Logistic Regression,1.160954483637919e-05,0
mimic_perform_non_af_011,0,Logistic Regression,4.4816555625574364e-05,0
mimic_perform_non_af_011,0,Logistic Regression,0.019717270046901495,0
mimic_perform_non_af_011,0,Logistic Regression,0.04558052664703119,0
mimic_perform_non_af_011,0,Logistic Regression,0.06673817478944764,0
mimic_perform_non_af_011,0,Logistic Regression,0.011020664974131391,0
mimic_perform_non_af_011,0,Logistic Regression,0.1282117325495837,0
mimic_perform_non_af_011,0,Logistic Regression,0.0006274593382200199,0
mimic_perform_non_af_011,0,Logistic Regression,0.01815304633318163,0
mimic_perform_non_af_011,0,Logistic Regression,0.0016791815022769805,0
mimic_perform_non_af_011,0,Logistic Regression,0.1365810473831133,0
mimic_perform_non_af_011,0,Logistic Regression,0.08638331040449083,0
mimic_perform_non_af_011,0,Logistic Regression,0.19300004458837647,0
mimic_perform_non_af_011,0,Logistic Regression,0.0018287173663144034,0
mimic_perform_non_af_011,0,Logistic Regression,0.013317312226754047,0
mimic_perform_non_af_011,0,Logistic Regression,0.24329265604716413,0
mimic_perform_non_af_011,0,Logistic Regression,0.05673380843381188,0
mimic_perform_non_af_011,0,Logistic Regression,0.11256486379496661,0
mimic_perform_non_af_011,0,Logistic Regression,0.04286609065688656,0
mimic_perform_non_af_011,0,Logistic Regression,0.041608638510133446,0
mimic_perform_non_af_011,0,Logistic Regression,0.015472232030381417,0
mimic_perform_non_af_011,0,Logistic Regression,0.00021530258784477888,0
mimic_perform_non_af_011,0,Logistic Regression,0.009683613923114873,0
mimic_perform_non_af_011,0,Logistic Regression,0.025897570677090816,0
mimic_perform_non_af_011,0,Logistic Regression,0.1164786679834233,0
mimic_perform_non_af_011,0,Logistic Regression,0.05437051210086626,0
mimic_perform_non_af_011,0,Logistic Regression,0.5699881576685716,1
mimic_perform_non_af_011,0,Logistic Regression,0.19981934000347143,0
mimic_perform_non_af_011,0,Logistic Regression,0.1718868357189071,0
mimic_perform_non_af_011,0,Logistic Regression,0.15085397029712283,0
mimic_perform_non_af_011,0,Logistic Regression,0.007936731458570701,0
mimic_perform_non_af_011,0,Logistic Regression,0.3575368769488764,0
mimic_perform_non_af_011,0,Logistic Regression,0.03543037488882316,0
mimic_perform_non_af_011,0,Logistic Regression,0.2575160878194804,0
mimic_perform_non_af_011,0,Logistic Regression,0.046094437422480476,0
mimic_perform_non_af_011,0,Logistic Regression,0.004433885220503788,0
mimic_perform_non_af_011,0,Logistic Regression,0.08157110246168499,0
mimic_perform_non_af_011,0,Logistic Regression,0.030676929962349834,0
mimic_perform_non_af_011,0,Logistic Regression,0.08997207239159102,0
mimic_perform_non_af_011,0,Logistic Regression,0.04521857709920363,0
mimic_perform_non_af_011,0,Logistic Regression,0.09386192217587229,0
mimic_perform_non_af_011,0,Logistic Regression,0.030063704116321404,0
mimic_perform_non_af_011,0,Logistic Regression,0.008551096592585527,0
mimic_perform_non_af_011,0,Logistic Regression,0.04160037621551171,0
mimic_perform_non_af_011,0,Logistic Regression,0.00014753597794517557,0
mimic_perform_non_af_011,0,Logistic Regression,6.049781060850214e-05,0
mimic_perform_non_af_011,0,Logistic Regression,4.36638724584445e-05,0
mimic_perform_non_af_011,0,Logistic Regression,0.002002087717118277,0
mimic_perform_non_af_011,0,Logistic Regression,0.0007614019380483384,0
mimic_perform_non_af_011,0,Logistic Regression,0.0061102466573526365,0
mimic_perform_non_af_011,0,Logistic Regression,6.646788993973416e-05,0
mimic_perform_non_af_011,0,Logistic Regression,0.0703836656006345,0
mimic_perform_non_af_011,0,Logistic Regression,0.0022389307157839712,0
mimic_perform_non_af_011,0,Logistic Regression,0.028497240138546816,0
mimic_perform_non_af_011,0,Logistic Regression,0.005510633624097912,0
mimic_perform_non_af_011,0,Logistic Regression,0.0011908623019084997,0
mimic_perform_non_af_011,0,Logistic Regression,0.0001485467734303865,0
mimic_perform_non_af_011,0,Logistic Regression,0.028621563940404066,0
mimic_perform_non_af_011,0,Logistic Regression,0.0556200438416283,0
mimic_perform_non_af_011,0,Logistic Regression,0.052518090046844865,0
mimic_perform_non_af_011,0,Logistic Regression,0.004760381380549362,0
mimic_perform_non_af_011,0,Logistic Regression,7.248477265933002e-05,0
mimic_perform_non_af_011,0,Logistic Regression,1.9185438122060143e-05,0
mimic_perform_non_af_011,0,Logistic Regression,9.439377694967665e-06,0
mimic_perform_non_af_011,0,Logistic Regression,4.144630014394213e-05,0
mimic_perform_non_af_011,0,Logistic Regression,4.548464302320037e-05,0
mimic_perform_non_af_011,0,Logistic Regression,0.10124892865791613,0
mimic_perform_non_af_011,0,Logistic Regression,0.039673555249641446,0
mimic_perform_non_af_011,0,Logistic Regression,0.003601968945956248,0
mimic_perform_non_af_011,0,Logistic Regression,0.0075321389997660085,0
mimic_perform_non_af_011,0,Logistic Regression,0.00019177964044108433,0
mimic_perform_non_af_011,0,Logistic Regression,2.036862597706551e-05,0
mimic_perform_non_af_011,0,Logistic Regression,1.5521516540122032e-05,0
mimic_perform_non_af_011,0,Logistic Regression,0.059499378182274604,0
mimic_perform_non_af_011,0,Logistic Regression,0.0004488087893837107,0
mimic_perform_non_af_011,0,Logistic Regression,0.011599591889935573,0
mimic_perform_non_af_011,0,Logistic Regression,0.0005234100292563613,0
mimic_perform_non_af_011,0,Logistic Regression,0.0001325323123406325,0
mimic_perform_non_af_011,0,Logistic Regression,0.0005358630828113587,0
mimic_perform_non_af_011,0,Logistic Regression,0.007740542356413356,0
mimic_perform_non_af_011,0,Logistic Regression,0.029070472354311726,0
mimic_perform_non_af_011,0,Logistic Regression,0.04313626247320314,0
mimic_perform_non_af_011,0,Logistic Regression,0.04199589420664379,0
mimic_perform_non_af_011,0,Logistic Regression,0.008027677181194728,0
mimic_perform_non_af_011,0,Logistic Regression,0.02501296858026951,0
mimic_perform_non_af_011,0,Logistic Regression,0.009424380481859349,0
mimic_perform_non_af_011,0,Logistic Regression,0.00013875947666613703,0
mimic_perform_non_af_011,0,Logistic Regression,0.02057411884111073,0
mimic_perform_non_af_011,0,Logistic Regression,0.008888508872836034,0
mimic_perform_non_af_011,0,Logistic Regression,0.00012485944497046844,0
mimic_perform_non_af_011,0,Logistic Regression,0.002117703935328022,0
mimic_perform_non_af_011,0,Logistic Regression,0.0030917826834337865,0
mimic_perform_non_af_011,0,Logistic Regression,0.0008677865574973763,0
mimic_perform_non_af_011,0,Logistic Regression,0.005427147523974936,0
mimic_perform_non_af_011,0,Logistic Regression,0.0021530542083473955,0
mimic_perform_non_af_011,0,Logistic Regression,0.22776912078120717,0
mimic_perform_non_af_011,0,Logistic Regression,0.0038874518861857967,0
mimic_perform_non_af_011,0,Logistic Regression,0.004728710518141315,0
mimic_perform_non_af_011,0,Logistic Regression,0.13091005098244243,0
mimic_perform_non_af_011,0,Logistic Regression,0.0011810910878869779,0
mimic_perform_non_af_011,0,Logistic Regression,0.14042620316408025,0
mimic_perform_non_af_011,0,Logistic Regression,0.0002498188095625391,0
mimic_perform_non_af_011,0,Logistic Regression,0.006500047899453095,0
mimic_perform_non_af_011,0,Logistic Regression,0.10640014796642189,0
mimic_perform_non_af_011,0,Logistic Regression,0.01988024814431508,0
mimic_perform_non_af_011,0,Logistic Regression,0.007368589909527957,0
mimic_perform_non_af_011,0,Logistic Regression,0.00025742018206164805,0
mimic_perform_non_af_011,0,Logistic Regression,0.011958239593249272,0
mimic_perform_non_af_011,0,Logistic Regression,0.0006371090853717341,0
mimic_perform_non_af_011,0,Logistic Regression,1.9502805577997946e-06,0
mimic_perform_non_af_011,0,Logistic Regression,8.86522890528447e-06,0
mimic_perform_non_af_011,0,Logistic Regression,2.830127390040886e-05,0
mimic_perform_non_af_011,0,Logistic Regression,1.5625485585302247e-06,0
mimic_perform_non_af_011,0,Logistic Regression,9.277016859959639e-06,0
mimic_perform_non_af_011,0,Logistic Regression,2.338541196646019e-05,0
mimic_perform_non_af_011,0,Logistic Regression,1.0456877009633482e-05,0
mimic_perform_non_af_011,0,Logistic Regression,0.0012450834763025665,0
mimic_perform_non_af_011,0,Logistic Regression,7.0363441180475414e-06,0
mimic_perform_non_af_011,0,Logistic Regression,5.763441395341736e-05,0
mimic_perform_non_af_012,0,Logistic Regression,0.9516960266544991,1
mimic_perform_non_af_012,0,Logistic Regression,0.9271810913566533,1
mimic_perform_non_af_012,0,Logistic Regression,0.8462490087437295,1
mimic_perform_non_af_012,0,Logistic Regression,0.9966380321744654,1
mimic_perform_non_af_012,0,Logistic Regression,0.9880591075825319,1
mimic_perform_non_af_012,0,Logistic Regression,0.9995748942180606,1
mimic_perform_non_af_012,0,Logistic Regression,0.9949140173286561,1
mimic_perform_non_af_012,0,Logistic Regression,0.9990912734586386,1
mimic_perform_non_af_012,0,Logistic Regression,0.6548444322691676,1
mimic_perform_non_af_012,0,Logistic Regression,0.9999991870103607,1
mimic_perform_non_af_012,0,Logistic Regression,0.9944973115792736,1
mimic_perform_non_af_012,0,Logistic Regression,0.8303573028944933,1
mimic_perform_non_af_012,0,Logistic Regression,0.8315178090592761,1
mimic_perform_non_af_012,0,Logistic Regression,0.9985543661867922,1
mimic_perform_non_af_012,0,Logistic Regression,0.9999957292614735,1
mimic_perform_non_af_012,0,Logistic Regression,0.9999999508892221,1
mimic_perform_non_af_012,0,Logistic Regression,0.999980927148777,1
mimic_perform_non_af_012,0,Logistic Regression,0.9992266100140995,1
mimic_perform_non_af_012,0,Logistic Regression,0.9890614775016142,1
mimic_perform_non_af_012,0,Logistic Regression,0.999822689263374,1
mimic_perform_non_af_012,0,Logistic Regression,0.9188630345848504,1
mimic_perform_non_af_012,0,Logistic Regression,0.9934995650008231,1
mimic_perform_non_af_012,0,Logistic Regression,0.9660954767259102,1
mimic_perform_non_af_012,0,Logistic Regression,0.9999757581754998,1
mimic_perform_non_af_012,0,Logistic Regression,0.9999945899077558,1
mimic_perform_non_af_012,0,Logistic Regression,0.9999999350208217,1
mimic_perform_non_af_012,0,Logistic Regression,0.9999870586186034,1
mimic_perform_non_af_012,0,Logistic Regression,0.9999319728752892,1
mimic_perform_non_af_012,0,Logistic Regression,0.9721383334759169,1
mimic_perform_non_af_012,0,Logistic Regression,0.9998523137430244,1
mimic_perform_non_af_012,0,Logistic Regression,0.9995611536548876,1
mimic_perform_non_af_012,0,Logistic Regression,0.9998759708955511,1
mimic_perform_non_af_012,0,Logistic Regression,0.9997078005977068,1
mimic_perform_non_af_012,0,Logistic Regression,0.9982695811276975,1
mimic_perform_non_af_012,0,Logistic Regression,0.9518552218803474,1
mimic_perform_non_af_012,0,Logistic Regression,0.9971211779281364,1
mimic_perform_non_af_012,0,Logistic Regression,0.717302226932986,1
mimic_perform_non_af_012,0,Logistic Regression,0.9617227256435915,1
mimic_perform_non_af_012,0,Logistic Regression,0.8045963373917232,1
mimic_perform_non_af_012,0,Logistic Regression,0.9990232329837883,1
mimic_perform_non_af_012,0,Logistic Regression,0.9997866168032308,1
mimic_perform_non_af_012,0,Logistic Regression,0.9996085652654404,1
mimic_perform_non_af_012,0,Logistic Regression,0.9554533448260837,1
mimic_perform_non_af_012,0,Logistic Regression,0.9998774129497265,1
mimic_perform_non_af_012,0,Logistic Regression,0.7503887825637607,1
mimic_perform_non_af_012,0,Logistic Regression,0.495882589238542,0
mimic_perform_non_af_012,0,Logistic Regression,0.9865704054406121,1
mimic_perform_non_af_012,0,Logistic Regression,0.9943309283015033,1
mimic_perform_non_af_012,0,Logistic Regression,0.9969945520048943,1
mimic_perform_non_af_012,0,Logistic Regression,0.9358124853334314,1
mimic_perform_non_af_012,0,Logistic Regression,0.995667495451766,1
mimic_perform_non_af_012,0,Logistic Regression,0.9968747368509029,1
mimic_perform_non_af_012,0,Logistic Regression,0.9991117865285375,1
mimic_perform_non_af_012,0,Logistic Regression,0.9944150535606067,1
mimic_perform_non_af_012,0,Logistic Regression,0.998507795370274,1
mimic_perform_non_af_012,0,Logistic Regression,0.033844187722701466,0
mimic_perform_non_af_012,0,Logistic Regression,0.25959980408737615,0
mimic_perform_non_af_012,0,Logistic Regression,0.512317271102271,1
mimic_perform_non_af_012,0,Logistic Regression,0.9669705855700291,1
mimic_perform_non_af_012,0,Logistic Regression,0.9851739468003068,1
mimic_perform_non_af_012,0,Logistic Regression,0.9753741176774792,1
mimic_perform_non_af_012,0,Logistic Regression,0.9997431450117862,1
mimic_perform_non_af_012,0,Logistic Regression,0.9981853619154125,1
mimic_perform_non_af_012,0,Logistic Regression,0.9917319721507707,1
mimic_perform_non_af_012,0,Logistic Regression,0.6295011739337899,1
mimic_perform_non_af_012,0,Logistic Regression,0.9701077317438607,1
mimic_perform_non_af_012,0,Logistic Regression,0.9055584901406271,1
mimic_perform_non_af_012,0,Logistic Regression,0.681200590452494,1
mimic_perform_non_af_012,0,Logistic Regression,0.6112130126190477,1
mimic_perform_non_af_012,0,Logistic Regression,0.3410759934483908,0
mimic_perform_non_af_012,0,Logistic Regression,0.5678250886298187,1
mimic_perform_non_af_012,0,Logistic Regression,0.24745480568013842,0
mimic_perform_non_af_012,0,Logistic Regression,0.9896435568045883,1
mimic_perform_non_af_012,0,Logistic Regression,0.8900258281328163,1
mimic_perform_non_af_012,0,Logistic Regression,0.6991053507730375,1
mimic_perform_non_af_012,0,Logistic Regression,0.4053489887094308,0
mimic_perform_non_af_012,0,Logistic Regression,0.4024426604854603,0
mimic_perform_non_af_012,0,Logistic Regression,0.7284719569402212,1
mimic_perform_non_af_012,0,Logistic Regression,0.9848448492153482,1
mimic_perform_non_af_012,0,Logistic Regression,0.16203398670723498,0
mimic_perform_non_af_012,0,Logistic Regression,0.853506528347838,1
mimic_perform_non_af_012,0,Logistic Regression,0.5594011349139247,1
mimic_perform_non_af_012,0,Logistic Regression,0.9788961835105822,1
mimic_perform_non_af_012,0,Logistic Regression,0.9618269632528765,1
mimic_perform_non_af_012,0,Logistic Regression,0.9994225634419607,1
mimic_perform_non_af_012,0,Logistic Regression,0.9996583008474691,1
mimic_perform_non_af_012,0,Logistic Regression,0.9992604819750068,1
mimic_perform_non_af_012,0,Logistic Regression,0.99255333945859,1
mimic_perform_non_af_012,0,Logistic Regression,0.5964309594552585,1
mimic_perform_non_af_012,0,Logistic Regression,0.9946373383740706,1
mimic_perform_non_af_012,0,Logistic Regression,0.9950639089483265,1
mimic_perform_non_af_012,0,Logistic Regression,0.999986504889563,1
mimic_perform_non_af_012,0,Logistic Regression,0.994295796621298,1
mimic_perform_non_af_012,0,Logistic Regression,0.9988899270673024,1
mimic_perform_non_af_012,0,Logistic Regression,0.998609154327301,1
mimic_perform_non_af_012,0,Logistic Regression,0.9992234195269581,1
mimic_perform_non_af_012,0,Logistic Regression,0.9866935500789299,1
mimic_perform_non_af_012,0,Logistic Regression,0.9896467231547929,1
mimic_perform_non_af_012,0,Logistic Regression,0.9999765776389449,1
mimic_perform_non_af_012,0,Logistic Regression,0.9974662808203805,1
mimic_perform_non_af_012,0,Logistic Regression,0.9998615652289604,1
mimic_perform_non_af_012,0,Logistic Regression,0.9996693502715112,1
mimic_perform_non_af_012,0,Logistic Regression,0.9999612928563065,1
mimic_perform_non_af_012,0,Logistic Regression,0.999996323819845,1
mimic_perform_non_af_012,0,Logistic Regression,0.9993251969763585,1
mimic_perform_non_af_012,0,Logistic Regression,0.9992924577956228,1
mimic_perform_non_af_012,0,Logistic Regression,0.997957283616745,1
mimic_perform_non_af_012,0,Logistic Regression,0.9857457657333885,1
mimic_perform_non_af_012,0,Logistic Regression,0.952618600916994,1
mimic_perform_non_af_012,0,Logistic Regression,0.9739556418731081,1
mimic_perform_non_af_012,0,Logistic Regression,0.9973702201783127,1
mimic_perform_non_af_012,0,Logistic Regression,0.9748220584527147,1
mimic_perform_non_af_012,0,Logistic Regression,0.8065233411831203,1
mimic_perform_non_af_012,0,Logistic Regression,0.9259485008974913,1
mimic_perform_non_af_012,0,Logistic Regression,0.9795174748409763,1
mimic_perform_non_af_012,0,Logistic Regression,0.9916719253423117,1
mimic_perform_non_af_012,0,Logistic Regression,0.9302701813928053,1
mimic_perform_non_af_012,0,Logistic Regression,0.9604244545571726,1
mimic_perform_non_af_013,0,Logistic Regression,2.97418899104249e-05,0
mimic_perform_non_af_013,0,Logistic Regression,0.00010624802587531767,0
mimic_perform_non_af_013,0,Logistic Regression,2.4791176916914085e-06,0
mimic_perform_non_af_013,0,Logistic Regression,5.581911846384063e-06,0
mimic_perform_non_af_013,0,Logistic Regression,1.6572443404974825e-06,0
mimic_perform_non_af_013,0,Logistic Regression,6.389101048884011e-06,0
mimic_perform_non_af_013,0,Logistic Regression,7.65112233213743e-06,0
mimic_perform_non_af_013,0,Logistic Regression,4.45033826182307e-06,0
mimic_perform_non_af_013,0,Logistic Regression,2.1112737073116383e-06,0
mimic_perform_non_af_013,0,Logistic Regression,8.160782625432362e-08,0
mimic_perform_non_af_013,0,Logistic Regression,6.645890904357675e-08,0
mimic_perform_non_af_013,0,Logistic Regression,2.2712152065231004e-07,0
mimic_perform_non_af_013,0,Logistic Regression,3.947279803152786e-07,0
mimic_perform_non_af_013,0,Logistic Regression,3.837465665791552e-07,0
mimic_perform_non_af_013,0,Logistic Regression,7.913947020347615e-05,0
mimic_perform_non_af_013,0,Logistic Regression,4.485719587178951e-05,0
mimic_perform_non_af_013,0,Logistic Regression,4.6537671202203936e-05,0
mimic_perform_non_af_013,0,Logistic Regression,1.359431146630677e-06,0
mimic_perform_non_af_013,0,Logistic Regression,1.5011127831207352e-06,0
mimic_perform_non_af_013,0,Logistic Regression,1.7774235624936297e-06,0
mimic_perform_non_af_013,0,Logistic Regression,1.2060212078911732e-06,0
mimic_perform_non_af_013,0,Logistic Regression,5.192987383812921e-06,0
mimic_perform_non_af_013,0,Logistic Regression,7.090739921492624e-06,0
mimic_perform_non_af_013,0,Logistic Regression,7.3508044191352034e-06,0
mimic_perform_non_af_013,0,Logistic Regression,3.3076957482788034e-06,0
mimic_perform_non_af_013,0,Logistic Regression,9.030011495604931e-07,0
mimic_perform_non_af_013,0,Logistic Regression,1.252833814715403e-05,0
mimic_perform_non_af_013,0,Logistic Regression,0.0004736827745657768,0
mimic_perform_non_af_013,0,Logistic Regression,0.00018047243163788382,0
mimic_perform_non_af_013,0,Logistic Regression,3.311282919217892e-05,0
mimic_perform_non_af_013,0,Logistic Regression,5.705205144623719e-05,0
mimic_perform_non_af_013,0,Logistic Regression,2.103381145310428e-05,0
mimic_perform_non_af_013,0,Logistic Regression,1.2899518315413845e-06,0
mimic_perform_non_af_013,0,Logistic Regression,3.371293925101408e-06,0
mimic_perform_non_af_013,0,Logistic Regression,2.537067204744116e-06,0
mimic_perform_non_af_013,0,Logistic Regression,1.2936434570404882e-06,0
mimic_perform_non_af_013,0,Logistic Regression,1.1776054794153185e-06,0
mimic_perform_non_af_013,0,Logistic Regression,0.00012031359846533619,0
mimic_perform_non_af_013,0,Logistic Regression,0.00014331606981729368,0
mimic_perform_non_af_013,0,Logistic Regression,0.00016875032306685298,0
mimic_perform_non_af_013,0,Logistic Regression,8.13470669271764e-07,0
mimic_perform_non_af_013,0,Logistic Regression,4.109690955319021e-07,0
mimic_perform_non_af_013,0,Logistic Regression,1.061338540015837e-06,0
mimic_perform_non_af_013,0,Logistic Regression,1.2384327484856202e-06,0
mimic_perform_non_af_013,0,Logistic Regression,0.001716308138844831,0
mimic_perform_non_af_013,0,Logistic Regression,5.105777792956854e-05,0
mimic_perform_non_af_013,0,Logistic Regression,3.7430589390342635e-05,0
mimic_perform_non_af_013,0,Logistic Regression,1.5069214695844164e-05,0
mimic_perform_non_af_013,0,Logistic Regression,2.1308946767434065e-06,0
mimic_perform_non_af_013,0,Logistic Regression,1.587101828307666e-06,0
mimic_perform_non_af_013,0,Logistic Regression,1.4651977266799927e-06,0
mimic_perform_non_af_013,0,Logistic Regression,1.8250587802324539e-06,0
mimic_perform_non_af_013,0,Logistic Regression,1.8490240289776259e-06,0
mimic_perform_non_af_013,0,Logistic Regression,7.615560700462605e-06,0
mimic_perform_non_af_013,0,Logistic Regression,5.951464950286375e-07,0
mimic_perform_non_af_013,0,Logistic Regression,3.752120278253357e-07,0
mimic_perform_non_af_013,0,Logistic Regression,1.5314367100150428e-05,0
mimic_perform_non_af_013,0,Logistic Regression,2.908165881729473e-06,0
mimic_perform_non_af_013,0,Logistic Regression,1.9351087642201993e-06,0
mimic_perform_non_af_013,0,Logistic Regression,5.329018714953193e-07,0
mimic_perform_non_af_013,0,Logistic Regression,5.670640255314507e-06,0
mimic_perform_non_af_013,0,Logistic Regression,1.0916343845679075e-05,0
mimic_perform_non_af_013,0,Logistic Regression,3.717645585223907e-05,0
mimic_perform_non_af_013,0,Logistic Regression,4.961955700044586e-06,0
mimic_perform_non_af_013,0,Logistic Regression,3.722275399352252e-07,0
mimic_perform_non_af_013,0,Logistic Regression,2.5333378734523397e-06,0
mimic_perform_non_af_013,0,Logistic Regression,5.483941885634466e-07,0
mimic_perform_non_af_013,0,Logistic Regression,1.8280031415701732e-06,0
mimic_perform_non_af_013,0,Logistic Regression,5.972745696288737e-07,0
mimic_perform_non_af_013,0,Logistic Regression,4.997689952054075e-07,0
mimic_perform_non_af_013,0,Logistic Regression,8.061708571784349e-07,0
mimic_perform_non_af_013,0,Logistic Regression,5.613292781436272e-06,0
mimic_perform_non_af_013,0,Logistic Regression,3.580696442744381e-06,0
mimic_perform_non_af_013,0,Logistic Regression,0.0016774561954055701,0
mimic_perform_non_af_013,0,Logistic Regression,0.0004857346088920956,0
mimic_perform_non_af_013,0,Logistic Regression,0.0002828077173587418,0
mimic_perform_non_af_013,0,Logistic Regression,2.5670579213938217e-06,0
mimic_perform_non_af_013,0,Logistic Regression,1.990520711464793e-06,0
mimic_perform_non_af_013,0,Logistic Regression,3.5939642450622493e-06,0
mimic_perform_non_af_013,0,Logistic Regression,1.3004222136374381e-06,0
mimic_perform_non_af_013,0,Logistic Regression,1.0738646246346972e-06,0
mimic_perform_non_af_013,0,Logistic Regression,9.820263750477446e-07,0
mimic_perform_non_af_013,0,Logistic Regression,4.594190436542285e-07,0
mimic_perform_non_af_013,0,Logistic Regression,1.4417900254588022e-06,0
mimic_perform_non_af_013,0,Logistic Regression,1.7519749818615698e-06,0
mimic_perform_non_af_013,0,Logistic Regression,1.1762254524328574e-06,0
mimic_perform_non_af_013,0,Logistic Regression,1.2574042921659394e-06,0
mimic_perform_non_af_013,0,Logistic Regression,1.6580422390158364e-06,0
mimic_perform_non_af_013,0,Logistic Regression,3.6922822448732187e-06,0
mimic_perform_non_af_013,0,Logistic Regression,4.6093795555793865e-06,0
mimic_perform_non_af_013,0,Logistic Regression,1.4602278060781584e-06,0
mimic_perform_non_af_013,0,Logistic Regression,1.002828284381339e-06,0
mimic_perform_non_af_013,0,Logistic Regression,3.579899998625716e-07,0
mimic_perform_non_af_013,0,Logistic Regression,1.4902564257592752e-06,0
mimic_perform_non_af_013,0,Logistic Regression,1.3577073692058365e-06,0
mimic_perform_non_af_013,0,Logistic Regression,1.3441197019694059e-06,0
mimic_perform_non_af_013,0,Logistic Regression,3.4861766031474234e-07,0
mimic_perform_non_af_013,0,Logistic Regression,4.224178019480738e-07,0
mimic_perform_non_af_013,0,Logistic Regression,3.2642726397376884e-06,0
mimic_perform_non_af_013,0,Logistic Regression,4.069973691989982e-05,0
mimic_perform_non_af_013,0,Logistic Regression,0.0002642894506115897,0
mimic_perform_non_af_013,0,Logistic Regression,2.040077428895509e-05,0
mimic_perform_non_af_013,0,Logistic Regression,7.558380343282542e-05,0
mimic_perform_non_af_013,0,Logistic Regression,1.0325682758409954e-05,0
mimic_perform_non_af_013,0,Logistic Regression,1.275032335188797e-06,0
mimic_perform_non_af_013,0,Logistic Regression,1.7985240233115762e-06,0
mimic_perform_non_af_013,0,Logistic Regression,1.403686019496211e-06,0
mimic_perform_non_af_013,0,Logistic Regression,1.7753534760617946e-08,0
mimic_perform_non_af_013,0,Logistic Regression,3.517631621205054e-08,0
mimic_perform_non_af_013,0,Logistic Regression,4.382330301264185e-08,0
mimic_perform_non_af_013,0,Logistic Regression,5.395192061243573e-07,0
mimic_perform_non_af_013,0,Logistic Regression,8.132990964864548e-05,0
mimic_perform_non_af_013,0,Logistic Regression,1.0383234640374531e-06,0
mimic_perform_non_af_013,0,Logistic Regression,2.1642670613293662e-06,0
mimic_perform_non_af_013,0,Logistic Regression,1.0376323391938502e-06,0
mimic_perform_non_af_013,0,Logistic Regression,2.1402959246089956e-06,0
mimic_perform_non_af_013,0,Logistic Regression,1.027956658985696e-06,0
mimic_perform_non_af_013,0,Logistic Regression,9.095049975558732e-07,0
mimic_perform_non_af_014,0,Logistic Regression,0.9843731837560153,1
mimic_perform_non_af_014,0,Logistic Regression,0.995545880999654,1
mimic_perform_non_af_014,0,Logistic Regression,0.9973914770865854,1
mimic_perform_non_af_014,0,Logistic Regression,0.9965897519367126,1
mimic_perform_non_af_014,0,Logistic Regression,0.9924869384297319,1
mimic_perform_non_af_014,0,Logistic Regression,0.990202648909186,1
mimic_perform_non_af_014,0,Logistic Regression,0.9968386212151924,1
mimic_perform_non_af_014,0,Logistic Regression,0.9924346582895941,1
mimic_perform_non_af_014,0,Logistic Regression,0.9815786006360908,1
mimic_perform_non_af_014,0,Logistic Regression,0.9757371226041952,1
mimic_perform_non_af_014,0,Logistic Regression,0.9623493871728647,1
mimic_perform_non_af_014,0,Logistic Regression,0.9842211325753222,1
mimic_perform_non_af_014,0,Logistic Regression,0.9420383147430652,1
mimic_perform_non_af_014,0,Logistic Regression,0.9511717158548192,1
mimic_perform_non_af_014,0,Logistic Regression,0.8747006524718396,1
mimic_perform_non_af_014,0,Logistic Regression,0.9850924953093363,1
mimic_perform_non_af_014,0,Logistic Regression,0.9846820679208544,1
mimic_perform_non_af_014,0,Logistic Regression,0.9874544877261767,1
mimic_perform_non_af_014,0,Logistic Regression,0.9160555143033001,1
mimic_perform_non_af_014,0,Logistic Regression,0.9280198883798424,1
mimic_perform_non_af_014,0,Logistic Regression,0.8795366778597975,1
mimic_perform_non_af_014,0,Logistic Regression,0.9290403000888756,1
mimic_perform_non_af_014,0,Logistic Regression,0.9858913727397749,1
mimic_perform_non_af_014,0,Logistic Regression,0.9904791117877504,1
mimic_perform_non_af_014,0,Logistic Regression,0.9951804724701355,1
mimic_perform_non_af_014,0,Logistic Regression,0.9854624772893575,1
mimic_perform_non_af_014,0,Logistic Regression,0.9945693187346183,1
mimic_perform_non_af_014,0,Logistic Regression,0.9978459544322886,1
mimic_perform_non_af_014,0,Logistic Regression,0.9983333771084058,1
mimic_perform_non_af_014,0,Logistic Regression,0.9960807655298459,1
mimic_perform_non_af_014,0,Logistic Regression,0.9657804286228674,1
mimic_perform_non_af_014,0,Logistic Regression,0.995210804795206,1
mimic_perform_non_af_014,0,Logistic Regression,0.9897814512544103,1
mimic_perform_non_af_014,0,Logistic Regression,0.9991517820628901,1
mimic_perform_non_af_014,0,Logistic Regression,0.9978699420834064,1
mimic_perform_non_af_014,0,Logistic Regression,0.9979819401665639,1
mimic_perform_non_af_014,0,Logistic Regression,0.9979850203518041,1
mimic_perform_non_af_014,0,Logistic Regression,0.9995810279789763,1
mimic_perform_non_af_014,0,Logistic Regression,0.9979479881110217,1
mimic_perform_non_af_014,0,Logistic Regression,0.992160179899665,1
mimic_perform_non_af_014,0,Logistic Regression,0.9968281577984794,1
mimic_perform_non_af_014,0,Logistic Regression,0.9990834199763238,1
mimic_perform_non_af_014,0,Logistic Regression,0.9998181885686593,1
mimic_perform_non_af_014,0,Logistic Regression,0.9987938481298015,1
mimic_perform_non_af_014,0,Logistic Regression,0.9988490518410965,1
mimic_perform_non_af_014,0,Logistic Regression,0.9987699747443871,1
mimic_perform_non_af_014,0,Logistic Regression,0.9998420256602323,1
mimic_perform_non_af_014,0,Logistic Regression,0.9994435760015966,1
mimic_perform_non_af_014,0,Logistic Regression,0.9968047940171343,1
mimic_perform_non_af_014,0,Logistic Regression,0.9906113511552008,1
mimic_perform_non_af_014,0,Logistic Regression,0.9943926419731414,1
mimic_perform_non_af_014,0,Logistic Regression,0.9883186831689557,1
mimic_perform_non_af_014,0,Logistic Regression,0.9494766773158089,1
mimic_perform_non_af_014,0,Logistic Regression,0.9223245663481321,1
mimic_perform_non_af_014,0,Logistic Regression,0.9793399803742632,1
mimic_perform_non_af_014,0,Logistic Regression,0.9929818304435378,1
mimic_perform_non_af_014,0,Logistic Regression,0.9970461688968825,1
mimic_perform_non_af_014,0,Logistic Regression,0.9519719227693184,1
mimic_perform_non_af_014,0,Logistic Regression,0.9958037582453118,1
mimic_perform_non_af_014,0,Logistic Regression,0.9977420422905668,1
mimic_perform_non_af_014,0,Logistic Regression,0.9998555233050775,1
mimic_perform_non_af_014,0,Logistic Regression,0.999187940853581,1
mimic_perform_non_af_014,0,Logistic Regression,0.9982035531818632,1
mimic_perform_non_af_014,0,Logistic Regression,0.9855181966202814,1
mimic_perform_non_af_014,0,Logistic Regression,0.9973576023653432,1
mimic_perform_non_af_014,0,Logistic Regression,0.9993062768827435,1
mimic_perform_non_af_014,0,Logistic Regression,0.9991375806100552,1
mimic_perform_non_af_014,0,Logistic Regression,0.9974551802177167,1
mimic_perform_non_af_014,0,Logistic Regression,0.9982798762047317,1
mimic_perform_non_af_014,0,Logistic Regression,0.9998484100724123,1
mimic_perform_non_af_014,0,Logistic Regression,0.9998562898816057,1
mimic_perform_non_af_014,0,Logistic Regression,0.9993021497699409,1
mimic_perform_non_af_014,0,Logistic Regression,0.9932089540791924,1
mimic_perform_non_af_014,0,Logistic Regression,0.9967373053210085,1
mimic_perform_non_af_014,0,Logistic Regression,0.9973136792460316,1
mimic_perform_non_af_014,0,Logistic Regression,0.9961460129795455,1
mimic_perform_non_af_014,0,Logistic Regression,0.984715702788938,1
mimic_perform_non_af_014,0,Logistic Regression,0.8613720524269599,1
mimic_perform_non_af_014,0,Logistic Regression,0.988680270913301,1
mimic_perform_non_af_014,0,Logistic Regression,0.9879107125232341,1
mimic_perform_non_af_014,0,Logistic Regression,0.9988746670456949,1
mimic_perform_non_af_014,0,Logistic Regression,0.9982502191586569,1
mimic_perform_non_af_014,0,Logistic Regression,0.9996491781367522,1
mimic_perform_non_af_014,0,Logistic Regression,0.9998837623324242,1
mimic_perform_non_af_014,0,Logistic Regression,0.9958114968031789,1
mimic_perform_non_af_014,0,Logistic Regression,0.9724890257923219,1
mimic_perform_non_af_014,0,Logistic Regression,0.6841541589656572,1
mimic_perform_non_af_014,0,Logistic Regression,0.9961468637858252,1
mimic_perform_non_af_014,0,Logistic Regression,0.9980057818711567,1
mimic_perform_non_af_014,0,Logistic Regression,0.9990655253425366,1
mimic_perform_non_af_014,0,Logistic Regression,0.9961816636432671,1
mimic_perform_non_af_014,0,Logistic Regression,0.998774602423183,1
mimic_perform_non_af_014,0,Logistic Regression,0.9967337423891932,1
mimic_perform_non_af_014,0,Logistic Regression,0.9985224094670159,1
mimic_perform_non_af_014,0,Logistic Regression,0.9970803066229311,1
mimic_perform_non_af_014,0,Logistic Regression,0.9951109045330234,1
mimic_perform_non_af_014,0,Logistic Regression,0.9987000153469785,1
mimic_perform_non_af_014,0,Logistic Regression,0.9996752541595886,1
mimic_perform_non_af_014,0,Logistic Regression,0.9996436298123594,1
mimic_perform_non_af_014,0,Logistic Regression,0.9997772731863761,1
mimic_perform_non_af_014,0,Logistic Regression,0.9989796109906995,1
mimic_perform_non_af_014,0,Logistic Regression,0.9980227280837434,1
mimic_perform_non_af_014,0,Logistic Regression,0.9868073764548883,1
mimic_perform_non_af_014,0,Logistic Regression,0.9995146734167665,1
mimic_perform_non_af_014,0,Logistic Regression,0.9998341981676365,1
mimic_perform_non_af_014,0,Logistic Regression,0.9999514379819792,1
mimic_perform_non_af_014,0,Logistic Regression,0.999919457147615,1
mimic_perform_non_af_014,0,Logistic Regression,0.9995328409826477,1
mimic_perform_non_af_014,0,Logistic Regression,0.9989414473436137,1
mimic_perform_non_af_014,0,Logistic Regression,0.9949098352567834,1
mimic_perform_non_af_014,0,Logistic Regression,0.9990415568793141,1
mimic_perform_non_af_014,0,Logistic Regression,0.997362574915963,1
mimic_perform_non_af_014,0,Logistic Regression,0.9935418544916914,1
mimic_perform_non_af_014,0,Logistic Regression,0.9918942640725995,1
mimic_perform_non_af_014,0,Logistic Regression,0.9900795166689923,1
mimic_perform_non_af_014,0,Logistic Regression,0.9963105760564536,1
mimic_perform_non_af_014,0,Logistic Regression,0.9934609903196167,1
mimic_perform_non_af_014,0,Logistic Regression,0.9993339914876147,1
mimic_perform_non_af_015,0,Logistic Regression,0.017563400230100907,0
mimic_perform_non_af_015,0,Logistic Regression,0.7320719239390432,1
mimic_perform_non_af_015,0,Logistic Regression,0.002064348557177557,0
mimic_perform_non_af_015,0,Logistic Regression,0.0010531248293293139,0
mimic_perform_non_af_015,0,Logistic Regression,0.00018528847158483507,0
mimic_perform_non_af_015,0,Logistic Regression,4.370652274926652e-05,0
mimic_perform_non_af_015,0,Logistic Regression,0.002018533249439718,0
mimic_perform_non_af_015,0,Logistic Regression,0.04113450885221008,0
mimic_perform_non_af_015,0,Logistic Regression,9.277796840197685e-06,0
mimic_perform_non_af_015,0,Logistic Regression,0.0007941997670224289,0
mimic_perform_non_af_015,0,Logistic Regression,0.0003079102486215599,0
mimic_perform_non_af_015,0,Logistic Regression,0.0006598311127476674,0
mimic_perform_non_af_015,0,Logistic Regression,0.0006708132371324161,0
mimic_perform_non_af_015,0,Logistic Regression,0.006207266894678033,0
mimic_perform_non_af_015,0,Logistic Regression,1.0258989558477519e-05,0
mimic_perform_non_af_015,0,Logistic Regression,1.1635345397944136e-05,0
mimic_perform_non_af_015,0,Logistic Regression,1.883373326725544e-06,0
mimic_perform_non_af_015,0,Logistic Regression,2.6553163154180936e-06,0
mimic_perform_non_af_015,0,Logistic Regression,4.0799715363993947e-05,0
mimic_perform_non_af_015,0,Logistic Regression,6.460320055889296e-05,0
mimic_perform_non_af_015,0,Logistic Regression,0.0029748220484822163,0
mimic_perform_non_af_015,0,Logistic Regression,0.0007885517849663212,0
mimic_perform_non_af_015,0,Logistic Regression,0.0026542509706050646,0
mimic_perform_non_af_015,0,Logistic Regression,0.009649856818885206,0
mimic_perform_non_af_015,0,Logistic Regression,0.0007125015446792877,0
mimic_perform_non_af_015,0,Logistic Regression,1.8708913670571182e-05,0
mimic_perform_non_af_015,0,Logistic Regression,1.4880524689753447e-05,0
mimic_perform_non_af_015,0,Logistic Regression,1.596010856648756e-05,0
mimic_perform_non_af_015,0,Logistic Regression,0.001141785808687986,0
mimic_perform_non_af_015,0,Logistic Regression,0.003089458233003375,0
mimic_perform_non_af_015,0,Logistic Regression,0.0008507946081918284,0
mimic_perform_non_af_015,0,Logistic Regression,1.458278584167734e-06,0
mimic_perform_non_af_015,0,Logistic Regression,3.713119088981084e-05,0
mimic_perform_non_af_015,0,Logistic Regression,7.06180317033139e-05,0
mimic_perform_non_af_015,0,Logistic Regression,5.383422383713647e-05,0
mimic_perform_non_af_015,0,Logistic Regression,1.5805453624517122e-05,0
mimic_perform_non_af_015,0,Logistic Regression,1.3565725770321693e-07,0
mimic_perform_non_af_015,0,Logistic Regression,2.1026319110957493e-06,0
mimic_perform_non_af_015,0,Logistic Regression,2.1911329963330236e-06,0
mimic_perform_non_af_015,0,Logistic Regression,4.274028262586018e-06,0
mimic_perform_non_af_015,0,Logistic Regression,1.8130149509183017e-06,0
mimic_perform_non_af_015,0,Logistic Regression,7.847229127554011e-07,0
mimic_perform_non_af_015,0,Logistic Regression,7.018168229362555e-06,0
mimic_perform_non_af_015,0,Logistic Regression,1.8171792281749216e-05,0
mimic_perform_non_af_015,0,Logistic Regression,3.158128441596874e-05,0
mimic_perform_non_af_015,0,Logistic Regression,7.399755967476467e-05,0
mimic_perform_non_af_015,0,Logistic Regression,8.081250304594737e-05,0
mimic_perform_non_af_015,0,Logistic Regression,2.4501464826825815e-05,0
mimic_perform_non_af_015,0,Logistic Regression,2.3438939764895278e-05,0
mimic_perform_non_af_015,0,Logistic Regression,2.2913531089095155e-05,0
mimic_perform_non_af_015,0,Logistic Regression,7.173531866480181e-05,0
mimic_perform_non_af_015,0,Logistic Regression,3.3546115297757426e-05,0
mimic_perform_non_af_015,0,Logistic Regression,3.0658498262922834e-05,0
mimic_perform_non_af_015,0,Logistic Regression,1.1742539887861036e-06,0
mimic_perform_non_af_015,0,Logistic Regression,1.5803058472452854e-06,0
mimic_perform_non_af_015,0,Logistic Regression,7.6141978703997445e-06,0
mimic_perform_non_af_015,0,Logistic Regression,0.0001386835990538882,0
mimic_perform_non_af_015,0,Logistic Regression,0.00020312114808194342,0
mimic_perform_non_af_015,0,Logistic Regression,4.891187692475491e-07,0
mimic_perform_non_af_015,0,Logistic Regression,1.7319449698011376e-06,0
mimic_perform_non_af_015,0,Logistic Regression,0.0006813996032426438,0
mimic_perform_non_af_015,0,Logistic Regression,0.05349849078226513,0
mimic_perform_non_af_015,0,Logistic Regression,0.13973273396556316,0
mimic_perform_non_af_015,0,Logistic Regression,0.0014019676977245926,0
mimic_perform_non_af_015,0,Logistic Regression,0.00015038680121851736,0
mimic_perform_non_af_015,0,Logistic Regression,5.329073727185584e-06,0
mimic_perform_non_af_015,0,Logistic Regression,6.219780370905072e-07,0
mimic_perform_non_af_015,0,Logistic Regression,1.579847573273888e-07,0
mimic_perform_non_af_015,0,Logistic Regression,2.7324071691693277e-05,0
mimic_perform_non_af_015,0,Logistic Regression,3.979939399321153e-07,0
mimic_perform_non_af_015,0,Logistic Regression,3.1924088288438394e-07,0
mimic_perform_non_af_015,0,Logistic Regression,1.2518097221568709e-07,0
mimic_perform_non_af_015,0,Logistic Regression,6.401425192315325e-06,0
mimic_perform_non_af_015,0,Logistic Regression,3.514617662832496e-06,0
mimic_perform_non_af_015,0,Logistic Regression,1.0103108815837417e-05,0
mimic_perform_non_af_015,0,Logistic Regression,3.291611439342047e-06,0
mimic_perform_non_af_015,0,Logistic Regression,1.3145429664904889e-05,0
mimic_perform_non_af_015,0,Logistic Regression,0.0003539659693100807,0
mimic_perform_non_af_015,0,Logistic Regression,2.7386548588225805e-05,0
mimic_perform_non_af_015,0,Logistic Regression,5.6669640783789855e-05,0
mimic_perform_non_af_015,0,Logistic Regression,3.7527277951386608e-06,0
mimic_perform_non_af_015,0,Logistic Regression,7.674502722694384e-05,0
mimic_perform_non_af_015,0,Logistic Regression,9.381443667879918e-06,0
mimic_perform_non_af_015,0,Logistic Regression,2.48600866365812e-05,0
mimic_perform_non_af_015,0,Logistic Regression,7.48019047950415e-05,0
mimic_perform_non_af_015,0,Logistic Regression,0.0007408715265796576,0
mimic_perform_non_af_015,0,Logistic Regression,0.0005717261605143476,0
mimic_perform_non_af_015,0,Logistic Regression,0.0003934003719060783,0
mimic_perform_non_af_015,0,Logistic Regression,0.0014937485015775465,0
mimic_perform_non_af_015,0,Logistic Regression,8.435985074488571e-05,0
mimic_perform_non_af_015,0,Logistic Regression,0.00069601926598887,0
mimic_perform_non_af_015,0,Logistic Regression,0.004295322593136256,0
mimic_perform_non_af_015,0,Logistic Regression,0.0025186856489467966,0
mimic_perform_non_af_015,0,Logistic Regression,4.655194198325598e-06,0
mimic_perform_non_af_015,0,Logistic Regression,8.083714829551108e-07,0
mimic_perform_non_af_015,0,Logistic Regression,3.413441142554386e-07,0
mimic_perform_non_af_015,0,Logistic Regression,0.0002447192147268086,0
mimic_perform_non_af_015,0,Logistic Regression,0.005972660749962674,0
mimic_perform_non_af_015,0,Logistic Regression,0.01232945482486035,0
mimic_perform_non_af_015,0,Logistic Regression,0.0001873421209913111,0
mimic_perform_non_af_015,0,Logistic Regression,0.0012138560737618347,0
mimic_perform_non_af_015,0,Logistic Regression,0.0009725513694989838,0
mimic_perform_non_af_015,0,Logistic Regression,0.14591037040914898,0
mimic_perform_non_af_015,0,Logistic Regression,0.031623450198236265,0
mimic_perform_non_af_015,0,Logistic Regression,0.12803661307463648,0
mimic_perform_non_af_015,0,Logistic Regression,0.001075557620301039,0
mimic_perform_non_af_015,0,Logistic Regression,2.812210507928464e-05,0
mimic_perform_non_af_015,0,Logistic Regression,4.344156310955991e-06,0
mimic_perform_non_af_015,0,Logistic Regression,4.144617199052807e-06,0
mimic_perform_non_af_015,0,Logistic Regression,3.894779541821652e-05,0
mimic_perform_non_af_015,0,Logistic Regression,0.0008073642559426444,0
mimic_perform_non_af_015,0,Logistic Regression,0.0005669091940383463,0
mimic_perform_non_af_015,0,Logistic Regression,0.0005791983434445958,0
mimic_perform_non_af_015,0,Logistic Regression,0.00011295833692627666,0
mimic_perform_non_af_015,0,Logistic Regression,6.510719960293397e-05,0
mimic_perform_non_af_015,0,Logistic Regression,0.010769805476831592,0
mimic_perform_non_af_015,0,Logistic Regression,0.00209525044501511,0
mimic_perform_non_af_015,0,Logistic Regression,0.0007655676619721474,0
mimic_perform_non_af_016,0,Logistic Regression,2.0975548293951425e-06,0
mimic_perform_non_af_016,0,Logistic Regression,2.1751553338649786e-06,0
mimic_perform_non_af_016,0,Logistic Regression,3.03160498475673e-07,0
mimic_perform_non_af_016,0,Logistic Regression,8.089792031573802e-06,0
mimic_perform_non_af_016,0,Logistic Regression,0.00021643673748316536,0
mimic_perform_non_af_016,0,Logistic Regression,0.0017466729485563265,0
mimic_perform_non_af_016,0,Logistic Regression,0.00020842559473483013,0
mimic_perform_non_af_016,0,Logistic Regression,3.955455754433719e-05,0
mimic_perform_non_af_016,0,Logistic Regression,3.898805069593456e-06,0
mimic_perform_non_af_016,0,Logistic Regression,4.358358214535958e-05,0
mimic_perform_non_af_016,0,Logistic Regression,1.2488603844188474e-05,0
mimic_perform_non_af_016,0,Logistic Regression,5.904081642940037e-05,0
mimic_perform_non_af_016,0,Logistic Regression,0.0005234565426833665,0
mimic_perform_non_af_016,0,Logistic Regression,0.001918270978554427,0
mimic_perform_non_af_016,0,Logistic Regression,7.206450368152896e-05,0
mimic_perform_non_af_016,0,Logistic Regression,6.209329030447646e-07,0
mimic_perform_non_af_016,0,Logistic Regression,2.5769372544235894e-06,0
mimic_perform_non_af_016,0,Logistic Regression,1.0497165889313014e-06,0
mimic_perform_non_af_016,0,Logistic Regression,1.0786825235690894e-06,0
mimic_perform_non_af_016,0,Logistic Regression,2.8629365048638867e-07,0
mimic_perform_non_af_016,0,Logistic Regression,4.006404601010302e-07,0
mimic_perform_non_af_016,0,Logistic Regression,3.867958855236755e-07,0
mimic_perform_non_af_016,0,Logistic Regression,6.165004467880056e-08,0
mimic_perform_non_af_016,0,Logistic Regression,8.159861397790949e-08,0
mimic_perform_non_af_016,0,Logistic Regression,5.223112189856288e-08,0
mimic_perform_non_af_016,0,Logistic Regression,3.297885254265221e-08,0
mimic_perform_non_af_016,0,Logistic Regression,3.3426320007340725e-07,0
mimic_perform_non_af_016,0,Logistic Regression,1.9268118459666183e-06,0
mimic_perform_non_af_016,0,Logistic Regression,2.851706405628817e-07,0
mimic_perform_non_af_016,0,Logistic Regression,1.0462179516549716e-05,0
mimic_perform_non_af_016,0,Logistic Regression,3.944085436622217e-05,0
mimic_perform_non_af_016,0,Logistic Regression,0.0006067358643436318,0
mimic_perform_non_af_016,0,Logistic Regression,8.731770148190112e-05,0
mimic_perform_non_af_016,0,Logistic Regression,2.1579962674999447e-05,0
mimic_perform_non_af_016,0,Logistic Regression,1.3471142736631292e-05,0
mimic_perform_non_af_016,0,Logistic Regression,3.668457888430614e-09,0
mimic_perform_non_af_016,0,Logistic Regression,9.039832163643728e-07,0
mimic_perform_non_af_016,0,Logistic Regression,1.1124916486541024e-08,0
mimic_perform_non_af_016,0,Logistic Regression,1.1064865622318124e-08,0
mimic_perform_non_af_016,0,Logistic Regression,2.647146594068798e-08,0
mimic_perform_non_af_016,0,Logistic Regression,1.7307197344542634e-06,0
mimic_perform_non_af_016,0,Logistic Regression,1.108083656180931e-06,0
mimic_perform_non_af_016,0,Logistic Regression,8.734030545868563e-08,0
mimic_perform_non_af_016,0,Logistic Regression,1.431428530382111e-06,0
mimic_perform_non_af_016,0,Logistic Regression,7.698222295517418e-05,0
mimic_perform_non_af_016,0,Logistic Regression,0.0004319820188708726,0
mimic_perform_non_af_016,0,Logistic Regression,0.016720034796371044,0
mimic_perform_non_af_016,0,Logistic Regression,0.002251051944709411,0
mimic_perform_non_af_016,0,Logistic Regression,4.942919847927674e-05,0
mimic_perform_non_af_016,0,Logistic Regression,1.2824429537708136e-07,0
mimic_perform_non_af_016,0,Logistic Regression,4.4133110402211945e-08,0
mimic_perform_non_af_016,0,Logistic Regression,4.919889673368724e-08,0
mimic_perform_non_af_016,0,Logistic Regression,1.7786482713580848e-06,0
mimic_perform_non_af_016,0,Logistic Regression,4.2500583693481464e-05,0
mimic_perform_non_af_016,0,Logistic Regression,0.0006588956525333445,0
mimic_perform_non_af_016,0,Logistic Regression,3.0223092233511064e-08,0
mimic_perform_non_af_016,0,Logistic Regression,4.515349214134643e-08,0
mimic_perform_non_af_016,0,Logistic Regression,1.1641374106441512e-07,0
mimic_perform_non_af_016,0,Logistic Regression,2.429887031067768e-07,0
mimic_perform_non_af_016,0,Logistic Regression,3.2666129372208315e-05,0
mimic_perform_non_af_016,0,Logistic Regression,3.559582582300726e-05,0
mimic_perform_non_af_016,0,Logistic Regression,8.607624994860334e-05,0
mimic_perform_non_af_016,0,Logistic Regression,1.5159508471694296e-05,0
mimic_perform_non_af_016,0,Logistic Regression,2.7683720198769487e-05,0
mimic_perform_non_af_016,0,Logistic Regression,1.2998805319021185e-05,0
mimic_perform_non_af_016,0,Logistic Regression,1.087096397344548e-05,0
mimic_perform_non_af_016,0,Logistic Regression,7.406052335907359e-07,0
mimic_perform_non_af_016,0,Logistic Regression,2.124039324949346e-07,0
mimic_perform_non_af_016,0,Logistic Regression,2.0509126887502533e-08,0
mimic_perform_non_af_016,0,Logistic Regression,3.439576161225894e-08,0
mimic_perform_non_af_016,0,Logistic Regression,3.331391027635626e-08,0
mimic_perform_non_af_016,0,Logistic Regression,4.464588021310701e-08,0
mimic_perform_non_af_016,0,Logistic Regression,3.17136119933747e-08,0
mimic_perform_non_af_016,0,Logistic Regression,4.561646091650556e-08,0
mimic_perform_non_af_016,0,Logistic Regression,2.800158141331465e-08,0
mimic_perform_non_af_016,0,Logistic Regression,2.789910890585347e-08,0
mimic_perform_non_af_016,0,Logistic Regression,4.369403852061772e-08,0
mimic_perform_non_af_016,0,Logistic Regression,1.8052104955436566e-08,0
mimic_perform_non_af_016,0,Logistic Regression,5.192836553738368e-08,0
mimic_perform_non_af_016,0,Logistic Regression,4.31332039360134e-08,0
mimic_perform_non_af_016,0,Logistic Regression,8.036658981281141e-09,0
mimic_perform_non_af_016,0,Logistic Regression,6.585095983009361e-09,0
mimic_perform_non_af_016,0,Logistic Regression,6.023766275495894e-09,0
mimic_perform_non_af_016,0,Logistic Regression,5.5269333937237854e-08,0
mimic_perform_non_af_016,0,Logistic Regression,4.4243107649095944e-08,0
mimic_perform_non_af_016,0,Logistic Regression,9.175128781285068e-08,0
mimic_perform_non_af_016,0,Logistic Regression,2.29657629657358e-07,0
mimic_perform_non_af_016,0,Logistic Regression,1.81633466131983e-07,0
mimic_perform_non_af_016,0,Logistic Regression,1.4639781810637285e-07,0
mimic_perform_non_af_016,0,Logistic Regression,7.682531784243331e-08,0
mimic_perform_non_af_016,0,Logistic Regression,7.715823364934378e-08,0
mimic_perform_non_af_016,0,Logistic Regression,7.097735679371189e-08,0
mimic_perform_non_af_016,0,Logistic Regression,9.42022835416169e-08,0
mimic_perform_non_af_016,0,Logistic Regression,1.2892608175753256e-07,0
mimic_perform_non_af_016,0,Logistic Regression,1.1177160636936496e-07,0
mimic_perform_non_af_016,0,Logistic Regression,5.4213648587315624e-08,0
mimic_perform_non_af_016,0,Logistic Regression,7.867326518614842e-08,0
mimic_perform_non_af_016,0,Logistic Regression,4.296008632407125e-08,0
mimic_perform_non_af_016,0,Logistic Regression,6.001485425718048e-08,0
mimic_perform_non_af_016,0,Logistic Regression,5.105543363166046e-08,0
mimic_perform_non_af_016,0,Logistic Regression,3.216208797804446e-08,0
mimic_perform_non_af_016,0,Logistic Regression,7.204803869118913e-08,0
mimic_perform_non_af_016,0,Logistic Regression,4.938564490923129e-08,0
mimic_perform_non_af_016,0,Logistic Regression,9.947816633156522e-08,0
mimic_perform_non_af_016,0,Logistic Regression,2.836998056951946e-07,0
mimic_perform_non_af_016,0,Logistic Regression,9.492490873300252e-08,0
mimic_perform_non_af_016,0,Logistic Regression,9.735112396963794e-08,0
mimic_perform_non_af_016,0,Logistic Regression,1.4104790441239168e-07,0
mimic_perform_non_af_016,0,Logistic Regression,1.3323582418290698e-07,0
mimic_perform_non_af_016,0,Logistic Regression,8.707817509231418e-08,0
mimic_perform_non_af_016,0,Logistic Regression,1.6058756837293765e-07,0
mimic_perform_non_af_016,0,Logistic Regression,4.2313888102971437e-07,0
mimic_perform_non_af_016,0,Logistic Regression,3.146229482444063e-08,0
mimic_perform_non_af_016,0,Logistic Regression,3.102833254179606e-08,0
mimic_perform_non_af_016,0,Logistic Regression,5.1745012289882046e-08,0
mimic_perform_non_af_016,0,Logistic Regression,8.2680161935721e-08,0
mimic_perform_non_af_016,0,Logistic Regression,4.167710833485613e-07,0
mimic_perform_non_af_016,0,Logistic Regression,5.113914433626527e-07,0
mimic_perform_af_001,1,Random Forest,0.9998195907364262,1
mimic_perform_af_001,1,Random Forest,0.9998195907364262,1
mimic_perform_af_001,1,Random Forest,0.9998195907364262,1
mimic_perform_af_001,1,Random Forest,0.9998195907364262,1
mimic_perform_af_001,1,Random Forest,0.9998195907364262,1
mimic_perform_af_001,1,Random Forest,0.9997288877885805,1
mimic_perform_af_001,1,Random Forest,0.9997288877885805,1
mimic_perform_af_001,1,Random Forest,0.9997288877885805,1
mimic_perform_af_001,1,Random Forest,0.9998195907364262,1
mimic_perform_af_001,1,Random Forest,0.9998195907364262,1
mimic_perform_af_001,1,Random Forest,0.9998195907364262,1
mimic_perform_af_001,1,Random Forest,0.8397692516533201,1
mimic_perform_af_001,1,Random Forest,0.9394231346256785,1
mimic_perform_af_001,1,Random Forest,0.9998588453185886,1
mimic_perform_af_001,1,Random Forest,0.8896785487054742,1
mimic_perform_af_001,1,Random Forest,0.9797403228943551,1
mimic_perform_af_001,1,Random Forest,0.9897288877885805,1
mimic_perform_af_001,1,Random Forest,0.9998195907364262,1
mimic_perform_af_001,1,Random Forest,0.9998195907364262,1
mimic_perform_af_001,1,Random Forest,0.9998195907364262,1
mimic_perform_af_001,1,Random Forest,0.9997288877885805,1
mimic_perform_af_001,1,Random Forest,0.9998027840137371,1
mimic_perform_af_001,1,Random Forest,0.9975805617915148,1
mimic_perform_af_001,1,Random Forest,0.9920433519023729,1
mimic_perform_af_001,1,Random Forest,0.999332523541689,1
mimic_perform_af_001,1,Random Forest,0.9997288877885805,1
mimic_perform_af_001,1,Random Forest,0.9994757232316184,1
mimic_perform_af_001,1,Random Forest,0.9998195907364262,1
mimic_perform_af_001,1,Random Forest,0.999831025842201,1
mimic_perform_af_001,1,Random Forest,0.9984769339655574,1
mimic_perform_af_001,1,Random Forest,0.999831025842201,1
mimic_perform_af_001,1,Random Forest,0.9998195907364262,1
mimic_perform_af_001,1,Random Forest,0.9998195907364262,1
mimic_perform_af_001,1,Random Forest,0.9998195907364262,1
mimic_perform_af_001,1,Random Forest,0.9997288877885805,1
mimic_perform_af_001,1,Random Forest,0.9998195907364262,1
mimic_perform_af_001,1,Random Forest,0.9995719480913919,1
mimic_perform_af_001,1,Random Forest,0.9998195907364262,1
mimic_perform_af_001,1,Random Forest,0.9998195907364262,1
mimic_perform_af_001,1,Random Forest,0.9997288877885805,1
mimic_perform_af_001,1,Random Forest,0.9998195907364262,1
mimic_perform_af_001,1,Random Forest,0.9998195907364262,1
mimic_perform_af_001,1,Random Forest,0.9995635303005741,1
mimic_perform_af_001,1,Random Forest,0.9799138152660081,1
mimic_perform_af_001,1,Random Forest,0.9999138152660081,1
mimic_perform_af_001,1,Random Forest,0.999831025842201,1
mimic_perform_af_001,1,Random Forest,0.9886835158572813,1
mimic_perform_af_001,1,Random Forest,0.9998195907364262,1
mimic_perform_af_001,1,Random Forest,0.9998195907364262,1
mimic_perform_af_001,1,Random Forest,0.9998195907364262,1
mimic_perform_af_001,1,Random Forest,0.999831025842201,1
mimic_perform_af_001,1,Random Forest,0.9998195907364262,1
mimic_perform_af_001,1,Random Forest,0.9998195907364262,1
mimic_perform_af_001,1,Random Forest,0.9997288877885805,1
mimic_perform_af_001,1,Random Forest,0.9994010189361213,1
mimic_perform_af_001,1,Random Forest,0.9994757232316184,1
mimic_perform_af_001,1,Random Forest,0.9997403228943551,1
mimic_perform_af_001,1,Random Forest,0.999831025842201,1
mimic_perform_af_001,1,Random Forest,0.9998195907364262,1
mimic_perform_af_001,1,Random Forest,0.9998195907364262,1
mimic_perform_af_001,1,Random Forest,0.9997288877885805,1
mimic_perform_af_001,1,Random Forest,0.9998195907364262,1
mimic_perform_af_001,1,Random Forest,0.805787076877518,1
mimic_perform_af_001,1,Random Forest,0.3599551641614794,0
mimic_perform_af_001,1,Random Forest,0.6330980919696554,1
mimic_perform_af_001,1,Random Forest,0.9897403228943551,1
mimic_perform_af_001,1,Random Forest,0.9995365218805461,1
mimic_perform_af_001,1,Random Forest,0.9998195907364262,1
mimic_perform_af_001,1,Random Forest,0.999831025842201,1
mimic_perform_af_001,1,Random Forest,0.9998195907364262,1
mimic_perform_af_001,1,Random Forest,0.979858378139794,1
mimic_perform_af_001,1,Random Forest,0.999831025842201,1
mimic_perform_af_001,1,Random Forest,0.9398720627384907,1
mimic_perform_af_001,1,Random Forest,0.9998195907364262,1
mimic_perform_af_001,1,Random Forest,0.999831025842201,1
mimic_perform_af_001,1,Random Forest,0.8099733332859731,1
mimic_perform_af_001,1,Random Forest,0.9895749654063488,1
mimic_perform_af_001,1,Random Forest,0.9998195907364262,1
mimic_perform_af_001,1,Random Forest,0.9998195907364262,1
mimic_perform_af_001,1,Random Forest,0.9995664261794641,1
mimic_perform_af_001,1,Random Forest,0.9886835158572813,1
mimic_perform_af_001,1,Random Forest,0.9998195907364262,1
mimic_perform_af_001,1,Random Forest,0.9998469430340191,1
mimic_perform_af_001,1,Random Forest,0.9998469430340191,1
mimic_perform_af_001,1,Random Forest,0.9998195907364262,1
mimic_perform_af_001,1,Random Forest,0.9998195907364262,1
mimic_perform_af_001,1,Random Forest,0.9998195907364262,1
mimic_perform_af_001,1,Random Forest,0.999831025842201,1
mimic_perform_af_001,1,Random Forest,0.9998018713232506,1
mimic_perform_af_001,1,Random Forest,0.9493401122533786,1
mimic_perform_af_001,1,Random Forest,0.999831025842201,1
mimic_perform_af_001,1,Random Forest,0.9998195907364262,1
mimic_perform_af_001,1,Random Forest,0.9998195907364262,1
mimic_perform_af_001,1,Random Forest,0.9898195907364262,1
mimic_perform_af_001,1,Random Forest,0.9898195907364262,1
mimic_perform_af_001,1,Random Forest,0.9995029138257692,1
mimic_perform_af_001,1,Random Forest,0.9998195907364262,1
mimic_perform_af_001,1,Random Forest,0.9992259838253941,1
mimic_perform_af_001,1,Random Forest,0.9998195907364262,1
mimic_perform_af_001,1,Random Forest,0.9998195907364262,1
mimic_perform_af_001,1,Random Forest,0.9997288877885805,1
mimic_perform_af_001,1,Random Forest,0.9096785487054743,1
mimic_perform_af_001,1,Random Forest,0.9995029138257692,1
mimic_perform_af_001,1,Random Forest,0.9898417636854284,1
mimic_perform_af_001,1,Random Forest,0.9884654988597827,1
mimic_perform_af_001,1,Random Forest,0.9998195907364262,1
mimic_perform_af_001,1,Random Forest,0.9997288877885805,1
mimic_perform_af_001,1,Random Forest,0.9998195907364262,1
mimic_perform_af_001,1,Random Forest,0.9997288877885805,1
mimic_perform_af_001,1,Random Forest,0.9997288877885805,1
mimic_perform_af_001,1,Random Forest,0.9998195907364262,1
mimic_perform_af_001,1,Random Forest,0.9997904362174757,1
mimic_perform_af_001,1,Random Forest,0.9997904362174757,1
mimic_perform_af_001,1,Random Forest,0.9998195907364262,1
mimic_perform_af_001,1,Random Forest,0.9998195907364262,1
mimic_perform_af_001,1,Random Forest,0.9998195907364262,1
mimic_perform_af_001,1,Random Forest,0.9998027840137371,1
mimic_perform_af_001,1,Random Forest,0.9998027840137371,1
mimic_perform_af_002,1,Random Forest,0.9992488748533674,1
mimic_perform_af_002,1,Random Forest,0.9932363842524747,1
mimic_perform_af_002,1,Random Forest,0.9932363842524747,1
mimic_perform_af_002,1,Random Forest,0.9799676191193029,1
mimic_perform_af_002,1,Random Forest,0.9998865222922063,1
mimic_perform_af_002,1,Random Forest,0.9996895739794599,1
mimic_perform_af_002,1,Random Forest,0.9700422648045762,1
mimic_perform_af_002,1,Random Forest,0.9920732520994295,1
mimic_perform_af_002,1,Random Forest,0.9996015317913518,1
mimic_perform_af_002,1,Random Forest,0.9864041511089184,1
mimic_perform_af_002,1,Random Forest,0.9998865222922063,1
mimic_perform_af_002,1,Random Forest,0.9998865222922063,1
mimic_perform_af_002,1,Random Forest,0.9998553688384256,1
mimic_perform_af_002,1,Random Forest,0.9999382018787696,1
mimic_perform_af_002,1,Random Forest,0.9996695283136021,1
mimic_perform_af_002,1,Random Forest,0.9917017674415131,1
mimic_perform_af_002,1,Random Forest,0.9918119264429178,1
mimic_perform_af_002,1,Random Forest,0.9962773961779458,1
mimic_perform_af_002,1,Random Forest,0.9912040663833049,1
mimic_perform_af_002,1,Random Forest,0.9917101689645873,1
mimic_perform_af_002,1,Random Forest,0.9931940113711186,1
mimic_perform_af_002,1,Random Forest,0.999899682561961,1
mimic_perform_af_002,1,Random Forest,0.9998958289974138,1
mimic_perform_af_002,1,Random Forest,0.9998958289974138,1
mimic_perform_af_002,1,Random Forest,0.9968343239557546,1
mimic_perform_af_002,1,Random Forest,0.8727578932345968,1
mimic_perform_af_002,1,Random Forest,0.9376945825277532,1
mimic_perform_af_002,1,Random Forest,0.9866342857859695,1
mimic_perform_af_002,1,Random Forest,0.9997724070198039,1
mimic_perform_af_002,1,Random Forest,0.9986187062061337,1
mimic_perform_af_002,1,Random Forest,0.9897595832756737,1
mimic_perform_af_002,1,Random Forest,0.9998036892518624,1
mimic_perform_af_002,1,Random Forest,0.9998874106345739,1
mimic_perform_af_002,1,Random Forest,0.9996859606099929,1
mimic_perform_af_002,1,Random Forest,0.9999382018787696,1
mimic_perform_af_002,1,Random Forest,0.9999420554433169,1
mimic_perform_af_002,1,Random Forest,0.9998958289974138,1
mimic_perform_af_002,1,Random Forest,0.913256490073698,1
mimic_perform_af_002,1,Random Forest,0.9722435467270939,1
mimic_perform_af_002,1,Random Forest,0.8356296651328257,1
mimic_perform_af_002,1,Random Forest,0.9933046627068239,1
mimic_perform_af_002,1,Random Forest,0.9985720170943694,1
mimic_perform_af_002,1,Random Forest,0.9904501978657273,1
mimic_perform_af_002,1,Random Forest,0.9986986286092161,1
mimic_perform_af_002,1,Random Forest,0.9979521679594537,1
mimic_perform_af_002,1,Random Forest,0.9997554138569986,1
mimic_perform_af_002,1,Random Forest,0.9997523613539462,1
mimic_perform_af_002,1,Random Forest,0.9995312592786563,1
mimic_perform_af_002,1,Random Forest,0.9998553688384256,1
mimic_perform_af_002,1,Random Forest,0.9998075428164096,1
mimic_perform_af_002,1,Random Forest,0.9999382018787696,1
mimic_perform_af_002,1,Random Forest,0.9998191542597222,1
mimic_perform_af_002,1,Random Forest,0.9929880145895993,1
mimic_perform_af_002,1,Random Forest,0.9975816341483353,1
mimic_perform_af_002,1,Random Forest,0.9995504806945545,1
mimic_perform_af_002,1,Random Forest,0.9991193829624393,1
mimic_perform_af_002,1,Random Forest,0.9999382018787696,1
mimic_perform_af_002,1,Random Forest,0.9999420554433169,1
mimic_perform_af_002,1,Random Forest,0.9999382018787696,1
mimic_perform_af_002,1,Random Forest,0.9998958289974138,1
mimic_perform_af_002,1,Random Forest,0.9998441494108505,1
mimic_perform_af_002,1,Random Forest,0.9997933418379912,1
mimic_perform_af_002,1,Random Forest,0.9998441494108505,1
mimic_perform_af_002,1,Random Forest,0.9886925781407513,1
mimic_perform_af_002,1,Random Forest,0.9998553688384256,1
mimic_perform_af_002,1,Random Forest,0.9999382018787696,1
mimic_perform_af_002,1,Random Forest,0.9999035197978449,1
mimic_perform_af_002,1,Random Forest,0.999899682561961,1
mimic_perform_af_002,1,Random Forest,0.9997236319134519,1
mimic_perform_af_002,1,Random Forest,0.9916678955488892,1
mimic_perform_af_002,1,Random Forest,0.9995735205868702,1
mimic_perform_af_002,1,Random Forest,0.9694420870464128,1
mimic_perform_af_002,1,Random Forest,0.9994321235629191,1
mimic_perform_af_002,1,Random Forest,0.9995186987510079,1
mimic_perform_af_002,1,Random Forest,0.9997947342353022,1
mimic_perform_af_002,1,Random Forest,0.9996733818781494,1
mimic_perform_af_002,1,Random Forest,0.9984497345304811,1
mimic_perform_af_002,1,Random Forest,0.9973232712245563,1
mimic_perform_af_002,1,Random Forest,0.9906886054483977,1
mimic_perform_af_002,1,Random Forest,0.9996695283136021,1
mimic_perform_af_002,1,Random Forest,0.9997332687163255,1
mimic_perform_af_002,1,Random Forest,0.9995928535759103,1
mimic_perform_af_002,1,Random Forest,0.9796405356566261,1
mimic_perform_af_002,1,Random Forest,0.9995504806945545,1
mimic_perform_af_002,1,Random Forest,0.9993996511319603,1
mimic_perform_af_002,1,Random Forest,0.9991349257551667,1
mimic_perform_af_002,1,Random Forest,0.9974324645551349,1
mimic_perform_af_002,1,Random Forest,0.9958949835764421,1
mimic_perform_af_002,1,Random Forest,0.9992022316990457,1
mimic_perform_af_002,1,Random Forest,0.999711901194958,1
mimic_perform_af_002,1,Random Forest,0.9998958289974138,1
mimic_perform_af_002,1,Random Forest,0.9998553688384256,1
mimic_perform_af_002,1,Random Forest,0.9922455937696193,1
mimic_perform_af_002,1,Random Forest,0.9836163504893761,1
mimic_perform_af_002,1,Random Forest,0.9967387314356326,1
mimic_perform_af_002,1,Random Forest,0.9997767813783662,1
mimic_perform_af_002,1,Random Forest,0.9998129959570697,1
mimic_perform_af_002,1,Random Forest,0.9990770100810833,1
mimic_perform_af_002,1,Random Forest,0.9989261805184891,1
mimic_perform_af_002,1,Random Forest,0.9991193829624393,1
mimic_perform_af_002,1,Random Forest,0.9695066552465742,1
mimic_perform_af_002,1,Random Forest,0.9923936605759788,1
mimic_perform_af_002,1,Random Forest,0.9921419869360563,1
mimic_perform_af_002,1,Random Forest,0.9964371408369355,1
mimic_perform_af_002,1,Random Forest,0.9900733389898982,1
mimic_perform_af_002,1,Random Forest,0.9863551476204904,1
mimic_perform_af_002,1,Random Forest,0.9996015317913518,1
mimic_perform_af_002,1,Random Forest,0.9998553688384256,1
mimic_perform_af_002,1,Random Forest,0.9991971952668041,1
mimic_perform_af_002,1,Random Forest,0.9998553688384256,1
mimic_perform_af_002,1,Random Forest,0.9865017810284663,1
mimic_perform_af_002,1,Random Forest,0.9862645772210692,1
mimic_perform_af_002,1,Random Forest,0.9991311136809332,1
mimic_perform_af_002,1,Random Forest,0.9997775824398608,1
mimic_perform_af_002,1,Random Forest,0.9998129959570697,1
mimic_perform_af_002,1,Random Forest,0.9998129959570697,1
mimic_perform_af_002,1,Random Forest,0.9865258890696396,1
mimic_perform_af_002,1,Random Forest,0.9999382018787696,1
mimic_perform_af_003,1,Random Forest,0.9979123998482081,1
mimic_perform_af_003,1,Random Forest,0.9972718783210552,1
mimic_perform_af_003,1,Random Forest,0.9960337612010973,1
mimic_perform_af_003,1,Random Forest,0.997934327807482,1
mimic_perform_af_003,1,Random Forest,0.9962549221731168,1
mimic_perform_af_003,1,Random Forest,0.9922703162992103,1
mimic_perform_af_003,1,Random Forest,0.9901955468495087,1
mimic_perform_af_003,1,Random Forest,0.999732496702591,1
mimic_perform_af_003,1,Random Forest,0.9750433098751389,1
mimic_perform_af_003,1,Random Forest,0.9909107784219433,1
mimic_perform_af_003,1,Random Forest,0.9843767901645518,1
mimic_perform_af_003,1,Random Forest,0.9987460209478721,1
mimic_perform_af_003,1,Random Forest,0.9084379189144601,1
mimic_perform_af_003,1,Random Forest,0.9793771854636871,1
mimic_perform_af_003,1,Random Forest,0.9726118561539132,1
mimic_perform_af_003,1,Random Forest,0.9099752628364771,1
mimic_perform_af_003,1,Random Forest,0.9116051841124979,1
mimic_perform_af_003,1,Random Forest,0.9226049840353077,1
mimic_perform_af_003,1,Random Forest,0.9871531001128212,1
mimic_perform_af_003,1,Random Forest,0.9644184126536214,1
mimic_perform_af_003,1,Random Forest,0.9650137906403038,1
mimic_perform_af_003,1,Random Forest,0.9477736557889104,1
mimic_perform_af_003,1,Random Forest,0.9984929242218893,1
mimic_perform_af_003,1,Random Forest,0.9969672911556952,1
mimic_perform_af_003,1,Random Forest,0.9954099163904154,1
mimic_perform_af_003,1,Random Forest,0.9943077726873849,1
mimic_perform_af_003,1,Random Forest,0.9977388899809766,1
mimic_perform_af_003,1,Random Forest,0.9581570544742151,1
mimic_perform_af_003,1,Random Forest,0.8098606416980642,1
mimic_perform_af_003,1,Random Forest,0.6659414533492353,1
mimic_perform_af_003,1,Random Forest,0.799609482008081,1
mimic_perform_af_003,1,Random Forest,0.9984351187075614,1
mimic_perform_af_003,1,Random Forest,0.9996647183756238,1
mimic_perform_af_003,1,Random Forest,0.9981717873243908,1
mimic_perform_af_003,1,Random Forest,0.8913804079659051,1
mimic_perform_af_003,1,Random Forest,0.8441974224550214,1
mimic_perform_af_003,1,Random Forest,0.9402866665770367,1
mimic_perform_af_003,1,Random Forest,0.9783921158350498,1
mimic_perform_af_003,1,Random Forest,0.8518187914094159,1
mimic_perform_af_003,1,Random Forest,0.8657024244818863,1
mimic_perform_af_003,1,Random Forest,0.7210133254210809,1
mimic_perform_af_003,1,Random Forest,0.9893074482092518,1
mimic_perform_af_003,1,Random Forest,0.9673990131556769,1
mimic_perform_af_003,1,Random Forest,0.9979876321001052,1
mimic_perform_af_003,1,Random Forest,0.8119748727255992,1
mimic_perform_af_003,1,Random Forest,0.998707108169829,1
mimic_perform_af_003,1,Random Forest,0.8075316904648216,1
mimic_perform_af_003,1,Random Forest,0.9206104157673457,1
mimic_perform_af_003,1,Random Forest,0.830640230690712,1
mimic_perform_af_003,1,Random Forest,0.9701639541662102,1
mimic_perform_af_003,1,Random Forest,0.8773307720295888,1
mimic_perform_af_003,1,Random Forest,0.8836492321152493,1
mimic_perform_af_003,1,Random Forest,0.8629075967761636,1
mimic_perform_af_003,1,Random Forest,0.9557227153293142,1
mimic_perform_af_003,1,Random Forest,0.9984715556605702,1
mimic_perform_af_003,1,Random Forest,0.957984017188853,1
mimic_perform_af_003,1,Random Forest,0.7847885157007694,1
mimic_perform_af_003,1,Random Forest,0.7922471615861565,1
mimic_perform_af_003,1,Random Forest,0.875883932685714,1
mimic_perform_af_003,1,Random Forest,0.9041199423154683,1
mimic_perform_af_003,1,Random Forest,0.8666679956405229,1
mimic_perform_af_003,1,Random Forest,0.9813424761965013,1
mimic_perform_af_003,1,Random Forest,0.9504147176682147,1
mimic_perform_af_003,1,Random Forest,0.9468337360232288,1
mimic_perform_af_003,1,Random Forest,0.9634588946579945,1
mimic_perform_af_003,1,Random Forest,0.9418339495209525,1
mimic_perform_af_003,1,Random Forest,0.935668768147954,1
mimic_perform_af_003,1,Random Forest,0.8356491160686866,1
mimic_perform_af_003,1,Random Forest,0.9314954818406079,1
mimic_perform_af_003,1,Random Forest,0.9763129495498721,1
mimic_perform_af_003,1,Random Forest,0.9756453568562389,1
mimic_perform_af_003,1,Random Forest,0.9410054212256886,1
mimic_perform_af_003,1,Random Forest,0.8980691149459052,1
mimic_perform_af_003,1,Random Forest,0.9670067892257707,1
mimic_perform_af_003,1,Random Forest,0.9397752182811795,1
mimic_perform_af_003,1,Random Forest,0.9418547546520633,1
mimic_perform_af_003,1,Random Forest,0.985259644666859,1
mimic_perform_af_003,1,Random Forest,0.9524630487864594,1
mimic_perform_af_003,1,Random Forest,0.9444640433781092,1
mimic_perform_af_003,1,Random Forest,0.9608474236040982,1
mimic_perform_af_003,1,Random Forest,0.9952031264258759,1
mimic_perform_af_003,1,Random Forest,0.9972714091399899,1
mimic_perform_af_003,1,Random Forest,0.994069856386514,1
mimic_perform_af_003,1,Random Forest,0.9932223756557654,1
mimic_perform_af_003,1,Random Forest,0.9300174653672004,1
mimic_perform_af_003,1,Random Forest,0.9660420889219665,1
mimic_perform_af_003,1,Random Forest,0.9793367386324389,1
mimic_perform_af_003,1,Random Forest,0.8730241962698335,1
mimic_perform_af_003,1,Random Forest,0.8726799430485048,1
mimic_perform_af_003,1,Random Forest,0.8274588565176437,1
mimic_perform_af_003,1,Random Forest,0.8811588228487733,1
mimic_perform_af_003,1,Random Forest,0.7156430335048629,1
mimic_perform_af_003,1,Random Forest,0.8750093289413172,1
mimic_perform_af_003,1,Random Forest,0.8707578871464751,1
mimic_perform_af_003,1,Random Forest,0.9271780438836277,1
mimic_perform_af_003,1,Random Forest,0.9502458990640156,1
mimic_perform_af_003,1,Random Forest,0.9363221928449135,1
mimic_perform_af_003,1,Random Forest,0.8963458911229111,1
mimic_perform_af_003,1,Random Forest,0.8232582923317553,1
mimic_perform_af_003,1,Random Forest,0.9047629719109237,1
mimic_perform_af_003,1,Random Forest,0.9374806555920312,1
mimic_perform_af_003,1,Random Forest,0.8828635661574192,1
mimic_perform_af_003,1,Random Forest,0.9446638864421479,1
mimic_perform_af_003,1,Random Forest,0.8919364874431763,1
mimic_perform_af_003,1,Random Forest,0.8176016969109647,1
mimic_perform_af_003,1,Random Forest,0.7522089676276899,1
mimic_perform_af_003,1,Random Forest,0.8247063087321309,1
mimic_perform_af_003,1,Random Forest,0.8169753692464949,1
mimic_perform_af_003,1,Random Forest,0.8691684772962691,1
mimic_perform_af_003,1,Random Forest,0.9561839086686209,1
mimic_perform_af_003,1,Random Forest,0.9969586290208632,1
mimic_perform_af_003,1,Random Forest,0.9978413985054694,1
mimic_perform_af_003,1,Random Forest,0.9355552167244241,1
mimic_perform_af_003,1,Random Forest,0.8367814446840551,1
mimic_perform_af_003,1,Random Forest,0.88035659576058,1
mimic_perform_af_003,1,Random Forest,0.9305984112078518,1
mimic_perform_af_003,1,Random Forest,0.8716058559846906,1
mimic_perform_af_003,1,Random Forest,0.8251131918885747,1
mimic_perform_af_004,1,Random Forest,0.9991529517259361,1
mimic_perform_af_004,1,Random Forest,0.96639279559339,1
mimic_perform_af_004,1,Random Forest,0.8840361383375572,1
mimic_perform_af_004,1,Random Forest,0.9367478936454613,1
mimic_perform_af_004,1,Random Forest,0.9228317535791359,1
mimic_perform_af_004,1,Random Forest,0.9098024805364144,1
mimic_perform_af_004,1,Random Forest,0.9327925293494045,1
mimic_perform_af_004,1,Random Forest,0.8104017544021853,1
mimic_perform_af_004,1,Random Forest,0.913917160555548,1
mimic_perform_af_004,1,Random Forest,0.9636295491214499,1
mimic_perform_af_004,1,Random Forest,0.9586035839467544,1
mimic_perform_af_004,1,Random Forest,0.9590042738783431,1
mimic_perform_af_004,1,Random Forest,0.9424531421309255,1
mimic_perform_af_004,1,Random Forest,0.9863675707434512,1
mimic_perform_af_004,1,Random Forest,0.8413009714798414,1
mimic_perform_af_004,1,Random Forest,0.8510808146613579,1
mimic_perform_af_004,1,Random Forest,0.8714131172793748,1
mimic_perform_af_004,1,Random Forest,0.9034908882574141,1
mimic_perform_af_004,1,Random Forest,0.834031607099545,1
mimic_perform_af_004,1,Random Forest,0.8959196017355494,1
mimic_perform_af_004,1,Random Forest,0.8561027800558368,1
mimic_perform_af_004,1,Random Forest,0.9998024188523542,1
mimic_perform_af_004,1,Random Forest,0.9998914289350015,1
mimic_perform_af_004,1,Random Forest,0.9999053349975994,1
mimic_perform_af_004,1,Random Forest,0.99973110310156,1
mimic_perform_af_004,1,Random Forest,0.9997655062177061,1
mimic_perform_af_004,1,Random Forest,0.9999053349975994,1
mimic_perform_af_004,1,Random Forest,0.9998860113261018,1
mimic_perform_af_004,1,Random Forest,0.9754841475642877,1
mimic_perform_af_004,1,Random Forest,0.9931257075034448,1
mimic_perform_af_004,1,Random Forest,0.9872607453490737,1
mimic_perform_af_004,1,Random Forest,0.9102483348406937,1
mimic_perform_af_004,1,Random Forest,0.9927929024695186,1
mimic_perform_af_004,1,Random Forest,0.9991529517259361,1
mimic_perform_af_004,1,Random Forest,0.9999053349975994,1
mimic_perform_af_004,1,Random Forest,0.9999053349975994,1
mimic_perform_af_004,1,Random Forest,0.9999371513986313,1
mimic_perform_af_004,1,Random Forest,0.999896259852876,1
mimic_perform_af_004,1,Random Forest,0.9998356485864495,1
mimic_perform_af_004,1,Random Forest,0.9998356485864495,1
mimic_perform_af_004,1,Random Forest,0.9999053349975994,1
mimic_perform_af_004,1,Random Forest,0.993248916857707,1
mimic_perform_af_004,1,Random Forest,0.9999178277271337,1
mimic_perform_af_004,1,Random Forest,0.9998811804082273,1
mimic_perform_af_004,1,Random Forest,0.9998356485864495,1
mimic_perform_af_004,1,Random Forest,0.9998356485864495,1
mimic_perform_af_004,1,Random Forest,0.9998618567367298,1
mimic_perform_af_004,1,Random Forest,0.999896259852876,1
mimic_perform_af_004,1,Random Forest,0.9998380259312879,1
mimic_perform_af_004,1,Random Forest,0.9999155835243736,1
mimic_perform_af_004,1,Random Forest,0.9555795149842576,1
mimic_perform_af_004,1,Random Forest,0.9245624904316715,1
mimic_perform_af_004,1,Random Forest,0.9179806870681144,1
mimic_perform_af_004,1,Random Forest,0.9927283646153472,1
mimic_perform_af_004,1,Random Forest,0.9993950312820139,1
mimic_perform_af_004,1,Random Forest,0.9998914289350015,1
mimic_perform_af_004,1,Random Forest,0.9977661068566277,1
mimic_perform_af_004,1,Random Forest,0.9997009040767845,1
mimic_perform_af_004,1,Random Forest,0.9994754221775315,1
mimic_perform_af_004,1,Random Forest,0.9999155835243736,1
mimic_perform_af_004,1,Random Forest,0.9995451085886813,1
mimic_perform_af_004,1,Random Forest,0.999493578798021,1
mimic_perform_af_004,1,Random Forest,0.9991529517259361,1
mimic_perform_af_004,1,Random Forest,0.9891299125048079,1
mimic_perform_af_004,1,Random Forest,0.9511789470682667,1
mimic_perform_af_004,1,Random Forest,0.914407326676007,1
mimic_perform_af_004,1,Random Forest,0.9846705472386295,1
mimic_perform_af_004,1,Random Forest,0.9700850485685758,1
mimic_perform_af_004,1,Random Forest,0.9834547750811403,1
mimic_perform_af_004,1,Random Forest,0.9487437457350745,1
mimic_perform_af_004,1,Random Forest,0.9764493245151383,1
mimic_perform_af_004,1,Random Forest,0.983440386115214,1
mimic_perform_af_004,1,Random Forest,0.9983430039142,1
mimic_perform_af_004,1,Random Forest,0.999317103438477,1
mimic_perform_af_004,1,Random Forest,0.9892708661741638,1
mimic_perform_af_004,1,Random Forest,0.9995257849171837,1
mimic_perform_af_004,1,Random Forest,0.9995451085886813,1
mimic_perform_af_004,1,Random Forest,0.9998811804082273,1
mimic_perform_af_004,1,Random Forest,0.9999408083743124,1
mimic_perform_af_004,1,Random Forest,0.9994992720722564,1
mimic_perform_af_004,1,Random Forest,0.999872105263504,1
mimic_perform_af_004,1,Random Forest,0.9998618567367298,1
mimic_perform_af_004,1,Random Forest,0.999896259852876,1
mimic_perform_af_004,1,Random Forest,0.9994827562871986,1
mimic_perform_af_004,1,Random Forest,0.993257297059794,1
mimic_perform_af_004,1,Random Forest,0.9999408083743124,1
mimic_perform_af_004,1,Random Forest,0.9999408083743124,1
mimic_perform_af_004,1,Random Forest,0.9999155835243736,1
mimic_perform_af_004,1,Random Forest,0.9999155835243736,1
mimic_perform_af_004,1,Random Forest,0.9999155835243736,1
mimic_perform_af_004,1,Random Forest,0.9999155835243736,1
mimic_perform_af_004,1,Random Forest,0.9999155835243736,1
mimic_perform_af_004,1,Random Forest,0.9999053349975994,1
mimic_perform_af_004,1,Random Forest,0.9999053349975994,1
mimic_perform_af_004,1,Random Forest,0.9999053349975994,1
mimic_perform_af_004,1,Random Forest,0.9998356485864495,1
mimic_perform_af_004,1,Random Forest,0.9998811804082273,1
mimic_perform_af_004,1,Random Forest,0.9998811804082273,1
mimic_perform_af_004,1,Random Forest,0.9998914289350015,1
mimic_perform_af_004,1,Random Forest,0.9998163249149519,1
mimic_perform_af_004,1,Random Forest,0.9998356485864495,1
mimic_perform_af_004,1,Random Forest,0.9998811804082273,1
mimic_perform_af_004,1,Random Forest,0.9995451085886813,1
mimic_perform_af_004,1,Random Forest,0.9995257849171837,1
mimic_perform_af_004,1,Random Forest,0.9995129024695186,1
mimic_perform_af_004,1,Random Forest,0.9994160212049354,1
mimic_perform_af_004,1,Random Forest,0.9794847582004557,1
mimic_perform_af_004,1,Random Forest,0.9991429091830256,1
mimic_perform_af_004,1,Random Forest,0.9998497570757223,1
mimic_perform_af_004,1,Random Forest,0.9998860113261018,1
mimic_perform_af_004,1,Random Forest,0.9999053349975994,1
mimic_perform_af_004,1,Random Forest,0.9999053349975994,1
mimic_perform_af_004,1,Random Forest,0.9999053349975994,1
mimic_perform_af_004,1,Random Forest,0.9999053349975994,1
mimic_perform_af_004,1,Random Forest,0.9999053349975994,1
mimic_perform_af_004,1,Random Forest,0.9991336280544385,1
mimic_perform_af_004,1,Random Forest,0.9998811804082273,1
mimic_perform_af_004,1,Random Forest,0.9999053349975994,1
mimic_perform_af_005,1,Random Forest,0.6502083333333334,1
mimic_perform_af_005,1,Random Forest,0.48,0
mimic_perform_af_005,1,Random Forest,0.7298507462686566,1
mimic_perform_af_005,1,Random Forest,0.9098507462686567,1
mimic_perform_af_005,1,Random Forest,0.8298507462686566,1
mimic_perform_af_005,1,Random Forest,0.7598507462686567,1
mimic_perform_af_005,1,Random Forest,0.56,1
mimic_perform_af_005,1,Random Forest,0.9796995939656057,1
mimic_perform_af_005,1,Random Forest,0.9398507462686567,1
mimic_perform_af_005,1,Random Forest,0.9796685380649844,1
mimic_perform_af_005,1,Random Forest,0.9596995939656057,1
mimic_perform_af_005,1,Random Forest,0.9496995939656057,1
mimic_perform_af_005,1,Random Forest,0.7998507462686567,1
mimic_perform_af_005,1,Random Forest,0.6714583333333334,1
mimic_perform_af_005,1,Random Forest,0.71,1
mimic_perform_af_005,1,Random Forest,0.6814583333333334,1
mimic_perform_af_005,1,Random Forest,0.7098507462686566,1
mimic_perform_af_005,1,Random Forest,0.9196931080895545,1
mimic_perform_af_005,1,Random Forest,0.62,1
mimic_perform_af_005,1,Random Forest,0.9892933785839598,1
mimic_perform_af_005,1,Random Forest,0.9992164627551037,1
mimic_perform_af_005,1,Random Forest,0.9994922987649281,1
mimic_perform_af_005,1,Random Forest,0.873885006216453,1
mimic_perform_af_005,1,Random Forest,0.7084157258863142,1
mimic_perform_af_005,1,Random Forest,0.5261838872446399,1
mimic_perform_af_005,1,Random Forest,0.5798913043478261,1
mimic_perform_af_005,1,Random Forest,0.839709096144154,1
mimic_perform_af_005,1,Random Forest,0.9998196903680355,1
mimic_perform_af_005,1,Random Forest,0.9894187904975291,1
mimic_perform_af_005,1,Random Forest,0.8687708007830633,1
mimic_perform_af_005,1,Random Forest,0.8585413812501019,1
mimic_perform_af_005,1,Random Forest,0.9969233995154307,1
mimic_perform_af_005,1,Random Forest,0.9896554774515046,1
mimic_perform_af_005,1,Random Forest,0.9970229842088467,1
mimic_perform_af_005,1,Random Forest,0.9845065578488189,1
mimic_perform_af_005,1,Random Forest,0.9937663016869273,1
mimic_perform_af_005,1,Random Forest,0.9992147370043278,1
mimic_perform_af_005,1,Random Forest,0.7094707986261675,1
mimic_perform_af_005,1,Random Forest,0.9999328342420999,1
mimic_perform_af_005,1,Random Forest,0.9999328342420999,1
mimic_perform_af_005,1,Random Forest,0.9992164627551037,1
mimic_perform_af_005,1,Random Forest,0.9694020742361338,1
mimic_perform_af_005,1,Random Forest,0.989310094845355,1
mimic_perform_af_005,1,Random Forest,0.8599574042666699,1
mimic_perform_af_005,1,Random Forest,0.8198137308924694,1
mimic_perform_af_005,1,Random Forest,0.7814272774327122,1
mimic_perform_af_005,1,Random Forest,0.8380879846238127,1
mimic_perform_af_005,1,Random Forest,0.7214272774327122,1
mimic_perform_af_005,1,Random Forest,0.27,0
mimic_perform_af_005,1,Random Forest,0.7,1
mimic_perform_af_005,1,Random Forest,0.9498447867930905,1
mimic_perform_af_005,1,Random Forest,0.9897647220693452,1
mimic_perform_af_005,1,Random Forest,0.8498507462686566,1
mimic_perform_af_005,1,Random Forest,0.9198196903680355,1
mimic_perform_af_005,1,Random Forest,0.9598196903680355,1
mimic_perform_af_005,1,Random Forest,0.9198507462686567,1
mimic_perform_af_005,1,Random Forest,0.9098507462686567,1
mimic_perform_af_005,1,Random Forest,0.7898507462686567,1
mimic_perform_af_005,1,Random Forest,0.8198196903680356,1
mimic_perform_af_005,1,Random Forest,0.7198507462686566,1
mimic_perform_af_005,1,Random Forest,0.8398797645151171,1
mimic_perform_af_005,1,Random Forest,0.8096994548831526,1
mimic_perform_af_005,1,Random Forest,0.8598196903680355,1
mimic_perform_af_005,1,Random Forest,0.9198196903680355,1
mimic_perform_af_005,1,Random Forest,0.6513625456786863,1
mimic_perform_af_005,1,Random Forest,0.7395460526658931,1
mimic_perform_af_005,1,Random Forest,0.6598507462686567,1
mimic_perform_af_005,1,Random Forest,0.57,1
mimic_perform_af_005,1,Random Forest,0.54,1
mimic_perform_af_005,1,Random Forest,0.34,0
mimic_perform_af_005,1,Random Forest,0.9899328342420999,1
mimic_perform_af_005,1,Random Forest,0.9899443740748088,1
mimic_perform_af_005,1,Random Forest,0.9698507462686566,1
mimic_perform_af_005,1,Random Forest,0.9597420506164828,1
mimic_perform_af_005,1,Random Forest,0.9693478341442392,1
mimic_perform_af_005,1,Random Forest,0.9593657207705462,1
mimic_perform_af_005,1,Random Forest,0.8084493199976653,1
mimic_perform_af_005,1,Random Forest,0.9298141100108925,1
mimic_perform_af_005,1,Random Forest,0.9596931080895545,1
mimic_perform_af_005,1,Random Forest,0.8198507462686567,1
mimic_perform_af_005,1,Random Forest,0.7999940405244338,1
mimic_perform_af_005,1,Random Forest,0.5468379846238127,1
mimic_perform_af_005,1,Random Forest,0.6268439440993788,1
mimic_perform_af_005,1,Random Forest,0.5082148671443601,1
mimic_perform_af_005,1,Random Forest,0.7924601772558434,1
mimic_perform_af_005,1,Random Forest,0.9935964264365947,1
mimic_perform_af_005,1,Random Forest,0.9936032832232552,1
mimic_perform_af_005,1,Random Forest,0.9368134384267975,1
mimic_perform_af_005,1,Random Forest,0.4295269310862158,0
mimic_perform_af_005,1,Random Forest,0.52,1
mimic_perform_af_005,1,Random Forest,0.67,1
mimic_perform_af_005,1,Random Forest,0.8294433605220991,1
mimic_perform_af_005,1,Random Forest,0.518317353195018,1
mimic_perform_af_005,1,Random Forest,0.6298304194126917,1
mimic_perform_af_005,1,Random Forest,0.5612897194450903,1
mimic_perform_af_005,1,Random Forest,0.6598507462686567,1
mimic_perform_af_005,1,Random Forest,0.8098507462686567,1
mimic_perform_af_005,1,Random Forest,0.7994493199976652,1
mimic_perform_af_005,1,Random Forest,0.8098196903680356,1
mimic_perform_af_005,1,Random Forest,0.7277127074635985,1
mimic_perform_af_005,1,Random Forest,0.8081756059134819,1
mimic_perform_af_005,1,Random Forest,0.8179495971879686,1
mimic_perform_af_005,1,Random Forest,0.8596889222337086,1
mimic_perform_af_005,1,Random Forest,0.56,1
mimic_perform_af_005,1,Random Forest,0.6501772774327123,1
mimic_perform_af_005,1,Random Forest,0.8499689440993788,1
mimic_perform_af_005,1,Random Forest,0.8581167077979915,1
mimic_perform_af_005,1,Random Forest,0.8773323326651663,1
mimic_perform_af_005,1,Random Forest,0.9683344670243115,1
mimic_perform_af_005,1,Random Forest,0.8599940405244338,1
mimic_perform_af_005,1,Random Forest,0.7266666666666667,1
mimic_perform_af_005,1,Random Forest,0.63,1
mimic_perform_af_005,1,Random Forest,0.7498196903680356,1
mimic_perform_af_005,1,Random Forest,0.8495926142534423,1
mimic_perform_af_005,1,Random Forest,0.8588196903680355,1
mimic_perform_af_005,1,Random Forest,0.7998507462686567,1
mimic_perform_af_005,1,Random Forest,0.8098507462686567,1
mimic_perform_af_005,1,Random Forest,0.9393657207705463,1
mimic_perform_af_006,1,Random Forest,0.9998639341072715,1
mimic_perform_af_006,1,Random Forest,0.9998639341072715,1
mimic_perform_af_006,1,Random Forest,0.9998639341072715,1
mimic_perform_af_006,1,Random Forest,0.9998639341072715,1
mimic_perform_af_006,1,Random Forest,0.9996551329307283,1
mimic_perform_af_006,1,Random Forest,0.9998639341072715,1
mimic_perform_af_006,1,Random Forest,0.9998639341072715,1
mimic_perform_af_006,1,Random Forest,0.8395380142906739,1
mimic_perform_af_006,1,Random Forest,0.8194991037848374,1
mimic_perform_af_006,1,Random Forest,0.9999028446131081,1
mimic_perform_af_006,1,Random Forest,0.9899028446131081,1
mimic_perform_af_006,1,Random Forest,0.9999028446131081,1
mimic_perform_af_006,1,Random Forest,0.9998639341072715,1
mimic_perform_af_006,1,Random Forest,0.9998639341072715,1
mimic_perform_af_006,1,Random Forest,0.9996551329307283,1
mimic_perform_af_006,1,Random Forest,0.9995992670089406,1
mimic_perform_af_006,1,Random Forest,0.9995992670089406,1
mimic_perform_af_006,1,Random Forest,0.9996551329307283,1
mimic_perform_af_006,1,Random Forest,0.9998639341072715,1
mimic_perform_af_006,1,Random Forest,0.9998639341072715,1
mimic_perform_af_006,1,Random Forest,0.9898639341072715,1
mimic_perform_af_006,1,Random Forest,0.9998639341072715,1
mimic_perform_af_006,1,Random Forest,0.9996551329307283,1
mimic_perform_af_006,1,Random Forest,0.9996551329307283,1
mimic_perform_af_006,1,Random Forest,0.9998639341072715,1
mimic_perform_af_006,1,Random Forest,0.9899294271593139,1
mimic_perform_af_006,1,Random Forest,0.9998639341072715,1
mimic_perform_af_006,1,Random Forest,0.9996551329307283,1
mimic_perform_af_006,1,Random Forest,0.9995992670089406,1
mimic_perform_af_006,1,Random Forest,0.9996551329307283,1
mimic_perform_af_006,1,Random Forest,0.9998639341072715,1
mimic_perform_af_006,1,Random Forest,0.8499345069479577,1
mimic_perform_af_006,1,Random Forest,0.8498955964421211,1
mimic_perform_af_006,1,Random Forest,0.9799127145950765,1
mimic_perform_af_006,1,Random Forest,0.9679792727257079,1
mimic_perform_af_006,1,Random Forest,0.9984087235078759,1
mimic_perform_af_006,1,Random Forest,0.9998639341072715,1
mimic_perform_af_006,1,Random Forest,0.9999028446131081,1
mimic_perform_af_006,1,Random Forest,0.9798639341072715,1
mimic_perform_af_006,1,Random Forest,0.9998639341072715,1
mimic_perform_af_006,1,Random Forest,0.901545312584042,1
mimic_perform_af_006,1,Random Forest,0.9211036706721566,1
mimic_perform_af_006,1,Random Forest,0.4293318146504923,0
mimic_perform_af_006,1,Random Forest,0.28538290705874003,0
mimic_perform_af_006,1,Random Forest,0.9518245025403246,1
mimic_perform_af_006,1,Random Forest,0.9881911789712086,1
mimic_perform_af_006,1,Random Forest,0.7796965133086577,1
mimic_perform_af_006,1,Random Forest,0.9372636310769685,1
mimic_perform_af_006,1,Random Forest,0.9885136310769685,1
mimic_perform_af_006,1,Random Forest,0.9996551329307283,1
mimic_perform_af_006,1,Random Forest,0.9998639341072715,1
mimic_perform_af_006,1,Random Forest,0.9998639341072715,1
mimic_perform_af_006,1,Random Forest,0.9698832198215572,1
mimic_perform_af_006,1,Random Forest,0.9596744186450141,1
mimic_perform_af_006,1,Random Forest,0.9885136310769685,1
mimic_perform_af_006,1,Random Forest,0.9998639341072715,1
mimic_perform_af_006,1,Random Forest,0.8898763107278352,1
mimic_perform_af_006,1,Random Forest,0.9998639341072715,1
mimic_perform_af_006,1,Random Forest,0.9999028446131081,1
mimic_perform_af_006,1,Random Forest,0.9998639341072715,1
mimic_perform_af_006,1,Random Forest,0.9998639341072715,1
mimic_perform_af_006,1,Random Forest,0.9998639341072715,1
mimic_perform_af_006,1,Random Forest,0.9596186873155002,1
mimic_perform_af_006,1,Random Forest,0.9998639341072715,1
mimic_perform_af_006,1,Random Forest,0.9998639341072715,1
mimic_perform_af_006,1,Random Forest,0.9998639341072715,1
mimic_perform_af_006,1,Random Forest,0.9898639341072715,1
mimic_perform_af_006,1,Random Forest,0.9785525415828051,1
mimic_perform_af_006,1,Random Forest,0.9998188109996627,1
mimic_perform_af_006,1,Random Forest,0.9998070081110666,1
mimic_perform_af_006,1,Random Forest,0.9996551329307283,1
mimic_perform_af_006,1,Random Forest,0.9998639341072715,1
mimic_perform_af_006,1,Random Forest,0.9998639341072715,1
mimic_perform_af_006,1,Random Forest,0.9998639341072715,1
mimic_perform_af_006,1,Random Forest,0.9984087235078759,1
mimic_perform_af_006,1,Random Forest,0.9998639341072715,1
mimic_perform_af_006,1,Random Forest,0.9995402161585535,1
mimic_perform_af_006,1,Random Forest,0.9998639341072715,1
mimic_perform_af_006,1,Random Forest,0.9998639341072715,1
mimic_perform_af_006,1,Random Forest,0.9995402161585535,1
mimic_perform_af_006,1,Random Forest,0.9998639341072715,1
mimic_perform_af_006,1,Random Forest,0.9998639341072715,1
mimic_perform_af_006,1,Random Forest,0.9999028446131081,1
mimic_perform_af_006,1,Random Forest,0.9999028446131081,1
mimic_perform_af_006,1,Random Forest,0.9699161779464415,1
mimic_perform_af_006,1,Random Forest,0.9299221303273939,1
mimic_perform_af_006,1,Random Forest,0.9199221303273939,1
mimic_perform_af_006,1,Random Forest,0.9898639341072715,1
mimic_perform_af_006,1,Random Forest,0.9998639341072715,1
mimic_perform_af_006,1,Random Forest,0.9996551329307283,1
mimic_perform_af_006,1,Random Forest,0.9996551329307283,1
mimic_perform_af_006,1,Random Forest,0.9995992670089406,1
mimic_perform_af_006,1,Random Forest,0.9998639341072715,1
mimic_perform_af_006,1,Random Forest,0.9998639341072715,1
mimic_perform_af_006,1,Random Forest,0.9998639341072715,1
mimic_perform_af_006,1,Random Forest,0.9998639341072715,1
mimic_perform_af_006,1,Random Forest,0.9998639341072715,1
mimic_perform_af_006,1,Random Forest,0.9996551329307283,1
mimic_perform_af_006,1,Random Forest,0.9995386609483345,1
mimic_perform_af_006,1,Random Forest,0.9894084803584944,1
mimic_perform_af_006,1,Random Forest,0.9833958353741052,1
mimic_perform_af_006,1,Random Forest,0.9625696878524476,1
mimic_perform_af_006,1,Random Forest,0.912688012633722,1
mimic_perform_af_006,1,Random Forest,0.9682690890616424,1
mimic_perform_af_006,1,Random Forest,0.7831598923137535,1
mimic_perform_af_006,1,Random Forest,0.9582554646696221,1
mimic_perform_af_006,1,Random Forest,0.9996551329307283,1
mimic_perform_af_006,1,Random Forest,0.9996551329307283,1
mimic_perform_af_006,1,Random Forest,0.9997137839571214,1
mimic_perform_af_006,1,Random Forest,0.9889388921822295,1
mimic_perform_af_006,1,Random Forest,0.8365827553536466,1
mimic_perform_af_006,1,Random Forest,0.9054391744887877,1
mimic_perform_af_006,1,Random Forest,0.9284535340522706,1
mimic_perform_af_006,1,Random Forest,0.9905026819008961,1
mimic_perform_af_006,1,Random Forest,0.9995386609483345,1
mimic_perform_af_006,1,Random Forest,0.9995992670089406,1
mimic_perform_af_006,1,Random Forest,0.9996551329307283,1
mimic_perform_af_006,1,Random Forest,0.9996551329307283,1
mimic_perform_af_007,1,Random Forest,0.38023004124441256,0
mimic_perform_af_007,1,Random Forest,0.5417057809751036,1
mimic_perform_af_007,1,Random Forest,0.9507224656068359,1
mimic_perform_af_007,1,Random Forest,0.9932741044696975,1
mimic_perform_af_007,1,Random Forest,0.9998171899298011,1
mimic_perform_af_007,1,Random Forest,0.9999221397584813,1
mimic_perform_af_007,1,Random Forest,0.9998081618774692,1
mimic_perform_af_007,1,Random Forest,0.9997055951861952,1
mimic_perform_af_007,1,Random Forest,0.9999221397584813,1
mimic_perform_af_007,1,Random Forest,0.9989141102184419,1
mimic_perform_af_007,1,Random Forest,0.9994269261495079,1
mimic_perform_af_007,1,Random Forest,0.9989181408512513,1
mimic_perform_af_007,1,Random Forest,0.9925052128999831,1
mimic_perform_af_007,1,Random Forest,0.999848197681739,1
mimic_perform_af_007,1,Random Forest,0.9997426571607484,1
mimic_perform_af_007,1,Random Forest,0.9992028873185878,1
mimic_perform_af_007,1,Random Forest,0.9997116494088106,1
mimic_perform_af_007,1,Random Forest,0.9997426571607484,1
mimic_perform_af_007,1,Random Forest,0.9925362206519212,1
mimic_perform_af_007,1,Random Forest,0.9988871330993133,1
mimic_perform_af_007,1,Random Forest,0.9994893398841102,1
mimic_perform_af_007,1,Random Forest,0.9997426571607484,1
mimic_perform_af_007,1,Random Forest,0.9999221397584813,1
mimic_perform_af_007,1,Random Forest,0.9999221397584813,1
mimic_perform_af_007,1,Random Forest,0.9993084278395782,1
mimic_perform_af_007,1,Random Forest,0.986097623448984,1
mimic_perform_af_007,1,Random Forest,0.9719458543614606,1
mimic_perform_af_007,1,Random Forest,0.9861125210281273,1
mimic_perform_af_007,1,Random Forest,0.9996197072153005,1
mimic_perform_af_007,1,Random Forest,0.9995655638118234,1
mimic_perform_af_007,1,Random Forest,0.9797801698840416,1
mimic_perform_af_007,1,Random Forest,0.999848197681739,1
mimic_perform_af_007,1,Random Forest,0.999848197681739,1
mimic_perform_af_007,1,Random Forest,0.9922474435517753,1
mimic_perform_af_007,1,Random Forest,0.9989141102184419,1
mimic_perform_af_007,1,Random Forest,0.999222803892363,1
mimic_perform_af_007,1,Random Forest,0.9780811061918189,1
mimic_perform_af_007,1,Random Forest,0.9983131600961331,1
mimic_perform_af_007,1,Random Forest,0.9999221397584813,1
mimic_perform_af_007,1,Random Forest,0.9993823699163203,1
mimic_perform_af_007,1,Random Forest,0.9997612885386317,1
mimic_perform_af_007,1,Random Forest,0.9996998302337808,1
mimic_perform_af_007,1,Random Forest,0.9998081618774692,1
mimic_perform_af_007,1,Random Forest,0.9993081004019017,1
mimic_perform_af_007,1,Random Forest,0.9995894135613635,1
mimic_perform_af_007,1,Random Forest,0.9997426571607484,1
mimic_perform_af_007,1,Random Forest,0.9999221397584813,1
mimic_perform_af_007,1,Random Forest,0.9700574295599875,1
mimic_perform_af_007,1,Random Forest,0.9994269261495079,1
mimic_perform_af_007,1,Random Forest,0.9999221397584813,1
mimic_perform_af_007,1,Random Forest,0.9927194145474242,1
mimic_perform_af_007,1,Random Forest,0.9931893803434885,1
mimic_perform_af_007,1,Random Forest,0.8524279663217239,1
mimic_perform_af_007,1,Random Forest,0.9279835218772795,1
mimic_perform_af_007,1,Random Forest,0.9993860812140908,1
mimic_perform_af_007,1,Random Forest,0.9992474435517753,1
mimic_perform_af_007,1,Random Forest,0.912427966321724,1
mimic_perform_af_007,1,Random Forest,0.9862899774855707,1
mimic_perform_af_007,1,Random Forest,0.9990976234489839,1
mimic_perform_af_007,1,Random Forest,0.999848197681739,1
mimic_perform_af_007,1,Random Forest,0.9328147960797505,1
mimic_perform_af_007,1,Random Forest,0.9997426571607484,1
mimic_perform_af_007,1,Random Forest,0.9997197143584851,1
mimic_perform_af_007,1,Random Forest,0.9997426571607484,1
mimic_perform_af_007,1,Random Forest,0.9997426571607484,1
mimic_perform_af_007,1,Random Forest,0.9999221397584813,1
mimic_perform_af_007,1,Random Forest,0.99165899503078,1
mimic_perform_af_007,1,Random Forest,0.999848197681739,1
mimic_perform_af_007,1,Random Forest,0.9997426571607484,1
mimic_perform_af_007,1,Random Forest,0.9996580739801648,1
mimic_perform_af_007,1,Random Forest,0.9999051762300675,1
mimic_perform_af_007,1,Random Forest,0.9932244653398766,1
mimic_perform_af_007,1,Random Forest,0.9997426571607484,1
mimic_perform_af_007,1,Random Forest,0.9996998302337808,1
mimic_perform_af_007,1,Random Forest,0.9994269261495079,1
mimic_perform_af_007,1,Random Forest,0.9997426571607484,1
mimic_perform_af_007,1,Random Forest,0.9999221397584813,1
mimic_perform_af_007,1,Random Forest,0.9865925308199337,1
mimic_perform_af_007,1,Random Forest,0.9992843236539644,1
mimic_perform_af_007,1,Random Forest,0.9999221397584813,1
mimic_perform_af_007,1,Random Forest,0.9998911320065432,1
mimic_perform_af_007,1,Random Forest,0.9997426571607484,1
mimic_perform_af_007,1,Random Forest,0.9998911320065432,1
mimic_perform_af_007,1,Random Forest,0.9994269261495079,1
mimic_perform_af_007,1,Random Forest,0.9993823699163203,1
mimic_perform_af_007,1,Random Forest,0.9788572260500327,1
mimic_perform_af_007,1,Random Forest,0.9703544772891803,1
mimic_perform_af_007,1,Random Forest,0.9825083854572747,1
mimic_perform_af_007,1,Random Forest,0.9991718795666498,1
mimic_perform_af_007,1,Random Forest,0.9768604288783244,1
mimic_perform_af_007,1,Random Forest,0.986097623448984,1
mimic_perform_af_007,1,Random Forest,0.912427966321724,1
mimic_perform_af_007,1,Random Forest,0.9924269261495078,1
mimic_perform_af_007,1,Random Forest,0.9993757476108821,1
mimic_perform_af_007,1,Random Forest,0.9996655593819257,1
mimic_perform_af_007,1,Random Forest,0.9930648993159188,1
mimic_perform_af_007,1,Random Forest,0.9997116494088106,1
mimic_perform_af_007,1,Random Forest,0.9922474435517753,1
mimic_perform_af_007,1,Random Forest,0.998897308916353,1
mimic_perform_af_007,1,Random Forest,0.7215455456680497,1
mimic_perform_af_007,1,Random Forest,0.5165303900833123,1
mimic_perform_af_007,1,Random Forest,0.6963258014274268,1
mimic_perform_af_007,1,Random Forest,0.9765500074578726,1
mimic_perform_af_007,1,Random Forest,0.637013341218081,1
mimic_perform_af_007,1,Random Forest,0.21611813168354188,0
mimic_perform_af_007,1,Random Forest,0.1,0
mimic_perform_af_007,1,Random Forest,0.03333333333333333,0
mimic_perform_af_007,1,Random Forest,0.04666666666666667,0
mimic_perform_af_007,1,Random Forest,0.08066666666666666,0
mimic_perform_af_007,1,Random Forest,0.23792723822479558,0
mimic_perform_af_007,1,Random Forest,0.36906777021928294,0
mimic_perform_af_007,1,Random Forest,0.28573448259062745,0
mimic_perform_af_007,1,Random Forest,0.1395897435897436,0
mimic_perform_af_007,1,Random Forest,0.46839800541706134,0
mimic_perform_af_007,1,Random Forest,0.18558787369753627,0
mimic_perform_af_007,1,Random Forest,0.0535,0
mimic_perform_af_007,1,Random Forest,0.0335,0
mimic_perform_af_007,1,Random Forest,0.26665934870106106,0
mimic_perform_af_008,1,Random Forest,0.999905669300687,1
mimic_perform_af_008,1,Random Forest,0.9991441866254251,1
mimic_perform_af_008,1,Random Forest,0.8733333333333333,1
mimic_perform_af_008,1,Random Forest,0.986629620075291,1
mimic_perform_af_008,1,Random Forest,0.8133333333333334,1
mimic_perform_af_008,1,Random Forest,0.9924775199587585,1
mimic_perform_af_008,1,Random Forest,0.9908527991368415,1
mimic_perform_af_008,1,Random Forest,0.9436301705274597,1
mimic_perform_af_008,1,Random Forest,0.8250059666303076,1
mimic_perform_af_008,1,Random Forest,0.9538106714597945,1
mimic_perform_af_008,1,Random Forest,0.8787959334159591,1
mimic_perform_af_008,1,Random Forest,0.9556369666690953,1
mimic_perform_af_008,1,Random Forest,0.9732318036542188,1
mimic_perform_af_008,1,Random Forest,0.8054901960784314,1
mimic_perform_af_008,1,Random Forest,0.872156862745098,1
mimic_perform_af_008,1,Random Forest,0.9723947042237688,1
mimic_perform_af_008,1,Random Forest,0.7084877481200205,1
mimic_perform_af_008,1,Random Forest,0.7215779048391489,1
mimic_perform_af_008,1,Random Forest,0.8379028077951305,1
mimic_perform_af_008,1,Random Forest,0.7904592732788281,1
mimic_perform_af_008,1,Random Forest,0.9956920626325763,1
mimic_perform_af_008,1,Random Forest,0.9004797084182731,1
mimic_perform_af_008,1,Random Forest,0.9858660465980387,1
mimic_perform_af_008,1,Random Forest,0.8733333333333333,1
mimic_perform_af_008,1,Random Forest,0.9999285003509154,1
mimic_perform_af_008,1,Random Forest,0.9999021304609653,1
mimic_perform_af_008,1,Random Forest,0.9631125400730165,1
mimic_perform_af_008,1,Random Forest,0.9542558566349815,1
mimic_perform_af_008,1,Random Forest,0.8394791048192963,1
mimic_perform_af_008,1,Random Forest,0.9732318036542188,1
mimic_perform_af_008,1,Random Forest,0.952488367366701,1
mimic_perform_af_008,1,Random Forest,0.8066666666666666,1
mimic_perform_af_008,1,Random Forest,0.9858453063498007,1
mimic_perform_af_008,1,Random Forest,0.9991441866254251,1
mimic_perform_af_008,1,Random Forest,0.9961417632183539,1
mimic_perform_af_008,1,Random Forest,0.7677179303178068,1
mimic_perform_af_008,1,Random Forest,0.6746912996818909,1
mimic_perform_af_008,1,Random Forest,0.7393121354717905,1
mimic_perform_af_008,1,Random Forest,0.8505132866119434,1
mimic_perform_af_008,1,Random Forest,0.8669309041239462,1
mimic_perform_af_008,1,Random Forest,0.6858060472092972,1
mimic_perform_af_008,1,Random Forest,0.5795058223397099,1
mimic_perform_af_008,1,Random Forest,0.7371672678439809,1
mimic_perform_af_008,1,Random Forest,0.82546174051778,1
mimic_perform_af_008,1,Random Forest,0.9994300811120015,1
mimic_perform_af_008,1,Random Forest,0.9998773283829325,1
mimic_perform_af_008,1,Random Forest,0.9998148916982967,1
mimic_perform_af_008,1,Random Forest,0.640614654521994,1
mimic_perform_af_008,1,Random Forest,0.7868565073647127,1
mimic_perform_af_008,1,Random Forest,0.7357062212740472,1
mimic_perform_af_008,1,Random Forest,0.7408966455644612,1
mimic_perform_af_008,1,Random Forest,0.9882748449538116,1
mimic_perform_af_008,1,Random Forest,0.944718393287711,1
mimic_perform_af_008,1,Random Forest,0.9623147084243914,1
mimic_perform_af_008,1,Random Forest,0.9757954952738672,1
mimic_perform_af_008,1,Random Forest,0.9953067020254006,1
mimic_perform_af_008,1,Random Forest,0.974726732722347,1
mimic_perform_af_008,1,Random Forest,0.7313015309367379,1
mimic_perform_af_008,1,Random Forest,0.7909771798471857,1
mimic_perform_af_008,1,Random Forest,0.7809835960276389,1
mimic_perform_af_008,1,Random Forest,0.9781810879177444,1
mimic_perform_af_008,1,Random Forest,0.9941881758432057,1
mimic_perform_af_008,1,Random Forest,0.9966291663116703,1
mimic_perform_af_008,1,Random Forest,0.9998676774032564,1
mimic_perform_af_008,1,Random Forest,0.9999285003509154,1
mimic_perform_af_008,1,Random Forest,0.9925414278616551,1
mimic_perform_af_008,1,Random Forest,0.6457611525423698,1
mimic_perform_af_008,1,Random Forest,0.9812878201347023,1
mimic_perform_af_008,1,Random Forest,0.9910621919196666,1
mimic_perform_af_008,1,Random Forest,0.9991672604503066,1
mimic_perform_af_008,1,Random Forest,0.9866116609742208,1
mimic_perform_af_008,1,Random Forest,0.6061997350935812,1
mimic_perform_af_008,1,Random Forest,0.740382543292999,1
mimic_perform_af_008,1,Random Forest,0.9957849259844281,1
mimic_perform_af_008,1,Random Forest,0.9230304815360857,1
mimic_perform_af_008,1,Random Forest,0.7598928181083567,1
mimic_perform_af_008,1,Random Forest,0.9922874469382827,1
mimic_perform_af_008,1,Random Forest,0.9832541380496834,1
mimic_perform_af_008,1,Random Forest,0.9694888158574556,1
mimic_perform_af_008,1,Random Forest,0.9563204690262713,1
mimic_perform_af_008,1,Random Forest,0.9895953845697054,1
mimic_perform_af_008,1,Random Forest,0.9990998407274208,1
mimic_perform_af_008,1,Random Forest,0.9858304152969841,1
mimic_perform_af_008,1,Random Forest,0.9989541136049495,1
mimic_perform_af_008,1,Random Forest,0.9923938659608712,1
mimic_perform_af_008,1,Random Forest,0.6984904690787044,1
mimic_perform_af_008,1,Random Forest,0.8142873532421036,1
mimic_perform_af_008,1,Random Forest,0.9909370826338024,1
mimic_perform_af_008,1,Random Forest,0.8913887800033294,1
mimic_perform_af_008,1,Random Forest,0.8903537395389571,1
mimic_perform_af_008,1,Random Forest,0.997624656109525,1
mimic_perform_af_008,1,Random Forest,0.9998676774032564,1
mimic_perform_af_008,1,Random Forest,0.9924031440307242,1
mimic_perform_af_008,1,Random Forest,0.9925119730164673,1
mimic_perform_af_008,1,Random Forest,0.9266147290224743,1
mimic_perform_af_008,1,Random Forest,0.9663409838191906,1
mimic_perform_af_008,1,Random Forest,0.9997403121059373,1
mimic_perform_af_008,1,Random Forest,0.998601962540061,1
mimic_perform_af_008,1,Random Forest,0.9698333426946018,1
mimic_perform_af_008,1,Random Forest,0.7468380989916579,1
mimic_perform_af_008,1,Random Forest,0.9681608856007877,1
mimic_perform_af_008,1,Random Forest,0.6462946789336782,1
mimic_perform_af_008,1,Random Forest,0.7788235294117647,1
mimic_perform_af_008,1,Random Forest,0.775453624186726,1
mimic_perform_af_008,1,Random Forest,0.6807110302447891,1
mimic_perform_af_008,1,Random Forest,0.963176208658557,1
mimic_perform_af_008,1,Random Forest,0.9458453063498007,1
mimic_perform_af_008,1,Random Forest,0.9940593824540612,1
mimic_perform_af_008,1,Random Forest,0.9274169905993819,1
mimic_perform_af_008,1,Random Forest,0.743574850243618,1
mimic_perform_af_008,1,Random Forest,0.7803766472190933,1
mimic_perform_af_008,1,Random Forest,0.4217558029237652,0
mimic_perform_af_008,1,Random Forest,0.6436984245558001,1
mimic_perform_af_008,1,Random Forest,0.7348563199252639,1
mimic_perform_af_008,1,Random Forest,0.9547838556768037,1
mimic_perform_af_008,1,Random Forest,0.5721505502225988,1
mimic_perform_af_008,1,Random Forest,0.9966976937330339,1
mimic_perform_af_008,1,Random Forest,0.9850666118774664,1
mimic_perform_af_009,1,Random Forest,0.915640522118313,1
mimic_perform_af_009,1,Random Forest,0.9498784901567014,1
mimic_perform_af_009,1,Random Forest,0.3453584522008755,0
mimic_perform_af_009,1,Random Forest,0.6645189908438559,1
mimic_perform_af_009,1,Random Forest,0.984996380632823,1
mimic_perform_af_009,1,Random Forest,0.999306411503311,1
mimic_perform_af_009,1,Random Forest,0.9995905645087754,1
mimic_perform_af_009,1,Random Forest,0.9995999305310157,1
mimic_perform_af_009,1,Random Forest,0.993025677790957,1
mimic_perform_af_009,1,Random Forest,0.993025677790957,1
mimic_perform_af_009,1,Random Forest,0.9998107623800824,1
mimic_perform_af_009,1,Random Forest,0.9998107623800824,1
mimic_perform_af_009,1,Random Forest,0.9998107623800824,1
mimic_perform_af_009,1,Random Forest,0.9998107623800824,1
mimic_perform_af_009,1,Random Forest,0.9996767590299985,1
mimic_perform_af_009,1,Random Forest,0.9996767590299985,1
mimic_perform_af_009,1,Random Forest,0.9996767590299985,1
mimic_perform_af_009,1,Random Forest,0.9998107623800824,1
mimic_perform_af_009,1,Random Forest,0.9998107623800824,1
mimic_perform_af_009,1,Random Forest,0.9998107623800824,1
mimic_perform_af_009,1,Random Forest,0.9979636701547867,1
mimic_perform_af_009,1,Random Forest,0.9986069450085879,1
mimic_perform_af_009,1,Random Forest,0.9997024706920739,1
mimic_perform_af_009,1,Random Forest,0.9994659271809319,1
mimic_perform_af_009,1,Random Forest,0.9649937635830994,1
mimic_perform_af_009,1,Random Forest,0.9779324675973474,1
mimic_perform_af_009,1,Random Forest,0.9923680968642221,1
mimic_perform_af_009,1,Random Forest,0.9989822181215121,1
mimic_perform_af_009,1,Random Forest,0.9980232062895338,1
mimic_perform_af_009,1,Random Forest,0.9998107623800824,1
mimic_perform_af_009,1,Random Forest,0.9837014087999787,1
mimic_perform_af_009,1,Random Forest,0.9744564328392058,1
mimic_perform_af_009,1,Random Forest,0.9502339090720628,1
mimic_perform_af_009,1,Random Forest,0.9997024706920739,1
mimic_perform_af_009,1,Random Forest,0.9963434256966652,1
mimic_perform_af_009,1,Random Forest,0.9996767590299985,1
mimic_perform_af_009,1,Random Forest,0.9995759927691963,1
mimic_perform_af_009,1,Random Forest,0.9649442622663815,1
mimic_perform_af_009,1,Random Forest,0.9753594430189471,1
mimic_perform_af_009,1,Random Forest,0.8895016060133636,1
mimic_perform_af_009,1,Random Forest,0.9990964100860132,1
mimic_perform_af_009,1,Random Forest,0.9924297434193465,1
mimic_perform_af_009,1,Random Forest,0.9984400232714616,1
mimic_perform_af_009,1,Random Forest,0.9998107623800824,1
mimic_perform_af_009,1,Random Forest,0.9922934523490428,1
mimic_perform_af_009,1,Random Forest,0.9998107623800824,1
mimic_perform_af_009,1,Random Forest,0.9997021405199329,1
mimic_perform_af_009,1,Random Forest,0.999167487526281,1
mimic_perform_af_009,1,Random Forest,0.9998107623800824,1
mimic_perform_af_009,1,Random Forest,0.999167487526281,1
mimic_perform_af_009,1,Random Forest,0.9998107623800824,1
mimic_perform_af_009,1,Random Forest,0.9814501490329495,1
mimic_perform_af_009,1,Random Forest,0.9747048420450134,1
mimic_perform_af_009,1,Random Forest,0.9651692962525821,1
mimic_perform_af_009,1,Random Forest,0.9763701532321153,1
mimic_perform_af_009,1,Random Forest,0.9996334689867085,1
mimic_perform_af_009,1,Random Forest,0.9930100923633318,1
mimic_perform_af_009,1,Random Forest,0.993025677790957,1
mimic_perform_af_009,1,Random Forest,0.9996767590299985,1
mimic_perform_af_009,1,Random Forest,0.9996767590299985,1
mimic_perform_af_009,1,Random Forest,0.9996767590299985,1
mimic_perform_af_009,1,Random Forest,0.9998107623800824,1
mimic_perform_af_009,1,Random Forest,0.9995964627502362,1
mimic_perform_af_009,1,Random Forest,0.9996767590299985,1
mimic_perform_af_009,1,Random Forest,0.9996767590299985,1
mimic_perform_af_009,1,Random Forest,0.9996767590299985,1
mimic_perform_af_009,1,Random Forest,0.9996767590299985,1
mimic_perform_af_009,1,Random Forest,0.9998107623800824,1
mimic_perform_af_009,1,Random Forest,0.9996767590299985,1
mimic_perform_af_009,1,Random Forest,0.9998107623800824,1
mimic_perform_af_009,1,Random Forest,0.9996767590299985,1
mimic_perform_af_009,1,Random Forest,0.999167487526281,1
mimic_perform_af_009,1,Random Forest,0.9998107623800824,1
mimic_perform_af_009,1,Random Forest,0.9998107623800824,1
mimic_perform_af_009,1,Random Forest,0.9996767590299985,1
mimic_perform_af_009,1,Random Forest,0.9984531352322121,1
mimic_perform_af_009,1,Random Forest,0.985681277161678,1
mimic_perform_af_009,1,Random Forest,0.9990591958382725,1
mimic_perform_af_009,1,Random Forest,0.9996767590299985,1
mimic_perform_af_009,1,Random Forest,0.9996334689867085,1
mimic_perform_af_009,1,Random Forest,0.999167487526281,1
mimic_perform_af_009,1,Random Forest,0.9931440957134157,1
mimic_perform_af_009,1,Random Forest,0.9983982567570505,1
mimic_perform_af_009,1,Random Forest,0.9998107623800824,1
mimic_perform_af_009,1,Random Forest,0.9998107623800824,1
mimic_perform_af_009,1,Random Forest,0.9998107623800824,1
mimic_perform_af_009,1,Random Forest,0.9998107623800824,1
mimic_perform_af_009,1,Random Forest,0.9996334689867085,1
mimic_perform_af_009,1,Random Forest,0.999167487526281,1
mimic_perform_af_009,1,Random Forest,0.9998107623800824,1
mimic_perform_af_009,1,Random Forest,0.9997674723367923,1
mimic_perform_af_009,1,Random Forest,0.9998107623800824,1
mimic_perform_af_009,1,Random Forest,0.9998107623800824,1
mimic_perform_af_009,1,Random Forest,0.9996767590299985,1
mimic_perform_af_009,1,Random Forest,0.9996767590299985,1
mimic_perform_af_009,1,Random Forest,0.9996767590299985,1
mimic_perform_af_009,1,Random Forest,0.9998107623800824,1
mimic_perform_af_009,1,Random Forest,0.9998107623800824,1
mimic_perform_af_009,1,Random Forest,0.9996991863689246,1
mimic_perform_af_009,1,Random Forest,0.9884636360033159,1
mimic_perform_af_009,1,Random Forest,0.9956989526830209,1
mimic_perform_af_009,1,Random Forest,0.9998107623800824,1
mimic_perform_af_009,1,Random Forest,0.9998107623800824,1
mimic_perform_af_009,1,Random Forest,0.9998107623800824,1
mimic_perform_af_009,1,Random Forest,0.9998107623800824,1
mimic_perform_af_009,1,Random Forest,0.9990334841761972,1
mimic_perform_af_009,1,Random Forest,0.9990145175063974,1
mimic_perform_af_009,1,Random Forest,0.9929911256935318,1
mimic_perform_af_009,1,Random Forest,0.9990145175063974,1
mimic_perform_af_009,1,Random Forest,0.9995759927691963,1
mimic_perform_af_009,1,Random Forest,0.9892723162979468,1
mimic_perform_af_009,1,Random Forest,0.9961235490707742,1
mimic_perform_af_009,1,Random Forest,0.9884858686270527,1
mimic_perform_af_009,1,Random Forest,0.9995237890101145,1
mimic_perform_af_009,1,Random Forest,0.993855822343972,1
mimic_perform_af_009,1,Random Forest,0.9811145725455077,1
mimic_perform_af_009,1,Random Forest,0.9747810939937144,1
mimic_perform_af_009,1,Random Forest,0.9835901490035763,1
mimic_perform_af_010,1,Random Forest,0.9794455141529694,1
mimic_perform_af_010,1,Random Forest,0.9932634090457536,1
mimic_perform_af_010,1,Random Forest,0.9998454609812732,1
mimic_perform_af_010,1,Random Forest,0.9896806427472897,1
mimic_perform_af_010,1,Random Forest,0.9981057373103421,1
mimic_perform_af_010,1,Random Forest,0.9918917058452981,1
mimic_perform_af_010,1,Random Forest,0.9925123955004707,1
mimic_perform_af_010,1,Random Forest,0.9844702003661703,1
mimic_perform_af_010,1,Random Forest,0.9692162510958799,1
mimic_perform_af_010,1,Random Forest,0.9996331547741336,1
mimic_perform_af_010,1,Random Forest,0.9998914379927675,1
mimic_perform_af_010,1,Random Forest,0.9999035152874535,1
mimic_perform_af_010,1,Random Forest,0.9998454609812732,1
mimic_perform_af_010,1,Random Forest,0.992653249897438,1
mimic_perform_af_010,1,Random Forest,0.9927863332869181,1
mimic_perform_af_010,1,Random Forest,0.9960962658613555,1
mimic_perform_af_010,1,Random Forest,0.9986378052494262,1
mimic_perform_af_010,1,Random Forest,0.9855315957896433,1
mimic_perform_af_010,1,Random Forest,0.9979691591747177,1
mimic_perform_af_010,1,Random Forest,0.995399416710483,1
mimic_perform_af_010,1,Random Forest,0.986541964034991,1
mimic_perform_af_010,1,Random Forest,0.9210866465567055,1
mimic_perform_af_010,1,Random Forest,0.9921629685632593,1
mimic_perform_af_010,1,Random Forest,0.9776301779671803,1
mimic_perform_af_010,1,Random Forest,0.999797304643732,1
mimic_perform_af_010,1,Random Forest,0.9570572101316153,1
mimic_perform_af_010,1,Random Forest,0.9028738475625202,1
mimic_perform_af_010,1,Random Forest,0.8662059678192994,1
mimic_perform_af_010,1,Random Forest,0.8702909899609833,1
mimic_perform_af_010,1,Random Forest,0.9833819242245655,1
mimic_perform_af_010,1,Random Forest,0.9410536162339198,1
mimic_perform_af_010,1,Random Forest,0.9715399411245134,1
mimic_perform_af_010,1,Random Forest,0.9530519951504202,1
mimic_perform_af_010,1,Random Forest,0.9762585491748882,1
mimic_perform_af_010,1,Random Forest,0.9074356080718017,1
mimic_perform_af_010,1,Random Forest,0.9918891023239462,1
mimic_perform_af_010,1,Random Forest,0.9811991205038479,1
mimic_perform_af_010,1,Random Forest,0.9998454609812732,1
mimic_perform_af_010,1,Random Forest,0.9950191460484101,1
mimic_perform_af_010,1,Random Forest,0.9700690101648842,1
mimic_perform_af_010,1,Random Forest,0.29639843332848004,0
mimic_perform_af_010,1,Random Forest,0.3239719556543257,0
mimic_perform_af_010,1,Random Forest,0.3641426536810726,0
mimic_perform_af_010,1,Random Forest,0.16394225000789367,0
mimic_perform_af_010,1,Random Forest,0.2569394324527944,0
mimic_perform_af_010,1,Random Forest,0.8464123398024015,1
mimic_perform_af_010,1,Random Forest,0.981724387891035,1
mimic_perform_af_010,1,Random Forest,0.9948761706659165,1
mimic_perform_af_010,1,Random Forest,0.9836254834794306,1
mimic_perform_af_010,1,Random Forest,0.999221042117012,1
mimic_perform_af_010,1,Random Forest,0.9998719783994208,1
mimic_perform_af_010,1,Random Forest,0.9779917077181088,1
mimic_perform_af_010,1,Random Forest,0.8617341744963027,1
mimic_perform_af_010,1,Random Forest,0.9225329893124884,1
mimic_perform_af_010,1,Random Forest,0.9691833808491972,1
mimic_perform_af_010,1,Random Forest,0.9891315046397628,1
mimic_perform_af_010,1,Random Forest,0.9913066181483614,1
mimic_perform_af_010,1,Random Forest,0.9799502578991068,1
mimic_perform_af_010,1,Random Forest,0.9998454609812732,1
mimic_perform_af_010,1,Random Forest,0.9931787943146065,1
mimic_perform_af_010,1,Random Forest,0.9920252209504241,1
mimic_perform_af_010,1,Random Forest,0.9911361102259082,1
mimic_perform_af_010,1,Random Forest,0.9986678023782652,1
mimic_perform_af_010,1,Random Forest,0.9933669802504546,1
mimic_perform_af_010,1,Random Forest,0.9998914379927675,1
mimic_perform_af_010,1,Random Forest,0.9996753188503467,1
mimic_perform_af_010,1,Random Forest,0.9931787943146065,1
mimic_perform_af_010,1,Random Forest,0.985940606219277,1
mimic_perform_af_010,1,Random Forest,0.9925686933611026,1
mimic_perform_af_010,1,Random Forest,0.991292585062306,1
mimic_perform_af_010,1,Random Forest,0.9989425075820829,1
mimic_perform_af_010,1,Random Forest,0.9985391194474755,1
mimic_perform_af_010,1,Random Forest,0.9990769815976669,1
mimic_perform_af_010,1,Random Forest,0.9983290630927888,1
mimic_perform_af_010,1,Random Forest,0.9987210854861752,1
mimic_perform_af_010,1,Random Forest,0.9857157617331529,1
mimic_perform_af_010,1,Random Forest,0.9905944309386191,1
mimic_perform_af_010,1,Random Forest,0.9797636434490681,1
mimic_perform_af_010,1,Random Forest,0.9853725025847181,1
mimic_perform_af_010,1,Random Forest,0.99727209092669,1
mimic_perform_af_010,1,Random Forest,0.9848234684225584,1
mimic_perform_af_010,1,Random Forest,0.9997251087971222,1
mimic_perform_af_010,1,Random Forest,0.9909133261424877,1
mimic_perform_af_010,1,Random Forest,0.9594015216635334,1
mimic_perform_af_010,1,Random Forest,0.9998088635912082,1
mimic_perform_af_010,1,Random Forest,0.9998333406797683,1
mimic_perform_af_010,1,Random Forest,0.9998333406797683,1
mimic_perform_af_010,1,Random Forest,0.9998454609812732,1
mimic_perform_af_010,1,Random Forest,0.9985093901728389,1
mimic_perform_af_010,1,Random Forest,0.9915073098193299,1
mimic_perform_af_010,1,Random Forest,0.9832537980628642,1
mimic_perform_af_010,1,Random Forest,0.971481647962317,1
mimic_perform_af_010,1,Random Forest,0.9618663592670811,1
mimic_perform_af_010,1,Random Forest,0.9989378203914783,1
mimic_perform_af_010,1,Random Forest,0.9979838881088073,1
mimic_perform_af_010,1,Random Forest,0.9671036246131574,1
mimic_perform_af_010,1,Random Forest,0.8927273734997013,1
mimic_perform_af_010,1,Random Forest,0.4153634584706894,0
mimic_perform_af_010,1,Random Forest,0.4667762803688001,0
mimic_perform_af_010,1,Random Forest,0.1,0
mimic_perform_af_010,1,Random Forest,0.505772774648466,1
mimic_perform_af_010,1,Random Forest,0.7368657601471676,1
mimic_perform_af_010,1,Random Forest,0.23291666666666666,0
mimic_perform_af_010,1,Random Forest,0.2529166666666667,0
mimic_perform_af_010,1,Random Forest,0.37333333333333335,0
mimic_perform_af_010,1,Random Forest,0.6475757295921288,1
mimic_perform_af_010,1,Random Forest,0.976063766282669,1
mimic_perform_af_010,1,Random Forest,0.9721695268241258,1
mimic_perform_af_010,1,Random Forest,0.9968859830095584,1
mimic_perform_af_010,1,Random Forest,0.9976865746918706,1
mimic_perform_af_010,1,Random Forest,0.998829635229926,1
mimic_perform_af_010,1,Random Forest,0.9976454713270176,1
mimic_perform_af_010,1,Random Forest,0.9930109174676365,1
mimic_perform_af_010,1,Random Forest,0.9913739983868001,1
mimic_perform_af_010,1,Random Forest,0.9689188949613481,1
mimic_perform_af_010,1,Random Forest,0.9883746938793291,1
mimic_perform_af_010,1,Random Forest,0.9995457907332777,1
mimic_perform_af_010,1,Random Forest,0.9997151678216641,1
mimic_perform_af_011,1,Random Forest,0.9963956228426956,1
mimic_perform_af_011,1,Random Forest,0.9979211030162735,1
mimic_perform_af_011,1,Random Forest,0.9977511293051894,1
mimic_perform_af_011,1,Random Forest,0.9959415374135316,1
mimic_perform_af_011,1,Random Forest,0.9704969962600416,1
mimic_perform_af_011,1,Random Forest,0.9783223012132002,1
mimic_perform_af_011,1,Random Forest,0.9783553412461987,1
mimic_perform_af_011,1,Random Forest,0.978823681518679,1
mimic_perform_af_011,1,Random Forest,0.9964622230703126,1
mimic_perform_af_011,1,Random Forest,0.979456334151756,1
mimic_perform_af_011,1,Random Forest,0.9967781748255713,1
mimic_perform_af_011,1,Random Forest,0.9953170324263861,1
mimic_perform_af_011,1,Random Forest,0.9980496553979374,1
mimic_perform_af_011,1,Random Forest,0.9948145257808791,1
mimic_perform_af_011,1,Random Forest,0.9982368198169462,1
mimic_perform_af_011,1,Random Forest,0.9981818754954738,1
mimic_perform_af_011,1,Random Forest,0.9981493551702706,1
mimic_perform_af_011,1,Random Forest,0.9965987948186049,1
mimic_perform_af_011,1,Random Forest,0.9983326052575592,1
mimic_perform_af_011,1,Random Forest,0.9983164986939311,1
mimic_perform_af_011,1,Random Forest,0.9979539065867145,1
mimic_perform_af_011,1,Random Forest,0.9980431920033598,1
mimic_perform_af_011,1,Random Forest,0.9979539065867145,1
mimic_perform_af_011,1,Random Forest,0.9983326052575592,1
mimic_perform_af_011,1,Random Forest,0.9982452568027433,1
mimic_perform_af_011,1,Random Forest,0.9965363450926615,1
mimic_perform_af_011,1,Random Forest,0.9520476707372719,1
mimic_perform_af_011,1,Random Forest,0.9284248636143951,1
mimic_perform_af_011,1,Random Forest,0.8972750945889568,1
mimic_perform_af_011,1,Random Forest,0.9509091655725712,1
mimic_perform_af_011,1,Random Forest,0.9975550216113296,1
mimic_perform_af_011,1,Random Forest,0.9969159743286207,1
mimic_perform_af_011,1,Random Forest,0.9983164986939311,1
mimic_perform_af_011,1,Random Forest,0.9962227971810628,1
mimic_perform_af_011,1,Random Forest,0.9983126602247595,1
mimic_perform_af_011,1,Random Forest,0.9819322743369058,1
mimic_perform_af_011,1,Random Forest,0.9862911049626147,1
mimic_perform_af_011,1,Random Forest,0.9934712598082052,1
mimic_perform_af_011,1,Random Forest,0.9950986415943233,1
mimic_perform_af_011,1,Random Forest,0.9312611561148162,1
mimic_perform_af_011,1,Random Forest,0.9395947087829558,1
mimic_perform_af_011,1,Random Forest,0.9325734731890729,1
mimic_perform_af_011,1,Random Forest,0.9983326052575592,1
mimic_perform_af_011,1,Random Forest,0.9983326052575592,1
mimic_perform_af_011,1,Random Forest,0.9983326052575592,1
mimic_perform_af_011,1,Random Forest,0.9982329813477745,1
mimic_perform_af_011,1,Random Forest,0.9982207132533182,1
mimic_perform_af_011,1,Random Forest,0.9983164986939311,1
mimic_perform_af_011,1,Random Forest,0.9983326052575592,1
mimic_perform_af_011,1,Random Forest,0.9983164986939311,1
mimic_perform_af_011,1,Random Forest,0.9983100827350366,1
mimic_perform_af_011,1,Random Forest,0.9983326052575592,1
mimic_perform_af_011,1,Random Forest,0.9975994121395373,1
mimic_perform_af_011,1,Random Forest,0.9975625668007773,1
mimic_perform_af_011,1,Random Forest,0.998306270205639,1
mimic_perform_af_011,1,Random Forest,0.9862334758632414,1
mimic_perform_af_011,1,Random Forest,0.9983326052575592,1
mimic_perform_af_011,1,Random Forest,0.9983326052575592,1
mimic_perform_af_011,1,Random Forest,0.9983326052575592,1
mimic_perform_af_011,1,Random Forest,0.9482329706755375,1
mimic_perform_af_011,1,Random Forest,0.9823962797378848,1
mimic_perform_af_011,1,Random Forest,0.9779624516094947,1
mimic_perform_af_011,1,Random Forest,0.9981991771351553,1
mimic_perform_af_011,1,Random Forest,0.9981501281776382,1
mimic_perform_af_011,1,Random Forest,0.9980092670395654,1
mimic_perform_af_011,1,Random Forest,0.990574427493001,1
mimic_perform_af_011,1,Random Forest,0.9793293093069857,1
mimic_perform_af_011,1,Random Forest,0.9815488602433525,1
mimic_perform_af_011,1,Random Forest,0.9958248361312437,1
mimic_perform_af_011,1,Random Forest,0.9978130454486418,1
mimic_perform_af_011,1,Random Forest,0.9981614679540598,1
mimic_perform_af_011,1,Random Forest,0.9965790394566091,1
mimic_perform_af_011,1,Random Forest,0.9965744891997229,1
mimic_perform_af_011,1,Random Forest,0.9935282756629528,1
mimic_perform_af_011,1,Random Forest,0.9961076710617753,1
mimic_perform_af_011,1,Random Forest,0.9981922066281008,1
mimic_perform_af_011,1,Random Forest,0.9983164986939311,1
mimic_perform_af_011,1,Random Forest,0.9983164986939311,1
mimic_perform_af_011,1,Random Forest,0.9983326052575592,1
mimic_perform_af_011,1,Random Forest,0.9979706333364603,1
mimic_perform_af_011,1,Random Forest,0.9560202381515921,1
mimic_perform_af_011,1,Random Forest,0.86710234478591,1
mimic_perform_af_011,1,Random Forest,0.9431344403650573,1
mimic_perform_af_011,1,Random Forest,0.9980696551324002,1
mimic_perform_af_011,1,Random Forest,0.9983326052575592,1
mimic_perform_af_011,1,Random Forest,0.9982168747841466,1
mimic_perform_af_011,1,Random Forest,0.9977084997796504,1
mimic_perform_af_011,1,Random Forest,0.996695232438636,1
mimic_perform_af_011,1,Random Forest,0.99626466376802,1
mimic_perform_af_011,1,Random Forest,0.9963854116430227,1
mimic_perform_af_011,1,Random Forest,0.9983164986939311,1
mimic_perform_af_011,1,Random Forest,0.996967617063475,1
mimic_perform_af_011,1,Random Forest,0.9461529188847831,1
mimic_perform_af_011,1,Random Forest,0.9398145808102804,1
mimic_perform_af_011,1,Random Forest,0.9267579395173922,1
mimic_perform_af_011,1,Random Forest,0.994711084172937,1
mimic_perform_af_011,1,Random Forest,0.9981922066281008,1
mimic_perform_af_011,1,Random Forest,0.998021537691954,1
mimic_perform_af_011,1,Random Forest,0.9983326052575592,1
mimic_perform_af_011,1,Random Forest,0.9983326052575592,1
mimic_perform_af_011,1,Random Forest,0.9559146094282092,1
mimic_perform_af_011,1,Random Forest,0.929806236268025,1
mimic_perform_af_011,1,Random Forest,0.9249237701381268,1
mimic_perform_af_011,1,Random Forest,0.9974405930417187,1
mimic_perform_af_011,1,Random Forest,0.9888428804861117,1
mimic_perform_af_011,1,Random Forest,0.99647870375911,1
mimic_perform_af_011,1,Random Forest,0.9946473616906011,1
mimic_perform_af_011,1,Random Forest,0.9983164986939311,1
mimic_perform_af_011,1,Random Forest,0.9983164986939311,1
mimic_perform_af_011,1,Random Forest,0.9970356362482717,1
mimic_perform_af_011,1,Random Forest,0.9963539491846652,1
mimic_perform_af_011,1,Random Forest,0.9967711865383165,1
mimic_perform_af_011,1,Random Forest,0.9983326052575592,1
mimic_perform_af_011,1,Random Forest,0.9953919822704878,1
mimic_perform_af_011,1,Random Forest,0.996967617063475,1
mimic_perform_af_011,1,Random Forest,0.9302793615339549,1
mimic_perform_af_011,1,Random Forest,0.94132156266782,1
mimic_perform_af_011,1,Random Forest,0.8701922195500519,1
mimic_perform_af_012,1,Random Forest,0.9981010512825363,1
mimic_perform_af_012,1,Random Forest,0.9979659846002831,1
mimic_perform_af_012,1,Random Forest,0.9978756503636074,1
mimic_perform_af_012,1,Random Forest,0.9979659846002831,1
mimic_perform_af_012,1,Random Forest,0.9983046173850325,1
mimic_perform_af_012,1,Random Forest,0.9983133139653873,1
mimic_perform_af_012,1,Random Forest,0.9983313957981725,1
mimic_perform_af_012,1,Random Forest,0.9983313957981725,1
mimic_perform_af_012,1,Random Forest,0.9983313957981725,1
mimic_perform_af_012,1,Random Forest,0.9850930954137376,1
mimic_perform_af_012,1,Random Forest,0.9736765324936215,1
mimic_perform_af_012,1,Random Forest,0.9718122758991844,1
mimic_perform_af_012,1,Random Forest,0.9908819595447058,1
mimic_perform_af_012,1,Random Forest,0.9983133139653873,1
mimic_perform_af_012,1,Random Forest,0.9978488881840781,1
mimic_perform_af_012,1,Random Forest,0.9865887058453287,1
mimic_perform_af_012,1,Random Forest,0.9901959491659318,1
mimic_perform_af_012,1,Random Forest,0.9978551677994142,1
mimic_perform_af_012,1,Random Forest,0.9976486647227099,1
mimic_perform_af_012,1,Random Forest,0.9983133139653873,1
mimic_perform_af_012,1,Random Forest,0.9983280415058879,1
mimic_perform_af_012,1,Random Forest,0.9983340678835799,1
mimic_perform_af_012,1,Random Forest,0.9983313957981725,1
mimic_perform_af_012,1,Random Forest,0.9937448882465475,1
mimic_perform_af_012,1,Random Forest,0.9633475877986032,1
mimic_perform_af_012,1,Random Forest,0.9694707972077387,1
mimic_perform_af_012,1,Random Forest,0.998018700915737,1
mimic_perform_af_012,1,Random Forest,0.9983313957981725,1
mimic_perform_af_012,1,Random Forest,0.9982315181773658,1
mimic_perform_af_012,1,Random Forest,0.998149412267087,1
mimic_perform_af_012,1,Random Forest,0.990625733435618,1
mimic_perform_af_012,1,Random Forest,0.9665936809472319,1
mimic_perform_af_012,1,Random Forest,0.9782202269652305,1
mimic_perform_af_012,1,Random Forest,0.9983133139653873,1
mimic_perform_af_012,1,Random Forest,0.9983133139653873,1
mimic_perform_af_012,1,Random Forest,0.9982610787414434,1
mimic_perform_af_012,1,Random Forest,0.9983313957981725,1
mimic_perform_af_012,1,Random Forest,0.9983313957981725,1
mimic_perform_af_012,1,Random Forest,0.9983313957981725,1
mimic_perform_af_012,1,Random Forest,0.9982731341965368,1
mimic_perform_af_012,1,Random Forest,0.9818202198876037,1
mimic_perform_af_012,1,Random Forest,0.9981612011206367,1
mimic_perform_af_012,1,Random Forest,0.9983193403430791,1
mimic_perform_af_012,1,Random Forest,0.9983166728401259,1
mimic_perform_af_012,1,Random Forest,0.9980793070203279,1
mimic_perform_af_012,1,Random Forest,0.9980853333980197,1
mimic_perform_af_012,1,Random Forest,0.9982290061064034,1
mimic_perform_af_012,1,Random Forest,0.9983046173850325,1
mimic_perform_af_012,1,Random Forest,0.9982584112384902,1
mimic_perform_af_012,1,Random Forest,0.9982985910073406,1
mimic_perform_af_012,1,Random Forest,0.9978137469772282,1
mimic_perform_af_012,1,Random Forest,0.9941402350354565,1
mimic_perform_af_012,1,Random Forest,0.9979959940878139,1
mimic_perform_af_012,1,Random Forest,0.9976633876807565,1
mimic_perform_af_012,1,Random Forest,0.9975441003220166,1
mimic_perform_af_012,1,Random Forest,0.9983133139653873,1
mimic_perform_af_012,1,Random Forest,0.9981904874059688,1
mimic_perform_af_012,1,Random Forest,0.9983193403430791,1
mimic_perform_af_012,1,Random Forest,0.9977622926919347,1
mimic_perform_af_012,1,Random Forest,0.97506749097231,1
mimic_perform_af_012,1,Random Forest,0.9983313957981725,1
mimic_perform_af_012,1,Random Forest,0.998308446859561,1
mimic_perform_af_012,1,Random Forest,0.9982963914044676,1
mimic_perform_af_012,1,Random Forest,0.9975183059062657,1
mimic_perform_af_012,1,Random Forest,0.9982903650267756,1
mimic_perform_af_012,1,Random Forest,0.9982903650267756,1
mimic_perform_af_012,1,Random Forest,0.9983193403430791,1
mimic_perform_af_012,1,Random Forest,0.9974365101182442,1
mimic_perform_af_012,1,Random Forest,0.998308446859561,1
mimic_perform_af_012,1,Random Forest,0.998308446859561,1
mimic_perform_af_012,1,Random Forest,0.9983313957981725,1
mimic_perform_af_012,1,Random Forest,0.988765879655154,1
mimic_perform_af_012,1,Random Forest,0.9980944776121017,1
mimic_perform_af_012,1,Random Forest,0.9981641352251336,1
mimic_perform_af_012,1,Random Forest,0.9981585336176835,1
mimic_perform_af_012,1,Random Forest,0.9979131327269465,1
mimic_perform_af_012,1,Random Forest,0.9975790788143576,1
mimic_perform_af_012,1,Random Forest,0.9981010512825363,1
mimic_perform_af_012,1,Random Forest,0.9981641352251336,1
mimic_perform_af_012,1,Random Forest,0.9982614172508609,1
mimic_perform_af_012,1,Random Forest,0.9975593366776625,1
mimic_perform_af_012,1,Random Forest,0.9980781023439247,1
mimic_perform_af_012,1,Random Forest,0.998308446859561,1
mimic_perform_af_012,1,Random Forest,0.9983193403430791,1
mimic_perform_af_012,1,Random Forest,0.9983046173850325,1
mimic_perform_af_012,1,Random Forest,0.9983166728401259,1
mimic_perform_af_012,1,Random Forest,0.9983166728401259,1
mimic_perform_af_012,1,Random Forest,0.9983133139653873,1
mimic_perform_af_012,1,Random Forest,0.9982903650267756,1
mimic_perform_af_012,1,Random Forest,0.9982963914044676,1
mimic_perform_af_012,1,Random Forest,0.9982085692387541,1
mimic_perform_af_012,1,Random Forest,0.9982963914044676,1
mimic_perform_af_012,1,Random Forest,0.9984454845874688,1
mimic_perform_af_012,1,Random Forest,0.998308446859561,1
mimic_perform_af_012,1,Random Forest,0.998308446859561,1
mimic_perform_af_012,1,Random Forest,0.9983133139653873,1
mimic_perform_af_012,1,Random Forest,0.9983313957981725,1
mimic_perform_af_012,1,Random Forest,0.9980192554945149,1
mimic_perform_af_012,1,Random Forest,0.9983133139653873,1
mimic_perform_af_012,1,Random Forest,0.998308446859561,1
mimic_perform_af_012,1,Random Forest,0.9978631997923094,1
mimic_perform_af_012,1,Random Forest,0.9979604393141013,1
mimic_perform_af_012,1,Random Forest,0.9973980831106777,1
mimic_perform_af_012,1,Random Forest,0.9982903650267756,1
mimic_perform_af_012,1,Random Forest,0.9983133139653873,1
mimic_perform_af_012,1,Random Forest,0.9983133139653873,1
mimic_perform_af_012,1,Random Forest,0.9982550523637516,1
mimic_perform_af_012,1,Random Forest,0.9983313957981725,1
mimic_perform_af_012,1,Random Forest,0.9980841287216164,1
mimic_perform_af_012,1,Random Forest,0.9983193403430791,1
mimic_perform_af_012,1,Random Forest,0.9983193403430791,1
mimic_perform_af_012,1,Random Forest,0.9983313957981725,1
mimic_perform_af_012,1,Random Forest,0.9983133139653873,1
mimic_perform_af_012,1,Random Forest,0.9981010512825363,1
mimic_perform_af_012,1,Random Forest,0.9744429544170282,1
mimic_perform_af_012,1,Random Forest,0.9791917678567499,1
mimic_perform_af_012,1,Random Forest,0.9623658878225736,1
mimic_perform_af_012,1,Random Forest,0.9979940324164235,1
mimic_perform_af_013,1,Random Forest,0.9873260065039382,1
mimic_perform_af_013,1,Random Forest,0.9981252684805326,1
mimic_perform_af_013,1,Random Forest,0.9984108977754654,1
mimic_perform_af_013,1,Random Forest,0.9984857079428218,1
mimic_perform_af_013,1,Random Forest,0.9984718205796124,1
mimic_perform_af_013,1,Random Forest,0.998300880408672,1
mimic_perform_af_013,1,Random Forest,0.9969742880756833,1
mimic_perform_af_013,1,Random Forest,0.9400939654077292,1
mimic_perform_af_013,1,Random Forest,0.9463461322456751,1
mimic_perform_af_013,1,Random Forest,0.9152107178348956,1
mimic_perform_af_013,1,Random Forest,0.9694510991641159,1
mimic_perform_af_013,1,Random Forest,0.9360059335708225,1
mimic_perform_af_013,1,Random Forest,0.9851590457952684,1
mimic_perform_af_013,1,Random Forest,0.9822336386669266,1
mimic_perform_af_013,1,Random Forest,0.9436688178199771,1
mimic_perform_af_013,1,Random Forest,0.9840127678387897,1
mimic_perform_af_013,1,Random Forest,0.9687755148675361,1
mimic_perform_af_013,1,Random Forest,0.9355797151412055,1
mimic_perform_af_013,1,Random Forest,0.9176197041987671,1
mimic_perform_af_013,1,Random Forest,0.947138011382238,1
mimic_perform_af_013,1,Random Forest,0.9094775360381407,1
mimic_perform_af_013,1,Random Forest,0.984350454383544,1
mimic_perform_af_013,1,Random Forest,0.9555945296815727,1
mimic_perform_af_013,1,Random Forest,0.9481587077599783,1
mimic_perform_af_013,1,Random Forest,0.9433173552016183,1
mimic_perform_af_013,1,Random Forest,0.9493863292222858,1
mimic_perform_af_013,1,Random Forest,0.9543438467597481,1
mimic_perform_af_013,1,Random Forest,0.9665809625524013,1
mimic_perform_af_013,1,Random Forest,0.9728224677674632,1
mimic_perform_af_013,1,Random Forest,0.9784890364579862,1
mimic_perform_af_013,1,Random Forest,0.9693446967196968,1
mimic_perform_af_013,1,Random Forest,0.9575672840507491,1
mimic_perform_af_013,1,Random Forest,0.8971104437242636,1
mimic_perform_af_013,1,Random Forest,0.9630307108514834,1
mimic_perform_af_013,1,Random Forest,0.9676997698086103,1
mimic_perform_af_013,1,Random Forest,0.8800247910119818,1
mimic_perform_af_013,1,Random Forest,0.9257363694124422,1
mimic_perform_af_013,1,Random Forest,0.8317335395962797,1
mimic_perform_af_013,1,Random Forest,0.9635470734445148,1
mimic_perform_af_013,1,Random Forest,0.9111764408171403,1
mimic_perform_af_013,1,Random Forest,0.9348750140517452,1
mimic_perform_af_013,1,Random Forest,0.9488213768818099,1
mimic_perform_af_013,1,Random Forest,0.9406714152842359,1
mimic_perform_af_013,1,Random Forest,0.8778735426738122,1
mimic_perform_af_013,1,Random Forest,0.9448754390777768,1
mimic_perform_af_013,1,Random Forest,0.9770735086230146,1
mimic_perform_af_013,1,Random Forest,0.9969184296262269,1
mimic_perform_af_013,1,Random Forest,0.9980477387848555,1
mimic_perform_af_013,1,Random Forest,0.9806904266208301,1
mimic_perform_af_013,1,Random Forest,0.9663149545710771,1
mimic_perform_af_013,1,Random Forest,0.8169867806183791,1
mimic_perform_af_013,1,Random Forest,0.9711274392980582,1
mimic_perform_af_013,1,Random Forest,0.9060866169300207,1
mimic_perform_af_013,1,Random Forest,0.972843579756504,1
mimic_perform_af_013,1,Random Forest,0.9125723571078875,1
mimic_perform_af_013,1,Random Forest,0.9772540852342223,1
mimic_perform_af_013,1,Random Forest,0.9956720661447965,1
mimic_perform_af_013,1,Random Forest,0.9957654596385593,1
mimic_perform_af_013,1,Random Forest,0.9889424748214128,1
mimic_perform_af_013,1,Random Forest,0.969662698446409,1
mimic_perform_af_013,1,Random Forest,0.9544943281069074,1
mimic_perform_af_013,1,Random Forest,0.9922097642484173,1
mimic_perform_af_013,1,Random Forest,0.9985557242218389,1
mimic_perform_af_013,1,Random Forest,0.9984734196950901,1
mimic_perform_af_013,1,Random Forest,0.9645482076028661,1
mimic_perform_af_013,1,Random Forest,0.9199747607578892,1
mimic_perform_af_013,1,Random Forest,0.8982617719457202,1
mimic_perform_af_013,1,Random Forest,0.9432740771048975,1
mimic_perform_af_013,1,Random Forest,0.9840361260986562,1
mimic_perform_af_013,1,Random Forest,0.9529516916516619,1
mimic_perform_af_013,1,Random Forest,0.9608739165593511,1
mimic_perform_af_013,1,Random Forest,0.9628729316642967,1
mimic_perform_af_013,1,Random Forest,0.9524436919253615,1
mimic_perform_af_013,1,Random Forest,0.9660256916995106,1
mimic_perform_af_013,1,Random Forest,0.9741070464209041,1
mimic_perform_af_013,1,Random Forest,0.9679407173555231,1
mimic_perform_af_013,1,Random Forest,0.8592071404035845,1
mimic_perform_af_013,1,Random Forest,0.9489762483997807,1
mimic_perform_af_013,1,Random Forest,0.9694888066025872,1
mimic_perform_af_013,1,Random Forest,0.9790348025405197,1
mimic_perform_af_013,1,Random Forest,0.9971565819714737,1
mimic_perform_af_013,1,Random Forest,0.9828050656292076,1
mimic_perform_af_013,1,Random Forest,0.9502299956862988,1
mimic_perform_af_013,1,Random Forest,0.9662660875550922,1
mimic_perform_af_013,1,Random Forest,0.9555984278258202,1
mimic_perform_af_013,1,Random Forest,0.8655217166234206,1
mimic_perform_af_013,1,Random Forest,0.9680893777369687,1
mimic_perform_af_013,1,Random Forest,0.9759565271046895,1
mimic_perform_af_013,1,Random Forest,0.9959760843313485,1
mimic_perform_af_013,1,Random Forest,0.9966748080337002,1
mimic_perform_af_013,1,Random Forest,0.9653114943149198,1
mimic_perform_af_013,1,Random Forest,0.9367032301561712,1
mimic_perform_af_013,1,Random Forest,0.8962519755611138,1
mimic_perform_af_013,1,Random Forest,0.9348970978481898,1
mimic_perform_af_013,1,Random Forest,0.9923510837349478,1
mimic_perform_af_013,1,Random Forest,0.9946429788526624,1
mimic_perform_af_013,1,Random Forest,0.9961187990733644,1
mimic_perform_af_013,1,Random Forest,0.9613895657058299,1
mimic_perform_af_013,1,Random Forest,0.9713276375950043,1
mimic_perform_af_013,1,Random Forest,0.9685694305769852,1
mimic_perform_af_013,1,Random Forest,0.9487881772682406,1
mimic_perform_af_013,1,Random Forest,0.955567685917348,1
mimic_perform_af_013,1,Random Forest,0.9531703985149578,1
mimic_perform_af_013,1,Random Forest,0.9700647160662146,1
mimic_perform_af_013,1,Random Forest,0.9711686742448967,1
mimic_perform_af_013,1,Random Forest,0.9837478371392588,1
mimic_perform_af_013,1,Random Forest,0.9959308240257669,1
mimic_perform_af_013,1,Random Forest,0.9958085474436152,1
mimic_perform_af_013,1,Random Forest,0.9871766451896148,1
mimic_perform_af_013,1,Random Forest,0.9641953644804333,1
mimic_perform_af_013,1,Random Forest,0.9280823974524814,1
mimic_perform_af_013,1,Random Forest,0.9220190194464409,1
mimic_perform_af_013,1,Random Forest,0.9135166273419524,1
mimic_perform_af_013,1,Random Forest,0.9275125367813348,1
mimic_perform_af_013,1,Random Forest,0.9451993986803351,1
mimic_perform_af_013,1,Random Forest,0.9562869734450371,1
mimic_perform_af_013,1,Random Forest,0.9586896396733637,1
mimic_perform_af_013,1,Random Forest,0.901168134476178,1
mimic_perform_af_014,1,Random Forest,0.9981647486328155,1
mimic_perform_af_014,1,Random Forest,0.9981647486328155,1
mimic_perform_af_014,1,Random Forest,0.9981889032221873,1
mimic_perform_af_014,1,Random Forest,0.9981889032221873,1
mimic_perform_af_014,1,Random Forest,0.9979049176329325,1
mimic_perform_af_014,1,Random Forest,0.9978807630435604,1
mimic_perform_af_014,1,Random Forest,0.9978807630435604,1
mimic_perform_af_014,1,Random Forest,0.9981647486328155,1
mimic_perform_af_014,1,Random Forest,0.9981647486328155,1
mimic_perform_af_014,1,Random Forest,0.9981647486328155,1
mimic_perform_af_014,1,Random Forest,0.9977894408565959,1
mimic_perform_af_014,1,Random Forest,0.997765286267224,1
mimic_perform_af_014,1,Random Forest,0.9981647486328155,1
mimic_perform_af_014,1,Random Forest,0.9975918319661488,1
mimic_perform_af_014,1,Random Forest,0.9981647486328155,1
mimic_perform_af_014,1,Random Forest,0.9978807630435604,1
mimic_perform_af_014,1,Random Forest,0.9980306045686855,1
mimic_perform_af_014,1,Random Forest,0.9978807630435604,1
mimic_perform_af_014,1,Random Forest,0.9981647486328155,1
mimic_perform_af_014,1,Random Forest,0.9980306045686855,1
mimic_perform_af_014,1,Random Forest,0.9978937218153076,1
mimic_perform_af_014,1,Random Forest,0.9980405554066412,1
mimic_perform_af_014,1,Random Forest,0.9981746994707706,1
mimic_perform_af_014,1,Random Forest,0.9976840943568512,1
mimic_perform_af_014,1,Random Forest,0.9975955324746362,1
mimic_perform_af_014,1,Random Forest,0.9980405554066412,1
mimic_perform_af_014,1,Random Forest,0.9981630444591157,1
mimic_perform_af_014,1,Random Forest,0.9981647486328155,1
mimic_perform_af_014,1,Random Forest,0.9978807630435604,1
mimic_perform_af_014,1,Random Forest,0.9981647486328155,1
mimic_perform_af_014,1,Random Forest,0.9981647486328155,1
mimic_perform_af_014,1,Random Forest,0.9978807630435604,1
mimic_perform_af_014,1,Random Forest,0.9981647486328155,1
mimic_perform_af_014,1,Random Forest,0.9981647486328155,1
mimic_perform_af_014,1,Random Forest,0.9981647486328155,1
mimic_perform_af_014,1,Random Forest,0.9981647486328155,1
mimic_perform_af_014,1,Random Forest,0.9981889032221873,1
mimic_perform_af_014,1,Random Forest,0.9981889032221873,1
mimic_perform_af_014,1,Random Forest,0.998143859228896,1
mimic_perform_af_014,1,Random Forest,0.9981889032221873,1
mimic_perform_af_014,1,Random Forest,0.9981164277616521,1
mimic_perform_af_014,1,Random Forest,0.9965233852529937,1
mimic_perform_af_014,1,Random Forest,0.996511347163015,1
mimic_perform_af_014,1,Random Forest,0.9972710166732658,1
mimic_perform_af_014,1,Random Forest,0.9981647486328155,1
mimic_perform_af_014,1,Random Forest,0.9981647486328155,1
mimic_perform_af_014,1,Random Forest,0.9980980819661486,1
mimic_perform_af_014,1,Random Forest,0.9980980819661486,1
mimic_perform_af_014,1,Random Forest,0.9981647486328155,1
mimic_perform_af_014,1,Random Forest,0.9981647486328155,1
mimic_perform_af_014,1,Random Forest,0.9981647486328155,1
mimic_perform_af_014,1,Random Forest,0.9981647486328155,1
mimic_perform_af_014,1,Random Forest,0.9980980819661486,1
mimic_perform_af_014,1,Random Forest,0.9980980819661486,1
mimic_perform_af_014,1,Random Forest,0.9981889032221873,1
mimic_perform_af_014,1,Random Forest,0.9974904268215725,1
mimic_perform_af_014,1,Random Forest,0.9981889032221873,1
mimic_perform_af_014,1,Random Forest,0.9962246812606474,1
mimic_perform_af_014,1,Random Forest,0.9980218374905397,1
mimic_perform_af_014,1,Random Forest,0.9971887319978615,1
mimic_perform_af_014,1,Random Forest,0.9976097362260529,1
mimic_perform_af_014,1,Random Forest,0.9978907138815158,1
mimic_perform_af_014,1,Random Forest,0.9978807630435604,1
mimic_perform_af_014,1,Random Forest,0.9982242392444531,1
mimic_perform_af_014,1,Random Forest,0.9980980819661486,1
mimic_perform_af_014,1,Random Forest,0.9981647486328155,1
mimic_perform_af_014,1,Random Forest,0.9981647486328155,1
mimic_perform_af_014,1,Random Forest,0.9978807630435604,1
mimic_perform_af_014,1,Random Forest,0.9981647486328155,1
mimic_perform_af_014,1,Random Forest,0.9507307050930579,1
mimic_perform_af_014,1,Random Forest,0.9978140963768939,1
mimic_perform_af_014,1,Random Forest,0.9978807630435604,1
mimic_perform_af_014,1,Random Forest,0.9980218374905397,1
mimic_perform_af_014,1,Random Forest,0.9980278658794373,1
mimic_perform_af_014,1,Random Forest,0.9980547591580576,1
mimic_perform_af_014,1,Random Forest,0.9978807630435604,1
mimic_perform_af_014,1,Random Forest,0.9980278658794373,1
mimic_perform_af_014,1,Random Forest,0.9979434776937832,1
mimic_perform_af_014,1,Random Forest,0.9979002704714719,1
mimic_perform_af_014,1,Random Forest,0.9981889032221873,1
mimic_perform_af_014,1,Random Forest,0.9981889032221873,1
mimic_perform_af_014,1,Random Forest,0.9979553904189021,1
mimic_perform_af_014,1,Random Forest,0.9977894408565959,1
mimic_perform_af_014,1,Random Forest,0.9969798977413898,1
mimic_perform_af_014,1,Random Forest,0.9619954890146193,1
mimic_perform_af_014,1,Random Forest,0.9317920024292586,1
mimic_perform_af_014,1,Random Forest,0.7729118647648149,1
mimic_perform_af_014,1,Random Forest,0.9455328376336185,1
mimic_perform_af_014,1,Random Forest,0.9594933924243116,1
mimic_perform_af_014,1,Random Forest,0.9980278658794373,1
mimic_perform_af_014,1,Random Forest,0.9975327561453609,1
mimic_perform_af_014,1,Random Forest,0.9977392331287219,1
mimic_perform_af_014,1,Random Forest,0.9643468661176532,1
mimic_perform_af_014,1,Random Forest,0.9665139620836285,1
mimic_perform_af_014,1,Random Forest,0.9672566785548514,1
mimic_perform_af_014,1,Random Forest,0.9981889032221873,1
mimic_perform_af_014,1,Random Forest,0.9981746994707706,1
mimic_perform_af_014,1,Random Forest,0.9977236481498684,1
mimic_perform_af_014,1,Random Forest,0.9981889032221873,1
mimic_perform_af_014,1,Random Forest,0.995689488888971,1
mimic_perform_af_014,1,Random Forest,0.9842411080261246,1
mimic_perform_af_014,1,Random Forest,0.9981647486328155,1
mimic_perform_af_014,1,Random Forest,0.9981647486328155,1
mimic_perform_af_014,1,Random Forest,0.9978907138815158,1
mimic_perform_af_014,1,Random Forest,0.9977438802901824,1
mimic_perform_af_014,1,Random Forest,0.9979049176329325,1
mimic_perform_af_014,1,Random Forest,0.9981889032221873,1
mimic_perform_af_014,1,Random Forest,0.9907701318314333,1
mimic_perform_af_014,1,Random Forest,0.9979437354072471,1
mimic_perform_af_014,1,Random Forest,0.9979049176329325,1
mimic_perform_af_014,1,Random Forest,0.9980306045686855,1
mimic_perform_af_014,1,Random Forest,0.9974849804598077,1
mimic_perform_af_014,1,Random Forest,0.9961713130314211,1
mimic_perform_af_014,1,Random Forest,0.9971211751481406,1
mimic_perform_af_014,1,Random Forest,0.9975054552673411,1
mimic_perform_af_014,1,Random Forest,0.9981889032221873,1
mimic_perform_af_014,1,Random Forest,0.9970587731946309,1
mimic_perform_af_014,1,Random Forest,0.9967189774418023,1
mimic_perform_af_015,1,Random Forest,0.9599033728819216,1
mimic_perform_af_015,1,Random Forest,0.9898606828860999,1
mimic_perform_af_015,1,Random Forest,0.9958688506468807,1
mimic_perform_af_015,1,Random Forest,0.9920560485329156,1
mimic_perform_af_015,1,Random Forest,0.9873687942189999,1
mimic_perform_af_015,1,Random Forest,0.9842009025168094,1
mimic_perform_af_015,1,Random Forest,0.993236706215255,1
mimic_perform_af_015,1,Random Forest,0.9998727272289456,1
mimic_perform_af_015,1,Random Forest,0.9985323581524165,1
mimic_perform_af_015,1,Random Forest,0.99217948732359,1
mimic_perform_af_015,1,Random Forest,0.9974484814474512,1
mimic_perform_af_015,1,Random Forest,0.9977101447800948,1
mimic_perform_af_015,1,Random Forest,0.990835045595646,1
mimic_perform_af_015,1,Random Forest,0.9185369140632836,1
mimic_perform_af_015,1,Random Forest,0.5398199808832426,1
mimic_perform_af_015,1,Random Forest,0.4127329855377907,0
mimic_perform_af_015,1,Random Forest,0.960324566739738,1
mimic_perform_af_015,1,Random Forest,0.997125106978491,1
mimic_perform_af_015,1,Random Forest,0.995023845879226,1
mimic_perform_af_015,1,Random Forest,0.9881966586724957,1
mimic_perform_af_015,1,Random Forest,0.9904489795437272,1
mimic_perform_af_015,1,Random Forest,0.9951129645888017,1
mimic_perform_af_015,1,Random Forest,0.9956600051342959,1
mimic_perform_af_015,1,Random Forest,0.9983773306419662,1
mimic_perform_af_015,1,Random Forest,0.9856584505671111,1
mimic_perform_af_015,1,Random Forest,0.9927665366723092,1
mimic_perform_af_015,1,Random Forest,0.9984567310695379,1
mimic_perform_af_015,1,Random Forest,0.9921985581897323,1
mimic_perform_af_015,1,Random Forest,0.8985673666728977,1
mimic_perform_af_015,1,Random Forest,0.9897316683020724,1
mimic_perform_af_015,1,Random Forest,0.9877452246697596,1
mimic_perform_af_015,1,Random Forest,0.9993342950471369,1
mimic_perform_af_015,1,Random Forest,0.9998730698516186,1
mimic_perform_af_015,1,Random Forest,0.9998381658376572,1
mimic_perform_af_015,1,Random Forest,0.9910332682040367,1
mimic_perform_af_015,1,Random Forest,0.9832848722502245,1
mimic_perform_af_015,1,Random Forest,0.998506924333155,1
mimic_perform_af_015,1,Random Forest,0.9959309089578153,1
mimic_perform_af_015,1,Random Forest,0.9984340948033533,1
mimic_perform_af_015,1,Random Forest,0.9998730698516186,1
mimic_perform_af_015,1,Random Forest,0.9999076312429073,1
mimic_perform_af_015,1,Random Forest,0.2601851851851852,0
mimic_perform_af_015,1,Random Forest,0.6999648853435374,1
mimic_perform_af_015,1,Random Forest,0.9481830993590745,1
mimic_perform_af_015,1,Random Forest,0.9512301453959398,1
mimic_perform_af_015,1,Random Forest,0.9638539831073875,1
mimic_perform_af_015,1,Random Forest,0.9921084163896233,1
mimic_perform_af_015,1,Random Forest,0.9662013339278036,1
mimic_perform_af_015,1,Random Forest,0.9932409645762406,1
mimic_perform_af_015,1,Random Forest,0.9577529136379678,1
mimic_perform_af_015,1,Random Forest,0.9967304407871745,1
mimic_perform_af_015,1,Random Forest,0.9780254340550283,1
mimic_perform_af_015,1,Random Forest,0.9915430623112746,1
mimic_perform_af_015,1,Random Forest,0.9829965924440078,1
mimic_perform_af_015,1,Random Forest,0.9982820997728628,1
mimic_perform_af_015,1,Random Forest,0.993236706215255,1
mimic_perform_af_015,1,Random Forest,0.24018057157503525,0
mimic_perform_af_015,1,Random Forest,0.6133093051513716,1
mimic_perform_af_015,1,Random Forest,0.9851294690218577,1
mimic_perform_af_015,1,Random Forest,0.9977101447800948,1
mimic_perform_af_015,1,Random Forest,0.9742724726108143,1
mimic_perform_af_015,1,Random Forest,0.9942792753186787,1
mimic_perform_af_015,1,Random Forest,0.9888303845893444,1
mimic_perform_af_015,1,Random Forest,0.9874638476941779,1
mimic_perform_af_015,1,Random Forest,0.9915113691071928,1
mimic_perform_af_015,1,Random Forest,0.993206060562279,1
mimic_perform_af_015,1,Random Forest,0.9998727272289456,1
mimic_perform_af_015,1,Random Forest,0.9846600490570216,1
mimic_perform_af_015,1,Random Forest,0.9735836745970015,1
mimic_perform_af_015,1,Random Forest,0.9980245603027591,1
mimic_perform_af_015,1,Random Forest,0.9974484814474512,1
mimic_perform_af_015,1,Random Forest,0.998178711517782,1
mimic_perform_af_015,1,Random Forest,0.9955642175230355,1
mimic_perform_af_015,1,Random Forest,0.9863028955643665,1
mimic_perform_af_015,1,Random Forest,0.9829909002673499,1
mimic_perform_af_015,1,Random Forest,0.9998730698516186,1
mimic_perform_af_015,1,Random Forest,0.9990123250118164,1
mimic_perform_af_015,1,Random Forest,0.9979732837350435,1
mimic_perform_af_015,1,Random Forest,0.9963231753809687,1
mimic_perform_af_015,1,Random Forest,0.9909198278443627,1
mimic_perform_af_015,1,Random Forest,0.9973348070869281,1
mimic_perform_af_015,1,Random Forest,0.996527201951798,1
mimic_perform_af_015,1,Random Forest,0.9999076312429073,1
mimic_perform_af_015,1,Random Forest,0.99547351281342,1
mimic_perform_af_015,1,Random Forest,0.9896505287138431,1
mimic_perform_af_015,1,Random Forest,0.9176733573738676,1
mimic_perform_af_015,1,Random Forest,0.9550180492111426,1
mimic_perform_af_015,1,Random Forest,0.9953637162699027,1
mimic_perform_af_015,1,Random Forest,0.9848805940585285,1
mimic_perform_af_015,1,Random Forest,0.9849792445993029,1
mimic_perform_af_015,1,Random Forest,0.9979156185571334,1
mimic_perform_af_015,1,Random Forest,0.9994934795637821,1
mimic_perform_af_015,1,Random Forest,0.9767004993211873,1
mimic_perform_af_015,1,Random Forest,0.9906251845303112,1
mimic_perform_af_015,1,Random Forest,0.9775975809855305,1
mimic_perform_af_015,1,Random Forest,0.9998428318627276,1
mimic_perform_af_015,1,Random Forest,0.9984583285702736,1
mimic_perform_af_015,1,Random Forest,0.9995959182824805,1
mimic_perform_af_015,1,Random Forest,0.942854803425202,1
mimic_perform_af_015,1,Random Forest,0.9998082704714388,1
mimic_perform_af_015,1,Random Forest,0.9865351355346269,1
mimic_perform_af_015,1,Random Forest,0.9984094539580077,1
mimic_perform_af_015,1,Random Forest,0.9981411169076521,1
mimic_perform_af_015,1,Random Forest,0.9954625540743947,1
mimic_perform_af_015,1,Random Forest,0.9731719068350752,1
mimic_perform_af_015,1,Random Forest,0.7932886744153579,1
mimic_perform_af_015,1,Random Forest,0.1266892502258356,0
mimic_perform_af_015,1,Random Forest,0.273252091370693,0
mimic_perform_af_015,1,Random Forest,0.8533804071245913,1
mimic_perform_af_015,1,Random Forest,0.9746943580758589,1
mimic_perform_af_015,1,Random Forest,0.9848143376405684,1
mimic_perform_af_015,1,Random Forest,0.999424211578871,1
mimic_perform_af_015,1,Random Forest,0.999424211578871,1
mimic_perform_af_015,1,Random Forest,0.999475493630153,1
mimic_perform_af_015,1,Random Forest,0.9999076312429073,1
mimic_perform_af_015,1,Random Forest,0.9793435208844699,1
mimic_perform_af_015,1,Random Forest,0.9841734212149309,1
mimic_perform_af_015,1,Random Forest,0.9917108158259219,1
mimic_perform_af_016,1,Random Forest,0.9932650207310504,1
mimic_perform_af_016,1,Random Forest,0.9932650207310504,1
mimic_perform_af_016,1,Random Forest,0.9932542448689816,1
mimic_perform_af_016,1,Random Forest,0.9999209115356482,1
mimic_perform_af_016,1,Random Forest,0.9999209115356482,1
mimic_perform_af_016,1,Random Forest,0.9999209115356482,1
mimic_perform_af_016,1,Random Forest,0.993302297537108,1
mimic_perform_af_016,1,Random Forest,0.9999689642037747,1
mimic_perform_af_016,1,Random Forest,0.9999689642037747,1
mimic_perform_af_016,1,Random Forest,0.9998988364804605,1
mimic_perform_af_016,1,Random Forest,0.9999209115356482,1
mimic_perform_af_016,1,Random Forest,0.9999209115356482,1
mimic_perform_af_016,1,Random Forest,0.9999209115356482,1
mimic_perform_af_016,1,Random Forest,0.9757867269664248,1
mimic_perform_af_016,1,Random Forest,0.8233762992126501,1
mimic_perform_af_016,1,Random Forest,0.0196,0
mimic_perform_af_016,1,Random Forest,0.02,0
mimic_perform_af_016,1,Random Forest,0.02,0
mimic_perform_af_016,1,Random Forest,0.5556108822066931,1
mimic_perform_af_016,1,Random Forest,0.8295632253144892,1
mimic_perform_af_016,1,Random Forest,0.9999572955923395,1
mimic_perform_af_016,1,Random Forest,0.9593455060938444,1
mimic_perform_af_016,1,Random Forest,0.9865779960619518,1
mimic_perform_af_016,1,Random Forest,0.9999689642037747,1
mimic_perform_af_016,1,Random Forest,0.9999209115356482,1
mimic_perform_af_016,1,Random Forest,0.9999209115356482,1
mimic_perform_af_016,1,Random Forest,0.9999209115356482,1
mimic_perform_af_016,1,Random Forest,0.9999209115356482,1
mimic_perform_af_016,1,Random Forest,0.9532997451771994,1
mimic_perform_af_016,1,Random Forest,0.8399955937431152,1
mimic_perform_af_016,1,Random Forest,0.5866622604097819,1
mimic_perform_af_016,1,Random Forest,0.9932142048289415,1
mimic_perform_af_016,1,Random Forest,0.9999209115356482,1
mimic_perform_af_016,1,Random Forest,0.9999209115356482,1
mimic_perform_af_016,1,Random Forest,0.9999209115356482,1
mimic_perform_af_016,1,Random Forest,0.9999209115356482,1
mimic_perform_af_016,1,Random Forest,0.9599771877059351,1
mimic_perform_af_016,1,Random Forest,0.9999316873977172,1
mimic_perform_af_016,1,Random Forest,0.9999316873977172,1
mimic_perform_af_016,1,Random Forest,0.9999689642037747,1
mimic_perform_af_016,1,Random Forest,0.9466065775665443,1
mimic_perform_af_016,1,Random Forest,0.9865958017044754,1
mimic_perform_af_016,1,Random Forest,0.9999316873977172,1
mimic_perform_af_016,1,Random Forest,0.9985651671783906,1
mimic_perform_af_016,1,Random Forest,0.9920248880432518,1
mimic_perform_af_016,1,Random Forest,0.9976897868146385,1
mimic_perform_af_016,1,Random Forest,0.9998808714956082,1
mimic_perform_af_016,1,Random Forest,0.9998916473576772,1
mimic_perform_af_016,1,Random Forest,0.9999209115356482,1
mimic_perform_af_016,1,Random Forest,0.993302297537108,1
mimic_perform_af_016,1,Random Forest,0.9999316873977172,1
mimic_perform_af_016,1,Random Forest,0.993302297537108,1
mimic_perform_af_016,1,Random Forest,0.9332615870091084,1
mimic_perform_af_016,1,Random Forest,0.9399297354324654,1
mimic_perform_af_016,1,Random Forest,0.9733105210392684,1
mimic_perform_af_016,1,Random Forest,0.993302297537108,1
mimic_perform_af_016,1,Random Forest,0.9733251838610264,1
mimic_perform_af_016,1,Random Forest,0.993302297537108,1
mimic_perform_af_016,1,Random Forest,0.9999689642037747,1
mimic_perform_af_016,1,Random Forest,0.9999209115356482,1
mimic_perform_af_016,1,Random Forest,0.9999209115356482,1
mimic_perform_af_016,1,Random Forest,0.9999209115356482,1
mimic_perform_af_016,1,Random Forest,0.993302297537108,1
mimic_perform_af_016,1,Random Forest,0.9999572955923395,1
mimic_perform_af_016,1,Random Forest,0.993302297537108,1
mimic_perform_af_016,1,Random Forest,0.9999689642037747,1
mimic_perform_af_016,1,Random Forest,0.9999689642037747,1
mimic_perform_af_016,1,Random Forest,0.9999689642037747,1
mimic_perform_af_016,1,Random Forest,0.9999689642037747,1
mimic_perform_af_016,1,Random Forest,0.9999689642037747,1
mimic_perform_af_016,1,Random Forest,0.9999689642037747,1
mimic_perform_af_016,1,Random Forest,0.9999316873977172,1
mimic_perform_af_016,1,Random Forest,0.9998916473576772,1
mimic_perform_af_016,1,Random Forest,0.9999316873977172,1
mimic_perform_af_016,1,Random Forest,0.9999209115356482,1
mimic_perform_af_016,1,Random Forest,0.9998587964404206,1
mimic_perform_af_016,1,Random Forest,0.9999209115356482,1
mimic_perform_af_016,1,Random Forest,0.9999209115356482,1
mimic_perform_af_016,1,Random Forest,0.9999209115356482,1
mimic_perform_af_016,1,Random Forest,0.9999209115356482,1
mimic_perform_af_016,1,Random Forest,0.9999209115356482,1
mimic_perform_af_016,1,Random Forest,0.9999209115356482,1
mimic_perform_af_016,1,Random Forest,0.9999209115356482,1
mimic_perform_af_016,1,Random Forest,0.9666330785105327,1
mimic_perform_af_016,1,Random Forest,0.8799664118438659,1
mimic_perform_af_016,1,Random Forest,0.9999689642037747,1
mimic_perform_af_016,1,Random Forest,0.9999209115356482,1
mimic_perform_af_016,1,Random Forest,0.9863633694390567,1
mimic_perform_af_016,1,Random Forest,0.9999689642037747,1
mimic_perform_af_016,1,Random Forest,0.9799113293952852,1
mimic_perform_af_016,1,Random Forest,0.9373997229193032,1
mimic_perform_af_016,1,Random Forest,0.8111426240640595,1
mimic_perform_af_016,1,Random Forest,0.9601242486421717,1
mimic_perform_af_016,1,Random Forest,0.9287488674171459,1
mimic_perform_af_016,1,Random Forest,0.9907040911938693,1
mimic_perform_af_016,1,Random Forest,0.9975835212176725,1
mimic_perform_af_016,1,Random Forest,0.9998992665140031,1
mimic_perform_af_016,1,Random Forest,0.9999209115356482,1
mimic_perform_af_016,1,Random Forest,0.9996190827436633,1
mimic_perform_af_016,1,Random Forest,0.9767549322540173,1
mimic_perform_af_016,1,Random Forest,0.8932581611722551,1
mimic_perform_af_016,1,Random Forest,0.9360966535532081,1
mimic_perform_af_016,1,Random Forest,0.9810934051593432,1
mimic_perform_af_016,1,Random Forest,0.9999209115356482,1
mimic_perform_af_016,1,Random Forest,0.9999209115356482,1
mimic_perform_af_016,1,Random Forest,0.9999209115356482,1
mimic_perform_af_016,1,Random Forest,0.9999209115356482,1
mimic_perform_af_016,1,Random Forest,0.9999209115356482,1
mimic_perform_af_016,1,Random Forest,0.9681867185062343,1
mimic_perform_af_016,1,Random Forest,0.9977831126613773,1
mimic_perform_af_016,1,Random Forest,0.9858203290876575,1
mimic_perform_af_016,1,Random Forest,0.9999209115356482,1
mimic_perform_af_016,1,Random Forest,0.9999209115356482,1
mimic_perform_af_016,1,Random Forest,0.9999209115356482,1
mimic_perform_af_016,1,Random Forest,0.9999209115356482,1
mimic_perform_af_016,1,Random Forest,0.9999209115356482,1
mimic_perform_af_016,1,Random Forest,0.9999209115356482,1
mimic_perform_af_016,1,Random Forest,0.9999209115356482,1
mimic_perform_af_017,1,Random Forest,0.9998949509520825,1
mimic_perform_af_017,1,Random Forest,0.9998010588918363,1
mimic_perform_af_017,1,Random Forest,0.9996109337729816,1
mimic_perform_af_017,1,Random Forest,0.9244698955955554,1
mimic_perform_af_017,1,Random Forest,0.977600000690778,1
mimic_perform_af_017,1,Random Forest,0.9793710954285086,1
mimic_perform_af_017,1,Random Forest,0.9323518338808119,1
mimic_perform_af_017,1,Random Forest,0.985811274102929,1
mimic_perform_af_017,1,Random Forest,0.9597993973381805,1
mimic_perform_af_017,1,Random Forest,0.9991036970194852,1
mimic_perform_af_017,1,Random Forest,0.9931657885227533,1
mimic_perform_af_017,1,Random Forest,0.9998949509520825,1
mimic_perform_af_017,1,Random Forest,0.9995462538206861,1
mimic_perform_af_017,1,Random Forest,0.9969342818216986,1
mimic_perform_af_017,1,Random Forest,0.9992369546027415,1
mimic_perform_af_017,1,Random Forest,0.9999161149732466,1
mimic_perform_af_017,1,Random Forest,0.9998880107449755,1
mimic_perform_af_017,1,Random Forest,0.9997213440783089,1
mimic_perform_af_017,1,Random Forest,0.9999491728244863,1
mimic_perform_af_017,1,Random Forest,0.9999262633170406,1
mimic_perform_af_017,1,Random Forest,0.9999161149732466,1
mimic_perform_af_017,1,Random Forest,0.9999161149732466,1
mimic_perform_af_017,1,Random Forest,0.9999491728244863,1
mimic_perform_af_017,1,Random Forest,0.9998880107449755,1
mimic_perform_af_017,1,Random Forest,0.9977675542067741,1
mimic_perform_af_017,1,Random Forest,0.9893028396455847,1
mimic_perform_af_017,1,Random Forest,0.9998537973005394,1
mimic_perform_af_017,1,Random Forest,0.9932613421366557,1
mimic_perform_af_017,1,Random Forest,0.9999161149732466,1
mimic_perform_af_017,1,Random Forest,0.9999491728244863,1
mimic_perform_af_017,1,Random Forest,0.9787136229958855,1
mimic_perform_af_017,1,Random Forest,0.9996216635386452,1
mimic_perform_af_017,1,Random Forest,0.9983213880565514,1
mimic_perform_af_017,1,Random Forest,0.9999491728244863,1
mimic_perform_af_017,1,Random Forest,0.9998880107449755,1
mimic_perform_af_017,1,Random Forest,0.9930915770199704,1
mimic_perform_af_017,1,Random Forest,0.9931343922251697,1
mimic_perform_af_017,1,Random Forest,0.9990176759654673,1
mimic_perform_af_017,1,Random Forest,0.9927077830140046,1
mimic_perform_af_017,1,Random Forest,0.9980302043973837,1
mimic_perform_af_017,1,Random Forest,0.9992158824194287,1
mimic_perform_af_017,1,Random Forest,0.9995474953442767,1
mimic_perform_af_017,1,Random Forest,0.9999491728244863,1
mimic_perform_af_017,1,Random Forest,0.9999491728244863,1
mimic_perform_af_017,1,Random Forest,0.9999491728244863,1
mimic_perform_af_017,1,Random Forest,0.9998707077614851,1
mimic_perform_af_017,1,Random Forest,0.9998189939630182,1
mimic_perform_af_017,1,Random Forest,0.9995767636369596,1
mimic_perform_af_017,1,Random Forest,0.9930173230159013,1
mimic_perform_af_017,1,Random Forest,0.9999161149732466,1
mimic_perform_af_017,1,Random Forest,0.9998949509520825,1
mimic_perform_af_017,1,Random Forest,0.9998949509520825,1
mimic_perform_af_017,1,Random Forest,0.9998880107449755,1
mimic_perform_af_017,1,Random Forest,0.9998643030573638,1
mimic_perform_af_017,1,Random Forest,0.9999161149732466,1
mimic_perform_af_017,1,Random Forest,0.9999491728244863,1
mimic_perform_af_017,1,Random Forest,0.9999161149732466,1
mimic_perform_af_017,1,Random Forest,0.9731013343739301,1
mimic_perform_af_017,1,Random Forest,0.9998376499102456,1
mimic_perform_af_017,1,Random Forest,0.999490286462001,1
mimic_perform_af_017,1,Random Forest,0.9811686027386687,1
mimic_perform_af_017,1,Random Forest,0.9998880107449755,1
mimic_perform_af_017,1,Random Forest,0.9994038837608485,1
mimic_perform_af_017,1,Random Forest,0.9999491728244863,1
mimic_perform_af_017,1,Random Forest,0.9999161149732466,1
mimic_perform_af_017,1,Random Forest,0.9998932054658011,1
mimic_perform_af_017,1,Random Forest,0.9995343599906105,1
mimic_perform_af_017,1,Random Forest,0.9864558317284274,1
mimic_perform_af_017,1,Random Forest,0.9998376499102456,1
mimic_perform_af_017,1,Random Forest,0.9797546345873476,1
mimic_perform_af_017,1,Random Forest,0.9930497958328891,1
mimic_perform_af_017,1,Random Forest,0.986063145001047,1
mimic_perform_af_017,1,Random Forest,0.999854952893736,1
mimic_perform_af_017,1,Random Forest,0.9931327306715139,1
mimic_perform_af_017,1,Random Forest,0.9798222229130003,1
mimic_perform_af_017,1,Random Forest,0.9998707077614851,1
mimic_perform_af_017,1,Random Forest,0.9731555562463337,1
mimic_perform_af_017,1,Random Forest,0.9999262633170406,1
mimic_perform_af_017,1,Random Forest,0.9998707077614851,1
mimic_perform_af_017,1,Random Forest,0.9999161149732466,1
mimic_perform_af_017,1,Random Forest,0.9999491728244863,1
mimic_perform_af_017,1,Random Forest,0.9931657885227533,1
mimic_perform_af_017,1,Random Forest,0.9931657885227533,1
mimic_perform_af_017,1,Random Forest,0.95983245518942,1
mimic_perform_af_017,1,Random Forest,0.992345132420446,1
mimic_perform_af_017,1,Random Forest,0.986488889579667,1
mimic_perform_af_017,1,Random Forest,0.9998707077614851,1
mimic_perform_af_017,1,Random Forest,0.9999491728244863,1
mimic_perform_af_017,1,Random Forest,0.9843809929083185,1
mimic_perform_af_017,1,Random Forest,0.9890618811851065,1
mimic_perform_af_017,1,Random Forest,0.8204731403006055,1
mimic_perform_af_017,1,Random Forest,0.9682489244235474,1
mimic_perform_af_017,1,Random Forest,0.9999280088033223,1
mimic_perform_af_017,1,Random Forest,0.999958522988114,1
mimic_perform_af_017,1,Random Forest,0.9921068261445638,1
mimic_perform_af_017,1,Random Forest,0.999958522988114,1
mimic_perform_af_017,1,Random Forest,0.9597993973381805,1
mimic_perform_af_017,1,Random Forest,0.95983245518942,1
mimic_perform_af_017,1,Random Forest,0.986488889579667,1
mimic_perform_af_017,1,Random Forest,0.9997680010405967,1
mimic_perform_af_017,1,Random Forest,0.9979291783913844,1
mimic_perform_af_017,1,Random Forest,0.9988552642963274,1
mimic_perform_af_017,1,Random Forest,0.999643991624221,1
mimic_perform_af_017,1,Random Forest,0.9998137992421925,1
mimic_perform_af_017,1,Random Forest,0.9745798010317073,1
mimic_perform_af_017,1,Random Forest,0.9931555562463337,1
mimic_perform_af_017,1,Random Forest,0.9909788133800639,1
mimic_perform_af_017,1,Random Forest,0.9722620839324128,1
mimic_perform_af_017,1,Random Forest,0.9922699202638804,1
mimic_perform_af_017,1,Random Forest,0.9986612896995242,1
mimic_perform_af_017,1,Random Forest,0.9969674955949052,1
mimic_perform_af_017,1,Random Forest,0.9919042146837465,1
mimic_perform_af_017,1,Random Forest,0.9999161149732466,1
mimic_perform_af_017,1,Random Forest,0.013333333333333334,0
mimic_perform_af_017,1,Random Forest,0.0,0
mimic_perform_af_017,1,Random Forest,0.0,0
mimic_perform_af_017,1,Random Forest,0.0,0
mimic_perform_af_017,1,Random Forest,0.006666666666666667,0
mimic_perform_af_018,1,Random Forest,0.9992833542452848,1
mimic_perform_af_018,1,Random Forest,0.9777272842184368,1
mimic_perform_af_018,1,Random Forest,0.999511585256134,1
mimic_perform_af_018,1,Random Forest,0.9995573870875215,1
mimic_perform_af_018,1,Random Forest,0.9992833542452848,1
mimic_perform_af_018,1,Random Forest,0.9998212542237763,1
mimic_perform_af_018,1,Random Forest,0.9931545875571097,1
mimic_perform_af_018,1,Random Forest,0.9998212542237763,1
mimic_perform_af_018,1,Random Forest,0.9998212542237763,1
mimic_perform_af_018,1,Random Forest,0.9998212542237763,1
mimic_perform_af_018,1,Random Forest,0.9998212542237763,1
mimic_perform_af_018,1,Random Forest,0.9998212542237763,1
mimic_perform_af_018,1,Random Forest,0.9998212542237763,1
mimic_perform_af_018,1,Random Forest,0.9998212542237763,1
mimic_perform_af_018,1,Random Forest,0.9998212542237763,1
mimic_perform_af_018,1,Random Forest,0.9997017534518945,1
mimic_perform_af_018,1,Random Forest,0.9998212542237763,1
mimic_perform_af_018,1,Random Forest,0.9998212542237763,1
mimic_perform_af_018,1,Random Forest,0.9998212542237763,1
mimic_perform_af_018,1,Random Forest,0.9998212542237763,1
mimic_perform_af_018,1,Random Forest,0.9998212542237763,1
mimic_perform_af_018,1,Random Forest,0.9998212542237763,1
mimic_perform_af_018,1,Random Forest,0.9927782434710881,1
mimic_perform_af_018,1,Random Forest,0.9998212542237763,1
mimic_perform_af_018,1,Random Forest,0.999631086028016,1
mimic_perform_af_018,1,Random Forest,0.9975550542518323,1
mimic_perform_af_018,1,Random Forest,0.9771175380553816,1
mimic_perform_af_018,1,Random Forest,0.9546399480061668,1
mimic_perform_af_018,1,Random Forest,0.989607775738207,1
mimic_perform_af_018,1,Random Forest,0.9923119936040248,1
mimic_perform_af_018,1,Random Forest,0.9994806322266541,1
mimic_perform_af_018,1,Random Forest,0.9998212542237763,1
mimic_perform_af_018,1,Random Forest,0.9998212542237763,1
mimic_perform_af_018,1,Random Forest,0.9998212542237763,1
mimic_perform_af_018,1,Random Forest,0.9998212542237763,1
mimic_perform_af_018,1,Random Forest,0.9998212542237763,1
mimic_perform_af_018,1,Random Forest,0.9997055738912449,1
mimic_perform_af_018,1,Random Forest,0.9998212542237763,1
mimic_perform_af_018,1,Random Forest,0.9998212542237763,1
mimic_perform_af_018,1,Random Forest,0.9998212542237763,1
mimic_perform_af_018,1,Random Forest,0.9998250746631269,1
mimic_perform_af_018,1,Random Forest,0.9998250746631269,1
mimic_perform_af_018,1,Random Forest,0.9998212542237763,1
mimic_perform_af_018,1,Random Forest,0.9998250746631269,1
mimic_perform_af_018,1,Random Forest,0.9998250746631269,1
mimic_perform_af_018,1,Random Forest,0.9998212542237763,1
mimic_perform_af_018,1,Random Forest,0.9998212542237763,1
mimic_perform_af_018,1,Random Forest,0.9998212542237763,1
mimic_perform_af_018,1,Random Forest,0.9997017534518945,1
mimic_perform_af_018,1,Random Forest,0.9999098879595988,1
mimic_perform_af_018,1,Random Forest,0.9998212542237763,1
mimic_perform_af_018,1,Random Forest,0.9998212542237763,1
mimic_perform_af_018,1,Random Forest,0.9998212542237763,1
mimic_perform_af_018,1,Random Forest,0.9998212542237763,1
mimic_perform_af_018,1,Random Forest,0.9997017534518945,1
mimic_perform_af_018,1,Random Forest,0.9998212542237763,1
mimic_perform_af_018,1,Random Forest,0.9998212542237763,1
mimic_perform_af_018,1,Random Forest,0.9998212542237763,1
mimic_perform_af_018,1,Random Forest,0.9998212542237763,1
mimic_perform_af_018,1,Random Forest,0.9985446155480098,1
mimic_perform_af_018,1,Random Forest,0.9869418327499888,1
mimic_perform_af_018,1,Random Forest,0.942199941620366,1
mimic_perform_af_018,1,Random Forest,0.9634522905300514,1
mimic_perform_af_018,1,Random Forest,0.9990863340935581,1
mimic_perform_af_018,1,Random Forest,0.9997017534518945,1
mimic_perform_af_018,1,Random Forest,0.9998212542237763,1
mimic_perform_af_018,1,Random Forest,0.9997017534518945,1
mimic_perform_af_018,1,Random Forest,0.999635615885757,1
mimic_perform_af_018,1,Random Forest,0.9998212542237763,1
mimic_perform_af_018,1,Random Forest,0.9998212542237763,1
mimic_perform_af_018,1,Random Forest,0.9998212542237763,1
mimic_perform_af_018,1,Random Forest,0.9998212542237763,1
mimic_perform_af_018,1,Random Forest,0.9997017534518945,1
mimic_perform_af_018,1,Random Forest,0.9931545875571097,1
mimic_perform_af_018,1,Random Forest,0.9967823391737625,1
mimic_perform_af_018,1,Random Forest,0.9991699601246644,1
mimic_perform_af_018,1,Random Forest,0.9998212542237763,1
mimic_perform_af_018,1,Random Forest,0.9998212542237763,1
mimic_perform_af_018,1,Random Forest,0.9998212542237763,1
mimic_perform_af_018,1,Random Forest,0.9998212542237763,1
mimic_perform_af_018,1,Random Forest,0.9998212542237763,1
mimic_perform_af_018,1,Random Forest,0.9998212542237763,1
mimic_perform_af_018,1,Random Forest,0.9998212542237763,1
mimic_perform_af_018,1,Random Forest,0.9998212542237763,1
mimic_perform_af_018,1,Random Forest,0.9927116736332764,1
mimic_perform_af_018,1,Random Forest,0.9928967790573657,1
mimic_perform_af_018,1,Random Forest,0.9998212542237763,1
mimic_perform_af_018,1,Random Forest,0.9997017534518945,1
mimic_perform_af_018,1,Random Forest,0.9998212542237763,1
mimic_perform_af_018,1,Random Forest,0.9997885744852143,1
mimic_perform_af_018,1,Random Forest,0.999747555283282,1
mimic_perform_af_018,1,Random Forest,0.9998212542237763,1
mimic_perform_af_018,1,Random Forest,0.9997437348439314,1
mimic_perform_af_018,1,Random Forest,0.9998212542237763,1
mimic_perform_af_018,1,Random Forest,0.9998212542237763,1
mimic_perform_af_018,1,Random Forest,0.9998291531179312,1
mimic_perform_af_018,1,Random Forest,0.9998212542237763,1
mimic_perform_af_018,1,Random Forest,0.9997589370969892,1
mimic_perform_af_018,1,Random Forest,0.9997551166576388,1
mimic_perform_af_018,1,Random Forest,0.9998212542237763,1
mimic_perform_af_018,1,Random Forest,0.9998291531179312,1
mimic_perform_af_018,1,Random Forest,0.9998212542237763,1
mimic_perform_af_018,1,Random Forest,0.9998212542237763,1
mimic_perform_af_018,1,Random Forest,0.9997017534518945,1
mimic_perform_af_018,1,Random Forest,0.9998212542237763,1
mimic_perform_af_018,1,Random Forest,0.9998212542237763,1
mimic_perform_af_018,1,Random Forest,0.9998212542237763,1
mimic_perform_af_018,1,Random Forest,0.9998212542237763,1
mimic_perform_af_018,1,Random Forest,0.9998212542237763,1
mimic_perform_af_018,1,Random Forest,0.9998212542237763,1
mimic_perform_af_018,1,Random Forest,0.9998212542237763,1
mimic_perform_af_018,1,Random Forest,0.9998212542237763,1
mimic_perform_af_018,1,Random Forest,0.9998212542237763,1
mimic_perform_af_018,1,Random Forest,0.9998212542237763,1
mimic_perform_af_018,1,Random Forest,0.9998212542237763,1
mimic_perform_af_018,1,Random Forest,0.9997017534518945,1
mimic_perform_af_018,1,Random Forest,0.9998212542237763,1
mimic_perform_af_018,1,Random Forest,0.9998212542237763,1
mimic_perform_af_019,1,Random Forest,0.9967598918723485,1
mimic_perform_af_019,1,Random Forest,0.991021046848921,1
mimic_perform_af_019,1,Random Forest,0.9917465165886215,1
mimic_perform_af_019,1,Random Forest,0.9998910107003949,1
mimic_perform_af_019,1,Random Forest,0.9998910107003949,1
mimic_perform_af_019,1,Random Forest,0.9998910107003949,1
mimic_perform_af_019,1,Random Forest,0.9998910107003949,1
mimic_perform_af_019,1,Random Forest,0.9998910107003949,1
mimic_perform_af_019,1,Random Forest,0.9998910107003949,1
mimic_perform_af_019,1,Random Forest,0.9998910107003949,1
mimic_perform_af_019,1,Random Forest,0.9998910107003949,1
mimic_perform_af_019,1,Random Forest,0.9998910107003949,1
mimic_perform_af_019,1,Random Forest,0.9998910107003949,1
mimic_perform_af_019,1,Random Forest,0.9925557420338045,1
mimic_perform_af_019,1,Random Forest,0.9998910107003949,1
mimic_perform_af_019,1,Random Forest,0.9997944593117086,1
mimic_perform_af_019,1,Random Forest,0.9998910107003949,1
mimic_perform_af_019,1,Random Forest,0.9997685082028924,1
mimic_perform_af_019,1,Random Forest,0.9997685082028924,1
mimic_perform_af_019,1,Random Forest,0.9997685082028924,1
mimic_perform_af_019,1,Random Forest,0.9997685082028924,1
mimic_perform_af_019,1,Random Forest,0.9997724646816263,1
mimic_perform_af_019,1,Random Forest,0.9997685082028924,1
mimic_perform_af_019,1,Random Forest,0.9997685082028924,1
mimic_perform_af_019,1,Random Forest,0.9997685082028924,1
mimic_perform_af_019,1,Random Forest,0.9998910107003949,1
mimic_perform_af_019,1,Random Forest,0.9998910107003949,1
mimic_perform_af_019,1,Random Forest,0.9998910107003949,1
mimic_perform_af_019,1,Random Forest,0.9622474832101858,1
mimic_perform_af_019,1,Random Forest,0.9327035118618484,1
mimic_perform_af_019,1,Random Forest,0.9836728850413512,1
mimic_perform_af_019,1,Random Forest,0.9998910107003949,1
mimic_perform_af_019,1,Random Forest,0.9997175362347854,1
mimic_perform_af_019,1,Random Forest,0.9838752801449175,1
mimic_perform_af_019,1,Random Forest,0.9700211353122871,1
mimic_perform_af_019,1,Random Forest,0.9822151689210286,1
mimic_perform_af_019,1,Random Forest,0.9776184944153272,1
mimic_perform_af_019,1,Random Forest,0.9832939267916792,1
mimic_perform_af_019,1,Random Forest,0.9981714492552768,1
mimic_perform_af_019,1,Random Forest,0.9997685082028924,1
mimic_perform_af_019,1,Random Forest,0.9998910107003949,1
mimic_perform_af_019,1,Random Forest,0.999824076296111,1
mimic_perform_af_019,1,Random Forest,0.9953396470369834,1
mimic_perform_af_019,1,Random Forest,0.9336799841085004,1
mimic_perform_af_019,1,Random Forest,0.9671225412588118,1
mimic_perform_af_019,1,Random Forest,0.9737988586568161,1
mimic_perform_af_019,1,Random Forest,0.9998910107003949,1
mimic_perform_af_019,1,Random Forest,0.9998910107003949,1
mimic_perform_af_019,1,Random Forest,0.9997685082028924,1
mimic_perform_af_019,1,Random Forest,0.9998910107003949,1
mimic_perform_af_019,1,Random Forest,0.9998910107003949,1
mimic_perform_af_019,1,Random Forest,0.9998910107003949,1
mimic_perform_af_019,1,Random Forest,0.9998140876234718,1
mimic_perform_af_019,1,Random Forest,0.9998140876234718,1
mimic_perform_af_019,1,Random Forest,0.9998910107003949,1
mimic_perform_af_019,1,Random Forest,0.9997685082028924,1
mimic_perform_af_019,1,Random Forest,0.9997685082028924,1
mimic_perform_af_019,1,Random Forest,0.9998140876234718,1
mimic_perform_af_019,1,Random Forest,0.9998140876234718,1
mimic_perform_af_019,1,Random Forest,0.9998910107003949,1
mimic_perform_af_019,1,Random Forest,0.9879924584176754,1
mimic_perform_af_019,1,Random Forest,0.9845474344404979,1
mimic_perform_af_019,1,Random Forest,0.99060382542404,1
mimic_perform_af_019,1,Random Forest,0.9998910107003949,1
mimic_perform_af_019,1,Random Forest,0.9996915851259693,1
mimic_perform_af_019,1,Random Forest,0.9998910107003949,1
mimic_perform_af_019,1,Random Forest,0.9998910107003949,1
mimic_perform_af_019,1,Random Forest,0.9998910107003949,1
mimic_perform_af_019,1,Random Forest,0.9998910107003949,1
mimic_perform_af_019,1,Random Forest,0.9998910107003949,1
mimic_perform_af_019,1,Random Forest,0.9998910107003949,1
mimic_perform_af_019,1,Random Forest,0.9966188409988758,1
mimic_perform_af_019,1,Random Forest,0.9585534200225868,1
mimic_perform_af_019,1,Random Forest,0.9664838485537526,1
mimic_perform_af_019,1,Random Forest,0.9997685082028924,1
mimic_perform_af_019,1,Random Forest,0.9997685082028924,1
mimic_perform_af_019,1,Random Forest,0.9992635032430224,1
mimic_perform_af_019,1,Random Forest,0.9997685082028924,1
mimic_perform_af_019,1,Random Forest,0.9998910107003949,1
mimic_perform_af_019,1,Random Forest,0.9998910107003949,1
mimic_perform_af_019,1,Random Forest,0.9998910107003949,1
mimic_perform_af_019,1,Random Forest,0.9998910107003949,1
mimic_perform_af_019,1,Random Forest,0.9998910107003949,1
mimic_perform_af_019,1,Random Forest,0.9998910107003949,1
mimic_perform_af_019,1,Random Forest,0.9998140876234718,1
mimic_perform_af_019,1,Random Forest,0.9996915851259693,1
mimic_perform_af_019,1,Random Forest,0.9998910107003949,1
mimic_perform_af_019,1,Random Forest,0.9997685082028924,1
mimic_perform_af_019,1,Random Forest,0.9997685082028924,1
mimic_perform_af_019,1,Random Forest,0.9998910107003949,1
mimic_perform_af_019,1,Random Forest,0.9998693656787497,1
mimic_perform_af_019,1,Random Forest,0.9988674553980722,1
mimic_perform_af_019,1,Random Forest,0.9950236070926063,1
mimic_perform_af_019,1,Random Forest,0.9998910107003949,1
mimic_perform_af_019,1,Random Forest,0.9998566464392266,1
mimic_perform_af_019,1,Random Forest,0.9998726720802521,1
mimic_perform_af_019,1,Random Forest,0.9998910107003949,1
mimic_perform_af_019,1,Random Forest,0.8947508323820315,1
mimic_perform_af_019,1,Random Forest,0.9864753623841841,1
mimic_perform_af_019,1,Random Forest,0.9219650352498893,1
mimic_perform_af_019,1,Random Forest,0.985034408478296,1
mimic_perform_af_019,1,Random Forest,0.9507154678963214,1
mimic_perform_af_019,1,Random Forest,0.9998910107003949,1
mimic_perform_af_019,1,Random Forest,0.9998910107003949,1
mimic_perform_af_019,1,Random Forest,0.9998910107003949,1
mimic_perform_af_019,1,Random Forest,0.9973810979979123,1
mimic_perform_af_019,1,Random Forest,0.9993506959136206,1
mimic_perform_af_019,1,Random Forest,0.9998910107003949,1
mimic_perform_af_019,1,Random Forest,0.9998910107003949,1
mimic_perform_af_019,1,Random Forest,0.9997944593117086,1
mimic_perform_af_019,1,Random Forest,0.9998693656787497,1
mimic_perform_af_019,1,Random Forest,0.9997685082028924,1
mimic_perform_af_019,1,Random Forest,0.9843981121610125,1
mimic_perform_af_019,1,Random Forest,0.9713854501543953,1
mimic_perform_af_019,1,Random Forest,0.9858605424095024,1
mimic_perform_af_019,1,Random Forest,0.9998910107003949,1
mimic_perform_af_019,1,Random Forest,0.9997685082028924,1
mimic_perform_af_019,1,Random Forest,0.9997685082028924,1
mimic_perform_non_af_001,0,Random Forest,0.0,0
mimic_perform_non_af_001,0,Random Forest,0.0,0
mimic_perform_non_af_001,0,Random Forest,0.0,0
mimic_perform_non_af_001,0,Random Forest,0.0,0
mimic_perform_non_af_001,0,Random Forest,0.0,0
mimic_perform_non_af_001,0,Random Forest,0.01,0
mimic_perform_non_af_001,0,Random Forest,0.0,0
mimic_perform_non_af_001,0,Random Forest,0.0,0
mimic_perform_non_af_001,0,Random Forest,0.0,0
mimic_perform_non_af_001,0,Random Forest,0.01,0
mimic_perform_non_af_001,0,Random Forest,0.0,0
mimic_perform_non_af_001,0,Random Forest,0.0,0
mimic_perform_non_af_001,0,Random Forest,0.19,0
mimic_perform_non_af_001,0,Random Forest,0.0,0
mimic_perform_non_af_001,0,Random Forest,0.0,0
mimic_perform_non_af_001,0,Random Forest,0.01,0
mimic_perform_non_af_001,0,Random Forest,0.01,0
mimic_perform_non_af_001,0,Random Forest,0.0,0
mimic_perform_non_af_001,0,Random Forest,0.0,0
mimic_perform_non_af_001,0,Random Forest,0.0,0
mimic_perform_non_af_001,0,Random Forest,0.01,0
mimic_perform_non_af_001,0,Random Forest,0.01,0
mimic_perform_non_af_001,0,Random Forest,0.01,0
mimic_perform_non_af_001,0,Random Forest,0.0,0
mimic_perform_non_af_001,0,Random Forest,0.0,0
mimic_perform_non_af_001,0,Random Forest,0.0,0
mimic_perform_non_af_001,0,Random Forest,0.0,0
mimic_perform_non_af_001,0,Random Forest,0.01,0
mimic_perform_non_af_001,0,Random Forest,0.0,0
mimic_perform_non_af_001,0,Random Forest,0.0,0
mimic_perform_non_af_001,0,Random Forest,0.0,0
mimic_perform_non_af_001,0,Random Forest,0.0,0
mimic_perform_non_af_001,0,Random Forest,0.0,0
mimic_perform_non_af_001,0,Random Forest,0.0,0
mimic_perform_non_af_001,0,Random Forest,0.0,0
mimic_perform_non_af_001,0,Random Forest,0.07,0
mimic_perform_non_af_001,0,Random Forest,0.25,0
mimic_perform_non_af_001,0,Random Forest,0.45,0
mimic_perform_non_af_001,0,Random Forest,0.39,0
mimic_perform_non_af_001,0,Random Forest,0.1,0
mimic_perform_non_af_001,0,Random Forest,0.19,0
mimic_perform_non_af_001,0,Random Forest,0.03,0
mimic_perform_non_af_001,0,Random Forest,0.02,0
mimic_perform_non_af_001,0,Random Forest,0.0,0
mimic_perform_non_af_001,0,Random Forest,0.0,0
mimic_perform_non_af_001,0,Random Forest,0.0,0
mimic_perform_non_af_001,0,Random Forest,0.01,0
mimic_perform_non_af_001,0,Random Forest,0.01,0
mimic_perform_non_af_001,0,Random Forest,0.0,0
mimic_perform_non_af_001,0,Random Forest,0.0,0
mimic_perform_non_af_001,0,Random Forest,0.02,0
mimic_perform_non_af_001,0,Random Forest,0.0,0
mimic_perform_non_af_001,0,Random Forest,0.0,0
mimic_perform_non_af_001,0,Random Forest,0.01,0
mimic_perform_non_af_001,0,Random Forest,0.0,0
mimic_perform_non_af_001,0,Random Forest,0.0,0
mimic_perform_non_af_001,0,Random Forest,0.0,0
mimic_perform_non_af_001,0,Random Forest,0.0,0
mimic_perform_non_af_001,0,Random Forest,0.0,0
mimic_perform_non_af_001,0,Random Forest,0.0,0
mimic_perform_non_af_001,0,Random Forest,0.0,0
mimic_perform_non_af_001,0,Random Forest,0.01,0
mimic_perform_non_af_001,0,Random Forest,0.01,0
mimic_perform_non_af_001,0,Random Forest,0.0,0
mimic_perform_non_af_001,0,Random Forest,0.01,0
mimic_perform_non_af_001,0,Random Forest,0.04,0
mimic_perform_non_af_001,0,Random Forest,0.15,0
mimic_perform_non_af_001,0,Random Forest,0.0,0
mimic_perform_non_af_001,0,Random Forest,0.0,0
mimic_perform_non_af_001,0,Random Forest,0.0,0
mimic_perform_non_af_001,0,Random Forest,0.0,0
mimic_perform_non_af_001,0,Random Forest,0.0,0
mimic_perform_non_af_001,0,Random Forest,0.0,0
mimic_perform_non_af_001,0,Random Forest,0.0,0
mimic_perform_non_af_001,0,Random Forest,0.01,0
mimic_perform_non_af_001,0,Random Forest,0.01,0
mimic_perform_non_af_001,0,Random Forest,0.0,0
mimic_perform_non_af_001,0,Random Forest,0.0,0
mimic_perform_non_af_001,0,Random Forest,0.0,0
mimic_perform_non_af_001,0,Random Forest,0.01,0
mimic_perform_non_af_001,0,Random Forest,0.0,0
mimic_perform_non_af_001,0,Random Forest,0.0,0
mimic_perform_non_af_001,0,Random Forest,0.0,0
mimic_perform_non_af_001,0,Random Forest,0.01,0
mimic_perform_non_af_001,0,Random Forest,0.01,0
mimic_perform_non_af_001,0,Random Forest,0.01,0
mimic_perform_non_af_001,0,Random Forest,0.0,0
mimic_perform_non_af_001,0,Random Forest,0.0,0
mimic_perform_non_af_001,0,Random Forest,0.02,0
mimic_perform_non_af_001,0,Random Forest,0.0,0
mimic_perform_non_af_001,0,Random Forest,0.0,0
mimic_perform_non_af_001,0,Random Forest,0.0,0
mimic_perform_non_af_001,0,Random Forest,0.0,0
mimic_perform_non_af_001,0,Random Forest,0.01,0
mimic_perform_non_af_001,0,Random Forest,0.01,0
mimic_perform_non_af_001,0,Random Forest,0.0,0
mimic_perform_non_af_001,0,Random Forest,0.05,0
mimic_perform_non_af_001,0,Random Forest,0.24952816562349545,0
mimic_perform_non_af_001,0,Random Forest,0.2,0
mimic_perform_non_af_001,0,Random Forest,0.0,0
mimic_perform_non_af_001,0,Random Forest,0.0,0
mimic_perform_non_af_001,0,Random Forest,0.05,0
mimic_perform_non_af_001,0,Random Forest,0.06,0
mimic_perform_non_af_001,0,Random Forest,0.05,0
mimic_perform_non_af_001,0,Random Forest,0.0,0
mimic_perform_non_af_001,0,Random Forest,0.04,0
mimic_perform_non_af_001,0,Random Forest,0.02,0
mimic_perform_non_af_001,0,Random Forest,0.03,0
mimic_perform_non_af_001,0,Random Forest,0.0,0
mimic_perform_non_af_001,0,Random Forest,0.0,0
mimic_perform_non_af_001,0,Random Forest,0.04,0
mimic_perform_non_af_001,0,Random Forest,0.15,0
mimic_perform_non_af_001,0,Random Forest,0.58,1
mimic_perform_non_af_001,0,Random Forest,0.6386596603118293,1
mimic_perform_non_af_001,0,Random Forest,0.7686748238670327,1
mimic_perform_non_af_001,0,Random Forest,0.7071466754510761,1
mimic_perform_non_af_001,0,Random Forest,0.26,0
mimic_perform_non_af_001,0,Random Forest,0.0,0
mimic_perform_non_af_002,0,Random Forest,0.01,0
mimic_perform_non_af_002,0,Random Forest,0.05,0
mimic_perform_non_af_002,0,Random Forest,0.0,0
mimic_perform_non_af_002,0,Random Forest,0.42,0
mimic_perform_non_af_002,0,Random Forest,0.06,0
mimic_perform_non_af_002,0,Random Forest,0.08,0
mimic_perform_non_af_002,0,Random Forest,0.05,0
mimic_perform_non_af_002,0,Random Forest,0.02,0
mimic_perform_non_af_002,0,Random Forest,0.02,0
mimic_perform_non_af_002,0,Random Forest,0.0,0
mimic_perform_non_af_002,0,Random Forest,0.0,0
mimic_perform_non_af_002,0,Random Forest,0.0,0
mimic_perform_non_af_002,0,Random Forest,0.0,0
mimic_perform_non_af_002,0,Random Forest,0.0,0
mimic_perform_non_af_002,0,Random Forest,0.0,0
mimic_perform_non_af_002,0,Random Forest,0.0,0
mimic_perform_non_af_002,0,Random Forest,0.01,0
mimic_perform_non_af_002,0,Random Forest,0.0,0
mimic_perform_non_af_002,0,Random Forest,0.0,0
mimic_perform_non_af_002,0,Random Forest,0.0,0
mimic_perform_non_af_002,0,Random Forest,0.0,0
mimic_perform_non_af_002,0,Random Forest,0.02,0
mimic_perform_non_af_002,0,Random Forest,0.0,0
mimic_perform_non_af_002,0,Random Forest,0.0,0
mimic_perform_non_af_002,0,Random Forest,0.0,0
mimic_perform_non_af_002,0,Random Forest,0.01,0
mimic_perform_non_af_002,0,Random Forest,0.0,0
mimic_perform_non_af_002,0,Random Forest,0.02,0
mimic_perform_non_af_002,0,Random Forest,0.0,0
mimic_perform_non_af_002,0,Random Forest,0.0,0
mimic_perform_non_af_002,0,Random Forest,0.11,0
mimic_perform_non_af_002,0,Random Forest,0.02,0
mimic_perform_non_af_002,0,Random Forest,0.0,0
mimic_perform_non_af_002,0,Random Forest,0.0,0
mimic_perform_non_af_002,0,Random Forest,0.0,0
mimic_perform_non_af_002,0,Random Forest,0.01,0
mimic_perform_non_af_002,0,Random Forest,0.01,0
mimic_perform_non_af_002,0,Random Forest,0.04,0
mimic_perform_non_af_002,0,Random Forest,0.01,0
mimic_perform_non_af_002,0,Random Forest,0.01,0
mimic_perform_non_af_002,0,Random Forest,0.0,0
mimic_perform_non_af_002,0,Random Forest,0.02,0
mimic_perform_non_af_002,0,Random Forest,0.0,0
mimic_perform_non_af_002,0,Random Forest,0.01,0
mimic_perform_non_af_002,0,Random Forest,0.0,0
mimic_perform_non_af_002,0,Random Forest,0.01,0
mimic_perform_non_af_002,0,Random Forest,0.01,0
mimic_perform_non_af_002,0,Random Forest,0.0,0
mimic_perform_non_af_002,0,Random Forest,0.0,0
mimic_perform_non_af_002,0,Random Forest,0.0,0
mimic_perform_non_af_002,0,Random Forest,0.0,0
mimic_perform_non_af_002,0,Random Forest,0.0,0
mimic_perform_non_af_002,0,Random Forest,0.01,0
mimic_perform_non_af_002,0,Random Forest,0.0,0
mimic_perform_non_af_002,0,Random Forest,0.01,0
mimic_perform_non_af_002,0,Random Forest,0.0,0
mimic_perform_non_af_002,0,Random Forest,0.03,0
mimic_perform_non_af_002,0,Random Forest,0.02,0
mimic_perform_non_af_002,0,Random Forest,0.0,0
mimic_perform_non_af_002,0,Random Forest,0.0,0
mimic_perform_non_af_002,0,Random Forest,0.0,0
mimic_perform_non_af_002,0,Random Forest,0.0,0
mimic_perform_non_af_002,0,Random Forest,0.0,0
mimic_perform_non_af_002,0,Random Forest,0.0,0
mimic_perform_non_af_002,0,Random Forest,0.01,0
mimic_perform_non_af_002,0,Random Forest,0.0,0
mimic_perform_non_af_002,0,Random Forest,0.0,0
mimic_perform_non_af_002,0,Random Forest,0.01,0
mimic_perform_non_af_002,0,Random Forest,0.01,0
mimic_perform_non_af_002,0,Random Forest,0.01,0
mimic_perform_non_af_002,0,Random Forest,0.01,0
mimic_perform_non_af_002,0,Random Forest,0.0,0
mimic_perform_non_af_002,0,Random Forest,0.01,0
mimic_perform_non_af_002,0,Random Forest,0.0,0
mimic_perform_non_af_002,0,Random Forest,0.0,0
mimic_perform_non_af_002,0,Random Forest,0.01,0
mimic_perform_non_af_002,0,Random Forest,0.0,0
mimic_perform_non_af_002,0,Random Forest,0.0,0
mimic_perform_non_af_002,0,Random Forest,0.0,0
mimic_perform_non_af_002,0,Random Forest,0.0,0
mimic_perform_non_af_002,0,Random Forest,0.0,0
mimic_perform_non_af_002,0,Random Forest,0.0,0
mimic_perform_non_af_002,0,Random Forest,0.05,0
mimic_perform_non_af_002,0,Random Forest,0.26,0
mimic_perform_non_af_002,0,Random Forest,0.42,0
mimic_perform_non_af_002,0,Random Forest,0.09,0
mimic_perform_non_af_002,0,Random Forest,0.02,0
mimic_perform_non_af_002,0,Random Forest,0.0,0
mimic_perform_non_af_002,0,Random Forest,0.0,0
mimic_perform_non_af_002,0,Random Forest,0.0,0
mimic_perform_non_af_002,0,Random Forest,0.0,0
mimic_perform_non_af_002,0,Random Forest,0.13,0
mimic_perform_non_af_002,0,Random Forest,0.0,0
mimic_perform_non_af_002,0,Random Forest,0.02,0
mimic_perform_non_af_002,0,Random Forest,0.0,0
mimic_perform_non_af_002,0,Random Forest,0.0,0
mimic_perform_non_af_002,0,Random Forest,0.0,0
mimic_perform_non_af_002,0,Random Forest,0.0,0
mimic_perform_non_af_002,0,Random Forest,0.01,0
mimic_perform_non_af_002,0,Random Forest,0.0,0
mimic_perform_non_af_002,0,Random Forest,0.02,0
mimic_perform_non_af_002,0,Random Forest,0.02,0
mimic_perform_non_af_002,0,Random Forest,0.0,0
mimic_perform_non_af_002,0,Random Forest,0.0,0
mimic_perform_non_af_002,0,Random Forest,0.2,0
mimic_perform_non_af_002,0,Random Forest,0.0,0
mimic_perform_non_af_002,0,Random Forest,0.01,0
mimic_perform_non_af_002,0,Random Forest,0.0,0
mimic_perform_non_af_002,0,Random Forest,0.01,0
mimic_perform_non_af_002,0,Random Forest,0.0,0
mimic_perform_non_af_002,0,Random Forest,0.09,0
mimic_perform_non_af_002,0,Random Forest,0.1,0
mimic_perform_non_af_002,0,Random Forest,0.02,0
mimic_perform_non_af_002,0,Random Forest,0.28,0
mimic_perform_non_af_002,0,Random Forest,0.04,0
mimic_perform_non_af_002,0,Random Forest,0.02,0
mimic_perform_non_af_002,0,Random Forest,0.02,0
mimic_perform_non_af_002,0,Random Forest,0.01,0
mimic_perform_non_af_003,0,Random Forest,0.0,0
mimic_perform_non_af_003,0,Random Forest,0.0,0
mimic_perform_non_af_003,0,Random Forest,0.0,0
mimic_perform_non_af_003,0,Random Forest,0.0,0
mimic_perform_non_af_003,0,Random Forest,0.0,0
mimic_perform_non_af_003,0,Random Forest,0.050224719101123604,0
mimic_perform_non_af_003,0,Random Forest,0.030224719101123596,0
mimic_perform_non_af_003,0,Random Forest,0.0002247191011235955,0
mimic_perform_non_af_003,0,Random Forest,0.0,0
mimic_perform_non_af_003,0,Random Forest,0.0,0
mimic_perform_non_af_003,0,Random Forest,0.0,0
mimic_perform_non_af_003,0,Random Forest,0.0,0
mimic_perform_non_af_003,0,Random Forest,0.0,0
mimic_perform_non_af_003,0,Random Forest,0.0,0
mimic_perform_non_af_003,0,Random Forest,0.0,0
mimic_perform_non_af_003,0,Random Forest,0.0,0
mimic_perform_non_af_003,0,Random Forest,0.0,0
mimic_perform_non_af_003,0,Random Forest,0.020224719101123598,0
mimic_perform_non_af_003,0,Random Forest,0.0,0
mimic_perform_non_af_003,0,Random Forest,0.0,0
mimic_perform_non_af_003,0,Random Forest,0.0,0
mimic_perform_non_af_003,0,Random Forest,0.0,0
mimic_perform_non_af_003,0,Random Forest,0.0,0
mimic_perform_non_af_003,0,Random Forest,0.0,0
mimic_perform_non_af_003,0,Random Forest,0.0,0
mimic_perform_non_af_003,0,Random Forest,0.0,0
mimic_perform_non_af_003,0,Random Forest,0.0,0
mimic_perform_non_af_003,0,Random Forest,0.0,0
mimic_perform_non_af_003,0,Random Forest,0.0,0
mimic_perform_non_af_003,0,Random Forest,0.0,0
mimic_perform_non_af_003,0,Random Forest,0.0,0
mimic_perform_non_af_003,0,Random Forest,0.0,0
mimic_perform_non_af_003,0,Random Forest,0.0,0
mimic_perform_non_af_003,0,Random Forest,0.0,0
mimic_perform_non_af_003,0,Random Forest,0.0,0
mimic_perform_non_af_003,0,Random Forest,0.0,0
mimic_perform_non_af_003,0,Random Forest,0.0,0
mimic_perform_non_af_003,0,Random Forest,0.0,0
mimic_perform_non_af_003,0,Random Forest,0.0,0
mimic_perform_non_af_003,0,Random Forest,0.0,0
mimic_perform_non_af_003,0,Random Forest,0.0,0
mimic_perform_non_af_003,0,Random Forest,0.0,0
mimic_perform_non_af_003,0,Random Forest,0.0,0
mimic_perform_non_af_003,0,Random Forest,0.0,0
mimic_perform_non_af_003,0,Random Forest,0.0,0
mimic_perform_non_af_003,0,Random Forest,0.0,0
mimic_perform_non_af_003,0,Random Forest,0.0,0
mimic_perform_non_af_003,0,Random Forest,0.0,0
mimic_perform_non_af_003,0,Random Forest,0.020224719101123598,0
mimic_perform_non_af_003,0,Random Forest,0.030224719101123596,0
mimic_perform_non_af_003,0,Random Forest,0.020224719101123598,0
mimic_perform_non_af_003,0,Random Forest,0.020224719101123598,0
mimic_perform_non_af_003,0,Random Forest,0.03,0
mimic_perform_non_af_003,0,Random Forest,0.0002247191011235955,0
mimic_perform_non_af_003,0,Random Forest,0.0002247191011235955,0
mimic_perform_non_af_003,0,Random Forest,0.01,0
mimic_perform_non_af_003,0,Random Forest,0.0,0
mimic_perform_non_af_003,0,Random Forest,0.0,0
mimic_perform_non_af_003,0,Random Forest,0.0,0
mimic_perform_non_af_003,0,Random Forest,0.0,0
mimic_perform_non_af_003,0,Random Forest,0.0,0
mimic_perform_non_af_003,0,Random Forest,0.01,0
mimic_perform_non_af_003,0,Random Forest,0.0,0
mimic_perform_non_af_003,0,Random Forest,0.0,0
mimic_perform_non_af_003,0,Random Forest,0.0,0
mimic_perform_non_af_003,0,Random Forest,0.0,0
mimic_perform_non_af_003,0,Random Forest,0.011111111111111112,0
mimic_perform_non_af_003,0,Random Forest,0.0,0
mimic_perform_non_af_003,0,Random Forest,0.01,0
mimic_perform_non_af_003,0,Random Forest,0.01,0
mimic_perform_non_af_003,0,Random Forest,0.0,0
mimic_perform_non_af_003,0,Random Forest,0.010224719101123596,0
mimic_perform_non_af_003,0,Random Forest,0.0,0
mimic_perform_non_af_003,0,Random Forest,0.0,0
mimic_perform_non_af_003,0,Random Forest,0.0,0
mimic_perform_non_af_003,0,Random Forest,0.0002247191011235955,0
mimic_perform_non_af_003,0,Random Forest,0.0,0
mimic_perform_non_af_003,0,Random Forest,0.05,0
mimic_perform_non_af_003,0,Random Forest,0.0,0
mimic_perform_non_af_003,0,Random Forest,0.0,0
mimic_perform_non_af_003,0,Random Forest,0.0,0
mimic_perform_non_af_003,0,Random Forest,0.0,0
mimic_perform_non_af_003,0,Random Forest,0.0,0
mimic_perform_non_af_003,0,Random Forest,0.0,0
mimic_perform_non_af_003,0,Random Forest,0.0,0
mimic_perform_non_af_003,0,Random Forest,0.0,0
mimic_perform_non_af_003,0,Random Forest,0.0,0
mimic_perform_non_af_003,0,Random Forest,0.0,0
mimic_perform_non_af_003,0,Random Forest,0.0,0
mimic_perform_non_af_003,0,Random Forest,0.0,0
mimic_perform_non_af_003,0,Random Forest,0.0,0
mimic_perform_non_af_003,0,Random Forest,0.0,0
mimic_perform_non_af_003,0,Random Forest,0.0,0
mimic_perform_non_af_003,0,Random Forest,0.0,0
mimic_perform_non_af_003,0,Random Forest,0.0,0
mimic_perform_non_af_003,0,Random Forest,0.0,0
mimic_perform_non_af_003,0,Random Forest,0.0,0
mimic_perform_non_af_003,0,Random Forest,0.0,0
mimic_perform_non_af_003,0,Random Forest,0.0,0
mimic_perform_non_af_003,0,Random Forest,0.0,0
mimic_perform_non_af_003,0,Random Forest,0.0,0
mimic_perform_non_af_003,0,Random Forest,0.0,0
mimic_perform_non_af_003,0,Random Forest,0.020224719101123598,0
mimic_perform_non_af_003,0,Random Forest,0.0,0
mimic_perform_non_af_003,0,Random Forest,0.0,0
mimic_perform_non_af_003,0,Random Forest,0.0,0
mimic_perform_non_af_003,0,Random Forest,0.0,0
mimic_perform_non_af_003,0,Random Forest,0.0,0
mimic_perform_non_af_003,0,Random Forest,0.0,0
mimic_perform_non_af_003,0,Random Forest,0.0,0
mimic_perform_non_af_003,0,Random Forest,0.0,0
mimic_perform_non_af_003,0,Random Forest,0.0,0
mimic_perform_non_af_003,0,Random Forest,0.0,0
mimic_perform_non_af_003,0,Random Forest,0.0,0
mimic_perform_non_af_003,0,Random Forest,0.0,0
mimic_perform_non_af_003,0,Random Forest,0.0,0
mimic_perform_non_af_003,0,Random Forest,0.0,0
mimic_perform_non_af_003,0,Random Forest,0.0,0
mimic_perform_non_af_004,0,Random Forest,0.04,0
mimic_perform_non_af_004,0,Random Forest,0.04,0
mimic_perform_non_af_004,0,Random Forest,0.03,0
mimic_perform_non_af_004,0,Random Forest,0.050224719101123604,0
mimic_perform_non_af_004,0,Random Forest,0.07022471910112359,0
mimic_perform_non_af_004,0,Random Forest,0.07022471910112359,0
mimic_perform_non_af_004,0,Random Forest,0.04,0
mimic_perform_non_af_004,0,Random Forest,0.03,0
mimic_perform_non_af_004,0,Random Forest,0.03,0
mimic_perform_non_af_004,0,Random Forest,0.03,0
mimic_perform_non_af_004,0,Random Forest,0.03,0
mimic_perform_non_af_004,0,Random Forest,0.03,0
mimic_perform_non_af_004,0,Random Forest,0.03,0
mimic_perform_non_af_004,0,Random Forest,0.04,0
mimic_perform_non_af_004,0,Random Forest,0.06,0
mimic_perform_non_af_004,0,Random Forest,0.06,0
mimic_perform_non_af_004,0,Random Forest,0.05,0
mimic_perform_non_af_004,0,Random Forest,0.03,0
mimic_perform_non_af_004,0,Random Forest,0.03,0
mimic_perform_non_af_004,0,Random Forest,0.03,0
mimic_perform_non_af_004,0,Random Forest,0.03,0
mimic_perform_non_af_004,0,Random Forest,0.03,0
mimic_perform_non_af_004,0,Random Forest,0.03,0
mimic_perform_non_af_004,0,Random Forest,0.03,0
mimic_perform_non_af_004,0,Random Forest,0.03,0
mimic_perform_non_af_004,0,Random Forest,0.03,0
mimic_perform_non_af_004,0,Random Forest,0.06,0
mimic_perform_non_af_004,0,Random Forest,0.13,0
mimic_perform_non_af_004,0,Random Forest,0.050224719101123604,0
mimic_perform_non_af_004,0,Random Forest,0.06,0
mimic_perform_non_af_004,0,Random Forest,0.04,0
mimic_perform_non_af_004,0,Random Forest,0.03,0
mimic_perform_non_af_004,0,Random Forest,0.03,0
mimic_perform_non_af_004,0,Random Forest,0.03,0
mimic_perform_non_af_004,0,Random Forest,0.03,0
mimic_perform_non_af_004,0,Random Forest,0.14,0
mimic_perform_non_af_004,0,Random Forest,0.020454545454545454,0
mimic_perform_non_af_004,0,Random Forest,0.01,0
mimic_perform_non_af_004,0,Random Forest,0.04,0
mimic_perform_non_af_004,0,Random Forest,0.04,0
mimic_perform_non_af_004,0,Random Forest,0.04,0
mimic_perform_non_af_004,0,Random Forest,0.03,0
mimic_perform_non_af_004,0,Random Forest,0.03,0
mimic_perform_non_af_004,0,Random Forest,0.03,0
mimic_perform_non_af_004,0,Random Forest,0.03,0
mimic_perform_non_af_004,0,Random Forest,0.03,0
mimic_perform_non_af_004,0,Random Forest,0.1,0
mimic_perform_non_af_004,0,Random Forest,0.05,0
mimic_perform_non_af_004,0,Random Forest,0.04,0
mimic_perform_non_af_004,0,Random Forest,0.04,0
mimic_perform_non_af_004,0,Random Forest,0.03,0
mimic_perform_non_af_004,0,Random Forest,0.04,0
mimic_perform_non_af_004,0,Random Forest,0.08,0
mimic_perform_non_af_004,0,Random Forest,0.16022471910112357,0
mimic_perform_non_af_004,0,Random Forest,0.17022471910112358,0
mimic_perform_non_af_004,0,Random Forest,0.16,0
mimic_perform_non_af_004,0,Random Forest,0.07,0
mimic_perform_non_af_004,0,Random Forest,0.03,0
mimic_perform_non_af_004,0,Random Forest,0.03,0
mimic_perform_non_af_004,0,Random Forest,0.03,0
mimic_perform_non_af_004,0,Random Forest,0.03,0
mimic_perform_non_af_004,0,Random Forest,0.03,0
mimic_perform_non_af_004,0,Random Forest,0.03,0
mimic_perform_non_af_004,0,Random Forest,0.03,0
mimic_perform_non_af_004,0,Random Forest,0.03,0
mimic_perform_non_af_004,0,Random Forest,0.03,0
mimic_perform_non_af_004,0,Random Forest,0.03,0
mimic_perform_non_af_004,0,Random Forest,0.03,0
mimic_perform_non_af_004,0,Random Forest,0.03,0
mimic_perform_non_af_004,0,Random Forest,0.03,0
mimic_perform_non_af_004,0,Random Forest,0.04,0
mimic_perform_non_af_004,0,Random Forest,0.04,0
mimic_perform_non_af_004,0,Random Forest,0.04,0
mimic_perform_non_af_004,0,Random Forest,0.03,0
mimic_perform_non_af_004,0,Random Forest,0.03,0
mimic_perform_non_af_004,0,Random Forest,0.03,0
mimic_perform_non_af_004,0,Random Forest,0.03,0
mimic_perform_non_af_004,0,Random Forest,0.03,0
mimic_perform_non_af_004,0,Random Forest,0.03,0
mimic_perform_non_af_004,0,Random Forest,0.03,0
mimic_perform_non_af_004,0,Random Forest,0.06,0
mimic_perform_non_af_004,0,Random Forest,0.06022471910112359,0
mimic_perform_non_af_004,0,Random Forest,0.06022471910112359,0
mimic_perform_non_af_004,0,Random Forest,0.04,0
mimic_perform_non_af_004,0,Random Forest,0.03,0
mimic_perform_non_af_004,0,Random Forest,0.07022471910112359,0
mimic_perform_non_af_004,0,Random Forest,0.08022471910112358,0
mimic_perform_non_af_004,0,Random Forest,0.06,0
mimic_perform_non_af_004,0,Random Forest,0.03,0
mimic_perform_non_af_004,0,Random Forest,0.03,0
mimic_perform_non_af_004,0,Random Forest,0.03,0
mimic_perform_non_af_004,0,Random Forest,0.03,0
mimic_perform_non_af_004,0,Random Forest,0.03,0
mimic_perform_non_af_004,0,Random Forest,0.03,0
mimic_perform_non_af_004,0,Random Forest,0.03,0
mimic_perform_non_af_004,0,Random Forest,0.03,0
mimic_perform_non_af_004,0,Random Forest,0.03,0
mimic_perform_non_af_004,0,Random Forest,0.03,0
mimic_perform_non_af_004,0,Random Forest,0.03,0
mimic_perform_non_af_004,0,Random Forest,0.03,0
mimic_perform_non_af_004,0,Random Forest,0.04,0
mimic_perform_non_af_004,0,Random Forest,0.03,0
mimic_perform_non_af_004,0,Random Forest,0.1302247191011236,0
mimic_perform_non_af_004,0,Random Forest,0.09022471910112358,0
mimic_perform_non_af_004,0,Random Forest,0.05,0
mimic_perform_non_af_004,0,Random Forest,0.03,0
mimic_perform_non_af_004,0,Random Forest,0.03,0
mimic_perform_non_af_004,0,Random Forest,0.03,0
mimic_perform_non_af_004,0,Random Forest,0.07,0
mimic_perform_non_af_004,0,Random Forest,0.06,0
mimic_perform_non_af_004,0,Random Forest,0.06,0
mimic_perform_non_af_004,0,Random Forest,0.03,0
mimic_perform_non_af_004,0,Random Forest,0.08,0
mimic_perform_non_af_004,0,Random Forest,0.13,0
mimic_perform_non_af_004,0,Random Forest,0.24022471910112358,0
mimic_perform_non_af_004,0,Random Forest,0.03,0
mimic_perform_non_af_004,0,Random Forest,0.05,0
mimic_perform_non_af_004,0,Random Forest,0.05,0
mimic_perform_non_af_005,0,Random Forest,0.0,0
mimic_perform_non_af_005,0,Random Forest,0.0,0
mimic_perform_non_af_005,0,Random Forest,0.0,0
mimic_perform_non_af_005,0,Random Forest,0.0,0
mimic_perform_non_af_005,0,Random Forest,0.0,0
mimic_perform_non_af_005,0,Random Forest,0.0,0
mimic_perform_non_af_005,0,Random Forest,0.0,0
mimic_perform_non_af_005,0,Random Forest,0.0,0
mimic_perform_non_af_005,0,Random Forest,0.0,0
mimic_perform_non_af_005,0,Random Forest,0.0,0
mimic_perform_non_af_005,0,Random Forest,0.0,0
mimic_perform_non_af_005,0,Random Forest,0.0,0
mimic_perform_non_af_005,0,Random Forest,0.0,0
mimic_perform_non_af_005,0,Random Forest,0.0,0
mimic_perform_non_af_005,0,Random Forest,0.0,0
mimic_perform_non_af_005,0,Random Forest,0.0,0
mimic_perform_non_af_005,0,Random Forest,0.0,0
mimic_perform_non_af_005,0,Random Forest,0.0,0
mimic_perform_non_af_005,0,Random Forest,0.0,0
mimic_perform_non_af_005,0,Random Forest,0.0,0
mimic_perform_non_af_005,0,Random Forest,0.0,0
mimic_perform_non_af_005,0,Random Forest,0.0,0
mimic_perform_non_af_005,0,Random Forest,0.0,0
mimic_perform_non_af_005,0,Random Forest,0.0,0
mimic_perform_non_af_005,0,Random Forest,0.0,0
mimic_perform_non_af_005,0,Random Forest,0.0,0
mimic_perform_non_af_005,0,Random Forest,0.0,0
mimic_perform_non_af_005,0,Random Forest,0.0,0
mimic_perform_non_af_005,0,Random Forest,0.0,0
mimic_perform_non_af_005,0,Random Forest,0.0,0
mimic_perform_non_af_005,0,Random Forest,0.0,0
mimic_perform_non_af_005,0,Random Forest,0.0,0
mimic_perform_non_af_005,0,Random Forest,0.0,0
mimic_perform_non_af_005,0,Random Forest,0.0,0
mimic_perform_non_af_005,0,Random Forest,0.0,0
mimic_perform_non_af_005,0,Random Forest,0.0,0
mimic_perform_non_af_005,0,Random Forest,0.0,0
mimic_perform_non_af_005,0,Random Forest,0.0,0
mimic_perform_non_af_005,0,Random Forest,0.0,0
mimic_perform_non_af_005,0,Random Forest,0.0,0
mimic_perform_non_af_005,0,Random Forest,0.0,0
mimic_perform_non_af_005,0,Random Forest,0.0,0
mimic_perform_non_af_005,0,Random Forest,0.0,0
mimic_perform_non_af_005,0,Random Forest,0.0,0
mimic_perform_non_af_005,0,Random Forest,0.0,0
mimic_perform_non_af_005,0,Random Forest,0.0,0
mimic_perform_non_af_005,0,Random Forest,0.0,0
mimic_perform_non_af_005,0,Random Forest,0.0,0
mimic_perform_non_af_005,0,Random Forest,0.0,0
mimic_perform_non_af_005,0,Random Forest,0.0,0
mimic_perform_non_af_005,0,Random Forest,0.0,0
mimic_perform_non_af_005,0,Random Forest,0.0,0
mimic_perform_non_af_005,0,Random Forest,0.0,0
mimic_perform_non_af_005,0,Random Forest,0.0,0
mimic_perform_non_af_005,0,Random Forest,0.0,0
mimic_perform_non_af_005,0,Random Forest,0.0,0
mimic_perform_non_af_005,0,Random Forest,0.0,0
mimic_perform_non_af_005,0,Random Forest,0.0,0
mimic_perform_non_af_005,0,Random Forest,0.0,0
mimic_perform_non_af_005,0,Random Forest,0.0,0
mimic_perform_non_af_005,0,Random Forest,0.0,0
mimic_perform_non_af_005,0,Random Forest,0.0,0
mimic_perform_non_af_005,0,Random Forest,0.0,0
mimic_perform_non_af_005,0,Random Forest,0.0,0
mimic_perform_non_af_005,0,Random Forest,0.0,0
mimic_perform_non_af_005,0,Random Forest,0.0,0
mimic_perform_non_af_005,0,Random Forest,0.0,0
mimic_perform_non_af_005,0,Random Forest,0.0,0
mimic_perform_non_af_005,0,Random Forest,0.0,0
mimic_perform_non_af_005,0,Random Forest,0.0,0
mimic_perform_non_af_005,0,Random Forest,0.0,0
mimic_perform_non_af_005,0,Random Forest,0.0,0
mimic_perform_non_af_005,0,Random Forest,0.0,0
mimic_perform_non_af_005,0,Random Forest,0.0,0
mimic_perform_non_af_005,0,Random Forest,0.0,0
mimic_perform_non_af_005,0,Random Forest,0.0,0
mimic_perform_non_af_005,0,Random Forest,0.0,0
mimic_perform_non_af_005,0,Random Forest,0.0,0
mimic_perform_non_af_005,0,Random Forest,0.0,0
mimic_perform_non_af_005,0,Random Forest,0.0,0
mimic_perform_non_af_005,0,Random Forest,0.0,0
mimic_perform_non_af_005,0,Random Forest,0.0,0
mimic_perform_non_af_005,0,Random Forest,0.0,0
mimic_perform_non_af_005,0,Random Forest,0.0,0
mimic_perform_non_af_005,0,Random Forest,0.0,0
mimic_perform_non_af_005,0,Random Forest,0.0,0
mimic_perform_non_af_005,0,Random Forest,0.0,0
mimic_perform_non_af_005,0,Random Forest,0.0,0
mimic_perform_non_af_005,0,Random Forest,0.0,0
mimic_perform_non_af_005,0,Random Forest,0.0,0
mimic_perform_non_af_005,0,Random Forest,0.0,0
mimic_perform_non_af_005,0,Random Forest,0.0,0
mimic_perform_non_af_005,0,Random Forest,0.0,0
mimic_perform_non_af_005,0,Random Forest,0.0,0
mimic_perform_non_af_005,0,Random Forest,0.0,0
mimic_perform_non_af_005,0,Random Forest,0.0,0
mimic_perform_non_af_005,0,Random Forest,0.0,0
mimic_perform_non_af_005,0,Random Forest,0.0,0
mimic_perform_non_af_005,0,Random Forest,0.0,0
mimic_perform_non_af_005,0,Random Forest,0.0,0
mimic_perform_non_af_005,0,Random Forest,0.0,0
mimic_perform_non_af_005,0,Random Forest,0.0,0
mimic_perform_non_af_005,0,Random Forest,0.0,0
mimic_perform_non_af_005,0,Random Forest,0.0,0
mimic_perform_non_af_005,0,Random Forest,0.0,0
mimic_perform_non_af_005,0,Random Forest,0.0,0
mimic_perform_non_af_005,0,Random Forest,0.0,0
mimic_perform_non_af_005,0,Random Forest,0.0,0
mimic_perform_non_af_005,0,Random Forest,0.0,0
mimic_perform_non_af_005,0,Random Forest,0.0,0
mimic_perform_non_af_005,0,Random Forest,0.0,0
mimic_perform_non_af_005,0,Random Forest,0.0,0
mimic_perform_non_af_005,0,Random Forest,0.0,0
mimic_perform_non_af_005,0,Random Forest,0.0,0
mimic_perform_non_af_005,0,Random Forest,0.0,0
mimic_perform_non_af_005,0,Random Forest,0.0,0
mimic_perform_non_af_005,0,Random Forest,0.0,0
mimic_perform_non_af_005,0,Random Forest,0.0,0
mimic_perform_non_af_006,0,Random Forest,0.02,0
mimic_perform_non_af_006,0,Random Forest,0.0,0
mimic_perform_non_af_006,0,Random Forest,0.0,0
mimic_perform_non_af_006,0,Random Forest,0.0,0
mimic_perform_non_af_006,0,Random Forest,0.0,0
mimic_perform_non_af_006,0,Random Forest,0.0,0
mimic_perform_non_af_006,0,Random Forest,0.0,0
mimic_perform_non_af_006,0,Random Forest,0.0,0
mimic_perform_non_af_006,0,Random Forest,0.0,0
mimic_perform_non_af_006,0,Random Forest,0.0,0
mimic_perform_non_af_006,0,Random Forest,0.01,0
mimic_perform_non_af_006,0,Random Forest,0.0,0
mimic_perform_non_af_006,0,Random Forest,0.0,0
mimic_perform_non_af_006,0,Random Forest,0.0,0
mimic_perform_non_af_006,0,Random Forest,0.02,0
mimic_perform_non_af_006,0,Random Forest,0.01,0
mimic_perform_non_af_006,0,Random Forest,0.03,0
mimic_perform_non_af_006,0,Random Forest,0.0,0
mimic_perform_non_af_006,0,Random Forest,0.0,0
mimic_perform_non_af_006,0,Random Forest,0.0,0
mimic_perform_non_af_006,0,Random Forest,0.0,0
mimic_perform_non_af_006,0,Random Forest,0.0,0
mimic_perform_non_af_006,0,Random Forest,0.0,0
mimic_perform_non_af_006,0,Random Forest,0.0,0
mimic_perform_non_af_006,0,Random Forest,0.0,0
mimic_perform_non_af_006,0,Random Forest,0.0,0
mimic_perform_non_af_006,0,Random Forest,0.0,0
mimic_perform_non_af_006,0,Random Forest,0.01,0
mimic_perform_non_af_006,0,Random Forest,0.02,0
mimic_perform_non_af_006,0,Random Forest,0.01,0
mimic_perform_non_af_006,0,Random Forest,0.01,0
mimic_perform_non_af_006,0,Random Forest,0.16,0
mimic_perform_non_af_006,0,Random Forest,0.01,0
mimic_perform_non_af_006,0,Random Forest,0.03,0
mimic_perform_non_af_006,0,Random Forest,0.02,0
mimic_perform_non_af_006,0,Random Forest,0.0,0
mimic_perform_non_af_006,0,Random Forest,0.01,0
mimic_perform_non_af_006,0,Random Forest,0.0,0
mimic_perform_non_af_006,0,Random Forest,0.00022222222222222223,0
mimic_perform_non_af_006,0,Random Forest,0.00022222222222222223,0
mimic_perform_non_af_006,0,Random Forest,0.0,0
mimic_perform_non_af_006,0,Random Forest,0.0,0
mimic_perform_non_af_006,0,Random Forest,0.0,0
mimic_perform_non_af_006,0,Random Forest,0.02,0
mimic_perform_non_af_006,0,Random Forest,0.01,0
mimic_perform_non_af_006,0,Random Forest,0.01,0
mimic_perform_non_af_006,0,Random Forest,0.0,0
mimic_perform_non_af_006,0,Random Forest,0.0,0
mimic_perform_non_af_006,0,Random Forest,0.00022222222222222223,0
mimic_perform_non_af_006,0,Random Forest,0.13,0
mimic_perform_non_af_006,0,Random Forest,0.07,0
mimic_perform_non_af_006,0,Random Forest,0.0,0
mimic_perform_non_af_006,0,Random Forest,0.0,0
mimic_perform_non_af_006,0,Random Forest,0.0,0
mimic_perform_non_af_006,0,Random Forest,0.0,0
mimic_perform_non_af_006,0,Random Forest,0.0,0
mimic_perform_non_af_006,0,Random Forest,0.01,0
mimic_perform_non_af_006,0,Random Forest,0.0,0
mimic_perform_non_af_006,0,Random Forest,0.0,0
mimic_perform_non_af_006,0,Random Forest,0.0,0
mimic_perform_non_af_006,0,Random Forest,0.0,0
mimic_perform_non_af_006,0,Random Forest,0.0,0
mimic_perform_non_af_006,0,Random Forest,0.0,0
mimic_perform_non_af_006,0,Random Forest,0.0,0
mimic_perform_non_af_006,0,Random Forest,0.0,0
mimic_perform_non_af_006,0,Random Forest,0.0,0
mimic_perform_non_af_006,0,Random Forest,0.0,0
mimic_perform_non_af_006,0,Random Forest,0.0,0
mimic_perform_non_af_006,0,Random Forest,0.0,0
mimic_perform_non_af_006,0,Random Forest,0.0,0
mimic_perform_non_af_006,0,Random Forest,0.00022222222222222223,0
mimic_perform_non_af_006,0,Random Forest,0.04022222222222222,0
mimic_perform_non_af_006,0,Random Forest,0.010222222222222221,0
mimic_perform_non_af_006,0,Random Forest,0.02022222222222222,0
mimic_perform_non_af_006,0,Random Forest,0.0,0
mimic_perform_non_af_006,0,Random Forest,0.0,0
mimic_perform_non_af_006,0,Random Forest,0.01,0
mimic_perform_non_af_006,0,Random Forest,0.0,0
mimic_perform_non_af_006,0,Random Forest,0.01,0
mimic_perform_non_af_006,0,Random Forest,0.0,0
mimic_perform_non_af_006,0,Random Forest,0.0,0
mimic_perform_non_af_006,0,Random Forest,0.0,0
mimic_perform_non_af_006,0,Random Forest,0.0,0
mimic_perform_non_af_006,0,Random Forest,0.0,0
mimic_perform_non_af_006,0,Random Forest,0.03022222222222222,0
mimic_perform_non_af_006,0,Random Forest,0.0,0
mimic_perform_non_af_006,0,Random Forest,0.0,0
mimic_perform_non_af_006,0,Random Forest,0.0,0
mimic_perform_non_af_006,0,Random Forest,0.0,0
mimic_perform_non_af_006,0,Random Forest,0.01,0
mimic_perform_non_af_006,0,Random Forest,0.0,0
mimic_perform_non_af_006,0,Random Forest,0.01,0
mimic_perform_non_af_006,0,Random Forest,0.03022222222222222,0
mimic_perform_non_af_006,0,Random Forest,0.0,0
mimic_perform_non_af_006,0,Random Forest,0.0,0
mimic_perform_non_af_006,0,Random Forest,0.0,0
mimic_perform_non_af_006,0,Random Forest,0.0,0
mimic_perform_non_af_006,0,Random Forest,0.0,0
mimic_perform_non_af_006,0,Random Forest,0.0,0
mimic_perform_non_af_006,0,Random Forest,0.0,0
mimic_perform_non_af_006,0,Random Forest,0.0,0
mimic_perform_non_af_006,0,Random Forest,0.0,0
mimic_perform_non_af_006,0,Random Forest,0.0,0
mimic_perform_non_af_006,0,Random Forest,0.0,0
mimic_perform_non_af_006,0,Random Forest,0.0,0
mimic_perform_non_af_006,0,Random Forest,0.06,0
mimic_perform_non_af_006,0,Random Forest,0.0,0
mimic_perform_non_af_006,0,Random Forest,0.0,0
mimic_perform_non_af_006,0,Random Forest,0.0,0
mimic_perform_non_af_006,0,Random Forest,0.0,0
mimic_perform_non_af_006,0,Random Forest,0.0,0
mimic_perform_non_af_006,0,Random Forest,0.0,0
mimic_perform_non_af_006,0,Random Forest,0.0,0
mimic_perform_non_af_006,0,Random Forest,0.0,0
mimic_perform_non_af_006,0,Random Forest,0.0,0
mimic_perform_non_af_006,0,Random Forest,0.0,0
mimic_perform_non_af_006,0,Random Forest,0.0,0
mimic_perform_non_af_006,0,Random Forest,0.0,0
mimic_perform_non_af_007,0,Random Forest,0.0,0
mimic_perform_non_af_007,0,Random Forest,0.04666666666666667,0
mimic_perform_non_af_007,0,Random Forest,0.0,0
mimic_perform_non_af_007,0,Random Forest,0.0,0
mimic_perform_non_af_007,0,Random Forest,0.006666666666666667,0
mimic_perform_non_af_007,0,Random Forest,0.06666666666666667,0
mimic_perform_non_af_007,0,Random Forest,0.02,0
mimic_perform_non_af_007,0,Random Forest,0.08666666666666667,0
mimic_perform_non_af_007,0,Random Forest,0.006666666666666667,0
mimic_perform_non_af_007,0,Random Forest,0.0,0
mimic_perform_non_af_007,0,Random Forest,0.0,0
mimic_perform_non_af_007,0,Random Forest,0.006666666666666667,0
mimic_perform_non_af_007,0,Random Forest,0.0,0
mimic_perform_non_af_007,0,Random Forest,0.0,0
mimic_perform_non_af_007,0,Random Forest,0.0,0
mimic_perform_non_af_007,0,Random Forest,0.0,0
mimic_perform_non_af_007,0,Random Forest,0.0,0
mimic_perform_non_af_007,0,Random Forest,0.0,0
mimic_perform_non_af_007,0,Random Forest,0.0,0
mimic_perform_non_af_007,0,Random Forest,0.0,0
mimic_perform_non_af_007,0,Random Forest,0.0,0
mimic_perform_non_af_007,0,Random Forest,0.0,0
mimic_perform_non_af_007,0,Random Forest,0.0,0
mimic_perform_non_af_007,0,Random Forest,0.0,0
mimic_perform_non_af_007,0,Random Forest,0.0,0
mimic_perform_non_af_007,0,Random Forest,0.02,0
mimic_perform_non_af_007,0,Random Forest,0.0,0
mimic_perform_non_af_007,0,Random Forest,0.03333333333333333,0
mimic_perform_non_af_007,0,Random Forest,0.06666666666666667,0
mimic_perform_non_af_007,0,Random Forest,0.0,0
mimic_perform_non_af_007,0,Random Forest,0.006666666666666667,0
mimic_perform_non_af_007,0,Random Forest,0.006666666666666667,0
mimic_perform_non_af_007,0,Random Forest,0.0,0
mimic_perform_non_af_007,0,Random Forest,0.0,0
mimic_perform_non_af_007,0,Random Forest,0.02,0
mimic_perform_non_af_007,0,Random Forest,0.0,0
mimic_perform_non_af_007,0,Random Forest,0.0,0
mimic_perform_non_af_007,0,Random Forest,0.14,0
mimic_perform_non_af_007,0,Random Forest,0.2833038348082596,0
mimic_perform_non_af_007,0,Random Forest,0.03333333333333333,0
mimic_perform_non_af_007,0,Random Forest,0.3646227879051159,0
mimic_perform_non_af_007,0,Random Forest,0.13333333333333333,0
mimic_perform_non_af_007,0,Random Forest,0.0,0
mimic_perform_non_af_007,0,Random Forest,0.0,0
mimic_perform_non_af_007,0,Random Forest,0.0,0
mimic_perform_non_af_007,0,Random Forest,0.0,0
mimic_perform_non_af_007,0,Random Forest,0.02666666666666667,0
mimic_perform_non_af_007,0,Random Forest,0.0,0
mimic_perform_non_af_007,0,Random Forest,0.8918027386098598,1
mimic_perform_non_af_007,0,Random Forest,0.9892275430951823,1
mimic_perform_non_af_007,0,Random Forest,0.90131007685894,1
mimic_perform_non_af_007,0,Random Forest,0.9832977894154347,1
mimic_perform_non_af_007,0,Random Forest,0.7249012682957315,1
mimic_perform_non_af_007,0,Random Forest,0.4094993398940696,0
mimic_perform_non_af_007,0,Random Forest,0.9222800968525631,1
mimic_perform_non_af_007,0,Random Forest,0.33761628677506356,0
mimic_perform_non_af_007,0,Random Forest,0.006666666666666667,0
mimic_perform_non_af_007,0,Random Forest,0.02,0
mimic_perform_non_af_007,0,Random Forest,0.006666666666666667,0
mimic_perform_non_af_007,0,Random Forest,0.11333333333333333,0
mimic_perform_non_af_007,0,Random Forest,0.02666666666666667,0
mimic_perform_non_af_007,0,Random Forest,0.013333333333333334,0
mimic_perform_non_af_007,0,Random Forest,0.0,0
mimic_perform_non_af_007,0,Random Forest,0.0,0
mimic_perform_non_af_007,0,Random Forest,0.006666666666666667,0
mimic_perform_non_af_007,0,Random Forest,0.0,0
mimic_perform_non_af_007,0,Random Forest,0.05333333333333334,0
mimic_perform_non_af_007,0,Random Forest,0.0,0
mimic_perform_non_af_007,0,Random Forest,0.0,0
mimic_perform_non_af_007,0,Random Forest,0.013333333333333334,0
mimic_perform_non_af_007,0,Random Forest,0.1,0
mimic_perform_non_af_007,0,Random Forest,0.07333333333333333,0
mimic_perform_non_af_007,0,Random Forest,0.13333333333333333,0
mimic_perform_non_af_007,0,Random Forest,0.11333333333333333,0
mimic_perform_non_af_007,0,Random Forest,0.18,0
mimic_perform_non_af_007,0,Random Forest,0.1,0
mimic_perform_non_af_007,0,Random Forest,0.0,0
mimic_perform_non_af_007,0,Random Forest,0.020555555555555553,0
mimic_perform_non_af_007,0,Random Forest,0.0,0
mimic_perform_non_af_007,0,Random Forest,0.04055555555555555,0
mimic_perform_non_af_007,0,Random Forest,0.0,0
mimic_perform_non_af_007,0,Random Forest,0.02,0
mimic_perform_non_af_007,0,Random Forest,0.0,0
mimic_perform_non_af_007,0,Random Forest,0.08666666666666667,0
mimic_perform_non_af_007,0,Random Forest,0.02666666666666667,0
mimic_perform_non_af_007,0,Random Forest,0.006666666666666667,0
mimic_perform_non_af_007,0,Random Forest,0.013333333333333334,0
mimic_perform_non_af_007,0,Random Forest,0.0,0
mimic_perform_non_af_007,0,Random Forest,0.0,0
mimic_perform_non_af_007,0,Random Forest,0.02,0
mimic_perform_non_af_007,0,Random Forest,0.0,0
mimic_perform_non_af_007,0,Random Forest,0.006666666666666667,0
mimic_perform_non_af_007,0,Random Forest,0.006666666666666667,0
mimic_perform_non_af_007,0,Random Forest,0.0,0
mimic_perform_non_af_007,0,Random Forest,0.02,0
mimic_perform_non_af_007,0,Random Forest,0.02,0
mimic_perform_non_af_007,0,Random Forest,0.0,0
mimic_perform_non_af_007,0,Random Forest,0.0,0
mimic_perform_non_af_007,0,Random Forest,0.0,0
mimic_perform_non_af_007,0,Random Forest,0.0,0
mimic_perform_non_af_007,0,Random Forest,0.013333333333333334,0
mimic_perform_non_af_007,0,Random Forest,0.006666666666666667,0
mimic_perform_non_af_007,0,Random Forest,0.03333333333333333,0
mimic_perform_non_af_007,0,Random Forest,0.08666666666666667,0
mimic_perform_non_af_007,0,Random Forest,0.0,0
mimic_perform_non_af_007,0,Random Forest,0.006666666666666667,0
mimic_perform_non_af_007,0,Random Forest,0.03333333333333333,0
mimic_perform_non_af_007,0,Random Forest,0.0,0
mimic_perform_non_af_007,0,Random Forest,0.0,0
mimic_perform_non_af_007,0,Random Forest,0.10666666666666667,0
mimic_perform_non_af_007,0,Random Forest,0.013333333333333334,0
mimic_perform_non_af_007,0,Random Forest,0.10629333333333332,0
mimic_perform_non_af_007,0,Random Forest,0.10666666666666667,0
mimic_perform_non_af_007,0,Random Forest,0.06666666666666667,0
mimic_perform_non_af_007,0,Random Forest,0.0,0
mimic_perform_non_af_007,0,Random Forest,0.08,0
mimic_perform_non_af_007,0,Random Forest,0.2796190476190476,0
mimic_perform_non_af_007,0,Random Forest,0.6702530169563742,1
mimic_perform_non_af_008,0,Random Forest,0.13719350366409191,0
mimic_perform_non_af_008,0,Random Forest,0.04,0
mimic_perform_non_af_008,0,Random Forest,0.5734105084972804,1
mimic_perform_non_af_008,0,Random Forest,0.46580403775872026,0
mimic_perform_non_af_008,0,Random Forest,0.20833333333333334,0
mimic_perform_non_af_008,0,Random Forest,0.11705882352941176,0
mimic_perform_non_af_008,0,Random Forest,0.06666666666666667,0
mimic_perform_non_af_008,0,Random Forest,0.006666666666666667,0
mimic_perform_non_af_008,0,Random Forest,0.0,0
mimic_perform_non_af_008,0,Random Forest,0.0,0
mimic_perform_non_af_008,0,Random Forest,0.0,0
mimic_perform_non_af_008,0,Random Forest,0.0,0
mimic_perform_non_af_008,0,Random Forest,0.0,0
mimic_perform_non_af_008,0,Random Forest,0.0,0
mimic_perform_non_af_008,0,Random Forest,0.0,0
mimic_perform_non_af_008,0,Random Forest,0.0,0
mimic_perform_non_af_008,0,Random Forest,0.02666666666666667,0
mimic_perform_non_af_008,0,Random Forest,0.03333333333333333,0
mimic_perform_non_af_008,0,Random Forest,0.03333333333333333,0
mimic_perform_non_af_008,0,Random Forest,0.06705882352941177,0
mimic_perform_non_af_008,0,Random Forest,0.06,0
mimic_perform_non_af_008,0,Random Forest,0.013333333333333334,0
mimic_perform_non_af_008,0,Random Forest,0.0,0
mimic_perform_non_af_008,0,Random Forest,0.006666666666666667,0
mimic_perform_non_af_008,0,Random Forest,0.0,0
mimic_perform_non_af_008,0,Random Forest,0.0,0
mimic_perform_non_af_008,0,Random Forest,0.006666666666666667,0
mimic_perform_non_af_008,0,Random Forest,0.006666666666666667,0
mimic_perform_non_af_008,0,Random Forest,0.02666666666666667,0
mimic_perform_non_af_008,0,Random Forest,0.0,0
mimic_perform_non_af_008,0,Random Forest,0.006666666666666667,0
mimic_perform_non_af_008,0,Random Forest,0.0,0
mimic_perform_non_af_008,0,Random Forest,0.02,0
mimic_perform_non_af_008,0,Random Forest,0.02666666666666667,0
mimic_perform_non_af_008,0,Random Forest,0.08333333333333333,0
mimic_perform_non_af_008,0,Random Forest,0.0903921568627451,0
mimic_perform_non_af_008,0,Random Forest,0.06,0
mimic_perform_non_af_008,0,Random Forest,0.1503921568627451,0
mimic_perform_non_af_008,0,Random Forest,0.006666666666666667,0
mimic_perform_non_af_008,0,Random Forest,0.0,0
mimic_perform_non_af_008,0,Random Forest,0.0,0
mimic_perform_non_af_008,0,Random Forest,0.0,0
mimic_perform_non_af_008,0,Random Forest,0.0,0
mimic_perform_non_af_008,0,Random Forest,0.0,0
mimic_perform_non_af_008,0,Random Forest,0.0,0
mimic_perform_non_af_008,0,Random Forest,0.006666666666666667,0
mimic_perform_non_af_008,0,Random Forest,0.040392156862745096,0
mimic_perform_non_af_008,0,Random Forest,0.000392156862745098,0
mimic_perform_non_af_008,0,Random Forest,0.04,0
mimic_perform_non_af_008,0,Random Forest,0.0,0
mimic_perform_non_af_008,0,Random Forest,0.02,0
mimic_perform_non_af_008,0,Random Forest,0.1103921568627451,0
mimic_perform_non_af_008,0,Random Forest,0.04372549019607843,0
mimic_perform_non_af_008,0,Random Forest,0.000392156862745098,0
mimic_perform_non_af_008,0,Random Forest,0.006666666666666667,0
mimic_perform_non_af_008,0,Random Forest,0.02,0
mimic_perform_non_af_008,0,Random Forest,0.0,0
mimic_perform_non_af_008,0,Random Forest,0.006666666666666667,0
mimic_perform_non_af_008,0,Random Forest,0.07333333333333333,0
mimic_perform_non_af_008,0,Random Forest,0.02,0
mimic_perform_non_af_008,0,Random Forest,0.006666666666666667,0
mimic_perform_non_af_008,0,Random Forest,0.06,0
mimic_perform_non_af_008,0,Random Forest,0.013333333333333334,0
mimic_perform_non_af_008,0,Random Forest,0.0,0
mimic_perform_non_af_008,0,Random Forest,0.04,0
mimic_perform_non_af_008,0,Random Forest,0.02,0
mimic_perform_non_af_008,0,Random Forest,0.02666666666666667,0
mimic_perform_non_af_008,0,Random Forest,0.04666666666666667,0
mimic_perform_non_af_008,0,Random Forest,0.08666666666666667,0
mimic_perform_non_af_008,0,Random Forest,0.0,0
mimic_perform_non_af_008,0,Random Forest,0.006666666666666667,0
mimic_perform_non_af_008,0,Random Forest,0.1003921568627451,0
mimic_perform_non_af_008,0,Random Forest,0.027058823529411764,0
mimic_perform_non_af_008,0,Random Forest,0.040392156862745096,0
mimic_perform_non_af_008,0,Random Forest,0.0,0
mimic_perform_non_af_008,0,Random Forest,0.0,0
mimic_perform_non_af_008,0,Random Forest,0.0,0
mimic_perform_non_af_008,0,Random Forest,0.03333333333333333,0
mimic_perform_non_af_008,0,Random Forest,0.0,0
mimic_perform_non_af_008,0,Random Forest,0.0,0
mimic_perform_non_af_008,0,Random Forest,0.02,0
mimic_perform_non_af_008,0,Random Forest,0.0,0
mimic_perform_non_af_008,0,Random Forest,0.0,0
mimic_perform_non_af_008,0,Random Forest,0.006666666666666667,0
mimic_perform_non_af_008,0,Random Forest,0.0,0
mimic_perform_non_af_008,0,Random Forest,0.07333333333333333,0
mimic_perform_non_af_008,0,Random Forest,0.0,0
mimic_perform_non_af_008,0,Random Forest,0.006666666666666667,0
mimic_perform_non_af_008,0,Random Forest,0.0,0
mimic_perform_non_af_008,0,Random Forest,0.0,0
mimic_perform_non_af_008,0,Random Forest,0.0,0
mimic_perform_non_af_008,0,Random Forest,0.0,0
mimic_perform_non_af_008,0,Random Forest,0.0,0
mimic_perform_non_af_008,0,Random Forest,0.0,0
mimic_perform_non_af_008,0,Random Forest,0.0,0
mimic_perform_non_af_008,0,Random Forest,0.0,0
mimic_perform_non_af_008,0,Random Forest,0.013333333333333334,0
mimic_perform_non_af_008,0,Random Forest,0.006666666666666667,0
mimic_perform_non_af_008,0,Random Forest,0.0,0
mimic_perform_non_af_008,0,Random Forest,0.006666666666666667,0
mimic_perform_non_af_008,0,Random Forest,0.0,0
mimic_perform_non_af_008,0,Random Forest,0.0,0
mimic_perform_non_af_008,0,Random Forest,0.0,0
mimic_perform_non_af_008,0,Random Forest,0.0,0
mimic_perform_non_af_008,0,Random Forest,0.0,0
mimic_perform_non_af_008,0,Random Forest,0.027058823529411764,0
mimic_perform_non_af_008,0,Random Forest,0.006666666666666667,0
mimic_perform_non_af_008,0,Random Forest,0.013333333333333334,0
mimic_perform_non_af_008,0,Random Forest,0.0,0
mimic_perform_non_af_008,0,Random Forest,0.07666666666666666,0
mimic_perform_non_af_008,0,Random Forest,0.0,0
mimic_perform_non_af_008,0,Random Forest,0.0,0
mimic_perform_non_af_008,0,Random Forest,0.0,0
mimic_perform_non_af_008,0,Random Forest,0.08372549019607843,0
mimic_perform_non_af_008,0,Random Forest,0.10372549019607843,0
mimic_perform_non_af_008,0,Random Forest,0.37832611050920906,0
mimic_perform_non_af_008,0,Random Forest,0.26013468013468016,0
mimic_perform_non_af_008,0,Random Forest,0.18205882352941177,0
mimic_perform_non_af_009,0,Random Forest,0.0,0
mimic_perform_non_af_009,0,Random Forest,0.0,0
mimic_perform_non_af_009,0,Random Forest,0.0,0
mimic_perform_non_af_009,0,Random Forest,0.0,0
mimic_perform_non_af_009,0,Random Forest,0.0,0
mimic_perform_non_af_009,0,Random Forest,0.0,0
mimic_perform_non_af_009,0,Random Forest,0.0,0
mimic_perform_non_af_009,0,Random Forest,0.01,0
mimic_perform_non_af_009,0,Random Forest,0.03,0
mimic_perform_non_af_009,0,Random Forest,0.02,0
mimic_perform_non_af_009,0,Random Forest,0.0,0
mimic_perform_non_af_009,0,Random Forest,0.0,0
mimic_perform_non_af_009,0,Random Forest,0.0,0
mimic_perform_non_af_009,0,Random Forest,0.0,0
mimic_perform_non_af_009,0,Random Forest,0.0,0
mimic_perform_non_af_009,0,Random Forest,0.0,0
mimic_perform_non_af_009,0,Random Forest,0.0,0
mimic_perform_non_af_009,0,Random Forest,0.0,0
mimic_perform_non_af_009,0,Random Forest,0.0,0
mimic_perform_non_af_009,0,Random Forest,0.0,0
mimic_perform_non_af_009,0,Random Forest,0.0,0
mimic_perform_non_af_009,0,Random Forest,0.0,0
mimic_perform_non_af_009,0,Random Forest,0.0,0
mimic_perform_non_af_009,0,Random Forest,0.0,0
mimic_perform_non_af_009,0,Random Forest,0.0,0
mimic_perform_non_af_009,0,Random Forest,0.0,0
mimic_perform_non_af_009,0,Random Forest,0.0,0
mimic_perform_non_af_009,0,Random Forest,0.0,0
mimic_perform_non_af_009,0,Random Forest,0.0,0
mimic_perform_non_af_009,0,Random Forest,0.0,0
mimic_perform_non_af_009,0,Random Forest,0.0,0
mimic_perform_non_af_009,0,Random Forest,0.0,0
mimic_perform_non_af_009,0,Random Forest,0.0,0
mimic_perform_non_af_009,0,Random Forest,0.0,0
mimic_perform_non_af_009,0,Random Forest,0.0,0
mimic_perform_non_af_009,0,Random Forest,0.0,0
mimic_perform_non_af_009,0,Random Forest,0.0,0
mimic_perform_non_af_009,0,Random Forest,0.0,0
mimic_perform_non_af_009,0,Random Forest,0.0,0
mimic_perform_non_af_009,0,Random Forest,0.0,0
mimic_perform_non_af_009,0,Random Forest,0.0,0
mimic_perform_non_af_009,0,Random Forest,0.0,0
mimic_perform_non_af_009,0,Random Forest,0.0,0
mimic_perform_non_af_009,0,Random Forest,0.0,0
mimic_perform_non_af_009,0,Random Forest,0.0,0
mimic_perform_non_af_009,0,Random Forest,0.0,0
mimic_perform_non_af_009,0,Random Forest,0.0,0
mimic_perform_non_af_009,0,Random Forest,0.0,0
mimic_perform_non_af_009,0,Random Forest,0.0,0
mimic_perform_non_af_009,0,Random Forest,0.0,0
mimic_perform_non_af_009,0,Random Forest,0.0,0
mimic_perform_non_af_009,0,Random Forest,0.0,0
mimic_perform_non_af_009,0,Random Forest,0.0,0
mimic_perform_non_af_009,0,Random Forest,0.0,0
mimic_perform_non_af_009,0,Random Forest,0.0,0
mimic_perform_non_af_009,0,Random Forest,0.0,0
mimic_perform_non_af_009,0,Random Forest,0.0,0
mimic_perform_non_af_009,0,Random Forest,0.0,0
mimic_perform_non_af_009,0,Random Forest,0.0,0
mimic_perform_non_af_009,0,Random Forest,0.0,0
mimic_perform_non_af_009,0,Random Forest,0.0,0
mimic_perform_non_af_009,0,Random Forest,0.0,0
mimic_perform_non_af_009,0,Random Forest,0.0,0
mimic_perform_non_af_009,0,Random Forest,0.0,0
mimic_perform_non_af_009,0,Random Forest,0.0,0
mimic_perform_non_af_009,0,Random Forest,0.0,0
mimic_perform_non_af_009,0,Random Forest,0.0,0
mimic_perform_non_af_009,0,Random Forest,0.0,0
mimic_perform_non_af_009,0,Random Forest,0.0,0
mimic_perform_non_af_009,0,Random Forest,0.0,0
mimic_perform_non_af_009,0,Random Forest,0.0,0
mimic_perform_non_af_009,0,Random Forest,0.0,0
mimic_perform_non_af_009,0,Random Forest,0.0,0
mimic_perform_non_af_009,0,Random Forest,0.0,0
mimic_perform_non_af_009,0,Random Forest,0.0,0
mimic_perform_non_af_009,0,Random Forest,0.0,0
mimic_perform_non_af_009,0,Random Forest,0.0,0
mimic_perform_non_af_009,0,Random Forest,0.01,0
mimic_perform_non_af_009,0,Random Forest,0.0,0
mimic_perform_non_af_009,0,Random Forest,0.0,0
mimic_perform_non_af_009,0,Random Forest,0.0,0
mimic_perform_non_af_009,0,Random Forest,0.0,0
mimic_perform_non_af_009,0,Random Forest,0.0,0
mimic_perform_non_af_009,0,Random Forest,0.0,0
mimic_perform_non_af_009,0,Random Forest,0.0,0
mimic_perform_non_af_009,0,Random Forest,0.0,0
mimic_perform_non_af_009,0,Random Forest,0.0,0
mimic_perform_non_af_009,0,Random Forest,0.0,0
mimic_perform_non_af_009,0,Random Forest,0.0,0
mimic_perform_non_af_009,0,Random Forest,0.0,0
mimic_perform_non_af_009,0,Random Forest,0.0,0
mimic_perform_non_af_009,0,Random Forest,0.01,0
mimic_perform_non_af_009,0,Random Forest,0.0,0
mimic_perform_non_af_009,0,Random Forest,0.0,0
mimic_perform_non_af_009,0,Random Forest,0.0,0
mimic_perform_non_af_009,0,Random Forest,0.0,0
mimic_perform_non_af_009,0,Random Forest,0.0,0
mimic_perform_non_af_009,0,Random Forest,0.02,0
mimic_perform_non_af_009,0,Random Forest,0.02,0
mimic_perform_non_af_009,0,Random Forest,0.0,0
mimic_perform_non_af_009,0,Random Forest,0.0,0
mimic_perform_non_af_009,0,Random Forest,0.0,0
mimic_perform_non_af_009,0,Random Forest,0.0,0
mimic_perform_non_af_009,0,Random Forest,0.0,0
mimic_perform_non_af_009,0,Random Forest,0.0,0
mimic_perform_non_af_009,0,Random Forest,0.0,0
mimic_perform_non_af_009,0,Random Forest,0.0,0
mimic_perform_non_af_009,0,Random Forest,0.0,0
mimic_perform_non_af_009,0,Random Forest,0.0,0
mimic_perform_non_af_009,0,Random Forest,0.01,0
mimic_perform_non_af_009,0,Random Forest,0.0,0
mimic_perform_non_af_009,0,Random Forest,0.0,0
mimic_perform_non_af_009,0,Random Forest,0.0,0
mimic_perform_non_af_009,0,Random Forest,0.0,0
mimic_perform_non_af_009,0,Random Forest,0.0,0
mimic_perform_non_af_009,0,Random Forest,0.0,0
mimic_perform_non_af_009,0,Random Forest,0.0,0
mimic_perform_non_af_009,0,Random Forest,0.1,0
mimic_perform_non_af_010,0,Random Forest,0.022375751426927167,0
mimic_perform_non_af_010,0,Random Forest,0.007037598726295314,0
mimic_perform_non_af_010,0,Random Forest,0.00015019815232877594,0
mimic_perform_non_af_010,0,Random Forest,0.00015019815232877594,0
mimic_perform_non_af_010,0,Random Forest,0.00015019815232877594,0
mimic_perform_non_af_010,0,Random Forest,0.0006268226430493843,0
mimic_perform_non_af_010,0,Random Forest,0.00195857040523434,0
mimic_perform_non_af_010,0,Random Forest,0.00026070196033978026,0
mimic_perform_non_af_010,0,Random Forest,0.0035005274968414636,0
mimic_perform_non_af_010,0,Random Forest,0.0006682460261732766,0
mimic_perform_non_af_010,0,Random Forest,0.03231790988104289,0
mimic_perform_non_af_010,0,Random Forest,0.009034981741555415,0
mimic_perform_non_af_010,0,Random Forest,0.018014494914064733,0
mimic_perform_non_af_010,0,Random Forest,0.007270405193437793,0
mimic_perform_non_af_010,0,Random Forest,0.0002945961817660526,0
mimic_perform_non_af_010,0,Random Forest,0.02251916982257876,0
mimic_perform_non_af_010,0,Random Forest,0.9262167319544523,1
mimic_perform_non_af_010,0,Random Forest,0.8344665286449965,1
mimic_perform_non_af_010,0,Random Forest,0.9376755513051317,1
mimic_perform_non_af_010,0,Random Forest,0.8128094917660176,1
mimic_perform_non_af_010,0,Random Forest,0.022410486209507436,0
mimic_perform_non_af_010,0,Random Forest,0.0006682460261732766,0
mimic_perform_non_af_010,0,Random Forest,0.00022076724409428788,0
mimic_perform_non_af_010,0,Random Forest,0.016867605754379556,0
mimic_perform_non_af_010,0,Random Forest,0.01937603220061912,0
mimic_perform_non_af_010,0,Random Forest,0.19915584280216975,0
mimic_perform_non_af_010,0,Random Forest,0.003222513375324909,0
mimic_perform_non_af_010,0,Random Forest,0.011180584654150906,0
mimic_perform_non_af_010,0,Random Forest,0.0005274026489085319,0
mimic_perform_non_af_010,0,Random Forest,0.0035005274968414636,0
mimic_perform_non_af_010,0,Random Forest,0.0071671144946459705,0
mimic_perform_non_af_010,0,Random Forest,0.0006682460261732766,0
mimic_perform_non_af_010,0,Random Forest,0.009368266299277147,0
mimic_perform_non_af_010,0,Random Forest,0.004296171911863753,0
mimic_perform_non_af_010,0,Random Forest,0.0020912433916860287,0
mimic_perform_non_af_010,0,Random Forest,0.005429449654413008,0
mimic_perform_non_af_010,0,Random Forest,0.019043714143075752,0
mimic_perform_non_af_010,0,Random Forest,0.00882676555744783,0
mimic_perform_non_af_010,0,Random Forest,0.0008759496565883982,0
mimic_perform_non_af_010,0,Random Forest,0.003236812780084877,0
mimic_perform_non_af_010,0,Random Forest,0.012031362396476375,0
mimic_perform_non_af_010,0,Random Forest,0.026197092322283434,0
mimic_perform_non_af_010,0,Random Forest,0.005735232870906344,0
mimic_perform_non_af_010,0,Random Forest,0.0003830046194712552,0
mimic_perform_non_af_010,0,Random Forest,0.00011714030108910653,0
mimic_perform_non_af_010,0,Random Forest,0.00011714030108910653,0
mimic_perform_non_af_010,0,Random Forest,0.004034385359849914,0
mimic_perform_non_af_010,0,Random Forest,0.00015019815232877594,0
mimic_perform_non_af_010,0,Random Forest,0.00015019815232877594,0
mimic_perform_non_af_010,0,Random Forest,0.00045273734105016433,0
mimic_perform_non_af_010,0,Random Forest,0.00015019815232877594,0
mimic_perform_non_af_010,0,Random Forest,0.002206049709434596,0
mimic_perform_non_af_010,0,Random Forest,0.006641114550841659,0
mimic_perform_non_af_010,0,Random Forest,0.0072209367914207855,0
mimic_perform_non_af_010,0,Random Forest,0.013041153778522415,0
mimic_perform_non_af_010,0,Random Forest,0.00045273734105016433,0
mimic_perform_non_af_010,0,Random Forest,0.00045273734105016433,0
mimic_perform_non_af_010,0,Random Forest,0.00045273734105016433,0
mimic_perform_non_af_010,0,Random Forest,0.0003830046194712552,0
mimic_perform_non_af_010,0,Random Forest,0.00015019815232877594,0
mimic_perform_non_af_010,0,Random Forest,0.00015019815232877594,0
mimic_perform_non_af_010,0,Random Forest,0.020933858493659058,0
mimic_perform_non_af_010,0,Random Forest,0.020933858493659058,0
mimic_perform_non_af_010,0,Random Forest,0.00015019815232877594,0
mimic_perform_non_af_010,0,Random Forest,0.00015019815232877594,0
mimic_perform_non_af_010,0,Random Forest,0.00015019815232877594,0
mimic_perform_non_af_010,0,Random Forest,0.00015019815232877594,0
mimic_perform_non_af_010,0,Random Forest,0.00011714030108910653,0
mimic_perform_non_af_010,0,Random Forest,0.0002615383305263832,0
mimic_perform_non_af_010,0,Random Forest,0.0004826166519819969,0
mimic_perform_non_af_010,0,Random Forest,0.0007109810689083194,0
mimic_perform_non_af_010,0,Random Forest,0.008658223290541682,0
mimic_perform_non_af_010,0,Random Forest,0.00018643003638674696,0
mimic_perform_non_af_010,0,Random Forest,0.003166243688319365,0
mimic_perform_non_af_010,0,Random Forest,0.004157579870818304,0
mimic_perform_non_af_010,0,Random Forest,0.0032850174234576378,0
mimic_perform_non_af_010,0,Random Forest,0.0021546388433342765,0
mimic_perform_non_af_010,0,Random Forest,0.0010699801495512025,0
mimic_perform_non_af_010,0,Random Forest,0.00045273734105016433,0
mimic_perform_non_af_010,0,Random Forest,0.00015019815232877594,0
mimic_perform_non_af_010,0,Random Forest,0.00021993087390768495,0
mimic_perform_non_af_010,0,Random Forest,0.00015019815232877594,0
mimic_perform_non_af_010,0,Random Forest,0.00015019815232877594,0
mimic_perform_non_af_010,0,Random Forest,0.027464260309557828,0
mimic_perform_non_af_010,0,Random Forest,0.010690078420316359,0
mimic_perform_non_af_010,0,Random Forest,0.027464260309557828,0
mimic_perform_non_af_010,0,Random Forest,0.007931039734014638,0
mimic_perform_non_af_010,0,Random Forest,0.02825196034254698,0
mimic_perform_non_af_010,0,Random Forest,0.6258543705215797,1
mimic_perform_non_af_010,0,Random Forest,0.538256251120039,1
mimic_perform_non_af_010,0,Random Forest,0.7972852332390441,1
mimic_perform_non_af_010,0,Random Forest,0.323311991151348,0
mimic_perform_non_af_010,0,Random Forest,0.022734194280715648,0
mimic_perform_non_af_010,0,Random Forest,0.010862825597774161,0
mimic_perform_non_af_010,0,Random Forest,0.00015019815232877594,0
mimic_perform_non_af_010,0,Random Forest,0.0007185147132064023,0
mimic_perform_non_af_010,0,Random Forest,0.0013409651246098484,0
mimic_perform_non_af_010,0,Random Forest,0.0032208684652057155,0
mimic_perform_non_af_010,0,Random Forest,0.0011050670633854429,0
mimic_perform_non_af_010,0,Random Forest,0.0016008625869851278,0
mimic_perform_non_af_010,0,Random Forest,0.0010699801495512025,0
mimic_perform_non_af_010,0,Random Forest,0.0016498023901303307,0
mimic_perform_non_af_010,0,Random Forest,0.0010699801495512025,0
mimic_perform_non_af_010,0,Random Forest,0.004034385359849914,0
mimic_perform_non_af_010,0,Random Forest,0.00021993087390768495,0
mimic_perform_non_af_010,0,Random Forest,0.016149621487498406,0
mimic_perform_non_af_010,0,Random Forest,0.05308918020910752,0
mimic_perform_non_af_010,0,Random Forest,0.015221054568456361,0
mimic_perform_non_af_010,0,Random Forest,0.009357286399670105,0
mimic_perform_non_af_010,0,Random Forest,0.000523195700044203,0
mimic_perform_non_af_010,0,Random Forest,0.001474358212975652,0
mimic_perform_non_af_010,0,Random Forest,0.004420614767800451,0
mimic_perform_non_af_010,0,Random Forest,0.026012489579033047,0
mimic_perform_non_af_010,0,Random Forest,0.023658925056987034,0
mimic_perform_non_af_010,0,Random Forest,0.0009006657459007868,0
mimic_perform_non_af_010,0,Random Forest,0.0022040215593836588,0
mimic_perform_non_af_010,0,Random Forest,0.00041923650352922626,0
mimic_perform_non_af_010,0,Random Forest,0.0032749413790554346,0
mimic_perform_non_af_011,0,Random Forest,0.00017102573879524514,0
mimic_perform_non_af_011,0,Random Forest,0.03634945168581649,0
mimic_perform_non_af_011,0,Random Forest,0.04402564864619564,0
mimic_perform_non_af_011,0,Random Forest,0.04891069619488647,0
mimic_perform_non_af_011,0,Random Forest,0.06788442042432145,0
mimic_perform_non_af_011,0,Random Forest,0.03717645275497658,0
mimic_perform_non_af_011,0,Random Forest,0.0011359218363470264,0
mimic_perform_non_af_011,0,Random Forest,0.02580310438834235,0
mimic_perform_non_af_011,0,Random Forest,0.02265383963426145,0
mimic_perform_non_af_011,0,Random Forest,0.04414700622756119,0
mimic_perform_non_af_011,0,Random Forest,0.04584994945036016,0
mimic_perform_non_af_011,0,Random Forest,0.04383927281994862,0
mimic_perform_non_af_011,0,Random Forest,0.007563843943863807,0
mimic_perform_non_af_011,0,Random Forest,0.007065444808296613,0
mimic_perform_non_af_011,0,Random Forest,0.05457535133479278,0
mimic_perform_non_af_011,0,Random Forest,0.021199605304493167,0
mimic_perform_non_af_011,0,Random Forest,0.01922697388937256,0
mimic_perform_non_af_011,0,Random Forest,0.045399582278482176,0
mimic_perform_non_af_011,0,Random Forest,0.025868083222307544,0
mimic_perform_non_af_011,0,Random Forest,0.04737485685855081,0
mimic_perform_non_af_011,0,Random Forest,0.021424084631593388,0
mimic_perform_non_af_011,0,Random Forest,0.039773319478509,0
mimic_perform_non_af_011,0,Random Forest,0.16081206341909207,0
mimic_perform_non_af_011,0,Random Forest,0.030162755367303583,0
mimic_perform_non_af_011,0,Random Forest,0.044662406133924526,0
mimic_perform_non_af_011,0,Random Forest,0.06321616546302769,0
mimic_perform_non_af_011,0,Random Forest,0.03898326009521996,0
mimic_perform_non_af_011,0,Random Forest,0.0772014734775546,0
mimic_perform_non_af_011,0,Random Forest,0.01605899061368041,0
mimic_perform_non_af_011,0,Random Forest,0.012372371518532512,0
mimic_perform_non_af_011,0,Random Forest,0.04647262181085569,0
mimic_perform_non_af_011,0,Random Forest,0.033890987927807086,0
mimic_perform_non_af_011,0,Random Forest,0.01844827155146789,0
mimic_perform_non_af_011,0,Random Forest,0.02877180056581692,0
mimic_perform_non_af_011,0,Random Forest,0.02740105750916309,0
mimic_perform_non_af_011,0,Random Forest,0.02258042204917594,0
mimic_perform_non_af_011,0,Random Forest,0.003842816427155106,0
mimic_perform_non_af_011,0,Random Forest,0.012581232145444772,0
mimic_perform_non_af_011,0,Random Forest,0.004113348828222894,0
mimic_perform_non_af_011,0,Random Forest,0.11974395777324749,0
mimic_perform_non_af_011,0,Random Forest,0.00391445115149817,0
mimic_perform_non_af_011,0,Random Forest,0.00592730797773959,0
mimic_perform_non_af_011,0,Random Forest,0.003899075217591112,0
mimic_perform_non_af_011,0,Random Forest,0.0010116378313035892,0
mimic_perform_non_af_011,0,Random Forest,0.0010116378313035892,0
mimic_perform_non_af_011,0,Random Forest,0.0009817424650853531,0
mimic_perform_non_af_011,0,Random Forest,0.0010827203302672484,0
mimic_perform_non_af_011,0,Random Forest,0.00048057394322545383,0
mimic_perform_non_af_011,0,Random Forest,0.006095377329316113,0
mimic_perform_non_af_011,0,Random Forest,0.00041903890325656334,0
mimic_perform_non_af_011,0,Random Forest,0.08545917476006903,0
mimic_perform_non_af_011,0,Random Forest,0.008127877167155344,0
mimic_perform_non_af_011,0,Random Forest,0.03960116446159789,0
mimic_perform_non_af_011,0,Random Forest,0.0016538237236491293,0
mimic_perform_non_af_011,0,Random Forest,0.0010716518698994392,0
mimic_perform_non_af_011,0,Random Forest,0.0003258525213284595,0
mimic_perform_non_af_011,0,Random Forest,0.003173986574510633,0
mimic_perform_non_af_011,0,Random Forest,0.006668869045866103,0
mimic_perform_non_af_011,0,Random Forest,0.021495056988162564,0
mimic_perform_non_af_011,0,Random Forest,0.024906092067171266,0
mimic_perform_non_af_011,0,Random Forest,0.004271760014318578,0
mimic_perform_non_af_011,0,Random Forest,0.0006660459069383481,0
mimic_perform_non_af_011,0,Random Forest,0.0073443269754633195,0
mimic_perform_non_af_011,0,Random Forest,0.0008583299941044396,0
mimic_perform_non_af_011,0,Random Forest,0.001339714802366313,0
mimic_perform_non_af_011,0,Random Forest,0.007051061462718127,0
mimic_perform_non_af_011,0,Random Forest,0.019577697059978208,0
mimic_perform_non_af_011,0,Random Forest,0.00652650976637829,0
mimic_perform_non_af_011,0,Random Forest,0.0023367349028396156,0
mimic_perform_non_af_011,0,Random Forest,0.0003873338499853607,0
mimic_perform_non_af_011,0,Random Forest,0.0003258525213284595,0
mimic_perform_non_af_011,0,Random Forest,0.0015026997788570259,0
mimic_perform_non_af_011,0,Random Forest,0.004611593869459706,0
mimic_perform_non_af_011,0,Random Forest,0.0003873338499853607,0
mimic_perform_non_af_011,0,Random Forest,0.0023367349028396156,0
mimic_perform_non_af_011,0,Random Forest,0.00048057394322545383,0
mimic_perform_non_af_011,0,Random Forest,0.0007855187470342492,0
mimic_perform_non_af_011,0,Random Forest,0.015731423903239273,0
mimic_perform_non_af_011,0,Random Forest,0.007004843557935949,0
mimic_perform_non_af_011,0,Random Forest,0.025964772576298076,0
mimic_perform_non_af_011,0,Random Forest,0.03170486954762133,0
mimic_perform_non_af_011,0,Random Forest,0.010165207574685626,0
mimic_perform_non_af_011,0,Random Forest,0.0561297260601262,0
mimic_perform_non_af_011,0,Random Forest,0.05143490445592756,0
mimic_perform_non_af_011,0,Random Forest,0.07359473837814147,0
mimic_perform_non_af_011,0,Random Forest,0.0003873338499853607,0
mimic_perform_non_af_011,0,Random Forest,0.004226531092025306,0
mimic_perform_non_af_011,0,Random Forest,0.04524662208217356,0
mimic_perform_non_af_011,0,Random Forest,0.007478021880622994,0
mimic_perform_non_af_011,0,Random Forest,0.0376474162680845,0
mimic_perform_non_af_011,0,Random Forest,0.02402137953532765,0
mimic_perform_non_af_011,0,Random Forest,0.015503761324775827,0
mimic_perform_non_af_011,0,Random Forest,0.014829837410037211,0
mimic_perform_non_af_011,0,Random Forest,0.015340915082477364,0
mimic_perform_non_af_011,0,Random Forest,0.16513262326506775,0
mimic_perform_non_af_011,0,Random Forest,0.06342573288913898,0
mimic_perform_non_af_011,0,Random Forest,0.011442331432252258,0
mimic_perform_non_af_011,0,Random Forest,0.020852999282271325,0
mimic_perform_non_af_011,0,Random Forest,0.0013343893277112998,0
mimic_perform_non_af_011,0,Random Forest,0.03477009337141552,0
mimic_perform_non_af_011,0,Random Forest,0.019171166340712996,0
mimic_perform_non_af_011,0,Random Forest,0.03070074107626865,0
mimic_perform_non_af_011,0,Random Forest,0.023288800347429497,0
mimic_perform_non_af_011,0,Random Forest,0.004975699765611021,0
mimic_perform_non_af_011,0,Random Forest,0.004539418257188509,0
mimic_perform_non_af_011,0,Random Forest,0.0005258387201975478,0
mimic_perform_non_af_011,0,Random Forest,0.07535509745121761,0
mimic_perform_non_af_011,0,Random Forest,0.015414490152450198,0
mimic_perform_non_af_011,0,Random Forest,0.00022774873645598853,0
mimic_perform_non_af_011,0,Random Forest,0.0007252611742669337,0
mimic_perform_non_af_011,0,Random Forest,0.00026520604108886564,0
mimic_perform_non_af_011,0,Random Forest,0.00026520604108886564,0
mimic_perform_non_af_011,0,Random Forest,0.00026520604108886564,0
mimic_perform_non_af_011,0,Random Forest,0.006895836671719497,0
mimic_perform_non_af_011,0,Random Forest,0.0007867425029238348,0
mimic_perform_non_af_011,0,Random Forest,0.012681377630269131,0
mimic_perform_non_af_011,0,Random Forest,0.0007252611742669337,0
mimic_perform_non_af_011,0,Random Forest,0.0007867425029238348,0
mimic_perform_non_af_012,0,Random Forest,0.936743114816637,1
mimic_perform_non_af_012,0,Random Forest,0.9479475715599532,1
mimic_perform_non_af_012,0,Random Forest,0.9538130692603327,1
mimic_perform_non_af_012,0,Random Forest,0.9271220048475545,1
mimic_perform_non_af_012,0,Random Forest,0.8988776763964741,1
mimic_perform_non_af_012,0,Random Forest,0.7830873795470282,1
mimic_perform_non_af_012,0,Random Forest,0.8225019346318493,1
mimic_perform_non_af_012,0,Random Forest,0.8378571192786451,1
mimic_perform_non_af_012,0,Random Forest,0.7502566976977757,1
mimic_perform_non_af_012,0,Random Forest,0.8227237679924022,1
mimic_perform_non_af_012,0,Random Forest,0.7823497291371837,1
mimic_perform_non_af_012,0,Random Forest,0.8339133577289758,1
mimic_perform_non_af_012,0,Random Forest,0.8368239686450516,1
mimic_perform_non_af_012,0,Random Forest,0.9507136708543762,1
mimic_perform_non_af_012,0,Random Forest,0.8748567272713782,1
mimic_perform_non_af_012,0,Random Forest,0.8727417612759767,1
mimic_perform_non_af_012,0,Random Forest,0.8500352080395638,1
mimic_perform_non_af_012,0,Random Forest,0.8702250542955667,1
mimic_perform_non_af_012,0,Random Forest,0.8591155511688716,1
mimic_perform_non_af_012,0,Random Forest,0.9593561650504696,1
mimic_perform_non_af_012,0,Random Forest,0.9537218785662692,1
mimic_perform_non_af_012,0,Random Forest,0.9567847990220482,1
mimic_perform_non_af_012,0,Random Forest,0.9534817538214253,1
mimic_perform_non_af_012,0,Random Forest,0.8991604960156248,1
mimic_perform_non_af_012,0,Random Forest,0.8059599752116863,1
mimic_perform_non_af_012,0,Random Forest,0.807100577059155,1
mimic_perform_non_af_012,0,Random Forest,0.8476853504896726,1
mimic_perform_non_af_012,0,Random Forest,0.8763682607010922,1
mimic_perform_non_af_012,0,Random Forest,0.8756224850489531,1
mimic_perform_non_af_012,0,Random Forest,0.9316333406075408,1
mimic_perform_non_af_012,0,Random Forest,0.920637720251281,1
mimic_perform_non_af_012,0,Random Forest,0.9111491416308953,1
mimic_perform_non_af_012,0,Random Forest,0.8524803079321068,1
mimic_perform_non_af_012,0,Random Forest,0.9121831760329243,1
mimic_perform_non_af_012,0,Random Forest,0.9350407190706711,1
mimic_perform_non_af_012,0,Random Forest,0.9020743423639861,1
mimic_perform_non_af_012,0,Random Forest,0.7479353932723535,1
mimic_perform_non_af_012,0,Random Forest,0.7632555442952382,1
mimic_perform_non_af_012,0,Random Forest,0.8150724238083425,1
mimic_perform_non_af_012,0,Random Forest,0.8920319508333597,1
mimic_perform_non_af_012,0,Random Forest,0.8951027867009026,1
mimic_perform_non_af_012,0,Random Forest,0.8075424088106894,1
mimic_perform_non_af_012,0,Random Forest,0.7754931562703118,1
mimic_perform_non_af_012,0,Random Forest,0.7673675435364329,1
mimic_perform_non_af_012,0,Random Forest,0.7029157733042062,1
mimic_perform_non_af_012,0,Random Forest,0.8002165201690385,1
mimic_perform_non_af_012,0,Random Forest,0.9451076118364277,1
mimic_perform_non_af_012,0,Random Forest,0.9553820723893399,1
mimic_perform_non_af_012,0,Random Forest,0.9291231504404377,1
mimic_perform_non_af_012,0,Random Forest,0.8781661474356228,1
mimic_perform_non_af_012,0,Random Forest,0.8710359200282136,1
mimic_perform_non_af_012,0,Random Forest,0.8925015078062144,1
mimic_perform_non_af_012,0,Random Forest,0.919334981283684,1
mimic_perform_non_af_012,0,Random Forest,0.9357413572652743,1
mimic_perform_non_af_012,0,Random Forest,0.8619444985596,1
mimic_perform_non_af_012,0,Random Forest,0.813963019960591,1
mimic_perform_non_af_012,0,Random Forest,0.8502747629548638,1
mimic_perform_non_af_012,0,Random Forest,0.8693513472892229,1
mimic_perform_non_af_012,0,Random Forest,0.9467174068928459,1
mimic_perform_non_af_012,0,Random Forest,0.953681252070712,1
mimic_perform_non_af_012,0,Random Forest,0.8897859531032566,1
mimic_perform_non_af_012,0,Random Forest,0.9236898625986892,1
mimic_perform_non_af_012,0,Random Forest,0.8937698247385336,1
mimic_perform_non_af_012,0,Random Forest,0.9496237462296255,1
mimic_perform_non_af_012,0,Random Forest,0.955800350659379,1
mimic_perform_non_af_012,0,Random Forest,0.9565289345734093,1
mimic_perform_non_af_012,0,Random Forest,0.9578479687859361,1
mimic_perform_non_af_012,0,Random Forest,0.953060434862126,1
mimic_perform_non_af_012,0,Random Forest,0.9573235294673259,1
mimic_perform_non_af_012,0,Random Forest,0.8615935772114165,1
mimic_perform_non_af_012,0,Random Forest,0.8481550594557556,1
mimic_perform_non_af_012,0,Random Forest,0.8319828103676639,1
mimic_perform_non_af_012,0,Random Forest,0.8743162729346406,1
mimic_perform_non_af_012,0,Random Forest,0.926306570788513,1
mimic_perform_non_af_012,0,Random Forest,0.9521772326772827,1
mimic_perform_non_af_012,0,Random Forest,0.8764991102003661,1
mimic_perform_non_af_012,0,Random Forest,0.8728164070622357,1
mimic_perform_non_af_012,0,Random Forest,0.9130333866844776,1
mimic_perform_non_af_012,0,Random Forest,0.9042786688174665,1
mimic_perform_non_af_012,0,Random Forest,0.827317813694696,1
mimic_perform_non_af_012,0,Random Forest,0.7832679667053296,1
mimic_perform_non_af_012,0,Random Forest,0.8267514470345374,1
mimic_perform_non_af_012,0,Random Forest,0.7675984718910737,1
mimic_perform_non_af_012,0,Random Forest,0.8135682801668429,1
mimic_perform_non_af_012,0,Random Forest,0.9471760120350403,1
mimic_perform_non_af_012,0,Random Forest,0.9510731534630799,1
mimic_perform_non_af_012,0,Random Forest,0.891889106608502,1
mimic_perform_non_af_012,0,Random Forest,0.7497932541838785,1
mimic_perform_non_af_012,0,Random Forest,0.7563092826573432,1
mimic_perform_non_af_012,0,Random Forest,0.864280455561753,1
mimic_perform_non_af_012,0,Random Forest,0.859549100298205,1
mimic_perform_non_af_012,0,Random Forest,0.8775857798774094,1
mimic_perform_non_af_012,0,Random Forest,0.8320580009834327,1
mimic_perform_non_af_012,0,Random Forest,0.8902139349247773,1
mimic_perform_non_af_012,0,Random Forest,0.8677637489702996,1
mimic_perform_non_af_012,0,Random Forest,0.9202787963656989,1
mimic_perform_non_af_012,0,Random Forest,0.8654972787638229,1
mimic_perform_non_af_012,0,Random Forest,0.8939315302652302,1
mimic_perform_non_af_012,0,Random Forest,0.8457412962932956,1
mimic_perform_non_af_012,0,Random Forest,0.890540376345813,1
mimic_perform_non_af_012,0,Random Forest,0.8319487404030987,1
mimic_perform_non_af_012,0,Random Forest,0.9426724706851789,1
mimic_perform_non_af_012,0,Random Forest,0.9545989853657117,1
mimic_perform_non_af_012,0,Random Forest,0.9575903661736297,1
mimic_perform_non_af_012,0,Random Forest,0.9242438846565979,1
mimic_perform_non_af_012,0,Random Forest,0.9535795887612926,1
mimic_perform_non_af_012,0,Random Forest,0.9475567710860369,1
mimic_perform_non_af_012,0,Random Forest,0.9461616412401129,1
mimic_perform_non_af_012,0,Random Forest,0.853374644366323,1
mimic_perform_non_af_012,0,Random Forest,0.8494342999712952,1
mimic_perform_non_af_012,0,Random Forest,0.8841640459445524,1
mimic_perform_non_af_012,0,Random Forest,0.8660295625138401,1
mimic_perform_non_af_012,0,Random Forest,0.8446578280876996,1
mimic_perform_non_af_012,0,Random Forest,0.9480859798644515,1
mimic_perform_non_af_012,0,Random Forest,0.953445314709549,1
mimic_perform_non_af_012,0,Random Forest,0.8553768818693279,1
mimic_perform_non_af_012,0,Random Forest,0.8928519900294266,1
mimic_perform_non_af_012,0,Random Forest,0.9499510048533714,1
mimic_perform_non_af_013,0,Random Forest,0.0,0
mimic_perform_non_af_013,0,Random Forest,1.5835312747426762e-05,0
mimic_perform_non_af_013,0,Random Forest,1.5835312747426762e-05,0
mimic_perform_non_af_013,0,Random Forest,0.00010588008887489285,0
mimic_perform_non_af_013,0,Random Forest,0.0,0
mimic_perform_non_af_013,0,Random Forest,0.0,0
mimic_perform_non_af_013,0,Random Forest,1.5835312747426762e-05,0
mimic_perform_non_af_013,0,Random Forest,0.0,0
mimic_perform_non_af_013,0,Random Forest,0.0,0
mimic_perform_non_af_013,0,Random Forest,0.0007088256330468895,0
mimic_perform_non_af_013,0,Random Forest,0.0008477737496069465,0
mimic_perform_non_af_013,0,Random Forest,0.0007088256330468895,0
mimic_perform_non_af_013,0,Random Forest,0.0,0
mimic_perform_non_af_013,0,Random Forest,0.0,0
mimic_perform_non_af_013,0,Random Forest,5.47945205479452e-05,0
mimic_perform_non_af_013,0,Random Forest,0.0,0
mimic_perform_non_af_013,0,Random Forest,0.0,0
mimic_perform_non_af_013,0,Random Forest,0.0,0
mimic_perform_non_af_013,0,Random Forest,0.0,0
mimic_perform_non_af_013,0,Random Forest,0.0,0
mimic_perform_non_af_013,0,Random Forest,1.5835312747426762e-05,0
mimic_perform_non_af_013,0,Random Forest,0.0,0
mimic_perform_non_af_013,0,Random Forest,1.5835312747426762e-05,0
mimic_perform_non_af_013,0,Random Forest,0.0,0
mimic_perform_non_af_013,0,Random Forest,0.0,0
mimic_perform_non_af_013,0,Random Forest,5.47945205479452e-05,0
mimic_perform_non_af_013,0,Random Forest,0.005404920084510972,0
mimic_perform_non_af_013,0,Random Forest,0.0056602103344183564,0
mimic_perform_non_af_013,0,Random Forest,0.031213068643454432,0
mimic_perform_non_af_013,0,Random Forest,0.006200009790149798,0
mimic_perform_non_af_013,0,Random Forest,0.0440965990176742,0
mimic_perform_non_af_013,0,Random Forest,0.005083540164369579,0
mimic_perform_non_af_013,0,Random Forest,0.005491703429675701,0
mimic_perform_non_af_013,0,Random Forest,5.47945205479452e-05,0
mimic_perform_non_af_013,0,Random Forest,5.47945205479452e-05,0
mimic_perform_non_af_013,0,Random Forest,0.0,0
mimic_perform_non_af_013,0,Random Forest,0.0,0
mimic_perform_non_af_013,0,Random Forest,0.006666666666666667,0
mimic_perform_non_af_013,0,Random Forest,0.006666666666666667,0
mimic_perform_non_af_013,0,Random Forest,0.006666666666666667,0
mimic_perform_non_af_013,0,Random Forest,5.47945205479452e-05,0
mimic_perform_non_af_013,0,Random Forest,0.00017188668953495884,0
mimic_perform_non_af_013,0,Random Forest,0.00010588008887489285,0
mimic_perform_non_af_013,0,Random Forest,0.00017188668953495884,0
mimic_perform_non_af_013,0,Random Forest,0.0026867256428873844,0
mimic_perform_non_af_013,0,Random Forest,0.003913184209321975,0
mimic_perform_non_af_013,0,Random Forest,0.014523671368849642,0
mimic_perform_non_af_013,0,Random Forest,0.003913184209321975,0
mimic_perform_non_af_013,0,Random Forest,0.0,0
mimic_perform_non_af_013,0,Random Forest,5.47945205479452e-05,0
mimic_perform_non_af_013,0,Random Forest,0.0,0
mimic_perform_non_af_013,0,Random Forest,0.0,0
mimic_perform_non_af_013,0,Random Forest,5.47945205479452e-05,0
mimic_perform_non_af_013,0,Random Forest,0.0,0
mimic_perform_non_af_013,0,Random Forest,5.47945205479452e-05,0
mimic_perform_non_af_013,0,Random Forest,0.0,0
mimic_perform_non_af_013,0,Random Forest,0.0,0
mimic_perform_non_af_013,0,Random Forest,0.0,0
mimic_perform_non_af_013,0,Random Forest,0.0,0
mimic_perform_non_af_013,0,Random Forest,0.0,0
mimic_perform_non_af_013,0,Random Forest,5.47945205479452e-05,0
mimic_perform_non_af_013,0,Random Forest,1.5835312747426762e-05,0
mimic_perform_non_af_013,0,Random Forest,0.0,0
mimic_perform_non_af_013,0,Random Forest,0.0,0
mimic_perform_non_af_013,0,Random Forest,1.5835312747426762e-05,0
mimic_perform_non_af_013,0,Random Forest,0.0,0
mimic_perform_non_af_013,0,Random Forest,1.5835312747426762e-05,0
mimic_perform_non_af_013,0,Random Forest,0.0,0
mimic_perform_non_af_013,0,Random Forest,0.0,0
mimic_perform_non_af_013,0,Random Forest,0.0,0
mimic_perform_non_af_013,0,Random Forest,0.00010588008887489285,0
mimic_perform_non_af_013,0,Random Forest,0.0,0
mimic_perform_non_af_013,0,Random Forest,0.00010588008887489285,0
mimic_perform_non_af_013,0,Random Forest,0.0005427047129850059,0
mimic_perform_non_af_013,0,Random Forest,0.004237208385100618,0
mimic_perform_non_af_013,0,Random Forest,0.00387603804631834,0
mimic_perform_non_af_013,0,Random Forest,5.47945205479452e-05,0
mimic_perform_non_af_013,0,Random Forest,0.0,0
mimic_perform_non_af_013,0,Random Forest,0.00010588008887489285,0
mimic_perform_non_af_013,0,Random Forest,0.0,0
mimic_perform_non_af_013,0,Random Forest,5.47945205479452e-05,0
mimic_perform_non_af_013,0,Random Forest,0.0,0
mimic_perform_non_af_013,0,Random Forest,0.0,0
mimic_perform_non_af_013,0,Random Forest,0.00010588008887489285,0
mimic_perform_non_af_013,0,Random Forest,0.0,0
mimic_perform_non_af_013,0,Random Forest,0.0,0
mimic_perform_non_af_013,0,Random Forest,0.0,0
mimic_perform_non_af_013,0,Random Forest,0.0,0
mimic_perform_non_af_013,0,Random Forest,0.0,0
mimic_perform_non_af_013,0,Random Forest,0.0,0
mimic_perform_non_af_013,0,Random Forest,0.0,0
mimic_perform_non_af_013,0,Random Forest,0.0,0
mimic_perform_non_af_013,0,Random Forest,5.47945205479452e-05,0
mimic_perform_non_af_013,0,Random Forest,0.00010588008887489285,0
mimic_perform_non_af_013,0,Random Forest,0.00010588008887489285,0
mimic_perform_non_af_013,0,Random Forest,0.00010588008887489285,0
mimic_perform_non_af_013,0,Random Forest,1.5835312747426762e-05,0
mimic_perform_non_af_013,0,Random Forest,0.0,0
mimic_perform_non_af_013,0,Random Forest,5.47945205479452e-05,0
mimic_perform_non_af_013,0,Random Forest,0.006682501979414094,0
mimic_perform_non_af_013,0,Random Forest,0.006682501979414094,0
mimic_perform_non_af_013,0,Random Forest,0.0,0
mimic_perform_non_af_013,0,Random Forest,0.0,0
mimic_perform_non_af_013,0,Random Forest,0.00010588008887489285,0
mimic_perform_non_af_013,0,Random Forest,0.00010588008887489285,0
mimic_perform_non_af_013,0,Random Forest,0.0,0
mimic_perform_non_af_013,0,Random Forest,0.0,0
mimic_perform_non_af_013,0,Random Forest,0.034919357686320616,0
mimic_perform_non_af_013,0,Random Forest,0.005805722650900927,0
mimic_perform_non_af_013,0,Random Forest,0.004205193550371827,0
mimic_perform_non_af_013,0,Random Forest,0.0,0
mimic_perform_non_af_013,0,Random Forest,0.00010588008887489285,0
mimic_perform_non_af_013,0,Random Forest,0.0,0
mimic_perform_non_af_013,0,Random Forest,1.5835312747426762e-05,0
mimic_perform_non_af_013,0,Random Forest,0.0,0
mimic_perform_non_af_013,0,Random Forest,0.00010588008887489285,0
mimic_perform_non_af_013,0,Random Forest,0.0,0
mimic_perform_non_af_013,0,Random Forest,0.00010588008887489285,0
mimic_perform_non_af_014,0,Random Forest,0.9840772340670698,1
mimic_perform_non_af_014,0,Random Forest,0.9831972579528713,1
mimic_perform_non_af_014,0,Random Forest,0.9622389558015317,1
mimic_perform_non_af_014,0,Random Forest,0.9464538877926849,1
mimic_perform_non_af_014,0,Random Forest,0.9858532060487759,1
mimic_perform_non_af_014,0,Random Forest,0.9855557460097764,1
mimic_perform_non_af_014,0,Random Forest,0.9857996484488009,1
mimic_perform_non_af_014,0,Random Forest,0.9859426720772714,1
mimic_perform_non_af_014,0,Random Forest,0.964444670945605,1
mimic_perform_non_af_014,0,Random Forest,0.9643847907060841,1
mimic_perform_non_af_014,0,Random Forest,0.9742953246775886,1
mimic_perform_non_af_014,0,Random Forest,0.9737500952259615,1
mimic_perform_non_af_014,0,Random Forest,0.9743847907060841,1
mimic_perform_non_af_014,0,Random Forest,0.982604789232239,1
mimic_perform_non_af_014,0,Random Forest,0.9261796882765044,1
mimic_perform_non_af_014,0,Random Forest,0.962604789232239,1
mimic_perform_non_af_014,0,Random Forest,0.9844446709456051,1
mimic_perform_non_af_014,0,Random Forest,0.9661940812364659,1
mimic_perform_non_af_014,0,Random Forest,0.9357915536607975,1
mimic_perform_non_af_014,0,Random Forest,0.9756063759916378,1
mimic_perform_non_af_014,0,Random Forest,0.9648212407161032,1
mimic_perform_non_af_014,0,Random Forest,0.9461091256109262,1
mimic_perform_non_af_014,0,Random Forest,0.952476735571014,1
mimic_perform_non_af_014,0,Random Forest,0.9419505301317069,1
mimic_perform_non_af_014,0,Random Forest,0.9351483234842256,1
mimic_perform_non_af_014,0,Random Forest,0.9359775738291901,1
mimic_perform_non_af_014,0,Random Forest,0.9780815578382819,1
mimic_perform_non_af_014,0,Random Forest,0.9837675387084596,1
mimic_perform_non_af_014,0,Random Forest,0.9779972664776126,1
mimic_perform_non_af_014,0,Random Forest,0.985700078532043,1
mimic_perform_non_af_014,0,Random Forest,0.9643011086977158,1
mimic_perform_non_af_014,0,Random Forest,0.9639306748192547,1
mimic_perform_non_af_014,0,Random Forest,0.954444670945605,1
mimic_perform_non_af_014,0,Random Forest,0.9833093234024485,1
mimic_perform_non_af_014,0,Random Forest,0.984315230647648,1
mimic_perform_non_af_014,0,Random Forest,0.9930668626466814,1
mimic_perform_non_af_014,0,Random Forest,0.9743005906070252,1
mimic_perform_non_af_014,0,Random Forest,0.973839285852745,1
mimic_perform_non_af_014,0,Random Forest,0.9679354318259683,1
mimic_perform_non_af_014,0,Random Forest,0.9857943825193642,1
mimic_perform_non_af_014,0,Random Forest,0.9858584719782125,1
mimic_perform_non_af_014,0,Random Forest,0.9858584719782125,1
mimic_perform_non_af_014,0,Random Forest,0.9847039027782223,1
mimic_perform_non_af_014,0,Random Forest,0.9845236362694352,1
mimic_perform_non_af_014,0,Random Forest,0.9847675387084596,1
mimic_perform_non_af_014,0,Random Forest,0.9861263093036265,1
mimic_perform_non_af_014,0,Random Forest,0.9736806705795149,1
mimic_perform_non_af_014,0,Random Forest,0.9848522794005012,1
mimic_perform_non_af_014,0,Random Forest,0.9846098186447343,1
mimic_perform_non_af_014,0,Random Forest,0.9743847907060841,1
mimic_perform_non_af_014,0,Random Forest,0.9738138406875617,1
mimic_perform_non_af_014,0,Random Forest,0.9736392713004689,1
mimic_perform_non_af_014,0,Random Forest,0.975274195837088,1
mimic_perform_non_af_014,0,Random Forest,0.9794424980530028,1
mimic_perform_non_af_014,0,Random Forest,0.9939106033075721,1
mimic_perform_non_af_014,0,Random Forest,0.9574965607295851,1
mimic_perform_non_af_014,0,Random Forest,0.9456444210782418,1
mimic_perform_non_af_014,0,Random Forest,0.9678667498066609,1
mimic_perform_non_af_014,0,Random Forest,0.958231016946209,1
mimic_perform_non_af_014,0,Random Forest,0.9642169085986569,1
mimic_perform_non_af_014,0,Random Forest,0.984355825530015,1
mimic_perform_non_af_014,0,Random Forest,0.9742015041654061,1
mimic_perform_non_af_014,0,Random Forest,0.9642303913926199,1
mimic_perform_non_af_014,0,Random Forest,0.9858584719782125,1
mimic_perform_non_af_014,0,Random Forest,0.9826172896695504,1
mimic_perform_non_af_014,0,Random Forest,0.9830837495847704,1
mimic_perform_non_af_014,0,Random Forest,0.9925175709566711,1
mimic_perform_non_af_014,0,Random Forest,0.9746247440178686,1
mimic_perform_non_af_014,0,Random Forest,0.9857996484488009,1
mimic_perform_non_af_014,0,Random Forest,0.9743716802291464,1
mimic_perform_non_af_014,0,Random Forest,0.9824999247061692,1
mimic_perform_non_af_014,0,Random Forest,0.9932943980293141,1
mimic_perform_non_af_014,0,Random Forest,0.971402749555894,1
mimic_perform_non_af_014,0,Random Forest,0.9936551645811074,1
mimic_perform_non_af_014,0,Random Forest,0.9876695261534708,1
mimic_perform_non_af_014,0,Random Forest,0.9972702543534377,1
mimic_perform_non_af_014,0,Random Forest,0.963802099287919,1
mimic_perform_non_af_014,0,Random Forest,0.9449819186012789,1
mimic_perform_non_af_014,0,Random Forest,0.9715119488982806,1
mimic_perform_non_af_014,0,Random Forest,0.975453829516973,1
mimic_perform_non_af_014,0,Random Forest,0.9942368451454249,1
mimic_perform_non_af_014,0,Random Forest,0.9770377854333556,1
mimic_perform_non_af_014,0,Random Forest,0.9763369227953699,1
mimic_perform_non_af_014,0,Random Forest,0.9835194369082139,1
mimic_perform_non_af_014,0,Random Forest,0.9639846757286012,1
mimic_perform_non_af_014,0,Random Forest,0.9532325177845271,1
mimic_perform_non_af_014,0,Random Forest,0.9565563014433289,1
mimic_perform_non_af_014,0,Random Forest,0.9930365806684155,1
mimic_perform_non_af_014,0,Random Forest,0.993051937273547,1
mimic_perform_non_af_014,0,Random Forest,0.9830519372735469,1
mimic_perform_non_af_014,0,Random Forest,0.9742953246775886,1
mimic_perform_non_af_014,0,Random Forest,0.993051937273547,1
mimic_perform_non_af_014,0,Random Forest,0.9929699700604323,1
mimic_perform_non_af_014,0,Random Forest,0.9741355378794868,1
mimic_perform_non_af_014,0,Random Forest,0.9856450792488104,1
mimic_perform_non_af_014,0,Random Forest,0.9319874907270972,1
mimic_perform_non_af_014,0,Random Forest,0.9614018114985231,1
mimic_perform_non_af_014,0,Random Forest,0.9839121181393007,1
mimic_perform_non_af_014,0,Random Forest,0.9845734049948683,1
mimic_perform_non_af_014,0,Random Forest,0.9782277062831091,1
mimic_perform_non_af_014,0,Random Forest,0.9741084007646215,1
mimic_perform_non_af_014,0,Random Forest,0.9936907123661775,1
mimic_perform_non_af_014,0,Random Forest,0.9570548193615016,1
mimic_perform_non_af_014,0,Random Forest,0.9934254801831643,1
mimic_perform_non_af_014,0,Random Forest,0.975700078532043,1
mimic_perform_non_af_014,0,Random Forest,0.996581349038253,1
mimic_perform_non_af_014,0,Random Forest,0.994733092815163,1
mimic_perform_non_af_014,0,Random Forest,0.9936119024139581,1
mimic_perform_non_af_014,0,Random Forest,0.9929267259404289,1
mimic_perform_non_af_014,0,Random Forest,0.969366096139527,1
mimic_perform_non_af_014,0,Random Forest,0.9912728363739081,1
mimic_perform_non_af_014,0,Random Forest,0.9450870850849927,1
mimic_perform_non_af_014,0,Random Forest,0.9857943825193642,1
mimic_perform_non_af_014,0,Random Forest,0.985700078532043,1
mimic_perform_non_af_014,0,Random Forest,0.9443821847522287,1
mimic_perform_non_af_014,0,Random Forest,0.9438797337643245,1
mimic_perform_non_af_014,0,Random Forest,0.9525899236078114,1
mimic_perform_non_af_014,0,Random Forest,0.9757747899698442,1
mimic_perform_non_af_015,0,Random Forest,0.026827309236947792,0
mimic_perform_non_af_015,0,Random Forest,0.18016064257028114,0
mimic_perform_non_af_015,0,Random Forest,0.020160642570281127,0
mimic_perform_non_af_015,0,Random Forest,0.0,0
mimic_perform_non_af_015,0,Random Forest,0.0,0
mimic_perform_non_af_015,0,Random Forest,0.04008547008547009,0
mimic_perform_non_af_015,0,Random Forest,0.12364102564102564,0
mimic_perform_non_af_015,0,Random Forest,0.2102222222222222,0
mimic_perform_non_af_015,0,Random Forest,0.0,0
mimic_perform_non_af_015,0,Random Forest,0.0,0
mimic_perform_non_af_015,0,Random Forest,0.013333333333333334,0
mimic_perform_non_af_015,0,Random Forest,0.0,0
mimic_perform_non_af_015,0,Random Forest,0.0,0
mimic_perform_non_af_015,0,Random Forest,0.0,0
mimic_perform_non_af_015,0,Random Forest,0.006912779322417877,0
mimic_perform_non_af_015,0,Random Forest,0.026827309236947792,0
mimic_perform_non_af_015,0,Random Forest,8.547008547008547e-05,0
mimic_perform_non_af_015,0,Random Forest,8.547008547008547e-05,0
mimic_perform_non_af_015,0,Random Forest,0.006827309236947791,0
mimic_perform_non_af_015,0,Random Forest,0.013579445989084544,0
mimic_perform_non_af_015,0,Random Forest,0.0,0
mimic_perform_non_af_015,0,Random Forest,0.0,0
mimic_perform_non_af_015,0,Random Forest,0.0,0
mimic_perform_non_af_015,0,Random Forest,0.0,0
mimic_perform_non_af_015,0,Random Forest,0.0,0
mimic_perform_non_af_015,0,Random Forest,0.0,0
mimic_perform_non_af_015,0,Random Forest,0.0,0
mimic_perform_non_af_015,0,Random Forest,0.007619047619047619,0
mimic_perform_non_af_015,0,Random Forest,0.020160642570281127,0
mimic_perform_non_af_015,0,Random Forest,0.04,0
mimic_perform_non_af_015,0,Random Forest,0.020160642570281127,0
mimic_perform_non_af_015,0,Random Forest,0.007619047619047619,0
mimic_perform_non_af_015,0,Random Forest,0.0,0
mimic_perform_non_af_015,0,Random Forest,0.0,0
mimic_perform_non_af_015,0,Random Forest,0.0,0
mimic_perform_non_af_015,0,Random Forest,0.0,0
mimic_perform_non_af_015,0,Random Forest,8.547008547008547e-05,0
mimic_perform_non_af_015,0,Random Forest,0.026827309236947792,0
mimic_perform_non_af_015,0,Random Forest,0.01349397590361446,0
mimic_perform_non_af_015,0,Random Forest,0.02691277932241788,0
mimic_perform_non_af_015,0,Random Forest,0.006666666666666667,0
mimic_perform_non_af_015,0,Random Forest,0.006752136752136752,0
mimic_perform_non_af_015,0,Random Forest,0.0,0
mimic_perform_non_af_015,0,Random Forest,0.0,0
mimic_perform_non_af_015,0,Random Forest,0.0,0
mimic_perform_non_af_015,0,Random Forest,0.0,0
mimic_perform_non_af_015,0,Random Forest,0.0,0
mimic_perform_non_af_015,0,Random Forest,0.0,0
mimic_perform_non_af_015,0,Random Forest,0.0,0
mimic_perform_non_af_015,0,Random Forest,0.0,0
mimic_perform_non_af_015,0,Random Forest,0.0,0
mimic_perform_non_af_015,0,Random Forest,0.0,0
mimic_perform_non_af_015,0,Random Forest,0.0,0
mimic_perform_non_af_015,0,Random Forest,0.006752136752136752,0
mimic_perform_non_af_015,0,Random Forest,0.0,0
mimic_perform_non_af_015,0,Random Forest,0.013579445989084544,0
mimic_perform_non_af_015,0,Random Forest,0.0,0
mimic_perform_non_af_015,0,Random Forest,0.0,0
mimic_perform_non_af_015,0,Random Forest,0.04,0
mimic_perform_non_af_015,0,Random Forest,8.547008547008547e-05,0
mimic_perform_non_af_015,0,Random Forest,0.0668273092369478,0
mimic_perform_non_af_015,0,Random Forest,0.7466666666666667,1
mimic_perform_non_af_015,0,Random Forest,0.22666666666666666,0
mimic_perform_non_af_015,0,Random Forest,0.03349397590361446,0
mimic_perform_non_af_015,0,Random Forest,0.0,0
mimic_perform_non_af_015,0,Random Forest,0.013579445989084544,0
mimic_perform_non_af_015,0,Random Forest,0.006666666666666667,0
mimic_perform_non_af_015,0,Random Forest,8.547008547008547e-05,0
mimic_perform_non_af_015,0,Random Forest,0.0,0
mimic_perform_non_af_015,0,Random Forest,8.547008547008547e-05,0
mimic_perform_non_af_015,0,Random Forest,0.006666666666666667,0
mimic_perform_non_af_015,0,Random Forest,8.547008547008547e-05,0
mimic_perform_non_af_015,0,Random Forest,0.0,0
mimic_perform_non_af_015,0,Random Forest,0.0,0
mimic_perform_non_af_015,0,Random Forest,0.0,0
mimic_perform_non_af_015,0,Random Forest,0.0,0
mimic_perform_non_af_015,0,Random Forest,0.0,0
mimic_perform_non_af_015,0,Random Forest,0.0001606425702811245,0
mimic_perform_non_af_015,0,Random Forest,0.01349397590361446,0
mimic_perform_non_af_015,0,Random Forest,0.01349397590361446,0
mimic_perform_non_af_015,0,Random Forest,8.547008547008547e-05,0
mimic_perform_non_af_015,0,Random Forest,0.0,0
mimic_perform_non_af_015,0,Random Forest,0.0,0
mimic_perform_non_af_015,0,Random Forest,0.0,0
mimic_perform_non_af_015,0,Random Forest,0.0,0
mimic_perform_non_af_015,0,Random Forest,0.0,0
mimic_perform_non_af_015,0,Random Forest,0.0,0
mimic_perform_non_af_015,0,Random Forest,0.0,0
mimic_perform_non_af_015,0,Random Forest,0.0,0
mimic_perform_non_af_015,0,Random Forest,0.0,0
mimic_perform_non_af_015,0,Random Forest,0.0,0
mimic_perform_non_af_015,0,Random Forest,0.0,0
mimic_perform_non_af_015,0,Random Forest,0.0,0
mimic_perform_non_af_015,0,Random Forest,8.547008547008547e-05,0
mimic_perform_non_af_015,0,Random Forest,0.006666666666666667,0
mimic_perform_non_af_015,0,Random Forest,8.547008547008547e-05,0
mimic_perform_non_af_015,0,Random Forest,0.0001606425702811245,0
mimic_perform_non_af_015,0,Random Forest,0.006827309236947791,0
mimic_perform_non_af_015,0,Random Forest,0.013333333333333334,0
mimic_perform_non_af_015,0,Random Forest,0.0,0
mimic_perform_non_af_015,0,Random Forest,0.0,0
mimic_perform_non_af_015,0,Random Forest,0.0,0
mimic_perform_non_af_015,0,Random Forest,0.0,0
mimic_perform_non_af_015,0,Random Forest,0.0,0
mimic_perform_non_af_015,0,Random Forest,0.013333333333333334,0
mimic_perform_non_af_015,0,Random Forest,0.0,0
mimic_perform_non_af_015,0,Random Forest,0.0,0
mimic_perform_non_af_015,0,Random Forest,0.0,0
mimic_perform_non_af_015,0,Random Forest,0.0,0
mimic_perform_non_af_015,0,Random Forest,0.0,0
mimic_perform_non_af_015,0,Random Forest,0.0,0
mimic_perform_non_af_015,0,Random Forest,0.0,0
mimic_perform_non_af_015,0,Random Forest,0.0,0
mimic_perform_non_af_015,0,Random Forest,0.0,0
mimic_perform_non_af_015,0,Random Forest,0.0,0
mimic_perform_non_af_015,0,Random Forest,0.0,0
mimic_perform_non_af_015,0,Random Forest,0.0,0
mimic_perform_non_af_015,0,Random Forest,0.0,0
mimic_perform_non_af_016,0,Random Forest,0.0,0
mimic_perform_non_af_016,0,Random Forest,0.0,0
mimic_perform_non_af_016,0,Random Forest,0.0,0
mimic_perform_non_af_016,0,Random Forest,0.013333333333333334,0
mimic_perform_non_af_016,0,Random Forest,0.0,0
mimic_perform_non_af_016,0,Random Forest,0.02666666666666667,0
mimic_perform_non_af_016,0,Random Forest,0.14680272108843537,0
mimic_perform_non_af_016,0,Random Forest,0.04666666666666667,0
mimic_perform_non_af_016,0,Random Forest,0.0,0
mimic_perform_non_af_016,0,Random Forest,0.0,0
mimic_perform_non_af_016,0,Random Forest,0.0,0
mimic_perform_non_af_016,0,Random Forest,0.0,0
mimic_perform_non_af_016,0,Random Forest,0.0,0
mimic_perform_non_af_016,0,Random Forest,0.0,0
mimic_perform_non_af_016,0,Random Forest,0.0,0
mimic_perform_non_af_016,0,Random Forest,0.0,0
mimic_perform_non_af_016,0,Random Forest,0.0,0
mimic_perform_non_af_016,0,Random Forest,0.0,0
mimic_perform_non_af_016,0,Random Forest,0.0,0
mimic_perform_non_af_016,0,Random Forest,0.0,0
mimic_perform_non_af_016,0,Random Forest,0.0,0
mimic_perform_non_af_016,0,Random Forest,0.0,0
mimic_perform_non_af_016,0,Random Forest,0.0,0
mimic_perform_non_af_016,0,Random Forest,0.0,0
mimic_perform_non_af_016,0,Random Forest,0.0,0
mimic_perform_non_af_016,0,Random Forest,0.00013605442176870748,0
mimic_perform_non_af_016,0,Random Forest,0.0,0
mimic_perform_non_af_016,0,Random Forest,0.0,0
mimic_perform_non_af_016,0,Random Forest,0.006802721088435374,0
mimic_perform_non_af_016,0,Random Forest,0.0,0
mimic_perform_non_af_016,0,Random Forest,0.0,0
mimic_perform_non_af_016,0,Random Forest,0.006666666666666667,0
mimic_perform_non_af_016,0,Random Forest,0.013333333333333334,0
mimic_perform_non_af_016,0,Random Forest,0.006666666666666667,0
mimic_perform_non_af_016,0,Random Forest,0.006666666666666667,0
mimic_perform_non_af_016,0,Random Forest,0.00013605442176870748,0
mimic_perform_non_af_016,0,Random Forest,0.0,0
mimic_perform_non_af_016,0,Random Forest,0.00013605442176870748,0
mimic_perform_non_af_016,0,Random Forest,0.00013605442176870748,0
mimic_perform_non_af_016,0,Random Forest,0.00013605442176870748,0
mimic_perform_non_af_016,0,Random Forest,0.0,0
mimic_perform_non_af_016,0,Random Forest,0.0,0
mimic_perform_non_af_016,0,Random Forest,0.0,0
mimic_perform_non_af_016,0,Random Forest,0.0,0
mimic_perform_non_af_016,0,Random Forest,0.0,0
mimic_perform_non_af_016,0,Random Forest,0.0,0
mimic_perform_non_af_016,0,Random Forest,0.0,0
mimic_perform_non_af_016,0,Random Forest,0.013333333333333334,0
mimic_perform_non_af_016,0,Random Forest,0.0,0
mimic_perform_non_af_016,0,Random Forest,0.0,0
mimic_perform_non_af_016,0,Random Forest,0.0,0
mimic_perform_non_af_016,0,Random Forest,0.0,0
mimic_perform_non_af_016,0,Random Forest,0.013333333333333334,0
mimic_perform_non_af_016,0,Random Forest,0.0,0
mimic_perform_non_af_016,0,Random Forest,0.02,0
mimic_perform_non_af_016,0,Random Forest,0.0,0
mimic_perform_non_af_016,0,Random Forest,0.006666666666666667,0
mimic_perform_non_af_016,0,Random Forest,0.0,0
mimic_perform_non_af_016,0,Random Forest,0.0,0
mimic_perform_non_af_016,0,Random Forest,0.0,0
mimic_perform_non_af_016,0,Random Forest,0.006666666666666667,0
mimic_perform_non_af_016,0,Random Forest,0.006666666666666667,0
mimic_perform_non_af_016,0,Random Forest,0.006666666666666667,0
mimic_perform_non_af_016,0,Random Forest,0.0,0
mimic_perform_non_af_016,0,Random Forest,0.013333333333333334,0
mimic_perform_non_af_016,0,Random Forest,0.0,0
mimic_perform_non_af_016,0,Random Forest,0.0,0
mimic_perform_non_af_016,0,Random Forest,0.0,0
mimic_perform_non_af_016,0,Random Forest,0.0,0
mimic_perform_non_af_016,0,Random Forest,0.0,0
mimic_perform_non_af_016,0,Random Forest,0.0,0
mimic_perform_non_af_016,0,Random Forest,0.0,0
mimic_perform_non_af_016,0,Random Forest,0.0,0
mimic_perform_non_af_016,0,Random Forest,0.0,0
mimic_perform_non_af_016,0,Random Forest,0.006666666666666667,0
mimic_perform_non_af_016,0,Random Forest,0.0,0
mimic_perform_non_af_016,0,Random Forest,0.0,0
mimic_perform_non_af_016,0,Random Forest,0.0,0
mimic_perform_non_af_016,0,Random Forest,0.0,0
mimic_perform_non_af_016,0,Random Forest,0.0,0
mimic_perform_non_af_016,0,Random Forest,0.0,0
mimic_perform_non_af_016,0,Random Forest,0.0,0
mimic_perform_non_af_016,0,Random Forest,0.0,0
mimic_perform_non_af_016,0,Random Forest,0.0,0
mimic_perform_non_af_016,0,Random Forest,0.0,0
mimic_perform_non_af_016,0,Random Forest,0.0,0
mimic_perform_non_af_016,0,Random Forest,0.0,0
mimic_perform_non_af_016,0,Random Forest,0.0,0
mimic_perform_non_af_016,0,Random Forest,0.0,0
mimic_perform_non_af_016,0,Random Forest,0.0,0
mimic_perform_non_af_016,0,Random Forest,0.0,0
mimic_perform_non_af_016,0,Random Forest,0.0,0
mimic_perform_non_af_016,0,Random Forest,0.0,0
mimic_perform_non_af_016,0,Random Forest,0.0,0
mimic_perform_non_af_016,0,Random Forest,0.0,0
mimic_perform_non_af_016,0,Random Forest,0.0,0
mimic_perform_non_af_016,0,Random Forest,0.0,0
mimic_perform_non_af_016,0,Random Forest,0.0,0
mimic_perform_non_af_016,0,Random Forest,0.0,0
mimic_perform_non_af_016,0,Random Forest,0.0,0
mimic_perform_non_af_016,0,Random Forest,0.0,0
mimic_perform_non_af_016,0,Random Forest,0.0,0
mimic_perform_non_af_016,0,Random Forest,0.0,0
mimic_perform_non_af_016,0,Random Forest,0.0,0
mimic_perform_non_af_016,0,Random Forest,0.0,0
mimic_perform_non_af_016,0,Random Forest,0.0,0
mimic_perform_non_af_016,0,Random Forest,0.0,0
mimic_perform_non_af_016,0,Random Forest,0.0,0
mimic_perform_non_af_016,0,Random Forest,0.0,0
mimic_perform_non_af_016,0,Random Forest,0.0,0
mimic_perform_non_af_016,0,Random Forest,0.0,0
mimic_perform_non_af_016,0,Random Forest,0.02,0
mimic_perform_non_af_016,0,Random Forest,0.0,0
mimic_perform_non_af_016,0,Random Forest,0.0,0
mimic_perform_non_af_016,0,Random Forest,0.0,0
mimic_perform_non_af_016,0,Random Forest,0.0,0
mimic_perform_non_af_016,0,Random Forest,0.0,0
mimic_perform_non_af_016,0,Random Forest,0.013333333333333334,0
mimic_perform_af_001,1,XGBoost,0.9985573887825012,1
mimic_perform_af_001,1,XGBoost,0.998330295085907,1
mimic_perform_af_001,1,XGBoost,0.9982959628105164,1
mimic_perform_af_001,1,XGBoost,0.9980080723762512,1
mimic_perform_af_001,1,XGBoost,0.9986955523490906,1
mimic_perform_af_001,1,XGBoost,0.9988529682159424,1
mimic_perform_af_001,1,XGBoost,0.9988740086555481,1
mimic_perform_af_001,1,XGBoost,0.9987127780914307,1
mimic_perform_af_001,1,XGBoost,0.9988545179367065,1
mimic_perform_af_001,1,XGBoost,0.9990549683570862,1
mimic_perform_af_001,1,XGBoost,0.9991517066955566,1
mimic_perform_af_001,1,XGBoost,0.9944130778312683,1
mimic_perform_af_001,1,XGBoost,0.99522864818573,1
mimic_perform_af_001,1,XGBoost,0.9986222982406616,1
mimic_perform_af_001,1,XGBoost,0.9928085803985596,1
mimic_perform_af_001,1,XGBoost,0.9971237778663635,1
mimic_perform_af_001,1,XGBoost,0.9971237778663635,1
mimic_perform_af_001,1,XGBoost,0.9974400997161865,1
mimic_perform_af_001,1,XGBoost,0.9984613656997681,1
mimic_perform_af_001,1,XGBoost,0.9981966614723206,1
mimic_perform_af_001,1,XGBoost,0.9987127780914307,1
mimic_perform_af_001,1,XGBoost,0.9985596537590027,1
mimic_perform_af_001,1,XGBoost,0.9978651404380798,1
mimic_perform_af_001,1,XGBoost,0.9976111650466919,1
mimic_perform_af_001,1,XGBoost,0.9970911741256714,1
mimic_perform_af_001,1,XGBoost,0.9982354640960693,1
mimic_perform_af_001,1,XGBoost,0.9984832406044006,1
mimic_perform_af_001,1,XGBoost,0.9989718198776245,1
mimic_perform_af_001,1,XGBoost,0.9984613656997681,1
mimic_perform_af_001,1,XGBoost,0.9944559931755066,1
mimic_perform_af_001,1,XGBoost,0.9986222982406616,1
mimic_perform_af_001,1,XGBoost,0.9988836646080017,1
mimic_perform_af_001,1,XGBoost,0.9990752935409546,1
mimic_perform_af_001,1,XGBoost,0.9987319111824036,1
mimic_perform_af_001,1,XGBoost,0.9981809854507446,1
mimic_perform_af_001,1,XGBoost,0.998501181602478,1
mimic_perform_af_001,1,XGBoost,0.9969684481620789,1
mimic_perform_af_001,1,XGBoost,0.998420000076294,1
mimic_perform_af_001,1,XGBoost,0.9978495836257935,1
mimic_perform_af_001,1,XGBoost,0.9972780346870422,1
mimic_perform_af_001,1,XGBoost,0.9981966614723206,1
mimic_perform_af_001,1,XGBoost,0.9984545707702637,1
mimic_perform_af_001,1,XGBoost,0.9972884654998779,1
mimic_perform_af_001,1,XGBoost,0.9982267022132874,1
mimic_perform_af_001,1,XGBoost,0.9985461235046387,1
mimic_perform_af_001,1,XGBoost,0.998501181602478,1
mimic_perform_af_001,1,XGBoost,0.9953633546829224,1
mimic_perform_af_001,1,XGBoost,0.9981966614723206,1
mimic_perform_af_001,1,XGBoost,0.9982956051826477,1
mimic_perform_af_001,1,XGBoost,0.998651921749115,1
mimic_perform_af_001,1,XGBoost,0.9989489912986755,1
mimic_perform_af_001,1,XGBoost,0.998730480670929,1
mimic_perform_af_001,1,XGBoost,0.9985910058021545,1
mimic_perform_af_001,1,XGBoost,0.997973620891571,1
mimic_perform_af_001,1,XGBoost,0.9973323345184326,1
mimic_perform_af_001,1,XGBoost,0.9980852603912354,1
mimic_perform_af_001,1,XGBoost,0.9983991980552673,1
mimic_perform_af_001,1,XGBoost,0.998330295085907,1
mimic_perform_af_001,1,XGBoost,0.9986597299575806,1
mimic_perform_af_001,1,XGBoost,0.9984869956970215,1
mimic_perform_af_001,1,XGBoost,0.9986127614974976,1
mimic_perform_af_001,1,XGBoost,0.9986222982406616,1
mimic_perform_af_001,1,XGBoost,0.9517517685890198,1
mimic_perform_af_001,1,XGBoost,0.625320315361023,1
mimic_perform_af_001,1,XGBoost,0.8858763575553894,1
mimic_perform_af_001,1,XGBoost,0.9983637928962708,1
mimic_perform_af_001,1,XGBoost,0.9983282685279846,1
mimic_perform_af_001,1,XGBoost,0.9990549683570862,1
mimic_perform_af_001,1,XGBoost,0.9984872341156006,1
mimic_perform_af_001,1,XGBoost,0.9989213943481445,1
mimic_perform_af_001,1,XGBoost,0.9979875087738037,1
mimic_perform_af_001,1,XGBoost,0.9984703660011292,1
mimic_perform_af_001,1,XGBoost,0.9984676241874695,1
mimic_perform_af_001,1,XGBoost,0.9989161491394043,1
mimic_perform_af_001,1,XGBoost,0.9985119700431824,1
mimic_perform_af_001,1,XGBoost,0.989362895488739,1
mimic_perform_af_001,1,XGBoost,0.9975294470787048,1
mimic_perform_af_001,1,XGBoost,0.9984499216079712,1
mimic_perform_af_001,1,XGBoost,0.9983406066894531,1
mimic_perform_af_001,1,XGBoost,0.9980852603912354,1
mimic_perform_af_001,1,XGBoost,0.9959610104560852,1
mimic_perform_af_001,1,XGBoost,0.9976851940155029,1
mimic_perform_af_001,1,XGBoost,0.9965183734893799,1
mimic_perform_af_001,1,XGBoost,0.9969010353088379,1
mimic_perform_af_001,1,XGBoost,0.9987378716468811,1
mimic_perform_af_001,1,XGBoost,0.9985119700431824,1
mimic_perform_af_001,1,XGBoost,0.9986222982406616,1
mimic_perform_af_001,1,XGBoost,0.9987574815750122,1
mimic_perform_af_001,1,XGBoost,0.9987378716468811,1
mimic_perform_af_001,1,XGBoost,0.9964925646781921,1
mimic_perform_af_001,1,XGBoost,0.9985105395317078,1
mimic_perform_af_001,1,XGBoost,0.9985938668251038,1
mimic_perform_af_001,1,XGBoost,0.998730480670929,1
mimic_perform_af_001,1,XGBoost,0.9978874325752258,1
mimic_perform_af_001,1,XGBoost,0.9983928799629211,1
mimic_perform_af_001,1,XGBoost,0.9976257681846619,1
mimic_perform_af_001,1,XGBoost,0.9979007244110107,1
mimic_perform_af_001,1,XGBoost,0.9980053305625916,1
mimic_perform_af_001,1,XGBoost,0.9987070560455322,1
mimic_perform_af_001,1,XGBoost,0.9988545179367065,1
mimic_perform_af_001,1,XGBoost,0.997973620891571,1
mimic_perform_af_001,1,XGBoost,0.9931765198707581,1
mimic_perform_af_001,1,XGBoost,0.9976981282234192,1
mimic_perform_af_001,1,XGBoost,0.9981569647789001,1
mimic_perform_af_001,1,XGBoost,0.9977147579193115,1
mimic_perform_af_001,1,XGBoost,0.9981966614723206,1
mimic_perform_af_001,1,XGBoost,0.9983991980552673,1
mimic_perform_af_001,1,XGBoost,0.9988545179367065,1
mimic_perform_af_001,1,XGBoost,0.9984124898910522,1
mimic_perform_af_001,1,XGBoost,0.9980823993682861,1
mimic_perform_af_001,1,XGBoost,0.9985754489898682,1
mimic_perform_af_001,1,XGBoost,0.9978988170623779,1
mimic_perform_af_001,1,XGBoost,0.9985754489898682,1
mimic_perform_af_001,1,XGBoost,0.9989718198776245,1
mimic_perform_af_001,1,XGBoost,0.9985119700431824,1
mimic_perform_af_001,1,XGBoost,0.9989235997200012,1
mimic_perform_af_001,1,XGBoost,0.9984709620475769,1
mimic_perform_af_001,1,XGBoost,0.9979647397994995,1
mimic_perform_af_002,1,XGBoost,0.9996945858001709,1
mimic_perform_af_002,1,XGBoost,0.9993451237678528,1
mimic_perform_af_002,1,XGBoost,0.9984093308448792,1
mimic_perform_af_002,1,XGBoost,0.9977856874465942,1
mimic_perform_af_002,1,XGBoost,0.9998713731765747,1
mimic_perform_af_002,1,XGBoost,0.9995580315589905,1
mimic_perform_af_002,1,XGBoost,0.9983360171318054,1
mimic_perform_af_002,1,XGBoost,0.9998010993003845,1
mimic_perform_af_002,1,XGBoost,0.9997149109840393,1
mimic_perform_af_002,1,XGBoost,0.9996057152748108,1
mimic_perform_af_002,1,XGBoost,0.9998451471328735,1
mimic_perform_af_002,1,XGBoost,0.9999082088470459,1
mimic_perform_af_002,1,XGBoost,0.9996935129165649,1
mimic_perform_af_002,1,XGBoost,0.9995806813240051,1
mimic_perform_af_002,1,XGBoost,0.9996562004089355,1
mimic_perform_af_002,1,XGBoost,0.9995064735412598,1
mimic_perform_af_002,1,XGBoost,0.9994064569473267,1
mimic_perform_af_002,1,XGBoost,0.9993013143539429,1
mimic_perform_af_002,1,XGBoost,0.9997443556785583,1
mimic_perform_af_002,1,XGBoost,0.9981959462165833,1
mimic_perform_af_002,1,XGBoost,0.9984184503555298,1
mimic_perform_af_002,1,XGBoost,0.9991136193275452,1
mimic_perform_af_002,1,XGBoost,0.999702513217926,1
mimic_perform_af_002,1,XGBoost,0.9991512298583984,1
mimic_perform_af_002,1,XGBoost,0.9997144341468811,1
mimic_perform_af_002,1,XGBoost,0.9980223178863525,1
mimic_perform_af_002,1,XGBoost,0.999669075012207,1
mimic_perform_af_002,1,XGBoost,0.9987636804580688,1
mimic_perform_af_002,1,XGBoost,0.9996672868728638,1
mimic_perform_af_002,1,XGBoost,0.9993993043899536,1
mimic_perform_af_002,1,XGBoost,0.9994660019874573,1
mimic_perform_af_002,1,XGBoost,0.9997766613960266,1
mimic_perform_af_002,1,XGBoost,0.999632716178894,1
mimic_perform_af_002,1,XGBoost,0.9999030828475952,1
mimic_perform_af_002,1,XGBoost,0.9998076558113098,1
mimic_perform_af_002,1,XGBoost,0.9995044469833374,1
mimic_perform_af_002,1,XGBoost,0.9994043111801147,1
mimic_perform_af_002,1,XGBoost,0.9987949132919312,1
mimic_perform_af_002,1,XGBoost,0.9907763600349426,1
mimic_perform_af_002,1,XGBoost,0.9061669111251831,1
mimic_perform_af_002,1,XGBoost,0.9975587129592896,1
mimic_perform_af_002,1,XGBoost,0.9992497563362122,1
mimic_perform_af_002,1,XGBoost,0.9994421601295471,1
mimic_perform_af_002,1,XGBoost,0.9988061189651489,1
mimic_perform_af_002,1,XGBoost,0.9992524981498718,1
mimic_perform_af_002,1,XGBoost,0.9992132186889648,1
mimic_perform_af_002,1,XGBoost,0.9998337030410767,1
mimic_perform_af_002,1,XGBoost,0.999474823474884,1
mimic_perform_af_002,1,XGBoost,0.9997100234031677,1
mimic_perform_af_002,1,XGBoost,0.9997169375419617,1
mimic_perform_af_002,1,XGBoost,0.9995100498199463,1
mimic_perform_af_002,1,XGBoost,0.9997177720069885,1
mimic_perform_af_002,1,XGBoost,0.9991812109947205,1
mimic_perform_af_002,1,XGBoost,0.9994924068450928,1
mimic_perform_af_002,1,XGBoost,0.9980143308639526,1
mimic_perform_af_002,1,XGBoost,0.9992990493774414,1
mimic_perform_af_002,1,XGBoost,0.9998785257339478,1
mimic_perform_af_002,1,XGBoost,0.9995830655097961,1
mimic_perform_af_002,1,XGBoost,0.9996886253356934,1
mimic_perform_af_002,1,XGBoost,0.9996979236602783,1
mimic_perform_af_002,1,XGBoost,0.9998134970664978,1
mimic_perform_af_002,1,XGBoost,0.9997358918190002,1
mimic_perform_af_002,1,XGBoost,0.9996379613876343,1
mimic_perform_af_002,1,XGBoost,0.9993371367454529,1
mimic_perform_af_002,1,XGBoost,0.9994309544563293,1
mimic_perform_af_002,1,XGBoost,0.9991334080696106,1
mimic_perform_af_002,1,XGBoost,0.9995827078819275,1
mimic_perform_af_002,1,XGBoost,0.9990708827972412,1
mimic_perform_af_002,1,XGBoost,0.9994807839393616,1
mimic_perform_af_002,1,XGBoost,0.9995100498199463,1
mimic_perform_af_002,1,XGBoost,0.9997223019599915,1
mimic_perform_af_002,1,XGBoost,0.9980093836784363,1
mimic_perform_af_002,1,XGBoost,0.9993312358856201,1
mimic_perform_af_002,1,XGBoost,0.9996107220649719,1
mimic_perform_af_002,1,XGBoost,0.9998251795768738,1
mimic_perform_af_002,1,XGBoost,0.9996744394302368,1
mimic_perform_af_002,1,XGBoost,0.9994072914123535,1
mimic_perform_af_002,1,XGBoost,0.999066174030304,1
mimic_perform_af_002,1,XGBoost,0.9992271661758423,1
mimic_perform_af_002,1,XGBoost,0.999804675579071,1
mimic_perform_af_002,1,XGBoost,0.9997100234031677,1
mimic_perform_af_002,1,XGBoost,0.9996926784515381,1
mimic_perform_af_002,1,XGBoost,0.9981077909469604,1
mimic_perform_af_002,1,XGBoost,0.999325156211853,1
mimic_perform_af_002,1,XGBoost,0.9996826648712158,1
mimic_perform_af_002,1,XGBoost,0.9996688365936279,1
mimic_perform_af_002,1,XGBoost,0.999357283115387,1
mimic_perform_af_002,1,XGBoost,0.999751627445221,1
mimic_perform_af_002,1,XGBoost,0.9992038607597351,1
mimic_perform_af_002,1,XGBoost,0.9996880292892456,1
mimic_perform_af_002,1,XGBoost,0.9995049238204956,1
mimic_perform_af_002,1,XGBoost,0.9989795088768005,1
mimic_perform_af_002,1,XGBoost,0.9988346695899963,1
mimic_perform_af_002,1,XGBoost,0.998611330986023,1
mimic_perform_af_002,1,XGBoost,0.9994211196899414,1
mimic_perform_af_002,1,XGBoost,0.9986054301261902,1
mimic_perform_af_002,1,XGBoost,0.9996652603149414,1
mimic_perform_af_002,1,XGBoost,0.9995166063308716,1
mimic_perform_af_002,1,XGBoost,0.9998056292533875,1
mimic_perform_af_002,1,XGBoost,0.9997044205665588,1
mimic_perform_af_002,1,XGBoost,0.998964786529541,1
mimic_perform_af_002,1,XGBoost,0.9987664222717285,1
mimic_perform_af_002,1,XGBoost,0.9996196031570435,1
mimic_perform_af_002,1,XGBoost,0.9994913339614868,1
mimic_perform_af_002,1,XGBoost,0.9994445443153381,1
mimic_perform_af_002,1,XGBoost,0.997776210308075,1
mimic_perform_af_002,1,XGBoost,0.9996885061264038,1
mimic_perform_af_002,1,XGBoost,0.9993509650230408,1
mimic_perform_af_002,1,XGBoost,0.9996440410614014,1
mimic_perform_af_002,1,XGBoost,0.9996463060379028,1
mimic_perform_af_002,1,XGBoost,0.9997081160545349,1
mimic_perform_af_002,1,XGBoost,0.9992826581001282,1
mimic_perform_af_002,1,XGBoost,0.9997385144233704,1
mimic_perform_af_002,1,XGBoost,0.9994970560073853,1
mimic_perform_af_002,1,XGBoost,0.999550998210907,1
mimic_perform_af_002,1,XGBoost,0.9995706677436829,1
mimic_perform_af_002,1,XGBoost,0.9984467625617981,1
mimic_perform_af_002,1,XGBoost,0.9996886253356934,1
mimic_perform_af_003,1,XGBoost,0.9997386336326599,1
mimic_perform_af_003,1,XGBoost,0.9993911981582642,1
mimic_perform_af_003,1,XGBoost,0.9997454285621643,1
mimic_perform_af_003,1,XGBoost,0.9997524619102478,1
mimic_perform_af_003,1,XGBoost,0.9990770816802979,1
mimic_perform_af_003,1,XGBoost,0.998719334602356,1
mimic_perform_af_003,1,XGBoost,0.9990164041519165,1
mimic_perform_af_003,1,XGBoost,0.9993615746498108,1
mimic_perform_af_003,1,XGBoost,0.9995520710945129,1
mimic_perform_af_003,1,XGBoost,0.9986516833305359,1
mimic_perform_af_003,1,XGBoost,0.9992623925209045,1
mimic_perform_af_003,1,XGBoost,0.9993671774864197,1
mimic_perform_af_003,1,XGBoost,0.9965548515319824,1
mimic_perform_af_003,1,XGBoost,0.9981834292411804,1
mimic_perform_af_003,1,XGBoost,0.9970899820327759,1
mimic_perform_af_003,1,XGBoost,0.9749706983566284,1
mimic_perform_af_003,1,XGBoost,0.9964380264282227,1
mimic_perform_af_003,1,XGBoost,0.9960745573043823,1
mimic_perform_af_003,1,XGBoost,0.995574951171875,1
mimic_perform_af_003,1,XGBoost,0.9953487515449524,1
mimic_perform_af_003,1,XGBoost,0.9826334118843079,1
mimic_perform_af_003,1,XGBoost,0.9972214698791504,1
mimic_perform_af_003,1,XGBoost,0.9993858337402344,1
mimic_perform_af_003,1,XGBoost,0.9967225193977356,1
mimic_perform_af_003,1,XGBoost,0.9998613595962524,1
mimic_perform_af_003,1,XGBoost,0.9997630715370178,1
mimic_perform_af_003,1,XGBoost,0.9996117949485779,1
mimic_perform_af_003,1,XGBoost,0.998316764831543,1
mimic_perform_af_003,1,XGBoost,0.788662314414978,1
mimic_perform_af_003,1,XGBoost,0.6451228260993958,1
mimic_perform_af_003,1,XGBoost,0.8603042364120483,1
mimic_perform_af_003,1,XGBoost,0.9979423880577087,1
mimic_perform_af_003,1,XGBoost,0.9988864064216614,1
mimic_perform_af_003,1,XGBoost,0.9987830519676208,1
mimic_perform_af_003,1,XGBoost,0.9973467588424683,1
mimic_perform_af_003,1,XGBoost,0.9773373603820801,1
mimic_perform_af_003,1,XGBoost,0.9985243678092957,1
mimic_perform_af_003,1,XGBoost,0.9980964064598083,1
mimic_perform_af_003,1,XGBoost,0.9810819625854492,1
mimic_perform_af_003,1,XGBoost,0.9779053330421448,1
mimic_perform_af_003,1,XGBoost,0.6755346059799194,1
mimic_perform_af_003,1,XGBoost,0.998307466506958,1
mimic_perform_af_003,1,XGBoost,0.9991395473480225,1
mimic_perform_af_003,1,XGBoost,0.9991040825843811,1
mimic_perform_af_003,1,XGBoost,0.9933098554611206,1
mimic_perform_af_003,1,XGBoost,0.9984706044197083,1
mimic_perform_af_003,1,XGBoost,0.9879113435745239,1
mimic_perform_af_003,1,XGBoost,0.9868832230567932,1
mimic_perform_af_003,1,XGBoost,0.9315313100814819,1
mimic_perform_af_003,1,XGBoost,0.9974160194396973,1
mimic_perform_af_003,1,XGBoost,0.9870188236236572,1
mimic_perform_af_003,1,XGBoost,0.9929692149162292,1
mimic_perform_af_003,1,XGBoost,0.9817432165145874,1
mimic_perform_af_003,1,XGBoost,0.9644739031791687,1
mimic_perform_af_003,1,XGBoost,0.997525155544281,1
mimic_perform_af_003,1,XGBoost,0.9986854195594788,1
mimic_perform_af_003,1,XGBoost,0.9568793177604675,1
mimic_perform_af_003,1,XGBoost,0.9919223785400391,1
mimic_perform_af_003,1,XGBoost,0.9857720732688904,1
mimic_perform_af_003,1,XGBoost,0.9942617416381836,1
mimic_perform_af_003,1,XGBoost,0.9904804825782776,1
mimic_perform_af_003,1,XGBoost,0.9969305396080017,1
mimic_perform_af_003,1,XGBoost,0.989712119102478,1
mimic_perform_af_003,1,XGBoost,0.9918659329414368,1
mimic_perform_af_003,1,XGBoost,0.9955202341079712,1
mimic_perform_af_003,1,XGBoost,0.9928897619247437,1
mimic_perform_af_003,1,XGBoost,0.9336621761322021,1
mimic_perform_af_003,1,XGBoost,0.9391566514968872,1
mimic_perform_af_003,1,XGBoost,0.9973316192626953,1
mimic_perform_af_003,1,XGBoost,0.9986384510993958,1
mimic_perform_af_003,1,XGBoost,0.9976847171783447,1
mimic_perform_af_003,1,XGBoost,0.9858899116516113,1
mimic_perform_af_003,1,XGBoost,0.9299010038375854,1
mimic_perform_af_003,1,XGBoost,0.9945433139801025,1
mimic_perform_af_003,1,XGBoost,0.9794886112213135,1
mimic_perform_af_003,1,XGBoost,0.9531969428062439,1
mimic_perform_af_003,1,XGBoost,0.9959530830383301,1
mimic_perform_af_003,1,XGBoost,0.9922669529914856,1
mimic_perform_af_003,1,XGBoost,0.9983722567558289,1
mimic_perform_af_003,1,XGBoost,0.999503493309021,1
mimic_perform_af_003,1,XGBoost,0.9997326731681824,1
mimic_perform_af_003,1,XGBoost,0.9988393187522888,1
mimic_perform_af_003,1,XGBoost,0.9983112812042236,1
mimic_perform_af_003,1,XGBoost,0.9980438947677612,1
mimic_perform_af_003,1,XGBoost,0.9923515915870667,1
mimic_perform_af_003,1,XGBoost,0.9995856881141663,1
mimic_perform_af_003,1,XGBoost,0.9984546899795532,1
mimic_perform_af_003,1,XGBoost,0.9920865893363953,1
mimic_perform_af_003,1,XGBoost,0.9768733978271484,1
mimic_perform_af_003,1,XGBoost,0.9416254758834839,1
mimic_perform_af_003,1,XGBoost,0.9805378317832947,1
mimic_perform_af_003,1,XGBoost,0.541911244392395,1
mimic_perform_af_003,1,XGBoost,0.975155770778656,1
mimic_perform_af_003,1,XGBoost,0.9713946580886841,1
mimic_perform_af_003,1,XGBoost,0.9583738446235657,1
mimic_perform_af_003,1,XGBoost,0.967607319355011,1
mimic_perform_af_003,1,XGBoost,0.9673377871513367,1
mimic_perform_af_003,1,XGBoost,0.9923496842384338,1
mimic_perform_af_003,1,XGBoost,0.9955804944038391,1
mimic_perform_af_003,1,XGBoost,0.9972363710403442,1
mimic_perform_af_003,1,XGBoost,0.9937424063682556,1
mimic_perform_af_003,1,XGBoost,0.9896318912506104,1
mimic_perform_af_003,1,XGBoost,0.9788685441017151,1
mimic_perform_af_003,1,XGBoost,0.9894596338272095,1
mimic_perform_af_003,1,XGBoost,0.983302891254425,1
mimic_perform_af_003,1,XGBoost,0.8950863480567932,1
mimic_perform_af_003,1,XGBoost,0.9895116686820984,1
mimic_perform_af_003,1,XGBoost,0.9692645072937012,1
mimic_perform_af_003,1,XGBoost,0.996553897857666,1
mimic_perform_af_003,1,XGBoost,0.9946304559707642,1
mimic_perform_af_003,1,XGBoost,0.9997121691703796,1
mimic_perform_af_003,1,XGBoost,0.9998489618301392,1
mimic_perform_af_003,1,XGBoost,0.9675084948539734,1
mimic_perform_af_003,1,XGBoost,0.9639723896980286,1
mimic_perform_af_003,1,XGBoost,0.9837537407875061,1
mimic_perform_af_003,1,XGBoost,0.9921354055404663,1
mimic_perform_af_003,1,XGBoost,0.9888449311256409,1
mimic_perform_af_003,1,XGBoost,0.9635480642318726,1
mimic_perform_af_004,1,XGBoost,0.9997853636741638,1
mimic_perform_af_004,1,XGBoost,0.9995928406715393,1
mimic_perform_af_004,1,XGBoost,0.9979154467582703,1
mimic_perform_af_004,1,XGBoost,0.9954220652580261,1
mimic_perform_af_004,1,XGBoost,0.9963028430938721,1
mimic_perform_af_004,1,XGBoost,0.9968515038490295,1
mimic_perform_af_004,1,XGBoost,0.9959194660186768,1
mimic_perform_af_004,1,XGBoost,0.9974279999732971,1
mimic_perform_af_004,1,XGBoost,0.999001681804657,1
mimic_perform_af_004,1,XGBoost,0.9995383024215698,1
mimic_perform_af_004,1,XGBoost,0.9984234571456909,1
mimic_perform_af_004,1,XGBoost,0.9987677335739136,1
mimic_perform_af_004,1,XGBoost,0.9962073564529419,1
mimic_perform_af_004,1,XGBoost,0.999596893787384,1
mimic_perform_af_004,1,XGBoost,0.9972061514854431,1
mimic_perform_af_004,1,XGBoost,0.9937126040458679,1
mimic_perform_af_004,1,XGBoost,0.9980257749557495,1
mimic_perform_af_004,1,XGBoost,0.998664140701294,1
mimic_perform_af_004,1,XGBoost,0.9975820779800415,1
mimic_perform_af_004,1,XGBoost,0.9969135522842407,1
mimic_perform_af_004,1,XGBoost,0.9956082701683044,1
mimic_perform_af_004,1,XGBoost,0.9996758699417114,1
mimic_perform_af_004,1,XGBoost,0.9998834133148193,1
mimic_perform_af_004,1,XGBoost,0.9999116659164429,1
mimic_perform_af_004,1,XGBoost,0.9998936653137207,1
mimic_perform_af_004,1,XGBoost,0.9999078512191772,1
mimic_perform_af_004,1,XGBoost,0.9999046325683594,1
mimic_perform_af_004,1,XGBoost,0.9998611211776733,1
mimic_perform_af_004,1,XGBoost,0.9990869760513306,1
mimic_perform_af_004,1,XGBoost,0.9986203908920288,1
mimic_perform_af_004,1,XGBoost,0.9990869760513306,1
mimic_perform_af_004,1,XGBoost,0.9988596439361572,1
mimic_perform_af_004,1,XGBoost,0.999674916267395,1
mimic_perform_af_004,1,XGBoost,0.9998036026954651,1
mimic_perform_af_004,1,XGBoost,0.9998787641525269,1
mimic_perform_af_004,1,XGBoost,0.9998730421066284,1
mimic_perform_af_004,1,XGBoost,0.9998534917831421,1
mimic_perform_af_004,1,XGBoost,0.9998000264167786,1
mimic_perform_af_004,1,XGBoost,0.9999194145202637,1
mimic_perform_af_004,1,XGBoost,0.9999023675918579,1
mimic_perform_af_004,1,XGBoost,0.999906063079834,1
mimic_perform_af_004,1,XGBoost,0.9998874664306641,1
mimic_perform_af_004,1,XGBoost,0.9997701048851013,1
mimic_perform_af_004,1,XGBoost,0.9998918771743774,1
mimic_perform_af_004,1,XGBoost,0.9998916387557983,1
mimic_perform_af_004,1,XGBoost,0.9998641014099121,1
mimic_perform_af_004,1,XGBoost,0.9998347759246826,1
mimic_perform_af_004,1,XGBoost,0.9997801184654236,1
mimic_perform_af_004,1,XGBoost,0.9998551607131958,1
mimic_perform_af_004,1,XGBoost,0.9999178647994995,1
mimic_perform_af_004,1,XGBoost,0.9994173049926758,1
mimic_perform_af_004,1,XGBoost,0.9972339272499084,1
mimic_perform_af_004,1,XGBoost,0.9988327622413635,1
mimic_perform_af_004,1,XGBoost,0.9998224377632141,1
mimic_perform_af_004,1,XGBoost,0.9998254179954529,1
mimic_perform_af_004,1,XGBoost,0.9998786449432373,1
mimic_perform_af_004,1,XGBoost,0.9995784163475037,1
mimic_perform_af_004,1,XGBoost,0.9996352195739746,1
mimic_perform_af_004,1,XGBoost,0.9997408986091614,1
mimic_perform_af_004,1,XGBoost,0.9998774528503418,1
mimic_perform_af_004,1,XGBoost,0.999728262424469,1
mimic_perform_af_004,1,XGBoost,0.999535083770752,1
mimic_perform_af_004,1,XGBoost,0.9997633099555969,1
mimic_perform_af_004,1,XGBoost,0.9991142153739929,1
mimic_perform_af_004,1,XGBoost,0.9981268048286438,1
mimic_perform_af_004,1,XGBoost,0.9888617396354675,1
mimic_perform_af_004,1,XGBoost,0.9978949427604675,1
mimic_perform_af_004,1,XGBoost,0.9961950778961182,1
mimic_perform_af_004,1,XGBoost,0.9984651803970337,1
mimic_perform_af_004,1,XGBoost,0.9994741082191467,1
mimic_perform_af_004,1,XGBoost,0.9996459484100342,1
mimic_perform_af_004,1,XGBoost,0.9997400641441345,1
mimic_perform_af_004,1,XGBoost,0.9997723698616028,1
mimic_perform_af_004,1,XGBoost,0.999792754650116,1
mimic_perform_af_004,1,XGBoost,0.9994425177574158,1
mimic_perform_af_004,1,XGBoost,0.9996839761734009,1
mimic_perform_af_004,1,XGBoost,0.9997684359550476,1
mimic_perform_af_004,1,XGBoost,0.9998816251754761,1
mimic_perform_af_004,1,XGBoost,0.999711811542511,1
mimic_perform_af_004,1,XGBoost,0.9997513890266418,1
mimic_perform_af_004,1,XGBoost,0.9995286464691162,1
mimic_perform_af_004,1,XGBoost,0.999790370464325,1
mimic_perform_af_004,1,XGBoost,0.9997817873954773,1
mimic_perform_af_004,1,XGBoost,0.9997702240943909,1
mimic_perform_af_004,1,XGBoost,0.9996975660324097,1
mimic_perform_af_004,1,XGBoost,0.9998084902763367,1
mimic_perform_af_004,1,XGBoost,0.9997726082801819,1
mimic_perform_af_004,1,XGBoost,0.999890923500061,1
mimic_perform_af_004,1,XGBoost,0.9998598098754883,1
mimic_perform_af_004,1,XGBoost,0.9999303817749023,1
mimic_perform_af_004,1,XGBoost,0.9998970031738281,1
mimic_perform_af_004,1,XGBoost,0.9999027252197266,1
mimic_perform_af_004,1,XGBoost,0.9998997449874878,1
mimic_perform_af_004,1,XGBoost,0.9998737573623657,1
mimic_perform_af_004,1,XGBoost,0.9998750686645508,1
mimic_perform_af_004,1,XGBoost,0.9998470544815063,1
mimic_perform_af_004,1,XGBoost,0.9998667240142822,1
mimic_perform_af_004,1,XGBoost,0.9998095631599426,1
mimic_perform_af_004,1,XGBoost,0.9998748302459717,1
mimic_perform_af_004,1,XGBoost,0.9998418092727661,1
mimic_perform_af_004,1,XGBoost,0.9998641014099121,1
mimic_perform_af_004,1,XGBoost,0.9998797178268433,1
mimic_perform_af_004,1,XGBoost,0.9996763467788696,1
mimic_perform_af_004,1,XGBoost,0.9996981620788574,1
mimic_perform_af_004,1,XGBoost,0.9997420907020569,1
mimic_perform_af_004,1,XGBoost,0.9994912147521973,1
mimic_perform_af_004,1,XGBoost,0.9995742440223694,1
mimic_perform_af_004,1,XGBoost,0.9998700618743896,1
mimic_perform_af_004,1,XGBoost,0.9998000264167786,1
mimic_perform_af_004,1,XGBoost,0.9998490810394287,1
mimic_perform_af_004,1,XGBoost,0.9998584985733032,1
mimic_perform_af_004,1,XGBoost,0.9998631477355957,1
mimic_perform_af_004,1,XGBoost,0.9999059438705444,1
mimic_perform_af_004,1,XGBoost,0.9999253749847412,1
mimic_perform_af_004,1,XGBoost,0.9999008178710938,1
mimic_perform_af_004,1,XGBoost,0.9996011853218079,1
mimic_perform_af_004,1,XGBoost,0.9999159574508667,1
mimic_perform_af_004,1,XGBoost,0.9999252557754517,1
mimic_perform_af_005,1,XGBoost,0.9372771382331848,1
mimic_perform_af_005,1,XGBoost,0.03347785025835037,0
mimic_perform_af_005,1,XGBoost,0.7916314601898193,1
mimic_perform_af_005,1,XGBoost,0.9933677315711975,1
mimic_perform_af_005,1,XGBoost,0.9741019010543823,1
mimic_perform_af_005,1,XGBoost,0.8103402256965637,1
mimic_perform_af_005,1,XGBoost,0.1890321969985962,0
mimic_perform_af_005,1,XGBoost,0.9950553178787231,1
mimic_perform_af_005,1,XGBoost,0.7082520127296448,1
mimic_perform_af_005,1,XGBoost,0.9950681924819946,1
mimic_perform_af_005,1,XGBoost,0.9929064512252808,1
mimic_perform_af_005,1,XGBoost,0.9951505661010742,1
mimic_perform_af_005,1,XGBoost,0.9572024941444397,1
mimic_perform_af_005,1,XGBoost,0.9411128759384155,1
mimic_perform_af_005,1,XGBoost,0.9807462692260742,1
mimic_perform_af_005,1,XGBoost,0.9734658002853394,1
mimic_perform_af_005,1,XGBoost,0.5235964059829712,1
mimic_perform_af_005,1,XGBoost,0.9926459789276123,1
mimic_perform_af_005,1,XGBoost,0.23331566154956818,0
mimic_perform_af_005,1,XGBoost,0.9981054067611694,1
mimic_perform_af_005,1,XGBoost,0.9967363476753235,1
mimic_perform_af_005,1,XGBoost,0.9979890584945679,1
mimic_perform_af_005,1,XGBoost,0.8565322756767273,1
mimic_perform_af_005,1,XGBoost,0.481901079416275,0
mimic_perform_af_005,1,XGBoost,0.6198300123214722,1
mimic_perform_af_005,1,XGBoost,0.5710683465003967,1
mimic_perform_af_005,1,XGBoost,0.9884648323059082,1
mimic_perform_af_005,1,XGBoost,0.9933559894561768,1
mimic_perform_af_005,1,XGBoost,0.9975025057792664,1
mimic_perform_af_005,1,XGBoost,0.9958582520484924,1
mimic_perform_af_005,1,XGBoost,0.9962682127952576,1
mimic_perform_af_005,1,XGBoost,0.9974290728569031,1
mimic_perform_af_005,1,XGBoost,0.9964331388473511,1
mimic_perform_af_005,1,XGBoost,0.9968947172164917,1
mimic_perform_af_005,1,XGBoost,0.9959172606468201,1
mimic_perform_af_005,1,XGBoost,0.9969647526741028,1
mimic_perform_af_005,1,XGBoost,0.9955720901489258,1
mimic_perform_af_005,1,XGBoost,0.8229835033416748,1
mimic_perform_af_005,1,XGBoost,0.998918890953064,1
mimic_perform_af_005,1,XGBoost,0.9990597367286682,1
mimic_perform_af_005,1,XGBoost,0.9982907176017761,1
mimic_perform_af_005,1,XGBoost,0.9951105713844299,1
mimic_perform_af_005,1,XGBoost,0.995043158531189,1
mimic_perform_af_005,1,XGBoost,0.998958945274353,1
mimic_perform_af_005,1,XGBoost,0.9911012053489685,1
mimic_perform_af_005,1,XGBoost,0.9641861915588379,1
mimic_perform_af_005,1,XGBoost,0.9818671941757202,1
mimic_perform_af_005,1,XGBoost,0.5915820002555847,1
mimic_perform_af_005,1,XGBoost,0.05509261041879654,0
mimic_perform_af_005,1,XGBoost,0.9656864404678345,1
mimic_perform_af_005,1,XGBoost,0.9952700734138489,1
mimic_perform_af_005,1,XGBoost,0.9941897392272949,1
mimic_perform_af_005,1,XGBoost,0.918092668056488,1
mimic_perform_af_005,1,XGBoost,0.9931509494781494,1
mimic_perform_af_005,1,XGBoost,0.9936490654945374,1
mimic_perform_af_005,1,XGBoost,0.9756476879119873,1
mimic_perform_af_005,1,XGBoost,0.985898494720459,1
mimic_perform_af_005,1,XGBoost,0.2775443196296692,0
mimic_perform_af_005,1,XGBoost,0.9865684509277344,1
mimic_perform_af_005,1,XGBoost,0.8553647398948669,1
mimic_perform_af_005,1,XGBoost,0.9978833794593811,1
mimic_perform_af_005,1,XGBoost,0.9940736889839172,1
mimic_perform_af_005,1,XGBoost,0.9928129315376282,1
mimic_perform_af_005,1,XGBoost,0.9948450326919556,1
mimic_perform_af_005,1,XGBoost,0.28861284255981445,0
mimic_perform_af_005,1,XGBoost,0.7074674963951111,1
mimic_perform_af_005,1,XGBoost,0.28985124826431274,0
mimic_perform_af_005,1,XGBoost,0.30582812428474426,0
mimic_perform_af_005,1,XGBoost,0.6178867220878601,1
mimic_perform_af_005,1,XGBoost,0.8413414359092712,1
mimic_perform_af_005,1,XGBoost,0.9973202347755432,1
mimic_perform_af_005,1,XGBoost,0.995718777179718,1
mimic_perform_af_005,1,XGBoost,0.9890516400337219,1
mimic_perform_af_005,1,XGBoost,0.9811568856239319,1
mimic_perform_af_005,1,XGBoost,0.9976414442062378,1
mimic_perform_af_005,1,XGBoost,0.9952291250228882,1
mimic_perform_af_005,1,XGBoost,0.9940240979194641,1
mimic_perform_af_005,1,XGBoost,0.998902440071106,1
mimic_perform_af_005,1,XGBoost,0.9912775754928589,1
mimic_perform_af_005,1,XGBoost,0.9044849872589111,1
mimic_perform_af_005,1,XGBoost,0.9925041198730469,1
mimic_perform_af_005,1,XGBoost,0.8798183798789978,1
mimic_perform_af_005,1,XGBoost,0.9623457193374634,1
mimic_perform_af_005,1,XGBoost,0.6017336249351501,1
mimic_perform_af_005,1,XGBoost,0.9882379174232483,1
mimic_perform_af_005,1,XGBoost,0.9967472553253174,1
mimic_perform_af_005,1,XGBoost,0.9975427389144897,1
mimic_perform_af_005,1,XGBoost,0.9895608425140381,1
mimic_perform_af_005,1,XGBoost,0.021465126425027847,0
mimic_perform_af_005,1,XGBoost,0.19062745571136475,0
mimic_perform_af_005,1,XGBoost,0.712211012840271,1
mimic_perform_af_005,1,XGBoost,0.9983489513397217,1
mimic_perform_af_005,1,XGBoost,0.1608368307352066,0
mimic_perform_af_005,1,XGBoost,0.5140084028244019,1
mimic_perform_af_005,1,XGBoost,0.3161979615688324,0
mimic_perform_af_005,1,XGBoost,0.256691575050354,0
mimic_perform_af_005,1,XGBoost,0.9935179948806763,1
mimic_perform_af_005,1,XGBoost,0.9976342916488647,1
mimic_perform_af_005,1,XGBoost,0.9959272742271423,1
mimic_perform_af_005,1,XGBoost,0.8962544202804565,1
mimic_perform_af_005,1,XGBoost,0.9868457317352295,1
mimic_perform_af_005,1,XGBoost,0.9955493211746216,1
mimic_perform_af_005,1,XGBoost,0.998038113117218,1
mimic_perform_af_005,1,XGBoost,0.25428035855293274,0
mimic_perform_af_005,1,XGBoost,0.6702276468276978,1
mimic_perform_af_005,1,XGBoost,0.9908067584037781,1
mimic_perform_af_005,1,XGBoost,0.9958052635192871,1
mimic_perform_af_005,1,XGBoost,0.9970445036888123,1
mimic_perform_af_005,1,XGBoost,0.9979221224784851,1
mimic_perform_af_005,1,XGBoost,0.9946427345275879,1
mimic_perform_af_005,1,XGBoost,0.9881631731987,1
mimic_perform_af_005,1,XGBoost,0.7051287293434143,1
mimic_perform_af_005,1,XGBoost,0.8349449038505554,1
mimic_perform_af_005,1,XGBoost,0.9940440058708191,1
mimic_perform_af_005,1,XGBoost,0.9963890314102173,1
mimic_perform_af_005,1,XGBoost,0.9833332896232605,1
mimic_perform_af_005,1,XGBoost,0.9046350121498108,1
mimic_perform_af_005,1,XGBoost,0.9931286573410034,1
mimic_perform_af_006,1,XGBoost,0.9998070597648621,1
mimic_perform_af_006,1,XGBoost,0.9998730421066284,1
mimic_perform_af_006,1,XGBoost,0.9996823072433472,1
mimic_perform_af_006,1,XGBoost,0.9998602867126465,1
mimic_perform_af_006,1,XGBoost,0.999849796295166,1
mimic_perform_af_006,1,XGBoost,0.999906063079834,1
mimic_perform_af_006,1,XGBoost,0.9998262524604797,1
mimic_perform_af_006,1,XGBoost,0.9851905703544617,1
mimic_perform_af_006,1,XGBoost,0.992056667804718,1
mimic_perform_af_006,1,XGBoost,0.9998255372047424,1
mimic_perform_af_006,1,XGBoost,0.9999175071716309,1
mimic_perform_af_006,1,XGBoost,0.9994533658027649,1
mimic_perform_af_006,1,XGBoost,0.9994457364082336,1
mimic_perform_af_006,1,XGBoost,0.9997947812080383,1
mimic_perform_af_006,1,XGBoost,0.9996753931045532,1
mimic_perform_af_006,1,XGBoost,0.9994307160377502,1
mimic_perform_af_006,1,XGBoost,0.9994081258773804,1
mimic_perform_af_006,1,XGBoost,0.9994888305664062,1
mimic_perform_af_006,1,XGBoost,0.9995885491371155,1
mimic_perform_af_006,1,XGBoost,0.9996064305305481,1
mimic_perform_af_006,1,XGBoost,0.9995999932289124,1
mimic_perform_af_006,1,XGBoost,0.9998492002487183,1
mimic_perform_af_006,1,XGBoost,0.9994365572929382,1
mimic_perform_af_006,1,XGBoost,0.9996938705444336,1
mimic_perform_af_006,1,XGBoost,0.9998695850372314,1
mimic_perform_af_006,1,XGBoost,0.9996010661125183,1
mimic_perform_af_006,1,XGBoost,0.9997637867927551,1
mimic_perform_af_006,1,XGBoost,0.999518871307373,1
mimic_perform_af_006,1,XGBoost,0.9994980096817017,1
mimic_perform_af_006,1,XGBoost,0.9998346567153931,1
mimic_perform_af_006,1,XGBoost,0.999906063079834,1
mimic_perform_af_006,1,XGBoost,0.9944943785667419,1
mimic_perform_af_006,1,XGBoost,0.9990829229354858,1
mimic_perform_af_006,1,XGBoost,0.9988247752189636,1
mimic_perform_af_006,1,XGBoost,0.9986280202865601,1
mimic_perform_af_006,1,XGBoost,0.9995716214179993,1
mimic_perform_af_006,1,XGBoost,0.9996069073677063,1
mimic_perform_af_006,1,XGBoost,0.9998189806938171,1
mimic_perform_af_006,1,XGBoost,0.9999141693115234,1
mimic_perform_af_006,1,XGBoost,0.9999022483825684,1
mimic_perform_af_006,1,XGBoost,0.990500271320343,1
mimic_perform_af_006,1,XGBoost,0.9496186971664429,1
mimic_perform_af_006,1,XGBoost,0.1492636799812317,0
mimic_perform_af_006,1,XGBoost,0.020414775237441063,0
mimic_perform_af_006,1,XGBoost,0.9668930172920227,1
mimic_perform_af_006,1,XGBoost,0.994563639163971,1
mimic_perform_af_006,1,XGBoost,0.9827855229377747,1
mimic_perform_af_006,1,XGBoost,0.9965153932571411,1
mimic_perform_af_006,1,XGBoost,0.9993257522583008,1
mimic_perform_af_006,1,XGBoost,0.9996672868728638,1
mimic_perform_af_006,1,XGBoost,0.9997912049293518,1
mimic_perform_af_006,1,XGBoost,0.9997057318687439,1
mimic_perform_af_006,1,XGBoost,0.9997401833534241,1
mimic_perform_af_006,1,XGBoost,0.999099850654602,1
mimic_perform_af_006,1,XGBoost,0.9998377561569214,1
mimic_perform_af_006,1,XGBoost,0.9998412132263184,1
mimic_perform_af_006,1,XGBoost,0.997138261795044,1
mimic_perform_af_006,1,XGBoost,0.9996812343597412,1
mimic_perform_af_006,1,XGBoost,0.9997912049293518,1
mimic_perform_af_006,1,XGBoost,0.9997935891151428,1
mimic_perform_af_006,1,XGBoost,0.9996193647384644,1
mimic_perform_af_006,1,XGBoost,0.9997301697731018,1
mimic_perform_af_006,1,XGBoost,0.9983336329460144,1
mimic_perform_af_006,1,XGBoost,0.9985709190368652,1
mimic_perform_af_006,1,XGBoost,0.9998096823692322,1
mimic_perform_af_006,1,XGBoost,0.9996366500854492,1
mimic_perform_af_006,1,XGBoost,0.9999058246612549,1
mimic_perform_af_006,1,XGBoost,0.9999089241027832,1
mimic_perform_af_006,1,XGBoost,0.9990313053131104,1
mimic_perform_af_006,1,XGBoost,0.9996743202209473,1
mimic_perform_af_006,1,XGBoost,0.9997342228889465,1
mimic_perform_af_006,1,XGBoost,0.9997653365135193,1
mimic_perform_af_006,1,XGBoost,0.9996887445449829,1
mimic_perform_af_006,1,XGBoost,0.9997671246528625,1
mimic_perform_af_006,1,XGBoost,0.9995761513710022,1
mimic_perform_af_006,1,XGBoost,0.9996488094329834,1
mimic_perform_af_006,1,XGBoost,0.9996651411056519,1
mimic_perform_af_006,1,XGBoost,0.9999071359634399,1
mimic_perform_af_006,1,XGBoost,0.9996585845947266,1
mimic_perform_af_006,1,XGBoost,0.9996981620788574,1
mimic_perform_af_006,1,XGBoost,0.999713122844696,1
mimic_perform_af_006,1,XGBoost,0.9999017715454102,1
mimic_perform_af_006,1,XGBoost,0.9997501969337463,1
mimic_perform_af_006,1,XGBoost,0.999508261680603,1
mimic_perform_af_006,1,XGBoost,0.9999219179153442,1
mimic_perform_af_006,1,XGBoost,0.9999141693115234,1
mimic_perform_af_006,1,XGBoost,0.9998644590377808,1
mimic_perform_af_006,1,XGBoost,0.9983841180801392,1
mimic_perform_af_006,1,XGBoost,0.9996103644371033,1
mimic_perform_af_006,1,XGBoost,0.9992201328277588,1
mimic_perform_af_006,1,XGBoost,0.9996592998504639,1
mimic_perform_af_006,1,XGBoost,0.9983951449394226,1
mimic_perform_af_006,1,XGBoost,0.9983161687850952,1
mimic_perform_af_006,1,XGBoost,0.9996492862701416,1
mimic_perform_af_006,1,XGBoost,0.9996699094772339,1
mimic_perform_af_006,1,XGBoost,0.9995927214622498,1
mimic_perform_af_006,1,XGBoost,0.9996651411056519,1
mimic_perform_af_006,1,XGBoost,0.9997363686561584,1
mimic_perform_af_006,1,XGBoost,0.9990099668502808,1
mimic_perform_af_006,1,XGBoost,0.9988787770271301,1
mimic_perform_af_006,1,XGBoost,0.9903116226196289,1
mimic_perform_af_006,1,XGBoost,0.9924482107162476,1
mimic_perform_af_006,1,XGBoost,0.9914433360099792,1
mimic_perform_af_006,1,XGBoost,0.9926884770393372,1
mimic_perform_af_006,1,XGBoost,0.9923413991928101,1
mimic_perform_af_006,1,XGBoost,0.9940557479858398,1
mimic_perform_af_006,1,XGBoost,0.998748779296875,1
mimic_perform_af_006,1,XGBoost,0.9990845918655396,1
mimic_perform_af_006,1,XGBoost,0.9992750287055969,1
mimic_perform_af_006,1,XGBoost,0.9989855885505676,1
mimic_perform_af_006,1,XGBoost,0.9880604147911072,1
mimic_perform_af_006,1,XGBoost,0.9858836531639099,1
mimic_perform_af_006,1,XGBoost,0.9915446043014526,1
mimic_perform_af_006,1,XGBoost,0.9951242804527283,1
mimic_perform_af_006,1,XGBoost,0.9993245601654053,1
mimic_perform_af_006,1,XGBoost,0.9991915822029114,1
mimic_perform_af_006,1,XGBoost,0.9992762207984924,1
mimic_perform_af_006,1,XGBoost,0.9997244477272034,1
mimic_perform_af_007,1,XGBoost,0.18608832359313965,0
mimic_perform_af_007,1,XGBoost,0.17187468707561493,0
mimic_perform_af_007,1,XGBoost,0.9954375624656677,1
mimic_perform_af_007,1,XGBoost,0.9985478520393372,1
mimic_perform_af_007,1,XGBoost,0.9990857839584351,1
mimic_perform_af_007,1,XGBoost,0.9988856911659241,1
mimic_perform_af_007,1,XGBoost,0.9988731741905212,1
mimic_perform_af_007,1,XGBoost,0.9986622333526611,1
mimic_perform_af_007,1,XGBoost,0.9987633228302002,1
mimic_perform_af_007,1,XGBoost,0.9971569776535034,1
mimic_perform_af_007,1,XGBoost,0.9973498582839966,1
mimic_perform_af_007,1,XGBoost,0.9971569776535034,1
mimic_perform_af_007,1,XGBoost,0.997364342212677,1
mimic_perform_af_007,1,XGBoost,0.9987897276878357,1
mimic_perform_af_007,1,XGBoost,0.9989011287689209,1
mimic_perform_af_007,1,XGBoost,0.997223973274231,1
mimic_perform_af_007,1,XGBoost,0.9979032278060913,1
mimic_perform_af_007,1,XGBoost,0.9982765913009644,1
mimic_perform_af_007,1,XGBoost,0.9977636337280273,1
mimic_perform_af_007,1,XGBoost,0.997627317905426,1
mimic_perform_af_007,1,XGBoost,0.9982153177261353,1
mimic_perform_af_007,1,XGBoost,0.9985647797584534,1
mimic_perform_af_007,1,XGBoost,0.9985485672950745,1
mimic_perform_af_007,1,XGBoost,0.9987756609916687,1
mimic_perform_af_007,1,XGBoost,0.9973260164260864,1
mimic_perform_af_007,1,XGBoost,0.9972327351570129,1
mimic_perform_af_007,1,XGBoost,0.9966873526573181,1
mimic_perform_af_007,1,XGBoost,0.9955635070800781,1
mimic_perform_af_007,1,XGBoost,0.9981120824813843,1
mimic_perform_af_007,1,XGBoost,0.9977889060974121,1
mimic_perform_af_007,1,XGBoost,0.9977013468742371,1
mimic_perform_af_007,1,XGBoost,0.998382568359375,1
mimic_perform_af_007,1,XGBoost,0.998690664768219,1
mimic_perform_af_007,1,XGBoost,0.9983592629432678,1
mimic_perform_af_007,1,XGBoost,0.9981750249862671,1
mimic_perform_af_007,1,XGBoost,0.997521698474884,1
mimic_perform_af_007,1,XGBoost,0.9987620115280151,1
mimic_perform_af_007,1,XGBoost,0.9949689507484436,1
mimic_perform_af_007,1,XGBoost,0.9990334510803223,1
mimic_perform_af_007,1,XGBoost,0.9977450370788574,1
mimic_perform_af_007,1,XGBoost,0.9984421133995056,1
mimic_perform_af_007,1,XGBoost,0.9987070560455322,1
mimic_perform_af_007,1,XGBoost,0.9991869330406189,1
mimic_perform_af_007,1,XGBoost,0.9985185265541077,1
mimic_perform_af_007,1,XGBoost,0.9988930821418762,1
mimic_perform_af_007,1,XGBoost,0.9985060691833496,1
mimic_perform_af_007,1,XGBoost,0.9990265369415283,1
mimic_perform_af_007,1,XGBoost,0.9935188889503479,1
mimic_perform_af_007,1,XGBoost,0.9974628686904907,1
mimic_perform_af_007,1,XGBoost,0.998648464679718,1
mimic_perform_af_007,1,XGBoost,0.9967514276504517,1
mimic_perform_af_007,1,XGBoost,0.9963198900222778,1
mimic_perform_af_007,1,XGBoost,0.9260606169700623,1
mimic_perform_af_007,1,XGBoost,0.9261829853057861,1
mimic_perform_af_007,1,XGBoost,0.9975005984306335,1
mimic_perform_af_007,1,XGBoost,0.997226893901825,1
mimic_perform_af_007,1,XGBoost,0.9091403484344482,1
mimic_perform_af_007,1,XGBoost,0.9983633160591125,1
mimic_perform_af_007,1,XGBoost,0.9980432987213135,1
mimic_perform_af_007,1,XGBoost,0.9985150694847107,1
mimic_perform_af_007,1,XGBoost,0.9893648624420166,1
mimic_perform_af_007,1,XGBoost,0.9985790252685547,1
mimic_perform_af_007,1,XGBoost,0.9965053796768188,1
mimic_perform_af_007,1,XGBoost,0.9989259839057922,1
mimic_perform_af_007,1,XGBoost,0.9988631010055542,1
mimic_perform_af_007,1,XGBoost,0.9990726709365845,1
mimic_perform_af_007,1,XGBoost,0.9960318207740784,1
mimic_perform_af_007,1,XGBoost,0.9987292885780334,1
mimic_perform_af_007,1,XGBoost,0.998988926410675,1
mimic_perform_af_007,1,XGBoost,0.9992724061012268,1
mimic_perform_af_007,1,XGBoost,0.9993411898612976,1
mimic_perform_af_007,1,XGBoost,0.9989079236984253,1
mimic_perform_af_007,1,XGBoost,0.9985790252685547,1
mimic_perform_af_007,1,XGBoost,0.9989217519760132,1
mimic_perform_af_007,1,XGBoost,0.9973365664482117,1
mimic_perform_af_007,1,XGBoost,0.998613715171814,1
mimic_perform_af_007,1,XGBoost,0.9980049729347229,1
mimic_perform_af_007,1,XGBoost,0.9978664517402649,1
mimic_perform_af_007,1,XGBoost,0.9979963898658752,1
mimic_perform_af_007,1,XGBoost,0.9990026354789734,1
mimic_perform_af_007,1,XGBoost,0.9982055425643921,1
mimic_perform_af_007,1,XGBoost,0.9991815686225891,1
mimic_perform_af_007,1,XGBoost,0.9976838827133179,1
mimic_perform_af_007,1,XGBoost,0.9981726408004761,1
mimic_perform_af_007,1,XGBoost,0.9987409710884094,1
mimic_perform_af_007,1,XGBoost,0.9967097043991089,1
mimic_perform_af_007,1,XGBoost,0.9981417655944824,1
mimic_perform_af_007,1,XGBoost,0.9967491626739502,1
mimic_perform_af_007,1,XGBoost,0.998005211353302,1
mimic_perform_af_007,1,XGBoost,0.9949679970741272,1
mimic_perform_af_007,1,XGBoost,0.9980652928352356,1
mimic_perform_af_007,1,XGBoost,0.966284990310669,1
mimic_perform_af_007,1,XGBoost,0.9977285265922546,1
mimic_perform_af_007,1,XGBoost,0.9992942810058594,1
mimic_perform_af_007,1,XGBoost,0.9990699887275696,1
mimic_perform_af_007,1,XGBoost,0.9985407590866089,1
mimic_perform_af_007,1,XGBoost,0.9980010390281677,1
mimic_perform_af_007,1,XGBoost,0.9960789084434509,1
mimic_perform_af_007,1,XGBoost,0.9982160925865173,1
mimic_perform_af_007,1,XGBoost,0.8879625797271729,1
mimic_perform_af_007,1,XGBoost,0.39171352982521057,0
mimic_perform_af_007,1,XGBoost,0.6490175724029541,1
mimic_perform_af_007,1,XGBoost,0.9959030747413635,1
mimic_perform_af_007,1,XGBoost,0.8272867798805237,1
mimic_perform_af_007,1,XGBoost,0.046904660761356354,0
mimic_perform_af_007,1,XGBoost,0.05304195359349251,0
mimic_perform_af_007,1,XGBoost,0.025668565183877945,0
mimic_perform_af_007,1,XGBoost,0.03880561143159866,0
mimic_perform_af_007,1,XGBoost,0.046295903623104095,0
mimic_perform_af_007,1,XGBoost,0.5868278741836548,1
mimic_perform_af_007,1,XGBoost,0.7327817678451538,1
mimic_perform_af_007,1,XGBoost,0.761478841304779,1
mimic_perform_af_007,1,XGBoost,0.08691790699958801,0
mimic_perform_af_007,1,XGBoost,0.4630466103553772,0
mimic_perform_af_007,1,XGBoost,0.12946298718452454,0
mimic_perform_af_007,1,XGBoost,0.02237650938332081,0
mimic_perform_af_007,1,XGBoost,0.015306685119867325,0
mimic_perform_af_007,1,XGBoost,0.6336288452148438,1
mimic_perform_af_008,1,XGBoost,0.9998958110809326,1
mimic_perform_af_008,1,XGBoost,0.999738872051239,1
mimic_perform_af_008,1,XGBoost,0.993137776851654,1
mimic_perform_af_008,1,XGBoost,0.9998719692230225,1
mimic_perform_af_008,1,XGBoost,0.9892395734786987,1
mimic_perform_af_008,1,XGBoost,0.999701201915741,1
mimic_perform_af_008,1,XGBoost,0.9998347759246826,1
mimic_perform_af_008,1,XGBoost,0.9980764389038086,1
mimic_perform_af_008,1,XGBoost,0.9555728435516357,1
mimic_perform_af_008,1,XGBoost,0.9961280226707458,1
mimic_perform_af_008,1,XGBoost,0.9115685224533081,1
mimic_perform_af_008,1,XGBoost,0.9995878338813782,1
mimic_perform_af_008,1,XGBoost,0.999413013458252,1
mimic_perform_af_008,1,XGBoost,0.9930579662322998,1
mimic_perform_af_008,1,XGBoost,0.9892138838768005,1
mimic_perform_af_008,1,XGBoost,0.998927652835846,1
mimic_perform_af_008,1,XGBoost,0.05849843472242355,0
mimic_perform_af_008,1,XGBoost,0.4696928858757019,0
mimic_perform_af_008,1,XGBoost,0.9955874681472778,1
mimic_perform_af_008,1,XGBoost,0.9750455021858215,1
mimic_perform_af_008,1,XGBoost,0.9998873472213745,1
mimic_perform_af_008,1,XGBoost,0.99919193983078,1
mimic_perform_af_008,1,XGBoost,0.9994843006134033,1
mimic_perform_af_008,1,XGBoost,0.9868916869163513,1
mimic_perform_af_008,1,XGBoost,0.9999508857727051,1
mimic_perform_af_008,1,XGBoost,0.9999594688415527,1
mimic_perform_af_008,1,XGBoost,0.9990691542625427,1
mimic_perform_af_008,1,XGBoost,0.999466598033905,1
mimic_perform_af_008,1,XGBoost,0.9738077521324158,1
mimic_perform_af_008,1,XGBoost,0.9998925924301147,1
mimic_perform_af_008,1,XGBoost,0.9991949200630188,1
mimic_perform_af_008,1,XGBoost,0.9908430576324463,1
mimic_perform_af_008,1,XGBoost,0.9995719790458679,1
mimic_perform_af_008,1,XGBoost,0.9997021555900574,1
mimic_perform_af_008,1,XGBoost,0.9998212456703186,1
mimic_perform_af_008,1,XGBoost,0.9636002779006958,1
mimic_perform_af_008,1,XGBoost,0.7633642554283142,1
mimic_perform_af_008,1,XGBoost,0.9449032545089722,1
mimic_perform_af_008,1,XGBoost,0.9522566795349121,1
mimic_perform_af_008,1,XGBoost,0.9689745903015137,1
mimic_perform_af_008,1,XGBoost,0.9689990282058716,1
mimic_perform_af_008,1,XGBoost,0.02813318371772766,0
mimic_perform_af_008,1,XGBoost,0.9793199896812439,1
mimic_perform_af_008,1,XGBoost,0.9970609545707703,1
mimic_perform_af_008,1,XGBoost,0.9998043179512024,1
mimic_perform_af_008,1,XGBoost,0.9999253749847412,1
mimic_perform_af_008,1,XGBoost,0.9992054104804993,1
mimic_perform_af_008,1,XGBoost,0.16312697529792786,0
mimic_perform_af_008,1,XGBoost,0.888725996017456,1
mimic_perform_af_008,1,XGBoost,0.9651556611061096,1
mimic_perform_af_008,1,XGBoost,0.9404801726341248,1
mimic_perform_af_008,1,XGBoost,0.9996275901794434,1
mimic_perform_af_008,1,XGBoost,0.981886625289917,1
mimic_perform_af_008,1,XGBoost,0.9998020529747009,1
mimic_perform_af_008,1,XGBoost,0.9990450739860535,1
mimic_perform_af_008,1,XGBoost,0.9996765851974487,1
mimic_perform_af_008,1,XGBoost,0.9914541244506836,1
mimic_perform_af_008,1,XGBoost,0.8195747137069702,1
mimic_perform_af_008,1,XGBoost,0.8932725191116333,1
mimic_perform_af_008,1,XGBoost,0.8192644119262695,1
mimic_perform_af_008,1,XGBoost,0.9901267290115356,1
mimic_perform_af_008,1,XGBoost,0.9984068274497986,1
mimic_perform_af_008,1,XGBoost,0.9997720122337341,1
mimic_perform_af_008,1,XGBoost,0.9997997879981995,1
mimic_perform_af_008,1,XGBoost,0.9999549388885498,1
mimic_perform_af_008,1,XGBoost,0.9991984963417053,1
mimic_perform_af_008,1,XGBoost,0.18771110475063324,0
mimic_perform_af_008,1,XGBoost,0.9985798597335815,1
mimic_perform_af_008,1,XGBoost,0.9996554851531982,1
mimic_perform_af_008,1,XGBoost,0.999855637550354,1
mimic_perform_af_008,1,XGBoost,0.999497652053833,1
mimic_perform_af_008,1,XGBoost,0.11244705319404602,0
mimic_perform_af_008,1,XGBoost,0.3863336443901062,0
mimic_perform_af_008,1,XGBoost,0.9989652633666992,1
mimic_perform_af_008,1,XGBoost,0.9914426207542419,1
mimic_perform_af_008,1,XGBoost,0.9993274211883545,1
mimic_perform_af_008,1,XGBoost,0.9995731711387634,1
mimic_perform_af_008,1,XGBoost,0.9989981055259705,1
mimic_perform_af_008,1,XGBoost,0.9990025162696838,1
mimic_perform_af_008,1,XGBoost,0.9992772936820984,1
mimic_perform_af_008,1,XGBoost,0.9998177886009216,1
mimic_perform_af_008,1,XGBoost,0.9998511075973511,1
mimic_perform_af_008,1,XGBoost,0.9995586276054382,1
mimic_perform_af_008,1,XGBoost,0.9996631145477295,1
mimic_perform_af_008,1,XGBoost,0.9998699426651001,1
mimic_perform_af_008,1,XGBoost,0.8595708012580872,1
mimic_perform_af_008,1,XGBoost,0.9922506213188171,1
mimic_perform_af_008,1,XGBoost,0.9996683597564697,1
mimic_perform_af_008,1,XGBoost,0.9949449896812439,1
mimic_perform_af_008,1,XGBoost,0.9977971315383911,1
mimic_perform_af_008,1,XGBoost,0.9982209801673889,1
mimic_perform_af_008,1,XGBoost,0.9997708201408386,1
mimic_perform_af_008,1,XGBoost,0.9995406866073608,1
mimic_perform_af_008,1,XGBoost,0.9997394680976868,1
mimic_perform_af_008,1,XGBoost,0.9991681575775146,1
mimic_perform_af_008,1,XGBoost,0.9984685778617859,1
mimic_perform_af_008,1,XGBoost,0.9998953342437744,1
mimic_perform_af_008,1,XGBoost,0.9997723698616028,1
mimic_perform_af_008,1,XGBoost,0.9997779726982117,1
mimic_perform_af_008,1,XGBoost,0.8705300688743591,1
mimic_perform_af_008,1,XGBoost,0.9977688789367676,1
mimic_perform_af_008,1,XGBoost,0.6748761534690857,1
mimic_perform_af_008,1,XGBoost,0.961406946182251,1
mimic_perform_af_008,1,XGBoost,0.9916335344314575,1
mimic_perform_af_008,1,XGBoost,0.9846187233924866,1
mimic_perform_af_008,1,XGBoost,0.9931572079658508,1
mimic_perform_af_008,1,XGBoost,0.999150276184082,1
mimic_perform_af_008,1,XGBoost,0.999167799949646,1
mimic_perform_af_008,1,XGBoost,0.9930126070976257,1
mimic_perform_af_008,1,XGBoost,0.7778031229972839,1
mimic_perform_af_008,1,XGBoost,0.7563393115997314,1
mimic_perform_af_008,1,XGBoost,0.5063318014144897,1
mimic_perform_af_008,1,XGBoost,0.3085823357105255,0
mimic_perform_af_008,1,XGBoost,0.26706016063690186,0
mimic_perform_af_008,1,XGBoost,0.9910699129104614,1
mimic_perform_af_008,1,XGBoost,0.4124720096588135,0
mimic_perform_af_008,1,XGBoost,0.9994256496429443,1
mimic_perform_af_008,1,XGBoost,0.9994674324989319,1
mimic_perform_af_009,1,XGBoost,0.999573290348053,1
mimic_perform_af_009,1,XGBoost,0.993559718132019,1
mimic_perform_af_009,1,XGBoost,0.8213034868240356,1
mimic_perform_af_009,1,XGBoost,0.9733450412750244,1
mimic_perform_af_009,1,XGBoost,0.9971842169761658,1
mimic_perform_af_009,1,XGBoost,0.9997046589851379,1
mimic_perform_af_009,1,XGBoost,0.9997966885566711,1
mimic_perform_af_009,1,XGBoost,0.9998424053192139,1
mimic_perform_af_009,1,XGBoost,0.9998807907104492,1
mimic_perform_af_009,1,XGBoost,0.9998807907104492,1
mimic_perform_af_009,1,XGBoost,0.9999481439590454,1
mimic_perform_af_009,1,XGBoost,0.9999496936798096,1
mimic_perform_af_009,1,XGBoost,0.9998944997787476,1
mimic_perform_af_009,1,XGBoost,0.9997202754020691,1
mimic_perform_af_009,1,XGBoost,0.9999216794967651,1
mimic_perform_af_009,1,XGBoost,0.9998433589935303,1
mimic_perform_af_009,1,XGBoost,0.9999010562896729,1
mimic_perform_af_009,1,XGBoost,0.9998971223831177,1
mimic_perform_af_009,1,XGBoost,0.9999269247055054,1
mimic_perform_af_009,1,XGBoost,0.9999059438705444,1
mimic_perform_af_009,1,XGBoost,0.9996628761291504,1
mimic_perform_af_009,1,XGBoost,0.999854326248169,1
mimic_perform_af_009,1,XGBoost,0.9998227953910828,1
mimic_perform_af_009,1,XGBoost,0.9998527765274048,1
mimic_perform_af_009,1,XGBoost,0.9996126294136047,1
mimic_perform_af_009,1,XGBoost,0.9995614886283875,1
mimic_perform_af_009,1,XGBoost,0.9998414516448975,1
mimic_perform_af_009,1,XGBoost,0.9998249411582947,1
mimic_perform_af_009,1,XGBoost,0.9998528957366943,1
mimic_perform_af_009,1,XGBoost,0.9999271631240845,1
mimic_perform_af_009,1,XGBoost,0.9991853833198547,1
mimic_perform_af_009,1,XGBoost,0.9986575841903687,1
mimic_perform_af_009,1,XGBoost,0.9983208775520325,1
mimic_perform_af_009,1,XGBoost,0.9999241828918457,1
mimic_perform_af_009,1,XGBoost,0.9999021291732788,1
mimic_perform_af_009,1,XGBoost,0.9999326467514038,1
mimic_perform_af_009,1,XGBoost,0.999873161315918,1
mimic_perform_af_009,1,XGBoost,0.9994471669197083,1
mimic_perform_af_009,1,XGBoost,0.9992534518241882,1
mimic_perform_af_009,1,XGBoost,0.9957154393196106,1
mimic_perform_af_009,1,XGBoost,0.9998078942298889,1
mimic_perform_af_009,1,XGBoost,0.9997791647911072,1
mimic_perform_af_009,1,XGBoost,0.9998676776885986,1
mimic_perform_af_009,1,XGBoost,0.9998841285705566,1
mimic_perform_af_009,1,XGBoost,0.999817430973053,1
mimic_perform_af_009,1,XGBoost,0.999933123588562,1
mimic_perform_af_009,1,XGBoost,0.99986732006073,1
mimic_perform_af_009,1,XGBoost,0.9998923540115356,1
mimic_perform_af_009,1,XGBoost,0.9999009370803833,1
mimic_perform_af_009,1,XGBoost,0.9998947381973267,1
mimic_perform_af_009,1,XGBoost,0.9999165534973145,1
mimic_perform_af_009,1,XGBoost,0.9995421171188354,1
mimic_perform_af_009,1,XGBoost,0.9977002739906311,1
mimic_perform_af_009,1,XGBoost,0.9977900981903076,1
mimic_perform_af_009,1,XGBoost,0.9986787438392639,1
mimic_perform_af_009,1,XGBoost,0.9998575448989868,1
mimic_perform_af_009,1,XGBoost,0.999884843826294,1
mimic_perform_af_009,1,XGBoost,0.9998918771743774,1
mimic_perform_af_009,1,XGBoost,0.9999139308929443,1
mimic_perform_af_009,1,XGBoost,0.9998735189437866,1
mimic_perform_af_009,1,XGBoost,0.999948263168335,1
mimic_perform_af_009,1,XGBoost,0.9998906850814819,1
mimic_perform_af_009,1,XGBoost,0.9998866319656372,1
mimic_perform_af_009,1,XGBoost,0.9999110698699951,1
mimic_perform_af_009,1,XGBoost,0.9999077320098877,1
mimic_perform_af_009,1,XGBoost,0.9998854398727417,1
mimic_perform_af_009,1,XGBoost,0.9998432397842407,1
mimic_perform_af_009,1,XGBoost,0.9999059438705444,1
mimic_perform_af_009,1,XGBoost,0.9999116659164429,1
mimic_perform_af_009,1,XGBoost,0.9999059438705444,1
mimic_perform_af_009,1,XGBoost,0.9997519850730896,1
mimic_perform_af_009,1,XGBoost,0.9998703002929688,1
mimic_perform_af_009,1,XGBoost,0.9999381303787231,1
mimic_perform_af_009,1,XGBoost,0.9999399185180664,1
mimic_perform_af_009,1,XGBoost,0.9998812675476074,1
mimic_perform_af_009,1,XGBoost,0.9996923208236694,1
mimic_perform_af_009,1,XGBoost,0.9996824264526367,1
mimic_perform_af_009,1,XGBoost,0.9997324347496033,1
mimic_perform_af_009,1,XGBoost,0.9999074935913086,1
mimic_perform_af_009,1,XGBoost,0.9998306035995483,1
mimic_perform_af_009,1,XGBoost,0.9998859167098999,1
mimic_perform_af_009,1,XGBoost,0.9999117851257324,1
mimic_perform_af_009,1,XGBoost,0.9999138116836548,1
mimic_perform_af_009,1,XGBoost,0.999909520149231,1
mimic_perform_af_009,1,XGBoost,0.9998992681503296,1
mimic_perform_af_009,1,XGBoost,0.9998475313186646,1
mimic_perform_af_009,1,XGBoost,0.9999209642410278,1
mimic_perform_af_009,1,XGBoost,0.9998536109924316,1
mimic_perform_af_009,1,XGBoost,0.9998456239700317,1
mimic_perform_af_009,1,XGBoost,0.9999432563781738,1
mimic_perform_af_009,1,XGBoost,0.9999239444732666,1
mimic_perform_af_009,1,XGBoost,0.999948263168335,1
mimic_perform_af_009,1,XGBoost,0.9998875856399536,1
mimic_perform_af_009,1,XGBoost,0.9998799562454224,1
mimic_perform_af_009,1,XGBoost,0.9998430013656616,1
mimic_perform_af_009,1,XGBoost,0.9998365640640259,1
mimic_perform_af_009,1,XGBoost,0.9999260902404785,1
mimic_perform_af_009,1,XGBoost,0.9999432563781738,1
mimic_perform_af_009,1,XGBoost,0.9998794794082642,1
mimic_perform_af_009,1,XGBoost,0.999784529209137,1
mimic_perform_af_009,1,XGBoost,0.9997802376747131,1
mimic_perform_af_009,1,XGBoost,0.999894380569458,1
mimic_perform_af_009,1,XGBoost,0.9999134540557861,1
mimic_perform_af_009,1,XGBoost,0.9999042749404907,1
mimic_perform_af_009,1,XGBoost,0.9999381303787231,1
mimic_perform_af_009,1,XGBoost,0.9999147653579712,1
mimic_perform_af_009,1,XGBoost,0.9998524188995361,1
mimic_perform_af_009,1,XGBoost,0.9998493194580078,1
mimic_perform_af_009,1,XGBoost,0.9997490048408508,1
mimic_perform_af_009,1,XGBoost,0.9998656511306763,1
mimic_perform_af_009,1,XGBoost,0.9997441172599792,1
mimic_perform_af_009,1,XGBoost,0.999890923500061,1
mimic_perform_af_009,1,XGBoost,0.9996559619903564,1
mimic_perform_af_009,1,XGBoost,0.9998304843902588,1
mimic_perform_af_009,1,XGBoost,0.9993175268173218,1
mimic_perform_af_009,1,XGBoost,0.9996867179870605,1
mimic_perform_af_009,1,XGBoost,0.9998874664306641,1
mimic_perform_af_009,1,XGBoost,0.9997827410697937,1
mimic_perform_af_010,1,XGBoost,0.9988598823547363,1
mimic_perform_af_010,1,XGBoost,0.9993034601211548,1
mimic_perform_af_010,1,XGBoost,0.9991934895515442,1
mimic_perform_af_010,1,XGBoost,0.9989840388298035,1
mimic_perform_af_010,1,XGBoost,0.9989026784896851,1
mimic_perform_af_010,1,XGBoost,0.9989609718322754,1
mimic_perform_af_010,1,XGBoost,0.9991700649261475,1
mimic_perform_af_010,1,XGBoost,0.9992663264274597,1
mimic_perform_af_010,1,XGBoost,0.9989359974861145,1
mimic_perform_af_010,1,XGBoost,0.9987950325012207,1
mimic_perform_af_010,1,XGBoost,0.9993911981582642,1
mimic_perform_af_010,1,XGBoost,0.9994000196456909,1
mimic_perform_af_010,1,XGBoost,0.9993875026702881,1
mimic_perform_af_010,1,XGBoost,0.9992388486862183,1
mimic_perform_af_010,1,XGBoost,0.9992926120758057,1
mimic_perform_af_010,1,XGBoost,0.9992030262947083,1
mimic_perform_af_010,1,XGBoost,0.9990271329879761,1
mimic_perform_af_010,1,XGBoost,0.9989550113677979,1
mimic_perform_af_010,1,XGBoost,0.9984662532806396,1
mimic_perform_af_010,1,XGBoost,0.9988435506820679,1
mimic_perform_af_010,1,XGBoost,0.997698962688446,1
mimic_perform_af_010,1,XGBoost,0.9970718622207642,1
mimic_perform_af_010,1,XGBoost,0.9986196756362915,1
mimic_perform_af_010,1,XGBoost,0.9984368681907654,1
mimic_perform_af_010,1,XGBoost,0.9988570213317871,1
mimic_perform_af_010,1,XGBoost,0.9987335801124573,1
mimic_perform_af_010,1,XGBoost,0.9542614221572876,1
mimic_perform_af_010,1,XGBoost,0.8981125354766846,1
mimic_perform_af_010,1,XGBoost,0.9769865870475769,1
mimic_perform_af_010,1,XGBoost,0.9982798099517822,1
mimic_perform_af_010,1,XGBoost,0.9974163770675659,1
mimic_perform_af_010,1,XGBoost,0.9987890124320984,1
mimic_perform_af_010,1,XGBoost,0.9948803186416626,1
mimic_perform_af_010,1,XGBoost,0.9959575533866882,1
mimic_perform_af_010,1,XGBoost,0.9836950302124023,1
mimic_perform_af_010,1,XGBoost,0.9989049434661865,1
mimic_perform_af_010,1,XGBoost,0.9989086389541626,1
mimic_perform_af_010,1,XGBoost,0.999212384223938,1
mimic_perform_af_010,1,XGBoost,0.9987911581993103,1
mimic_perform_af_010,1,XGBoost,0.994788646697998,1
mimic_perform_af_010,1,XGBoost,0.16219566762447357,0
mimic_perform_af_010,1,XGBoost,0.03359982371330261,0
mimic_perform_af_010,1,XGBoost,0.10319841653108597,0
mimic_perform_af_010,1,XGBoost,0.038541294634342194,0
mimic_perform_af_010,1,XGBoost,0.23388861119747162,0
mimic_perform_af_010,1,XGBoost,0.943885087966919,1
mimic_perform_af_010,1,XGBoost,0.9989769458770752,1
mimic_perform_af_010,1,XGBoost,0.9987479448318481,1
mimic_perform_af_010,1,XGBoost,0.9988613128662109,1
mimic_perform_af_010,1,XGBoost,0.9990966320037842,1
mimic_perform_af_010,1,XGBoost,0.9992551207542419,1
mimic_perform_af_010,1,XGBoost,0.9989960789680481,1
mimic_perform_af_010,1,XGBoost,0.9309819340705872,1
mimic_perform_af_010,1,XGBoost,0.9728964567184448,1
mimic_perform_af_010,1,XGBoost,0.9968631267547607,1
mimic_perform_af_010,1,XGBoost,0.9988518953323364,1
mimic_perform_af_010,1,XGBoost,0.9988514184951782,1
mimic_perform_af_010,1,XGBoost,0.9987247586250305,1
mimic_perform_af_010,1,XGBoost,0.999198853969574,1
mimic_perform_af_010,1,XGBoost,0.9992247819900513,1
mimic_perform_af_010,1,XGBoost,0.9991558790206909,1
mimic_perform_af_010,1,XGBoost,0.9990453124046326,1
mimic_perform_af_010,1,XGBoost,0.9986442923545837,1
mimic_perform_af_010,1,XGBoost,0.9985334873199463,1
mimic_perform_af_010,1,XGBoost,0.9993607401847839,1
mimic_perform_af_010,1,XGBoost,0.99925297498703,1
mimic_perform_af_010,1,XGBoost,0.9993438124656677,1
mimic_perform_af_010,1,XGBoost,0.999249279499054,1
mimic_perform_af_010,1,XGBoost,0.9990035891532898,1
mimic_perform_af_010,1,XGBoost,0.9987491369247437,1
mimic_perform_af_010,1,XGBoost,0.9987227320671082,1
mimic_perform_af_010,1,XGBoost,0.998759388923645,1
mimic_perform_af_010,1,XGBoost,0.998578667640686,1
mimic_perform_af_010,1,XGBoost,0.9983730316162109,1
mimic_perform_af_010,1,XGBoost,0.9992030262947083,1
mimic_perform_af_010,1,XGBoost,0.9992015957832336,1
mimic_perform_af_010,1,XGBoost,0.9988970756530762,1
mimic_perform_af_010,1,XGBoost,0.9982095956802368,1
mimic_perform_af_010,1,XGBoost,0.9989579916000366,1
mimic_perform_af_010,1,XGBoost,0.9990760087966919,1
mimic_perform_af_010,1,XGBoost,0.9992675185203552,1
mimic_perform_af_010,1,XGBoost,0.9991264939308167,1
mimic_perform_af_010,1,XGBoost,0.9986306428909302,1
mimic_perform_af_010,1,XGBoost,0.9986757636070251,1
mimic_perform_af_010,1,XGBoost,0.9991856217384338,1
mimic_perform_af_010,1,XGBoost,0.9991713762283325,1
mimic_perform_af_010,1,XGBoost,0.9992408752441406,1
mimic_perform_af_010,1,XGBoost,0.9990812540054321,1
mimic_perform_af_010,1,XGBoost,0.9988609552383423,1
mimic_perform_af_010,1,XGBoost,0.9986637830734253,1
mimic_perform_af_010,1,XGBoost,0.9988787770271301,1
mimic_perform_af_010,1,XGBoost,0.9992581009864807,1
mimic_perform_af_010,1,XGBoost,0.9982467889785767,1
mimic_perform_af_010,1,XGBoost,0.9988885521888733,1
mimic_perform_af_010,1,XGBoost,0.9985879063606262,1
mimic_perform_af_010,1,XGBoost,0.995290994644165,1
mimic_perform_af_010,1,XGBoost,0.9603688716888428,1
mimic_perform_af_010,1,XGBoost,0.7091212868690491,1
mimic_perform_af_010,1,XGBoost,0.7008399963378906,1
mimic_perform_af_010,1,XGBoost,0.0783848986029625,0
mimic_perform_af_010,1,XGBoost,0.1287151575088501,0
mimic_perform_af_010,1,XGBoost,0.4037436246871948,0
mimic_perform_af_010,1,XGBoost,0.38573765754699707,0
mimic_perform_af_010,1,XGBoost,0.08794005960226059,0
mimic_perform_af_010,1,XGBoost,0.7494276762008667,1
mimic_perform_af_010,1,XGBoost,0.6381627321243286,1
mimic_perform_af_010,1,XGBoost,0.9958745837211609,1
mimic_perform_af_010,1,XGBoost,0.9989122152328491,1
mimic_perform_af_010,1,XGBoost,0.9991254210472107,1
mimic_perform_af_010,1,XGBoost,0.998489260673523,1
mimic_perform_af_010,1,XGBoost,0.998222291469574,1
mimic_perform_af_010,1,XGBoost,0.9988648891448975,1
mimic_perform_af_010,1,XGBoost,0.998566210269928,1
mimic_perform_af_010,1,XGBoost,0.9983096122741699,1
mimic_perform_af_010,1,XGBoost,0.9977439641952515,1
mimic_perform_af_010,1,XGBoost,0.9985070824623108,1
mimic_perform_af_010,1,XGBoost,0.999035120010376,1
mimic_perform_af_010,1,XGBoost,0.9993264675140381,1
mimic_perform_af_011,1,XGBoost,0.9998507499694824,1
mimic_perform_af_011,1,XGBoost,0.9998254179954529,1
mimic_perform_af_011,1,XGBoost,0.9998636245727539,1
mimic_perform_af_011,1,XGBoost,0.9999138116836548,1
mimic_perform_af_011,1,XGBoost,0.9998505115509033,1
mimic_perform_af_011,1,XGBoost,0.9997391104698181,1
mimic_perform_af_011,1,XGBoost,0.9998811483383179,1
mimic_perform_af_011,1,XGBoost,0.9999229907989502,1
mimic_perform_af_011,1,XGBoost,0.9997496008872986,1
mimic_perform_af_011,1,XGBoost,0.9998555183410645,1
mimic_perform_af_011,1,XGBoost,0.9997344613075256,1
mimic_perform_af_011,1,XGBoost,0.99916672706604,1
mimic_perform_af_011,1,XGBoost,0.9996888637542725,1
mimic_perform_af_011,1,XGBoost,0.9996991157531738,1
mimic_perform_af_011,1,XGBoost,0.9998160004615784,1
mimic_perform_af_011,1,XGBoost,0.9997881054878235,1
mimic_perform_af_011,1,XGBoost,0.9998996257781982,1
mimic_perform_af_011,1,XGBoost,0.9998666048049927,1
mimic_perform_af_011,1,XGBoost,0.9998949766159058,1
mimic_perform_af_011,1,XGBoost,0.9997827410697937,1
mimic_perform_af_011,1,XGBoost,0.9998165965080261,1
mimic_perform_af_011,1,XGBoost,0.9999074935913086,1
mimic_perform_af_011,1,XGBoost,0.9998981952667236,1
mimic_perform_af_011,1,XGBoost,0.9999619722366333,1
mimic_perform_af_011,1,XGBoost,0.9998499155044556,1
mimic_perform_af_011,1,XGBoost,0.9998346567153931,1
mimic_perform_af_011,1,XGBoost,0.9980486631393433,1
mimic_perform_af_011,1,XGBoost,0.9178454279899597,1
mimic_perform_af_011,1,XGBoost,0.9476577639579773,1
mimic_perform_af_011,1,XGBoost,0.9984737038612366,1
mimic_perform_af_011,1,XGBoost,0.9998435974121094,1
mimic_perform_af_011,1,XGBoost,0.9998656511306763,1
mimic_perform_af_011,1,XGBoost,0.999890923500061,1
mimic_perform_af_011,1,XGBoost,0.9998805522918701,1
mimic_perform_af_011,1,XGBoost,0.9999022483825684,1
mimic_perform_af_011,1,XGBoost,0.9998941421508789,1
mimic_perform_af_011,1,XGBoost,0.9994750618934631,1
mimic_perform_af_011,1,XGBoost,0.9998751878738403,1
mimic_perform_af_011,1,XGBoost,0.9997586607933044,1
mimic_perform_af_011,1,XGBoost,0.9988762736320496,1
mimic_perform_af_011,1,XGBoost,0.9969580173492432,1
mimic_perform_af_011,1,XGBoost,0.9989905953407288,1
mimic_perform_af_011,1,XGBoost,0.9998314380645752,1
mimic_perform_af_011,1,XGBoost,0.9998643398284912,1
mimic_perform_af_011,1,XGBoost,0.9999058246612549,1
mimic_perform_af_011,1,XGBoost,0.9998971223831177,1
mimic_perform_af_011,1,XGBoost,0.9997627139091492,1
mimic_perform_af_011,1,XGBoost,0.9998332262039185,1
mimic_perform_af_011,1,XGBoost,0.999798595905304,1
mimic_perform_af_011,1,XGBoost,0.9995577931404114,1
mimic_perform_af_011,1,XGBoost,0.9998589754104614,1
mimic_perform_af_011,1,XGBoost,0.9998879432678223,1
mimic_perform_af_011,1,XGBoost,0.9998823404312134,1
mimic_perform_af_011,1,XGBoost,0.9998877048492432,1
mimic_perform_af_011,1,XGBoost,0.9997846484184265,1
mimic_perform_af_011,1,XGBoost,0.9995672106742859,1
mimic_perform_af_011,1,XGBoost,0.999279797077179,1
mimic_perform_af_011,1,XGBoost,0.9996362924575806,1
mimic_perform_af_011,1,XGBoost,0.9997264742851257,1
mimic_perform_af_011,1,XGBoost,0.9992703795433044,1
mimic_perform_af_011,1,XGBoost,0.9998524188995361,1
mimic_perform_af_011,1,XGBoost,0.9997394680976868,1
mimic_perform_af_011,1,XGBoost,0.9996951818466187,1
mimic_perform_af_011,1,XGBoost,0.9994832277297974,1
mimic_perform_af_011,1,XGBoost,0.999417781829834,1
mimic_perform_af_011,1,XGBoost,0.9997314810752869,1
mimic_perform_af_011,1,XGBoost,0.999835729598999,1
mimic_perform_af_011,1,XGBoost,0.9997661709785461,1
mimic_perform_af_011,1,XGBoost,0.9997437596321106,1
mimic_perform_af_011,1,XGBoost,0.9997463822364807,1
mimic_perform_af_011,1,XGBoost,0.9997469782829285,1
mimic_perform_af_011,1,XGBoost,0.999538779258728,1
mimic_perform_af_011,1,XGBoost,0.9999234676361084,1
mimic_perform_af_011,1,XGBoost,0.9998869895935059,1
mimic_perform_af_011,1,XGBoost,0.999909520149231,1
mimic_perform_af_011,1,XGBoost,0.9995924830436707,1
mimic_perform_af_011,1,XGBoost,0.9998828172683716,1
mimic_perform_af_011,1,XGBoost,0.9999134540557861,1
mimic_perform_af_011,1,XGBoost,0.9998748302459717,1
mimic_perform_af_011,1,XGBoost,0.9997590184211731,1
mimic_perform_af_011,1,XGBoost,0.9992914199829102,1
mimic_perform_af_011,1,XGBoost,0.9833936095237732,1
mimic_perform_af_011,1,XGBoost,0.9988579750061035,1
mimic_perform_af_011,1,XGBoost,0.9998718500137329,1
mimic_perform_af_011,1,XGBoost,0.9998546838760376,1
mimic_perform_af_011,1,XGBoost,0.9999227523803711,1
mimic_perform_af_011,1,XGBoost,0.999782145023346,1
mimic_perform_af_011,1,XGBoost,0.9993494153022766,1
mimic_perform_af_011,1,XGBoost,0.9994596838951111,1
mimic_perform_af_011,1,XGBoost,0.9996495246887207,1
mimic_perform_af_011,1,XGBoost,0.9999305009841919,1
mimic_perform_af_011,1,XGBoost,0.9998817443847656,1
mimic_perform_af_011,1,XGBoost,0.998569130897522,1
mimic_perform_af_011,1,XGBoost,0.9954386353492737,1
mimic_perform_af_011,1,XGBoost,0.9968776702880859,1
mimic_perform_af_011,1,XGBoost,0.9997630715370178,1
mimic_perform_af_011,1,XGBoost,0.9996819496154785,1
mimic_perform_af_011,1,XGBoost,0.9996945858001709,1
mimic_perform_af_011,1,XGBoost,0.9997299313545227,1
mimic_perform_af_011,1,XGBoost,0.9999126195907593,1
mimic_perform_af_011,1,XGBoost,0.99835604429245,1
mimic_perform_af_011,1,XGBoost,0.9983687996864319,1
mimic_perform_af_011,1,XGBoost,0.9970141649246216,1
mimic_perform_af_011,1,XGBoost,0.9984173774719238,1
mimic_perform_af_011,1,XGBoost,0.9982884526252747,1
mimic_perform_af_011,1,XGBoost,0.9995669722557068,1
mimic_perform_af_011,1,XGBoost,0.9995166063308716,1
mimic_perform_af_011,1,XGBoost,0.9996317625045776,1
mimic_perform_af_011,1,XGBoost,0.9997084736824036,1
mimic_perform_af_011,1,XGBoost,0.9996484518051147,1
mimic_perform_af_011,1,XGBoost,0.9995777010917664,1
mimic_perform_af_011,1,XGBoost,0.9995874762535095,1
mimic_perform_af_011,1,XGBoost,0.999862551689148,1
mimic_perform_af_011,1,XGBoost,0.9997602105140686,1
mimic_perform_af_011,1,XGBoost,0.9998599290847778,1
mimic_perform_af_011,1,XGBoost,0.9992569088935852,1
mimic_perform_af_011,1,XGBoost,0.9995405673980713,1
mimic_perform_af_011,1,XGBoost,0.9989286065101624,1
mimic_perform_af_012,1,XGBoost,0.999237060546875,1
mimic_perform_af_012,1,XGBoost,0.9993777275085449,1
mimic_perform_af_012,1,XGBoost,0.9991689920425415,1
mimic_perform_af_012,1,XGBoost,0.9992952346801758,1
mimic_perform_af_012,1,XGBoost,0.9993224143981934,1
mimic_perform_af_012,1,XGBoost,0.9992539286613464,1
mimic_perform_af_012,1,XGBoost,0.9993280172348022,1
mimic_perform_af_012,1,XGBoost,0.9992289543151855,1
mimic_perform_af_012,1,XGBoost,0.9993896484375,1
mimic_perform_af_012,1,XGBoost,0.9991698265075684,1
mimic_perform_af_012,1,XGBoost,0.9946227073669434,1
mimic_perform_af_012,1,XGBoost,0.9899236559867859,1
mimic_perform_af_012,1,XGBoost,0.999040424823761,1
mimic_perform_af_012,1,XGBoost,0.9992945194244385,1
mimic_perform_af_012,1,XGBoost,0.9991933703422546,1
mimic_perform_af_012,1,XGBoost,0.9992570281028748,1
mimic_perform_af_012,1,XGBoost,0.9991124272346497,1
mimic_perform_af_012,1,XGBoost,0.9993777275085449,1
mimic_perform_af_012,1,XGBoost,0.9991154074668884,1
mimic_perform_af_012,1,XGBoost,0.9993777275085449,1
mimic_perform_af_012,1,XGBoost,0.9992218017578125,1
mimic_perform_af_012,1,XGBoost,0.9991776347160339,1
mimic_perform_af_012,1,XGBoost,0.9993599057197571,1
mimic_perform_af_012,1,XGBoost,0.9990361928939819,1
mimic_perform_af_012,1,XGBoost,0.9985755681991577,1
mimic_perform_af_012,1,XGBoost,0.9981631636619568,1
mimic_perform_af_012,1,XGBoost,0.9993473887443542,1
mimic_perform_af_012,1,XGBoost,0.9993425011634827,1
mimic_perform_af_012,1,XGBoost,0.9992595314979553,1
mimic_perform_af_012,1,XGBoost,0.9989411234855652,1
mimic_perform_af_012,1,XGBoost,0.9992204904556274,1
mimic_perform_af_012,1,XGBoost,0.9986748695373535,1
mimic_perform_af_012,1,XGBoost,0.9991459846496582,1
mimic_perform_af_012,1,XGBoost,0.999279797077179,1
mimic_perform_af_012,1,XGBoost,0.9993295669555664,1
mimic_perform_af_012,1,XGBoost,0.999355137348175,1
mimic_perform_af_012,1,XGBoost,0.999355137348175,1
mimic_perform_af_012,1,XGBoost,0.9993425011634827,1
mimic_perform_af_012,1,XGBoost,0.999336302280426,1
mimic_perform_af_012,1,XGBoost,0.999336302280426,1
mimic_perform_af_012,1,XGBoost,0.9992419481277466,1
mimic_perform_af_012,1,XGBoost,0.9993295669555664,1
mimic_perform_af_012,1,XGBoost,0.9992653727531433,1
mimic_perform_af_012,1,XGBoost,0.9993709921836853,1
mimic_perform_af_012,1,XGBoost,0.9993565678596497,1
mimic_perform_af_012,1,XGBoost,0.9993425011634827,1
mimic_perform_af_012,1,XGBoost,0.9993295669555664,1
mimic_perform_af_012,1,XGBoost,0.9993184804916382,1
mimic_perform_af_012,1,XGBoost,0.9993896484375,1
mimic_perform_af_012,1,XGBoost,0.9991279244422913,1
mimic_perform_af_012,1,XGBoost,0.9992293119430542,1
mimic_perform_af_012,1,XGBoost,0.9992462396621704,1
mimic_perform_af_012,1,XGBoost,0.9991154074668884,1
mimic_perform_af_012,1,XGBoost,0.9988963603973389,1
mimic_perform_af_012,1,XGBoost,0.999189555644989,1
mimic_perform_af_012,1,XGBoost,0.999355137348175,1
mimic_perform_af_012,1,XGBoost,0.9993910789489746,1
mimic_perform_af_012,1,XGBoost,0.9991689920425415,1
mimic_perform_af_012,1,XGBoost,0.999060332775116,1
mimic_perform_af_012,1,XGBoost,0.9825961589813232,1
mimic_perform_af_012,1,XGBoost,0.9992840886116028,1
mimic_perform_af_012,1,XGBoost,0.999184787273407,1
mimic_perform_af_012,1,XGBoost,0.9992656111717224,1
mimic_perform_af_012,1,XGBoost,0.9991434812545776,1
mimic_perform_af_012,1,XGBoost,0.9991922974586487,1
mimic_perform_af_012,1,XGBoost,0.9991771578788757,1
mimic_perform_af_012,1,XGBoost,0.9992663264274597,1
mimic_perform_af_012,1,XGBoost,0.9992431402206421,1
mimic_perform_af_012,1,XGBoost,0.9992319345474243,1
mimic_perform_af_012,1,XGBoost,0.9992488026618958,1
mimic_perform_af_012,1,XGBoost,0.999279797077179,1
mimic_perform_af_012,1,XGBoost,0.9992251396179199,1
mimic_perform_af_012,1,XGBoost,0.9990799427032471,1
mimic_perform_af_012,1,XGBoost,0.9991276860237122,1
mimic_perform_af_012,1,XGBoost,0.9993896484375,1
mimic_perform_af_012,1,XGBoost,0.999336302280426,1
mimic_perform_af_012,1,XGBoost,0.9983783960342407,1
mimic_perform_af_012,1,XGBoost,0.9989604949951172,1
mimic_perform_af_012,1,XGBoost,0.9989782571792603,1
mimic_perform_af_012,1,XGBoost,0.9991693496704102,1
mimic_perform_af_012,1,XGBoost,0.9991973042488098,1
mimic_perform_af_012,1,XGBoost,0.998997151851654,1
mimic_perform_af_012,1,XGBoost,0.999279797077179,1
mimic_perform_af_012,1,XGBoost,0.9991760849952698,1
mimic_perform_af_012,1,XGBoost,0.9993224143981934,1
mimic_perform_af_012,1,XGBoost,0.9993353486061096,1
mimic_perform_af_012,1,XGBoost,0.9993910789489746,1
mimic_perform_af_012,1,XGBoost,0.9992005228996277,1
mimic_perform_af_012,1,XGBoost,0.9991689920425415,1
mimic_perform_af_012,1,XGBoost,0.999355137348175,1
mimic_perform_af_012,1,XGBoost,0.9992433786392212,1
mimic_perform_af_012,1,XGBoost,0.9992595314979553,1
mimic_perform_af_012,1,XGBoost,0.9992005228996277,1
mimic_perform_af_012,1,XGBoost,0.9992176294326782,1
mimic_perform_af_012,1,XGBoost,0.9992433786392212,1
mimic_perform_af_012,1,XGBoost,0.9992433786392212,1
mimic_perform_af_012,1,XGBoost,0.9992117881774902,1
mimic_perform_af_012,1,XGBoost,0.9992287158966064,1
mimic_perform_af_012,1,XGBoost,0.9993126392364502,1
mimic_perform_af_012,1,XGBoost,0.9993495345115662,1
mimic_perform_af_012,1,XGBoost,0.9992163181304932,1
mimic_perform_af_012,1,XGBoost,0.9993593096733093,1
mimic_perform_af_012,1,XGBoost,0.9993777275085449,1
mimic_perform_af_012,1,XGBoost,0.999279797077179,1
mimic_perform_af_012,1,XGBoost,0.9993280172348022,1
mimic_perform_af_012,1,XGBoost,0.9992160797119141,1
mimic_perform_af_012,1,XGBoost,0.999139666557312,1
mimic_perform_af_012,1,XGBoost,0.9993295669555664,1
mimic_perform_af_012,1,XGBoost,0.9991973042488098,1
mimic_perform_af_012,1,XGBoost,0.9993777275085449,1
mimic_perform_af_012,1,XGBoost,0.9993295669555664,1
mimic_perform_af_012,1,XGBoost,0.9990537762641907,1
mimic_perform_af_012,1,XGBoost,0.9991341233253479,1
mimic_perform_af_012,1,XGBoost,0.999049961566925,1
mimic_perform_af_012,1,XGBoost,0.9981793165206909,1
mimic_perform_af_012,1,XGBoost,0.9962989687919617,1
mimic_perform_af_012,1,XGBoost,0.9981682300567627,1
mimic_perform_af_012,1,XGBoost,0.999184787273407,1
mimic_perform_af_013,1,XGBoost,0.9980727434158325,1
mimic_perform_af_013,1,XGBoost,0.9993084669113159,1
mimic_perform_af_013,1,XGBoost,0.9991843104362488,1
mimic_perform_af_013,1,XGBoost,0.9990357160568237,1
mimic_perform_af_013,1,XGBoost,0.9991437196731567,1
mimic_perform_af_013,1,XGBoost,0.9991183876991272,1
mimic_perform_af_013,1,XGBoost,0.9989155530929565,1
mimic_perform_af_013,1,XGBoost,0.9980626702308655,1
mimic_perform_af_013,1,XGBoost,0.998325526714325,1
mimic_perform_af_013,1,XGBoost,0.9962814450263977,1
mimic_perform_af_013,1,XGBoost,0.9985718727111816,1
mimic_perform_af_013,1,XGBoost,0.9982261061668396,1
mimic_perform_af_013,1,XGBoost,0.9989206790924072,1
mimic_perform_af_013,1,XGBoost,0.9987314343452454,1
mimic_perform_af_013,1,XGBoost,0.9988157749176025,1
mimic_perform_af_013,1,XGBoost,0.999091625213623,1
mimic_perform_af_013,1,XGBoost,0.9984656572341919,1
mimic_perform_af_013,1,XGBoost,0.9959542751312256,1
mimic_perform_af_013,1,XGBoost,0.9940662384033203,1
mimic_perform_af_013,1,XGBoost,0.9936443567276001,1
mimic_perform_af_013,1,XGBoost,0.996325671672821,1
mimic_perform_af_013,1,XGBoost,0.99897301197052,1
mimic_perform_af_013,1,XGBoost,0.9984832406044006,1
mimic_perform_af_013,1,XGBoost,0.9982874989509583,1
mimic_perform_af_013,1,XGBoost,0.9981586337089539,1
mimic_perform_af_013,1,XGBoost,0.9972104430198669,1
mimic_perform_af_013,1,XGBoost,0.9974995255470276,1
mimic_perform_af_013,1,XGBoost,0.9963502883911133,1
mimic_perform_af_013,1,XGBoost,0.9982307553291321,1
mimic_perform_af_013,1,XGBoost,0.9986547231674194,1
mimic_perform_af_013,1,XGBoost,0.9973570108413696,1
mimic_perform_af_013,1,XGBoost,0.9806081056594849,1
mimic_perform_af_013,1,XGBoost,0.9961611032485962,1
mimic_perform_af_013,1,XGBoost,0.9988824725151062,1
mimic_perform_af_013,1,XGBoost,0.9989743232727051,1
mimic_perform_af_013,1,XGBoost,0.9951601624488831,1
mimic_perform_af_013,1,XGBoost,0.996663510799408,1
mimic_perform_af_013,1,XGBoost,0.9863504767417908,1
mimic_perform_af_013,1,XGBoost,0.9977723956108093,1
mimic_perform_af_013,1,XGBoost,0.9960083961486816,1
mimic_perform_af_013,1,XGBoost,0.998422384262085,1
mimic_perform_af_013,1,XGBoost,0.9969326257705688,1
mimic_perform_af_013,1,XGBoost,0.9978195428848267,1
mimic_perform_af_013,1,XGBoost,0.980940043926239,1
mimic_perform_af_013,1,XGBoost,0.9978674650192261,1
mimic_perform_af_013,1,XGBoost,0.9986634254455566,1
mimic_perform_af_013,1,XGBoost,0.9991764426231384,1
mimic_perform_af_013,1,XGBoost,0.999152660369873,1
mimic_perform_af_013,1,XGBoost,0.9985504746437073,1
mimic_perform_af_013,1,XGBoost,0.9976997971534729,1
mimic_perform_af_013,1,XGBoost,0.9887549877166748,1
mimic_perform_af_013,1,XGBoost,0.9976338148117065,1
mimic_perform_af_013,1,XGBoost,0.9974256157875061,1
mimic_perform_af_013,1,XGBoost,0.9982767105102539,1
mimic_perform_af_013,1,XGBoost,0.9977721571922302,1
mimic_perform_af_013,1,XGBoost,0.9987896084785461,1
mimic_perform_af_013,1,XGBoost,0.9990034699440002,1
mimic_perform_af_013,1,XGBoost,0.9987868666648865,1
mimic_perform_af_013,1,XGBoost,0.9987886548042297,1
mimic_perform_af_013,1,XGBoost,0.9983219504356384,1
mimic_perform_af_013,1,XGBoost,0.998604953289032,1
mimic_perform_af_013,1,XGBoost,0.999049723148346,1
mimic_perform_af_013,1,XGBoost,0.999244213104248,1
mimic_perform_af_013,1,XGBoost,0.9992254972457886,1
mimic_perform_af_013,1,XGBoost,0.9972987771034241,1
mimic_perform_af_013,1,XGBoost,0.9895841479301453,1
mimic_perform_af_013,1,XGBoost,0.987533450126648,1
mimic_perform_af_013,1,XGBoost,0.9978705644607544,1
mimic_perform_af_013,1,XGBoost,0.9977867603302002,1
mimic_perform_af_013,1,XGBoost,0.9966446161270142,1
mimic_perform_af_013,1,XGBoost,0.9970864653587341,1
mimic_perform_af_013,1,XGBoost,0.9895115494728088,1
mimic_perform_af_013,1,XGBoost,0.997815728187561,1
mimic_perform_af_013,1,XGBoost,0.9983915686607361,1
mimic_perform_af_013,1,XGBoost,0.9972113966941833,1
mimic_perform_af_013,1,XGBoost,0.9956393241882324,1
mimic_perform_af_013,1,XGBoost,0.994737446308136,1
mimic_perform_af_013,1,XGBoost,0.9976828098297119,1
mimic_perform_af_013,1,XGBoost,0.9938948750495911,1
mimic_perform_af_013,1,XGBoost,0.9985429048538208,1
mimic_perform_af_013,1,XGBoost,0.9988803267478943,1
mimic_perform_af_013,1,XGBoost,0.9985243678092957,1
mimic_perform_af_013,1,XGBoost,0.9982253909111023,1
mimic_perform_af_013,1,XGBoost,0.9986125230789185,1
mimic_perform_af_013,1,XGBoost,0.9978691339492798,1
mimic_perform_af_013,1,XGBoost,0.850050687789917,1
mimic_perform_af_013,1,XGBoost,0.9892069101333618,1
mimic_perform_af_013,1,XGBoost,0.9986563920974731,1
mimic_perform_af_013,1,XGBoost,0.999153733253479,1
mimic_perform_af_013,1,XGBoost,0.9991070628166199,1
mimic_perform_af_013,1,XGBoost,0.9977818131446838,1
mimic_perform_af_013,1,XGBoost,0.994860053062439,1
mimic_perform_af_013,1,XGBoost,0.9948257803916931,1
mimic_perform_af_013,1,XGBoost,0.9969170093536377,1
mimic_perform_af_013,1,XGBoost,0.9989787340164185,1
mimic_perform_af_013,1,XGBoost,0.9988225102424622,1
mimic_perform_af_013,1,XGBoost,0.9990431666374207,1
mimic_perform_af_013,1,XGBoost,0.9981143474578857,1
mimic_perform_af_013,1,XGBoost,0.9942411184310913,1
mimic_perform_af_013,1,XGBoost,0.9902044534683228,1
mimic_perform_af_013,1,XGBoost,0.9842998385429382,1
mimic_perform_af_013,1,XGBoost,0.989464282989502,1
mimic_perform_af_013,1,XGBoost,0.9928198456764221,1
mimic_perform_af_013,1,XGBoost,0.9977808594703674,1
mimic_perform_af_013,1,XGBoost,0.9977593421936035,1
mimic_perform_af_013,1,XGBoost,0.9987307190895081,1
mimic_perform_af_013,1,XGBoost,0.9992642998695374,1
mimic_perform_af_013,1,XGBoost,0.9992642998695374,1
mimic_perform_af_013,1,XGBoost,0.9989573955535889,1
mimic_perform_af_013,1,XGBoost,0.998703122138977,1
mimic_perform_af_013,1,XGBoost,0.9981677532196045,1
mimic_perform_af_013,1,XGBoost,0.9981812238693237,1
mimic_perform_af_013,1,XGBoost,0.9968215227127075,1
mimic_perform_af_013,1,XGBoost,0.997891366481781,1
mimic_perform_af_013,1,XGBoost,0.9983823299407959,1
mimic_perform_af_013,1,XGBoost,0.9983225464820862,1
mimic_perform_af_013,1,XGBoost,0.9980213642120361,1
mimic_perform_af_013,1,XGBoost,0.9968648552894592,1
mimic_perform_af_014,1,XGBoost,0.9993401169776917,1
mimic_perform_af_014,1,XGBoost,0.999144434928894,1
mimic_perform_af_014,1,XGBoost,0.9992565512657166,1
mimic_perform_af_014,1,XGBoost,0.999142050743103,1
mimic_perform_af_014,1,XGBoost,0.9990614056587219,1
mimic_perform_af_014,1,XGBoost,0.9991826415061951,1
mimic_perform_af_014,1,XGBoost,0.9991742968559265,1
mimic_perform_af_014,1,XGBoost,0.9991299510002136,1
mimic_perform_af_014,1,XGBoost,0.999153733253479,1
mimic_perform_af_014,1,XGBoost,0.9993096590042114,1
mimic_perform_af_014,1,XGBoost,0.9990928173065186,1
mimic_perform_af_014,1,XGBoost,0.9991389513015747,1
mimic_perform_af_014,1,XGBoost,0.999325156211853,1
mimic_perform_af_014,1,XGBoost,0.9991154074668884,1
mimic_perform_af_014,1,XGBoost,0.9991029500961304,1
mimic_perform_af_014,1,XGBoost,0.999121367931366,1
mimic_perform_af_014,1,XGBoost,0.9992688298225403,1
mimic_perform_af_014,1,XGBoost,0.9992626309394836,1
mimic_perform_af_014,1,XGBoost,0.9992844462394714,1
mimic_perform_af_014,1,XGBoost,0.9991076588630676,1
mimic_perform_af_014,1,XGBoost,0.9990506768226624,1
mimic_perform_af_014,1,XGBoost,0.9992061257362366,1
mimic_perform_af_014,1,XGBoost,0.9991668462753296,1
mimic_perform_af_014,1,XGBoost,0.9986943602561951,1
mimic_perform_af_014,1,XGBoost,0.9990596175193787,1
mimic_perform_af_014,1,XGBoost,0.9993444085121155,1
mimic_perform_af_014,1,XGBoost,0.9992792010307312,1
mimic_perform_af_014,1,XGBoost,0.9991793036460876,1
mimic_perform_af_014,1,XGBoost,0.9991681575775146,1
mimic_perform_af_014,1,XGBoost,0.9991494417190552,1
mimic_perform_af_014,1,XGBoost,0.9993187189102173,1
mimic_perform_af_014,1,XGBoost,0.9992403984069824,1
mimic_perform_af_014,1,XGBoost,0.9992771744728088,1
mimic_perform_af_014,1,XGBoost,0.9990289211273193,1
mimic_perform_af_014,1,XGBoost,0.9992223978042603,1
mimic_perform_af_014,1,XGBoost,0.9992554783821106,1
mimic_perform_af_014,1,XGBoost,0.9992647767066956,1
mimic_perform_af_014,1,XGBoost,0.9992438554763794,1
mimic_perform_af_014,1,XGBoost,0.9992861151695251,1
mimic_perform_af_014,1,XGBoost,0.9992615580558777,1
mimic_perform_af_014,1,XGBoost,0.9992501139640808,1
mimic_perform_af_014,1,XGBoost,0.9991145730018616,1
mimic_perform_af_014,1,XGBoost,0.9992444515228271,1
mimic_perform_af_014,1,XGBoost,0.99908447265625,1
mimic_perform_af_014,1,XGBoost,0.9992146492004395,1
mimic_perform_af_014,1,XGBoost,0.999167799949646,1
mimic_perform_af_014,1,XGBoost,0.9989795088768005,1
mimic_perform_af_014,1,XGBoost,0.9991198182106018,1
mimic_perform_af_014,1,XGBoost,0.9992881417274475,1
mimic_perform_af_014,1,XGBoost,0.9993271827697754,1
mimic_perform_af_014,1,XGBoost,0.9993681311607361,1
mimic_perform_af_014,1,XGBoost,0.999248206615448,1
mimic_perform_af_014,1,XGBoost,0.9990448355674744,1
mimic_perform_af_014,1,XGBoost,0.9993211030960083,1
mimic_perform_af_014,1,XGBoost,0.999376118183136,1
mimic_perform_af_014,1,XGBoost,0.9992285966873169,1
mimic_perform_af_014,1,XGBoost,0.9992363452911377,1
mimic_perform_af_014,1,XGBoost,0.9992192983627319,1
mimic_perform_af_014,1,XGBoost,0.9992321729660034,1
mimic_perform_af_014,1,XGBoost,0.9992276430130005,1
mimic_perform_af_014,1,XGBoost,0.9987667798995972,1
mimic_perform_af_014,1,XGBoost,0.9991748929023743,1
mimic_perform_af_014,1,XGBoost,0.9992218017578125,1
mimic_perform_af_014,1,XGBoost,0.9993295669555664,1
mimic_perform_af_014,1,XGBoost,0.9991538524627686,1
mimic_perform_af_014,1,XGBoost,0.9993096590042114,1
mimic_perform_af_014,1,XGBoost,0.9992789626121521,1
mimic_perform_af_014,1,XGBoost,0.9991149306297302,1
mimic_perform_af_014,1,XGBoost,0.9992045760154724,1
mimic_perform_af_014,1,XGBoost,0.9980244636535645,1
mimic_perform_af_014,1,XGBoost,0.999143123626709,1
mimic_perform_af_014,1,XGBoost,0.9991459846496582,1
mimic_perform_af_014,1,XGBoost,0.9991253018379211,1
mimic_perform_af_014,1,XGBoost,0.9992079138755798,1
mimic_perform_af_014,1,XGBoost,0.9989283680915833,1
mimic_perform_af_014,1,XGBoost,0.9990065693855286,1
mimic_perform_af_014,1,XGBoost,0.999211311340332,1
mimic_perform_af_014,1,XGBoost,0.9991726279258728,1
mimic_perform_af_014,1,XGBoost,0.9991476535797119,1
mimic_perform_af_014,1,XGBoost,0.99910968542099,1
mimic_perform_af_014,1,XGBoost,0.9992353916168213,1
mimic_perform_af_014,1,XGBoost,0.9990857839584351,1
mimic_perform_af_014,1,XGBoost,0.9989808201789856,1
mimic_perform_af_014,1,XGBoost,0.99924635887146,1
mimic_perform_af_014,1,XGBoost,0.9978814721107483,1
mimic_perform_af_014,1,XGBoost,0.9965636134147644,1
mimic_perform_af_014,1,XGBoost,0.946642279624939,1
mimic_perform_af_014,1,XGBoost,0.9899154901504517,1
mimic_perform_af_014,1,XGBoost,0.9896255135536194,1
mimic_perform_af_014,1,XGBoost,0.9992726445198059,1
mimic_perform_af_014,1,XGBoost,0.9993153810501099,1
mimic_perform_af_014,1,XGBoost,0.9993401169776917,1
mimic_perform_af_014,1,XGBoost,0.9925523996353149,1
mimic_perform_af_014,1,XGBoost,0.9927850961685181,1
mimic_perform_af_014,1,XGBoost,0.9957157969474792,1
mimic_perform_af_014,1,XGBoost,0.9991372227668762,1
mimic_perform_af_014,1,XGBoost,0.9992427825927734,1
mimic_perform_af_014,1,XGBoost,0.9990954399108887,1
mimic_perform_af_014,1,XGBoost,0.9992353916168213,1
mimic_perform_af_014,1,XGBoost,0.9992044568061829,1
mimic_perform_af_014,1,XGBoost,0.9985445737838745,1
mimic_perform_af_014,1,XGBoost,0.9991760849952698,1
mimic_perform_af_014,1,XGBoost,0.9991493225097656,1
mimic_perform_af_014,1,XGBoost,0.9992080330848694,1
mimic_perform_af_014,1,XGBoost,0.9990443587303162,1
mimic_perform_af_014,1,XGBoost,0.9990600943565369,1
mimic_perform_af_014,1,XGBoost,0.9993247985839844,1
mimic_perform_af_014,1,XGBoost,0.9992246627807617,1
mimic_perform_af_014,1,XGBoost,0.9990837574005127,1
mimic_perform_af_014,1,XGBoost,0.9990443587303162,1
mimic_perform_af_014,1,XGBoost,0.999211311340332,1
mimic_perform_af_014,1,XGBoost,0.9991293549537659,1
mimic_perform_af_014,1,XGBoost,0.9992057681083679,1
mimic_perform_af_014,1,XGBoost,0.9990377426147461,1
mimic_perform_af_014,1,XGBoost,0.9989604949951172,1
mimic_perform_af_014,1,XGBoost,0.9993096590042114,1
mimic_perform_af_014,1,XGBoost,0.999238133430481,1
mimic_perform_af_014,1,XGBoost,0.9991142153739929,1
mimic_perform_af_015,1,XGBoost,0.9980272650718689,1
mimic_perform_af_015,1,XGBoost,0.9983831644058228,1
mimic_perform_af_015,1,XGBoost,0.9987108707427979,1
mimic_perform_af_015,1,XGBoost,0.9961075186729431,1
mimic_perform_af_015,1,XGBoost,0.9961020946502686,1
mimic_perform_af_015,1,XGBoost,0.9981745481491089,1
mimic_perform_af_015,1,XGBoost,0.9986740350723267,1
mimic_perform_af_015,1,XGBoost,0.999369204044342,1
mimic_perform_af_015,1,XGBoost,0.999329686164856,1
mimic_perform_af_015,1,XGBoost,0.9990949630737305,1
mimic_perform_af_015,1,XGBoost,0.9986593723297119,1
mimic_perform_af_015,1,XGBoost,0.9985511898994446,1
mimic_perform_af_015,1,XGBoost,0.9981101751327515,1
mimic_perform_af_015,1,XGBoost,0.952399492263794,1
mimic_perform_af_015,1,XGBoost,0.7363705039024353,1
mimic_perform_af_015,1,XGBoost,0.6172987818717957,1
mimic_perform_af_015,1,XGBoost,0.9955433011054993,1
mimic_perform_af_015,1,XGBoost,0.9968354105949402,1
mimic_perform_af_015,1,XGBoost,0.9985644221305847,1
mimic_perform_af_015,1,XGBoost,0.9980331063270569,1
mimic_perform_af_015,1,XGBoost,0.9964358806610107,1
mimic_perform_af_015,1,XGBoost,0.9969442486763,1
mimic_perform_af_015,1,XGBoost,0.9983289837837219,1
mimic_perform_af_015,1,XGBoost,0.9989213943481445,1
mimic_perform_af_015,1,XGBoost,0.9992703795433044,1
mimic_perform_af_015,1,XGBoost,0.9986854195594788,1
mimic_perform_af_015,1,XGBoost,0.9989388585090637,1
mimic_perform_af_015,1,XGBoost,0.9963119626045227,1
mimic_perform_af_015,1,XGBoost,0.9390391111373901,1
mimic_perform_af_015,1,XGBoost,0.9978525638580322,1
mimic_perform_af_015,1,XGBoost,0.9987516403198242,1
mimic_perform_af_015,1,XGBoost,0.9992579817771912,1
mimic_perform_af_015,1,XGBoost,0.9984044432640076,1
mimic_perform_af_015,1,XGBoost,0.9992289543151855,1
mimic_perform_af_015,1,XGBoost,0.9988369345664978,1
mimic_perform_af_015,1,XGBoost,0.9988590478897095,1
mimic_perform_af_015,1,XGBoost,0.9991993308067322,1
mimic_perform_af_015,1,XGBoost,0.9988858103752136,1
mimic_perform_af_015,1,XGBoost,0.9991601705551147,1
mimic_perform_af_015,1,XGBoost,0.9992756247520447,1
mimic_perform_af_015,1,XGBoost,0.9987784028053284,1
mimic_perform_af_015,1,XGBoost,0.22650380432605743,0
mimic_perform_af_015,1,XGBoost,0.9530614018440247,1
mimic_perform_af_015,1,XGBoost,0.986129105091095,1
mimic_perform_af_015,1,XGBoost,0.9913124442100525,1
mimic_perform_af_015,1,XGBoost,0.9955156445503235,1
mimic_perform_af_015,1,XGBoost,0.999292254447937,1
mimic_perform_af_015,1,XGBoost,0.9977461695671082,1
mimic_perform_af_015,1,XGBoost,0.9988969564437866,1
mimic_perform_af_015,1,XGBoost,0.9986466765403748,1
mimic_perform_af_015,1,XGBoost,0.9980142116546631,1
mimic_perform_af_015,1,XGBoost,0.997866690158844,1
mimic_perform_af_015,1,XGBoost,0.9987323880195618,1
mimic_perform_af_015,1,XGBoost,0.9987972974777222,1
mimic_perform_af_015,1,XGBoost,0.9984059929847717,1
mimic_perform_af_015,1,XGBoost,0.9990642666816711,1
mimic_perform_af_015,1,XGBoost,0.04213690385222435,0
mimic_perform_af_015,1,XGBoost,0.3979378640651703,0
mimic_perform_af_015,1,XGBoost,0.9985798597335815,1
mimic_perform_af_015,1,XGBoost,0.9980695843696594,1
mimic_perform_af_015,1,XGBoost,0.9967049956321716,1
mimic_perform_af_015,1,XGBoost,0.9986962676048279,1
mimic_perform_af_015,1,XGBoost,0.9976913928985596,1
mimic_perform_af_015,1,XGBoost,0.9987439513206482,1
mimic_perform_af_015,1,XGBoost,0.999051034450531,1
mimic_perform_af_015,1,XGBoost,0.9991071820259094,1
mimic_perform_af_015,1,XGBoost,0.9990660548210144,1
mimic_perform_af_015,1,XGBoost,0.9942938685417175,1
mimic_perform_af_015,1,XGBoost,0.9674274325370789,1
mimic_perform_af_015,1,XGBoost,0.998666524887085,1
mimic_perform_af_015,1,XGBoost,0.9976041913032532,1
mimic_perform_af_015,1,XGBoost,0.9987943172454834,1
mimic_perform_af_015,1,XGBoost,0.998695433139801,1
mimic_perform_af_015,1,XGBoost,0.995503842830658,1
mimic_perform_af_015,1,XGBoost,0.9960924983024597,1
mimic_perform_af_015,1,XGBoost,0.999257504940033,1
mimic_perform_af_015,1,XGBoost,0.9990684390068054,1
mimic_perform_af_015,1,XGBoost,0.9988101720809937,1
mimic_perform_af_015,1,XGBoost,0.9977959394454956,1
mimic_perform_af_015,1,XGBoost,0.9983564019203186,1
mimic_perform_af_015,1,XGBoost,0.9967749714851379,1
mimic_perform_af_015,1,XGBoost,0.9974901676177979,1
mimic_perform_af_015,1,XGBoost,0.9991534948348999,1
mimic_perform_af_015,1,XGBoost,0.9982190728187561,1
mimic_perform_af_015,1,XGBoost,0.997848391532898,1
mimic_perform_af_015,1,XGBoost,0.8887948989868164,1
mimic_perform_af_015,1,XGBoost,0.9966644644737244,1
mimic_perform_af_015,1,XGBoost,0.9974797368049622,1
mimic_perform_af_015,1,XGBoost,0.9989200830459595,1
mimic_perform_af_015,1,XGBoost,0.9993178844451904,1
mimic_perform_af_015,1,XGBoost,0.9989818930625916,1
mimic_perform_af_015,1,XGBoost,0.9990836381912231,1
mimic_perform_af_015,1,XGBoost,0.9963923096656799,1
mimic_perform_af_015,1,XGBoost,0.9963952898979187,1
mimic_perform_af_015,1,XGBoost,0.9977796673774719,1
mimic_perform_af_015,1,XGBoost,0.9990389347076416,1
mimic_perform_af_015,1,XGBoost,0.999233603477478,1
mimic_perform_af_015,1,XGBoost,0.9986787438392639,1
mimic_perform_af_015,1,XGBoost,0.998140811920166,1
mimic_perform_af_015,1,XGBoost,0.9990323781967163,1
mimic_perform_af_015,1,XGBoost,0.9992369413375854,1
mimic_perform_af_015,1,XGBoost,0.9990236759185791,1
mimic_perform_af_015,1,XGBoost,0.9983286261558533,1
mimic_perform_af_015,1,XGBoost,0.997759222984314,1
mimic_perform_af_015,1,XGBoost,0.999313235282898,1
mimic_perform_af_015,1,XGBoost,0.9830579161643982,1
mimic_perform_af_015,1,XGBoost,0.04873567447066307,0
mimic_perform_af_015,1,XGBoost,0.09576170891523361,0
mimic_perform_af_015,1,XGBoost,0.8081368803977966,1
mimic_perform_af_015,1,XGBoost,0.9973896145820618,1
mimic_perform_af_015,1,XGBoost,0.9990100860595703,1
mimic_perform_af_015,1,XGBoost,0.9987653493881226,1
mimic_perform_af_015,1,XGBoost,0.9985018968582153,1
mimic_perform_af_015,1,XGBoost,0.9991462230682373,1
mimic_perform_af_015,1,XGBoost,0.9989523887634277,1
mimic_perform_af_015,1,XGBoost,0.9969252943992615,1
mimic_perform_af_015,1,XGBoost,0.9976044297218323,1
mimic_perform_af_015,1,XGBoost,0.999115526676178,1
mimic_perform_af_016,1,XGBoost,0.9990900754928589,1
mimic_perform_af_016,1,XGBoost,0.9991575479507446,1
mimic_perform_af_016,1,XGBoost,0.9992142915725708,1
mimic_perform_af_016,1,XGBoost,0.9993176460266113,1
mimic_perform_af_016,1,XGBoost,0.9993280172348022,1
mimic_perform_af_016,1,XGBoost,0.9992825388908386,1
mimic_perform_af_016,1,XGBoost,0.9986687898635864,1
mimic_perform_af_016,1,XGBoost,0.999001681804657,1
mimic_perform_af_016,1,XGBoost,0.9991391897201538,1
mimic_perform_af_016,1,XGBoost,0.9991338849067688,1
mimic_perform_af_016,1,XGBoost,0.9993970394134521,1
mimic_perform_af_016,1,XGBoost,0.9992807507514954,1
mimic_perform_af_016,1,XGBoost,0.9989594221115112,1
mimic_perform_af_016,1,XGBoost,0.9970355033874512,1
mimic_perform_af_016,1,XGBoost,0.9709442853927612,1
mimic_perform_af_016,1,XGBoost,0.009714131243526936,0
mimic_perform_af_016,1,XGBoost,0.02039388194680214,0
mimic_perform_af_016,1,XGBoost,0.008107277564704418,0
mimic_perform_af_016,1,XGBoost,0.9089219570159912,1
mimic_perform_af_016,1,XGBoost,0.9828928112983704,1
mimic_perform_af_016,1,XGBoost,0.9991482496261597,1
mimic_perform_af_016,1,XGBoost,0.9980120658874512,1
mimic_perform_af_016,1,XGBoost,0.9989914298057556,1
mimic_perform_af_016,1,XGBoost,0.9991818070411682,1
mimic_perform_af_016,1,XGBoost,0.9992007613182068,1
mimic_perform_af_016,1,XGBoost,0.9993347525596619,1
mimic_perform_af_016,1,XGBoost,0.9992061257362366,1
mimic_perform_af_016,1,XGBoost,0.9992164373397827,1
mimic_perform_af_016,1,XGBoost,0.998397171497345,1
mimic_perform_af_016,1,XGBoost,0.9973635077476501,1
mimic_perform_af_016,1,XGBoost,0.9914819002151489,1
mimic_perform_af_016,1,XGBoost,0.9985170960426331,1
mimic_perform_af_016,1,XGBoost,0.9992281198501587,1
mimic_perform_af_016,1,XGBoost,0.9992061257362366,1
mimic_perform_af_016,1,XGBoost,0.9989450573921204,1
mimic_perform_af_016,1,XGBoost,0.9987047910690308,1
mimic_perform_af_016,1,XGBoost,0.9982699155807495,1
mimic_perform_af_016,1,XGBoost,0.9992133378982544,1
mimic_perform_af_016,1,XGBoost,0.9992390871047974,1
mimic_perform_af_016,1,XGBoost,0.9991313815116882,1
mimic_perform_af_016,1,XGBoost,0.9986530542373657,1
mimic_perform_af_016,1,XGBoost,0.9986687898635864,1
mimic_perform_af_016,1,XGBoost,0.9989892840385437,1
mimic_perform_af_016,1,XGBoost,0.998887836933136,1
mimic_perform_af_016,1,XGBoost,0.9988123178482056,1
mimic_perform_af_016,1,XGBoost,0.9989773035049438,1
mimic_perform_af_016,1,XGBoost,0.9991507530212402,1
mimic_perform_af_016,1,XGBoost,0.9991507530212402,1
mimic_perform_af_016,1,XGBoost,0.9992398023605347,1
mimic_perform_af_016,1,XGBoost,0.9992513060569763,1
mimic_perform_af_016,1,XGBoost,0.999220609664917,1
mimic_perform_af_016,1,XGBoost,0.9991463422775269,1
mimic_perform_af_016,1,XGBoost,0.9979653358459473,1
mimic_perform_af_016,1,XGBoost,0.9981712102890015,1
mimic_perform_af_016,1,XGBoost,0.9985163807868958,1
mimic_perform_af_016,1,XGBoost,0.9991462230682373,1
mimic_perform_af_016,1,XGBoost,0.9984440207481384,1
mimic_perform_af_016,1,XGBoost,0.9990197420120239,1
mimic_perform_af_016,1,XGBoost,0.9988054037094116,1
mimic_perform_af_016,1,XGBoost,0.9992526173591614,1
mimic_perform_af_016,1,XGBoost,0.9986911416053772,1
mimic_perform_af_016,1,XGBoost,0.9992202520370483,1
mimic_perform_af_016,1,XGBoost,0.9992513060569763,1
mimic_perform_af_016,1,XGBoost,0.9992513060569763,1
mimic_perform_af_016,1,XGBoost,0.9992641806602478,1
mimic_perform_af_016,1,XGBoost,0.9991245865821838,1
mimic_perform_af_016,1,XGBoost,0.9992825388908386,1
mimic_perform_af_016,1,XGBoost,0.9992316961288452,1
mimic_perform_af_016,1,XGBoost,0.9993395209312439,1
mimic_perform_af_016,1,XGBoost,0.9993059635162354,1
mimic_perform_af_016,1,XGBoost,0.999180018901825,1
mimic_perform_af_016,1,XGBoost,0.9991530179977417,1
mimic_perform_af_016,1,XGBoost,0.9991287589073181,1
mimic_perform_af_016,1,XGBoost,0.9993282556533813,1
mimic_perform_af_016,1,XGBoost,0.9993225336074829,1
mimic_perform_af_016,1,XGBoost,0.9991894364356995,1
mimic_perform_af_016,1,XGBoost,0.9992799162864685,1
mimic_perform_af_016,1,XGBoost,0.9993282556533813,1
mimic_perform_af_016,1,XGBoost,0.9991437196731567,1
mimic_perform_af_016,1,XGBoost,0.9991612434387207,1
mimic_perform_af_016,1,XGBoost,0.9991509914398193,1
mimic_perform_af_016,1,XGBoost,0.9993076324462891,1
mimic_perform_af_016,1,XGBoost,0.999152421951294,1
mimic_perform_af_016,1,XGBoost,0.9984013438224792,1
mimic_perform_af_016,1,XGBoost,0.9984405636787415,1
mimic_perform_af_016,1,XGBoost,0.9987657070159912,1
mimic_perform_af_016,1,XGBoost,0.9991726279258728,1
mimic_perform_af_016,1,XGBoost,0.9984351992607117,1
mimic_perform_af_016,1,XGBoost,0.9991933703422546,1
mimic_perform_af_016,1,XGBoost,0.9989546537399292,1
mimic_perform_af_016,1,XGBoost,0.995124876499176,1
mimic_perform_af_016,1,XGBoost,0.9654000401496887,1
mimic_perform_af_016,1,XGBoost,0.9743618965148926,1
mimic_perform_af_016,1,XGBoost,0.904344379901886,1
mimic_perform_af_016,1,XGBoost,0.9967555403709412,1
mimic_perform_af_016,1,XGBoost,0.9978801012039185,1
mimic_perform_af_016,1,XGBoost,0.9992924928665161,1
mimic_perform_af_016,1,XGBoost,0.9993059635162354,1
mimic_perform_af_016,1,XGBoost,0.9990589022636414,1
mimic_perform_af_016,1,XGBoost,0.9968159794807434,1
mimic_perform_af_016,1,XGBoost,0.9541003704071045,1
mimic_perform_af_016,1,XGBoost,0.9706332683563232,1
mimic_perform_af_016,1,XGBoost,0.9959586262702942,1
mimic_perform_af_016,1,XGBoost,0.9992807507514954,1
mimic_perform_af_016,1,XGBoost,0.9993059635162354,1
mimic_perform_af_016,1,XGBoost,0.9992828965187073,1
mimic_perform_af_016,1,XGBoost,0.9993282556533813,1
mimic_perform_af_016,1,XGBoost,0.9992424249649048,1
mimic_perform_af_016,1,XGBoost,0.9961677193641663,1
mimic_perform_af_016,1,XGBoost,0.9976422190666199,1
mimic_perform_af_016,1,XGBoost,0.9988213181495667,1
mimic_perform_af_016,1,XGBoost,0.9992007613182068,1
mimic_perform_af_016,1,XGBoost,0.9992144107818604,1
mimic_perform_af_016,1,XGBoost,0.9992513060569763,1
mimic_perform_af_016,1,XGBoost,0.9991335272789001,1
mimic_perform_af_016,1,XGBoost,0.9991773962974548,1
mimic_perform_af_016,1,XGBoost,0.999403715133667,1
mimic_perform_af_016,1,XGBoost,0.9992283582687378,1
mimic_perform_af_017,1,XGBoost,0.9992597699165344,1
mimic_perform_af_017,1,XGBoost,0.9992382526397705,1
mimic_perform_af_017,1,XGBoost,0.9986898303031921,1
mimic_perform_af_017,1,XGBoost,0.9989000558853149,1
mimic_perform_af_017,1,XGBoost,0.998275637626648,1
mimic_perform_af_017,1,XGBoost,0.9993495345115662,1
mimic_perform_af_017,1,XGBoost,0.9988481998443604,1
mimic_perform_af_017,1,XGBoost,0.9992449283599854,1
mimic_perform_af_017,1,XGBoost,0.999204695224762,1
mimic_perform_af_017,1,XGBoost,0.9992623925209045,1
mimic_perform_af_017,1,XGBoost,0.999269425868988,1
mimic_perform_af_017,1,XGBoost,0.9991753697395325,1
mimic_perform_af_017,1,XGBoost,0.9992600083351135,1
mimic_perform_af_017,1,XGBoost,0.9991796612739563,1
mimic_perform_af_017,1,XGBoost,0.9991804957389832,1
mimic_perform_af_017,1,XGBoost,0.9989769458770752,1
mimic_perform_af_017,1,XGBoost,0.999151349067688,1
mimic_perform_af_017,1,XGBoost,0.9991275668144226,1
mimic_perform_af_017,1,XGBoost,0.9992941617965698,1
mimic_perform_af_017,1,XGBoost,0.9993545413017273,1
mimic_perform_af_017,1,XGBoost,0.9993695616722107,1
mimic_perform_af_017,1,XGBoost,0.9992870688438416,1
mimic_perform_af_017,1,XGBoost,0.9992905855178833,1
mimic_perform_af_017,1,XGBoost,0.9989826083183289,1
mimic_perform_af_017,1,XGBoost,0.9989577531814575,1
mimic_perform_af_017,1,XGBoost,0.9987083673477173,1
mimic_perform_af_017,1,XGBoost,0.999376118183136,1
mimic_perform_af_017,1,XGBoost,0.9993489384651184,1
mimic_perform_af_017,1,XGBoost,0.9991599321365356,1
mimic_perform_af_017,1,XGBoost,0.9992338418960571,1
mimic_perform_af_017,1,XGBoost,0.9991154074668884,1
mimic_perform_af_017,1,XGBoost,0.9992857575416565,1
mimic_perform_af_017,1,XGBoost,0.9992949962615967,1
mimic_perform_af_017,1,XGBoost,0.9993616938591003,1
mimic_perform_af_017,1,XGBoost,0.9990629553794861,1
mimic_perform_af_017,1,XGBoost,0.9990841150283813,1
mimic_perform_af_017,1,XGBoost,0.9992156028747559,1
mimic_perform_af_017,1,XGBoost,0.9992614388465881,1
mimic_perform_af_017,1,XGBoost,0.999284565448761,1
mimic_perform_af_017,1,XGBoost,0.9990405440330505,1
mimic_perform_af_017,1,XGBoost,0.99843829870224,1
mimic_perform_af_017,1,XGBoost,0.9992382526397705,1
mimic_perform_af_017,1,XGBoost,0.9991987347602844,1
mimic_perform_af_017,1,XGBoost,0.9992546439170837,1
mimic_perform_af_017,1,XGBoost,0.9992534518241882,1
mimic_perform_af_017,1,XGBoost,0.9993767142295837,1
mimic_perform_af_017,1,XGBoost,0.999285876750946,1
mimic_perform_af_017,1,XGBoost,0.9992910623550415,1
mimic_perform_af_017,1,XGBoost,0.9990732669830322,1
mimic_perform_af_017,1,XGBoost,0.9990660548210144,1
mimic_perform_af_017,1,XGBoost,0.9992005228996277,1
mimic_perform_af_017,1,XGBoost,0.9992813467979431,1
mimic_perform_af_017,1,XGBoost,0.9991231560707092,1
mimic_perform_af_017,1,XGBoost,0.9992513060569763,1
mimic_perform_af_017,1,XGBoost,0.9991480112075806,1
mimic_perform_af_017,1,XGBoost,0.9992546439170837,1
mimic_perform_af_017,1,XGBoost,0.9992658495903015,1
mimic_perform_af_017,1,XGBoost,0.9992890357971191,1
mimic_perform_af_017,1,XGBoost,0.9993313550949097,1
mimic_perform_af_017,1,XGBoost,0.9993082284927368,1
mimic_perform_af_017,1,XGBoost,0.9992390871047974,1
mimic_perform_af_017,1,XGBoost,0.9992191791534424,1
mimic_perform_af_017,1,XGBoost,0.9992738366127014,1
mimic_perform_af_017,1,XGBoost,0.9992789626121521,1
mimic_perform_af_017,1,XGBoost,0.999245285987854,1
mimic_perform_af_017,1,XGBoost,0.9993035793304443,1
mimic_perform_af_017,1,XGBoost,0.9993035793304443,1
mimic_perform_af_017,1,XGBoost,0.9992497563362122,1
mimic_perform_af_017,1,XGBoost,0.9992400407791138,1
mimic_perform_af_017,1,XGBoost,0.9992966651916504,1
mimic_perform_af_017,1,XGBoost,0.9990231990814209,1
mimic_perform_af_017,1,XGBoost,0.9990993738174438,1
mimic_perform_af_017,1,XGBoost,0.9991771578788757,1
mimic_perform_af_017,1,XGBoost,0.9990317821502686,1
mimic_perform_af_017,1,XGBoost,0.9993818998336792,1
mimic_perform_af_017,1,XGBoost,0.9993304014205933,1
mimic_perform_af_017,1,XGBoost,0.9993546605110168,1
mimic_perform_af_017,1,XGBoost,0.9993575215339661,1
mimic_perform_af_017,1,XGBoost,0.9993417859077454,1
mimic_perform_af_017,1,XGBoost,0.9992766976356506,1
mimic_perform_af_017,1,XGBoost,0.9993782043457031,1
mimic_perform_af_017,1,XGBoost,0.9991880059242249,1
mimic_perform_af_017,1,XGBoost,0.9992623925209045,1
mimic_perform_af_017,1,XGBoost,0.9992781281471252,1
mimic_perform_af_017,1,XGBoost,0.99921715259552,1
mimic_perform_af_017,1,XGBoost,0.999169111251831,1
mimic_perform_af_017,1,XGBoost,0.9993608593940735,1
mimic_perform_af_017,1,XGBoost,0.9992870688438416,1
mimic_perform_af_017,1,XGBoost,0.9992306232452393,1
mimic_perform_af_017,1,XGBoost,0.9989142417907715,1
mimic_perform_af_017,1,XGBoost,0.9818050265312195,1
mimic_perform_af_017,1,XGBoost,0.9986351132392883,1
mimic_perform_af_017,1,XGBoost,0.9992247819900513,1
mimic_perform_af_017,1,XGBoost,0.9992477893829346,1
mimic_perform_af_017,1,XGBoost,0.9993181228637695,1
mimic_perform_af_017,1,XGBoost,0.9992939233779907,1
mimic_perform_af_017,1,XGBoost,0.999229907989502,1
mimic_perform_af_017,1,XGBoost,0.9991951584815979,1
mimic_perform_af_017,1,XGBoost,0.9993033409118652,1
mimic_perform_af_017,1,XGBoost,0.9993113279342651,1
mimic_perform_af_017,1,XGBoost,0.9992623925209045,1
mimic_perform_af_017,1,XGBoost,0.9992285966873169,1
mimic_perform_af_017,1,XGBoost,0.9989302754402161,1
mimic_perform_af_017,1,XGBoost,0.9992703795433044,1
mimic_perform_af_017,1,XGBoost,0.9988058805465698,1
mimic_perform_af_017,1,XGBoost,0.9992382526397705,1
mimic_perform_af_017,1,XGBoost,0.9989036321640015,1
mimic_perform_af_017,1,XGBoost,0.9992781281471252,1
mimic_perform_af_017,1,XGBoost,0.9989860653877258,1
mimic_perform_af_017,1,XGBoost,0.9990341663360596,1
mimic_perform_af_017,1,XGBoost,0.9990217685699463,1
mimic_perform_af_017,1,XGBoost,0.999107301235199,1
mimic_perform_af_017,1,XGBoost,0.9992766976356506,1
mimic_perform_af_017,1,XGBoost,0.0016057862667366862,0
mimic_perform_af_017,1,XGBoost,0.0007721721194684505,0
mimic_perform_af_017,1,XGBoost,0.00066785654053092,0
mimic_perform_af_017,1,XGBoost,0.0008816804620437324,0
mimic_perform_af_017,1,XGBoost,0.0007081091753207147,0
mimic_perform_af_018,1,XGBoost,0.9991777539253235,1
mimic_perform_af_018,1,XGBoost,0.9988709092140198,1
mimic_perform_af_018,1,XGBoost,0.9991006851196289,1
mimic_perform_af_018,1,XGBoost,0.9991151690483093,1
mimic_perform_af_018,1,XGBoost,0.9992572665214539,1
mimic_perform_af_018,1,XGBoost,0.9993442893028259,1
mimic_perform_af_018,1,XGBoost,0.9993640780448914,1
mimic_perform_af_018,1,XGBoost,0.9993267059326172,1
mimic_perform_af_018,1,XGBoost,0.9993442893028259,1
mimic_perform_af_018,1,XGBoost,0.9993457198143005,1
mimic_perform_af_018,1,XGBoost,0.9993475079536438,1
mimic_perform_af_018,1,XGBoost,0.9990252256393433,1
mimic_perform_af_018,1,XGBoost,0.9993157386779785,1
mimic_perform_af_018,1,XGBoost,0.9993440508842468,1
mimic_perform_af_018,1,XGBoost,0.9993273019790649,1
mimic_perform_af_018,1,XGBoost,0.9992719292640686,1
mimic_perform_af_018,1,XGBoost,0.9993313550949097,1
mimic_perform_af_018,1,XGBoost,0.9992634654045105,1
mimic_perform_af_018,1,XGBoost,0.9993640780448914,1
mimic_perform_af_018,1,XGBoost,0.9993440508842468,1
mimic_perform_af_018,1,XGBoost,0.9993269443511963,1
mimic_perform_af_018,1,XGBoost,0.9993269443511963,1
mimic_perform_af_018,1,XGBoost,0.9992376565933228,1
mimic_perform_af_018,1,XGBoost,0.9992426633834839,1
mimic_perform_af_018,1,XGBoost,0.9992426633834839,1
mimic_perform_af_018,1,XGBoost,0.9990043044090271,1
mimic_perform_af_018,1,XGBoost,0.9989756345748901,1
mimic_perform_af_018,1,XGBoost,0.9978433847427368,1
mimic_perform_af_018,1,XGBoost,0.9986411929130554,1
mimic_perform_af_018,1,XGBoost,0.9989042282104492,1
mimic_perform_af_018,1,XGBoost,0.9993172883987427,1
mimic_perform_af_018,1,XGBoost,0.9993442893028259,1
mimic_perform_af_018,1,XGBoost,0.9993442893028259,1
mimic_perform_af_018,1,XGBoost,0.9993442893028259,1
mimic_perform_af_018,1,XGBoost,0.9993442893028259,1
mimic_perform_af_018,1,XGBoost,0.9992403984069824,1
mimic_perform_af_018,1,XGBoost,0.9991021156311035,1
mimic_perform_af_018,1,XGBoost,0.9992774128913879,1
mimic_perform_af_018,1,XGBoost,0.9992403984069824,1
mimic_perform_af_018,1,XGBoost,0.9993532299995422,1
mimic_perform_af_018,1,XGBoost,0.9993442893028259,1
mimic_perform_af_018,1,XGBoost,0.9993264675140381,1
mimic_perform_af_018,1,XGBoost,0.9993782043457031,1
mimic_perform_af_018,1,XGBoost,0.9992889165878296,1
mimic_perform_af_018,1,XGBoost,0.9993532299995422,1
mimic_perform_af_018,1,XGBoost,0.9992994070053101,1
mimic_perform_af_018,1,XGBoost,0.999339759349823,1
mimic_perform_af_018,1,XGBoost,0.9993643164634705,1
mimic_perform_af_018,1,XGBoost,0.9991180300712585,1
mimic_perform_af_018,1,XGBoost,0.9992097616195679,1
mimic_perform_af_018,1,XGBoost,0.9994065761566162,1
mimic_perform_af_018,1,XGBoost,0.9993643164634705,1
mimic_perform_af_018,1,XGBoost,0.9992941617965698,1
mimic_perform_af_018,1,XGBoost,0.9993646740913391,1
mimic_perform_af_018,1,XGBoost,0.9991739392280579,1
mimic_perform_af_018,1,XGBoost,0.9992515444755554,1
mimic_perform_af_018,1,XGBoost,0.9993440508842468,1
mimic_perform_af_018,1,XGBoost,0.9993157386779785,1
mimic_perform_af_018,1,XGBoost,0.9992489218711853,1
mimic_perform_af_018,1,XGBoost,0.9990376234054565,1
mimic_perform_af_018,1,XGBoost,0.9969046711921692,1
mimic_perform_af_018,1,XGBoost,0.9932827949523926,1
mimic_perform_af_018,1,XGBoost,0.9972514510154724,1
mimic_perform_af_018,1,XGBoost,0.9991862177848816,1
mimic_perform_af_018,1,XGBoost,0.9992974996566772,1
mimic_perform_af_018,1,XGBoost,0.9993442893028259,1
mimic_perform_af_018,1,XGBoost,0.999229907989502,1
mimic_perform_af_018,1,XGBoost,0.9990894794464111,1
mimic_perform_af_018,1,XGBoost,0.9992403984069824,1
mimic_perform_af_018,1,XGBoost,0.9992403984069824,1
mimic_perform_af_018,1,XGBoost,0.9993442893028259,1
mimic_perform_af_018,1,XGBoost,0.9993440508842468,1
mimic_perform_af_018,1,XGBoost,0.9992462396621704,1
mimic_perform_af_018,1,XGBoost,0.9993187189102173,1
mimic_perform_af_018,1,XGBoost,0.9991976618766785,1
mimic_perform_af_018,1,XGBoost,0.9991059899330139,1
mimic_perform_af_018,1,XGBoost,0.999325156211853,1
mimic_perform_af_018,1,XGBoost,0.9993442893028259,1
mimic_perform_af_018,1,XGBoost,0.9993442893028259,1
mimic_perform_af_018,1,XGBoost,0.9993886947631836,1
mimic_perform_af_018,1,XGBoost,0.9993440508842468,1
mimic_perform_af_018,1,XGBoost,0.9993440508842468,1
mimic_perform_af_018,1,XGBoost,0.9993129968643188,1
mimic_perform_af_018,1,XGBoost,0.9992856383323669,1
mimic_perform_af_018,1,XGBoost,0.9992062449455261,1
mimic_perform_af_018,1,XGBoost,0.999198853969574,1
mimic_perform_af_018,1,XGBoost,0.9991366267204285,1
mimic_perform_af_018,1,XGBoost,0.9992194175720215,1
mimic_perform_af_018,1,XGBoost,0.9993269443511963,1
mimic_perform_af_018,1,XGBoost,0.9992703795433044,1
mimic_perform_af_018,1,XGBoost,0.9992758631706238,1
mimic_perform_af_018,1,XGBoost,0.999325156211853,1
mimic_perform_af_018,1,XGBoost,0.9993909597396851,1
mimic_perform_af_018,1,XGBoost,0.999325156211853,1
mimic_perform_af_018,1,XGBoost,0.9992978572845459,1
mimic_perform_af_018,1,XGBoost,0.9991047978401184,1
mimic_perform_af_018,1,XGBoost,0.9993394017219543,1
mimic_perform_af_018,1,XGBoost,0.999305248260498,1
mimic_perform_af_018,1,XGBoost,0.9992252588272095,1
mimic_perform_af_018,1,XGBoost,0.9991822838783264,1
mimic_perform_af_018,1,XGBoost,0.9991657733917236,1
mimic_perform_af_018,1,XGBoost,0.9990243911743164,1
mimic_perform_af_018,1,XGBoost,0.9993646740913391,1
mimic_perform_af_018,1,XGBoost,0.9991194605827332,1
mimic_perform_af_018,1,XGBoost,0.9993184804916382,1
mimic_perform_af_018,1,XGBoost,0.9993442893028259,1
mimic_perform_af_018,1,XGBoost,0.9993643164634705,1
mimic_perform_af_018,1,XGBoost,0.9993640780448914,1
mimic_perform_af_018,1,XGBoost,0.9993440508842468,1
mimic_perform_af_018,1,XGBoost,0.9994065761566162,1
mimic_perform_af_018,1,XGBoost,0.9993442893028259,1
mimic_perform_af_018,1,XGBoost,0.9993184804916382,1
mimic_perform_af_018,1,XGBoost,0.9993187189102173,1
mimic_perform_af_018,1,XGBoost,0.9993640780448914,1
mimic_perform_af_018,1,XGBoost,0.9993273019790649,1
mimic_perform_af_018,1,XGBoost,0.9991501569747925,1
mimic_perform_af_018,1,XGBoost,0.9990981817245483,1
mimic_perform_af_018,1,XGBoost,0.9993440508842468,1
mimic_perform_af_019,1,XGBoost,0.9986280202865601,1
mimic_perform_af_019,1,XGBoost,0.99755859375,1
mimic_perform_af_019,1,XGBoost,0.9988524913787842,1
mimic_perform_af_019,1,XGBoost,0.9991699457168579,1
mimic_perform_af_019,1,XGBoost,0.9991875290870667,1
mimic_perform_af_019,1,XGBoost,0.999294638633728,1
mimic_perform_af_019,1,XGBoost,0.9991390705108643,1
mimic_perform_af_019,1,XGBoost,0.9992196559906006,1
mimic_perform_af_019,1,XGBoost,0.9991390705108643,1
mimic_perform_af_019,1,XGBoost,0.9993428587913513,1
mimic_perform_af_019,1,XGBoost,0.9991114735603333,1
mimic_perform_af_019,1,XGBoost,0.9993521571159363,1
mimic_perform_af_019,1,XGBoost,0.9993521571159363,1
mimic_perform_af_019,1,XGBoost,0.9990983009338379,1
mimic_perform_af_019,1,XGBoost,0.9993482232093811,1
mimic_perform_af_019,1,XGBoost,0.9992792010307312,1
mimic_perform_af_019,1,XGBoost,0.9993773102760315,1
mimic_perform_af_019,1,XGBoost,0.9991746544837952,1
mimic_perform_af_019,1,XGBoost,0.9991785883903503,1
mimic_perform_af_019,1,XGBoost,0.9989743232727051,1
mimic_perform_af_019,1,XGBoost,0.9991840720176697,1
mimic_perform_af_019,1,XGBoost,0.9992208480834961,1
mimic_perform_af_019,1,XGBoost,0.99921715259552,1
mimic_perform_af_019,1,XGBoost,0.9991338849067688,1
mimic_perform_af_019,1,XGBoost,0.9991356730461121,1
mimic_perform_af_019,1,XGBoost,0.9992436170578003,1
mimic_perform_af_019,1,XGBoost,0.9992768168449402,1
mimic_perform_af_019,1,XGBoost,0.9993311166763306,1
mimic_perform_af_019,1,XGBoost,0.9903399348258972,1
mimic_perform_af_019,1,XGBoost,0.9794936776161194,1
mimic_perform_af_019,1,XGBoost,0.9958665370941162,1
mimic_perform_af_019,1,XGBoost,0.9991725087165833,1
mimic_perform_af_019,1,XGBoost,0.999186098575592,1
mimic_perform_af_019,1,XGBoost,0.9985389709472656,1
mimic_perform_af_019,1,XGBoost,0.9921768307685852,1
mimic_perform_af_019,1,XGBoost,0.9972048401832581,1
mimic_perform_af_019,1,XGBoost,0.9980306029319763,1
mimic_perform_af_019,1,XGBoost,0.9977546334266663,1
mimic_perform_af_019,1,XGBoost,0.9990435242652893,1
mimic_perform_af_019,1,XGBoost,0.9991760849952698,1
mimic_perform_af_019,1,XGBoost,0.9993676543235779,1
mimic_perform_af_019,1,XGBoost,0.9993618130683899,1
mimic_perform_af_019,1,XGBoost,0.9967719912528992,1
mimic_perform_af_019,1,XGBoost,0.9904696345329285,1
mimic_perform_af_019,1,XGBoost,0.9884338974952698,1
mimic_perform_af_019,1,XGBoost,0.996738612651825,1
mimic_perform_af_019,1,XGBoost,0.9992954730987549,1
mimic_perform_af_019,1,XGBoost,0.999284565448761,1
mimic_perform_af_019,1,XGBoost,0.9990956783294678,1
mimic_perform_af_019,1,XGBoost,0.9991412162780762,1
mimic_perform_af_019,1,XGBoost,0.9990888833999634,1
mimic_perform_af_019,1,XGBoost,0.9992302656173706,1
mimic_perform_af_019,1,XGBoost,0.9991903901100159,1
mimic_perform_af_019,1,XGBoost,0.9992157220840454,1
mimic_perform_af_019,1,XGBoost,0.9992954730987549,1
mimic_perform_af_019,1,XGBoost,0.9991434812545776,1
mimic_perform_af_019,1,XGBoost,0.9990968704223633,1
mimic_perform_af_019,1,XGBoost,0.999186098575592,1
mimic_perform_af_019,1,XGBoost,0.999186098575592,1
mimic_perform_af_019,1,XGBoost,0.999186098575592,1
mimic_perform_af_019,1,XGBoost,0.9988321661949158,1
mimic_perform_af_019,1,XGBoost,0.997938334941864,1
mimic_perform_af_019,1,XGBoost,0.9989939332008362,1
mimic_perform_af_019,1,XGBoost,0.9991810917854309,1
mimic_perform_af_019,1,XGBoost,0.9990273714065552,1
mimic_perform_af_019,1,XGBoost,0.999182403087616,1
mimic_perform_af_019,1,XGBoost,0.9992765784263611,1
mimic_perform_af_019,1,XGBoost,0.9992892742156982,1
mimic_perform_af_019,1,XGBoost,0.9992490410804749,1
mimic_perform_af_019,1,XGBoost,0.999271810054779,1
mimic_perform_af_019,1,XGBoost,0.9992901086807251,1
mimic_perform_af_019,1,XGBoost,0.9978660941123962,1
mimic_perform_af_019,1,XGBoost,0.9872623085975647,1
mimic_perform_af_019,1,XGBoost,0.9959281086921692,1
mimic_perform_af_019,1,XGBoost,0.999237060546875,1
mimic_perform_af_019,1,XGBoost,0.999234676361084,1
mimic_perform_af_019,1,XGBoost,0.9990516304969788,1
mimic_perform_af_019,1,XGBoost,0.999234676361084,1
mimic_perform_af_019,1,XGBoost,0.9992388486862183,1
mimic_perform_af_019,1,XGBoost,0.9992450475692749,1
mimic_perform_af_019,1,XGBoost,0.9993682503700256,1
mimic_perform_af_019,1,XGBoost,0.9992490410804749,1
mimic_perform_af_019,1,XGBoost,0.9992251396179199,1
mimic_perform_af_019,1,XGBoost,0.9992550015449524,1
mimic_perform_af_019,1,XGBoost,0.9992600083351135,1
mimic_perform_af_019,1,XGBoost,0.9991334080696106,1
mimic_perform_af_019,1,XGBoost,0.9992092847824097,1
mimic_perform_af_019,1,XGBoost,0.9990399479866028,1
mimic_perform_af_019,1,XGBoost,0.9991625547409058,1
mimic_perform_af_019,1,XGBoost,0.9992231130599976,1
mimic_perform_af_019,1,XGBoost,0.9991815686225891,1
mimic_perform_af_019,1,XGBoost,0.9988906979560852,1
mimic_perform_af_019,1,XGBoost,0.9989218711853027,1
mimic_perform_af_019,1,XGBoost,0.9992903470993042,1
mimic_perform_af_019,1,XGBoost,0.9986768364906311,1
mimic_perform_af_019,1,XGBoost,0.9993239641189575,1
mimic_perform_af_019,1,XGBoost,0.9992799162864685,1
mimic_perform_af_019,1,XGBoost,0.9970351457595825,1
mimic_perform_af_019,1,XGBoost,0.9857599139213562,1
mimic_perform_af_019,1,XGBoost,0.9630599021911621,1
mimic_perform_af_019,1,XGBoost,0.9900901317596436,1
mimic_perform_af_019,1,XGBoost,0.9979202151298523,1
mimic_perform_af_019,1,XGBoost,0.999271810054779,1
mimic_perform_af_019,1,XGBoost,0.9992735981941223,1
mimic_perform_af_019,1,XGBoost,0.9993840456008911,1
mimic_perform_af_019,1,XGBoost,0.9988138675689697,1
mimic_perform_af_019,1,XGBoost,0.9985594153404236,1
mimic_perform_af_019,1,XGBoost,0.9992783665657043,1
mimic_perform_af_019,1,XGBoost,0.9992407560348511,1
mimic_perform_af_019,1,XGBoost,0.9993389248847961,1
mimic_perform_af_019,1,XGBoost,0.9991766810417175,1
mimic_perform_af_019,1,XGBoost,0.9990947246551514,1
mimic_perform_af_019,1,XGBoost,0.9980059266090393,1
mimic_perform_af_019,1,XGBoost,0.991394579410553,1
mimic_perform_af_019,1,XGBoost,0.9896520972251892,1
mimic_perform_af_019,1,XGBoost,0.9993521571159363,1
mimic_perform_af_019,1,XGBoost,0.99904865026474,1
mimic_perform_af_019,1,XGBoost,0.9992392063140869,1
mimic_perform_non_af_001,0,XGBoost,0.0008379051578231156,0
mimic_perform_non_af_001,0,XGBoost,0.0008383144158869982,0
mimic_perform_non_af_001,0,XGBoost,0.0013798006111755967,0
mimic_perform_non_af_001,0,XGBoost,0.001501391059719026,0
mimic_perform_non_af_001,0,XGBoost,0.0007758903666399419,0
mimic_perform_non_af_001,0,XGBoost,0.0008310402627103031,0
mimic_perform_non_af_001,0,XGBoost,0.0007803745684213936,0
mimic_perform_non_af_001,0,XGBoost,0.0007803745684213936,0
mimic_perform_non_af_001,0,XGBoost,0.0007803745684213936,0
mimic_perform_non_af_001,0,XGBoost,0.0007803745684213936,0
mimic_perform_non_af_001,0,XGBoost,0.0013759650755673647,0
mimic_perform_non_af_001,0,XGBoost,0.0032013708259910345,0
mimic_perform_non_af_001,0,XGBoost,0.05860303342342377,0
mimic_perform_non_af_001,0,XGBoost,0.0023247268982231617,0
mimic_perform_non_af_001,0,XGBoost,0.0015346265863627195,0
mimic_perform_non_af_001,0,XGBoost,0.0007803745684213936,0
mimic_perform_non_af_001,0,XGBoost,0.0008310402627103031,0
mimic_perform_non_af_001,0,XGBoost,0.001573199057020247,0
mimic_perform_non_af_001,0,XGBoost,0.0022869284730404615,0
mimic_perform_non_af_001,0,XGBoost,0.0013944136444479227,0
mimic_perform_non_af_001,0,XGBoost,0.0012186500243842602,0
mimic_perform_non_af_001,0,XGBoost,0.0008310402627103031,0
mimic_perform_non_af_001,0,XGBoost,0.0007803745684213936,0
mimic_perform_non_af_001,0,XGBoost,0.0008717194432392716,0
mimic_perform_non_af_001,0,XGBoost,0.0012629114789888263,0
mimic_perform_non_af_001,0,XGBoost,0.0012629114789888263,0
mimic_perform_non_af_001,0,XGBoost,0.0007758903666399419,0
mimic_perform_non_af_001,0,XGBoost,0.0007803745684213936,0
mimic_perform_non_af_001,0,XGBoost,0.0007803745684213936,0
mimic_perform_non_af_001,0,XGBoost,0.0008262650808319449,0
mimic_perform_non_af_001,0,XGBoost,0.0008262650808319449,0
mimic_perform_non_af_001,0,XGBoost,0.0007758903666399419,0
mimic_perform_non_af_001,0,XGBoost,0.0007803745684213936,0
mimic_perform_non_af_001,0,XGBoost,0.005450081080198288,0
mimic_perform_non_af_001,0,XGBoost,0.0016880190232768655,0
mimic_perform_non_af_001,0,XGBoost,0.014019581489264965,0
mimic_perform_non_af_001,0,XGBoost,0.021743591874837875,0
mimic_perform_non_af_001,0,XGBoost,0.045996129512786865,0
mimic_perform_non_af_001,0,XGBoost,0.026466676965355873,0
mimic_perform_non_af_001,0,XGBoost,0.0029818008188158274,0
mimic_perform_non_af_001,0,XGBoost,0.007960684597492218,0
mimic_perform_non_af_001,0,XGBoost,0.0025289994664490223,0
mimic_perform_non_af_001,0,XGBoost,0.002003478119149804,0
mimic_perform_non_af_001,0,XGBoost,0.0009017977281473577,0
mimic_perform_non_af_001,0,XGBoost,0.0011515992227941751,0
mimic_perform_non_af_001,0,XGBoost,0.0007803745684213936,0
mimic_perform_non_af_001,0,XGBoost,0.0008310402627103031,0
mimic_perform_non_af_001,0,XGBoost,0.0008310402627103031,0
mimic_perform_non_af_001,0,XGBoost,0.0007758903666399419,0
mimic_perform_non_af_001,0,XGBoost,0.0021056190598756075,0
mimic_perform_non_af_001,0,XGBoost,0.003659531706944108,0
mimic_perform_non_af_001,0,XGBoost,0.0012695572804659605,0
mimic_perform_non_af_001,0,XGBoost,0.0011284895008429885,0
mimic_perform_non_af_001,0,XGBoost,0.0008310402627103031,0
mimic_perform_non_af_001,0,XGBoost,0.0008310402627103031,0
mimic_perform_non_af_001,0,XGBoost,0.0008262650808319449,0
mimic_perform_non_af_001,0,XGBoost,0.0008262650808319449,0
mimic_perform_non_af_001,0,XGBoost,0.0008262650808319449,0
mimic_perform_non_af_001,0,XGBoost,0.0008262650808319449,0
mimic_perform_non_af_001,0,XGBoost,0.0007758903666399419,0
mimic_perform_non_af_001,0,XGBoost,0.0008310402627103031,0
mimic_perform_non_af_001,0,XGBoost,0.0007803745684213936,0
mimic_perform_non_af_001,0,XGBoost,0.0007803745684213936,0
mimic_perform_non_af_001,0,XGBoost,0.0007803745684213936,0
mimic_perform_non_af_001,0,XGBoost,0.0015329279704019427,0
mimic_perform_non_af_001,0,XGBoost,0.002690603258088231,0
mimic_perform_non_af_001,0,XGBoost,0.049864549189805984,0
mimic_perform_non_af_001,0,XGBoost,0.0023556947708129883,0
mimic_perform_non_af_001,0,XGBoost,0.0008379051578231156,0
mimic_perform_non_af_001,0,XGBoost,0.0007803745684213936,0
mimic_perform_non_af_001,0,XGBoost,0.0007803745684213936,0
mimic_perform_non_af_001,0,XGBoost,0.0007803745684213936,0
mimic_perform_non_af_001,0,XGBoost,0.0007803745684213936,0
mimic_perform_non_af_001,0,XGBoost,0.0008310402627103031,0
mimic_perform_non_af_001,0,XGBoost,0.0007803745684213936,0
mimic_perform_non_af_001,0,XGBoost,0.0008310402627103031,0
mimic_perform_non_af_001,0,XGBoost,0.0007803745684213936,0
mimic_perform_non_af_001,0,XGBoost,0.0007803745684213936,0
mimic_perform_non_af_001,0,XGBoost,0.0008262650808319449,0
mimic_perform_non_af_001,0,XGBoost,0.0008310402627103031,0
mimic_perform_non_af_001,0,XGBoost,0.0008262650808319449,0
mimic_perform_non_af_001,0,XGBoost,0.0008310402627103031,0
mimic_perform_non_af_001,0,XGBoost,0.0008310402627103031,0
mimic_perform_non_af_001,0,XGBoost,0.0008310402627103031,0
mimic_perform_non_af_001,0,XGBoost,0.0007803745684213936,0
mimic_perform_non_af_001,0,XGBoost,0.0007803745684213936,0
mimic_perform_non_af_001,0,XGBoost,0.0008262650808319449,0
mimic_perform_non_af_001,0,XGBoost,0.0008262650808319449,0
mimic_perform_non_af_001,0,XGBoost,0.0008310402627103031,0
mimic_perform_non_af_001,0,XGBoost,0.0007803745684213936,0
mimic_perform_non_af_001,0,XGBoost,0.0007803745684213936,0
mimic_perform_non_af_001,0,XGBoost,0.0007803745684213936,0
mimic_perform_non_af_001,0,XGBoost,0.0007803745684213936,0
mimic_perform_non_af_001,0,XGBoost,0.0033697658218443394,0
mimic_perform_non_af_001,0,XGBoost,0.002828555181622505,0
mimic_perform_non_af_001,0,XGBoost,0.0022280970588326454,0
mimic_perform_non_af_001,0,XGBoost,0.005856292322278023,0
mimic_perform_non_af_001,0,XGBoost,0.06430580466985703,0
mimic_perform_non_af_001,0,XGBoost,0.010261495597660542,0
mimic_perform_non_af_001,0,XGBoost,0.0018302840180695057,0
mimic_perform_non_af_001,0,XGBoost,0.002122899517416954,0
mimic_perform_non_af_001,0,XGBoost,0.0014694506535306573,0
mimic_perform_non_af_001,0,XGBoost,0.0014694506535306573,0
mimic_perform_non_af_001,0,XGBoost,0.004260858055204153,0
mimic_perform_non_af_001,0,XGBoost,0.0013131647137925029,0
mimic_perform_non_af_001,0,XGBoost,0.002046110574156046,0
mimic_perform_non_af_001,0,XGBoost,0.002046110574156046,0
mimic_perform_non_af_001,0,XGBoost,0.001279219170100987,0
mimic_perform_non_af_001,0,XGBoost,0.0008379051578231156,0
mimic_perform_non_af_001,0,XGBoost,0.001685795490629971,0
mimic_perform_non_af_001,0,XGBoost,0.0023556947708129883,0
mimic_perform_non_af_001,0,XGBoost,0.002678838325664401,0
mimic_perform_non_af_001,0,XGBoost,0.6284175515174866,1
mimic_perform_non_af_001,0,XGBoost,0.12974493205547333,0
mimic_perform_non_af_001,0,XGBoost,0.9331933259963989,1
mimic_perform_non_af_001,0,XGBoost,0.7933596968650818,1
mimic_perform_non_af_001,0,XGBoost,0.02247069589793682,0
mimic_perform_non_af_001,0,XGBoost,0.0018009885679930449,0
mimic_perform_non_af_002,0,XGBoost,0.0002501094713807106,0
mimic_perform_non_af_002,0,XGBoost,0.002231999533250928,0
mimic_perform_non_af_002,0,XGBoost,0.0007661533309146762,0
mimic_perform_non_af_002,0,XGBoost,0.02416921965777874,0
mimic_perform_non_af_002,0,XGBoost,0.0012251933803781867,0
mimic_perform_non_af_002,0,XGBoost,0.0007584409322589636,0
mimic_perform_non_af_002,0,XGBoost,0.0005277814343571663,0
mimic_perform_non_af_002,0,XGBoost,0.001231721369549632,0
mimic_perform_non_af_002,0,XGBoost,0.0013191710459068418,0
mimic_perform_non_af_002,0,XGBoost,0.00021822833514306694,0
mimic_perform_non_af_002,0,XGBoost,0.00012858906120527536,0
mimic_perform_non_af_002,0,XGBoost,0.00017249013762921095,0
mimic_perform_non_af_002,0,XGBoost,0.00012157608580309898,0
mimic_perform_non_af_002,0,XGBoost,8.115532546071336e-05,0
mimic_perform_non_af_002,0,XGBoost,0.0001212037168443203,0
mimic_perform_non_af_002,0,XGBoost,0.00012858906120527536,0
mimic_perform_non_af_002,0,XGBoost,0.00015743957192171365,0
mimic_perform_non_af_002,0,XGBoost,0.00016169653099495918,0
mimic_perform_non_af_002,0,XGBoost,0.00017249013762921095,0
mimic_perform_non_af_002,0,XGBoost,0.0001629028411116451,0
mimic_perform_non_af_002,0,XGBoost,0.00013469344412442297,0
mimic_perform_non_af_002,0,XGBoost,0.00020588390179909766,0
mimic_perform_non_af_002,0,XGBoost,0.00012858906120527536,0
mimic_perform_non_af_002,0,XGBoost,0.00012858906120527536,0
mimic_perform_non_af_002,0,XGBoost,0.00026590836932882667,0
mimic_perform_non_af_002,0,XGBoost,0.00018868282495532185,0
mimic_perform_non_af_002,0,XGBoost,0.0010546237463131547,0
mimic_perform_non_af_002,0,XGBoost,0.0058311112225055695,0
mimic_perform_non_af_002,0,XGBoost,0.00029283325420692563,0
mimic_perform_non_af_002,0,XGBoost,0.0015231017023324966,0
mimic_perform_non_af_002,0,XGBoost,0.0031177711207419634,0
mimic_perform_non_af_002,0,XGBoost,0.0002629694063216448,0
mimic_perform_non_af_002,0,XGBoost,0.00017249013762921095,0
mimic_perform_non_af_002,0,XGBoost,0.00012858906120527536,0
mimic_perform_non_af_002,0,XGBoost,0.0003018659772351384,0
mimic_perform_non_af_002,0,XGBoost,0.00020068416779395193,0
mimic_perform_non_af_002,0,XGBoost,0.00020588390179909766,0
mimic_perform_non_af_002,0,XGBoost,0.0002762940712273121,0
mimic_perform_non_af_002,0,XGBoost,0.0007501434301957488,0
mimic_perform_non_af_002,0,XGBoost,0.000217950320802629,0
mimic_perform_non_af_002,0,XGBoost,0.0005915191723033786,0
mimic_perform_non_af_002,0,XGBoost,0.0006939522572793067,0
mimic_perform_non_af_002,0,XGBoost,0.0004397387383505702,0
mimic_perform_non_af_002,0,XGBoost,0.0003029372892342508,0
mimic_perform_non_af_002,0,XGBoost,0.0008584067691117525,0
mimic_perform_non_af_002,0,XGBoost,0.00016922218492254615,0
mimic_perform_non_af_002,0,XGBoost,0.0002889379393309355,0
mimic_perform_non_af_002,0,XGBoost,0.00016142215463332832,0
mimic_perform_non_af_002,0,XGBoost,0.00012858906120527536,0
mimic_perform_non_af_002,0,XGBoost,0.0001702328590909019,0
mimic_perform_non_af_002,0,XGBoost,0.00031207920983433723,0
mimic_perform_non_af_002,0,XGBoost,0.00023753786808811128,0
mimic_perform_non_af_002,0,XGBoost,0.0002519958943594247,0
mimic_perform_non_af_002,0,XGBoost,0.0008121851715259254,0
mimic_perform_non_af_002,0,XGBoost,0.0006212536827661097,0
mimic_perform_non_af_002,0,XGBoost,0.0008709298563189805,0
mimic_perform_non_af_002,0,XGBoost,0.0009581348276697099,0
mimic_perform_non_af_002,0,XGBoost,0.0007643717690370977,0
mimic_perform_non_af_002,0,XGBoost,0.0001476816541980952,0
mimic_perform_non_af_002,0,XGBoost,0.0003400963614694774,0
mimic_perform_non_af_002,0,XGBoost,0.00030848156893625855,0
mimic_perform_non_af_002,0,XGBoost,0.00028494035359472036,0
mimic_perform_non_af_002,0,XGBoost,0.0002956189855467528,0
mimic_perform_non_af_002,0,XGBoost,0.00017249013762921095,0
mimic_perform_non_af_002,0,XGBoost,0.00010329992801416665,0
mimic_perform_non_af_002,0,XGBoost,0.00012858906120527536,0
mimic_perform_non_af_002,0,XGBoost,0.00010154642950510606,0
mimic_perform_non_af_002,0,XGBoost,0.0001534849579911679,0
mimic_perform_non_af_002,0,XGBoost,0.00012858906120527536,0
mimic_perform_non_af_002,0,XGBoost,0.00017249013762921095,0
mimic_perform_non_af_002,0,XGBoost,0.0001476816541980952,0
mimic_perform_non_af_002,0,XGBoost,0.0003837522817775607,0
mimic_perform_non_af_002,0,XGBoost,0.0004011080600321293,0
mimic_perform_non_af_002,0,XGBoost,9.290207526646554e-05,0
mimic_perform_non_af_002,0,XGBoost,0.00013281706196721643,0
mimic_perform_non_af_002,0,XGBoost,0.00013281706196721643,0
mimic_perform_non_af_002,0,XGBoost,9.826118912314996e-05,0
mimic_perform_non_af_002,0,XGBoost,0.00018868282495532185,0
mimic_perform_non_af_002,0,XGBoost,0.0003460336592979729,0
mimic_perform_non_af_002,0,XGBoost,0.0007204991416074336,0
mimic_perform_non_af_002,0,XGBoost,0.000625127402599901,0
mimic_perform_non_af_002,0,XGBoost,0.0013492588186636567,0
mimic_perform_non_af_002,0,XGBoost,0.0009190667187795043,0
mimic_perform_non_af_002,0,XGBoost,0.004993721842765808,0
mimic_perform_non_af_002,0,XGBoost,0.22956469655036926,0
mimic_perform_non_af_002,0,XGBoost,0.019161000847816467,0
mimic_perform_non_af_002,0,XGBoost,0.0020767655223608017,0
mimic_perform_non_af_002,0,XGBoost,0.00034472974948585033,0
mimic_perform_non_af_002,0,XGBoost,0.00012714350305031985,0
mimic_perform_non_af_002,0,XGBoost,8.610814984422177e-05,0
mimic_perform_non_af_002,0,XGBoost,0.0009601534111425281,0
mimic_perform_non_af_002,0,XGBoost,0.020238781347870827,0
mimic_perform_non_af_002,0,XGBoost,0.000430753716500476,0
mimic_perform_non_af_002,0,XGBoost,0.0006751482142135501,0
mimic_perform_non_af_002,0,XGBoost,0.000257225357927382,0
mimic_perform_non_af_002,0,XGBoost,0.00011701013136189431,0
mimic_perform_non_af_002,0,XGBoost,0.000623473257292062,0
mimic_perform_non_af_002,0,XGBoost,0.00013966458209324628,0
mimic_perform_non_af_002,0,XGBoost,0.0001394731953041628,0
mimic_perform_non_af_002,0,XGBoost,0.0009599814657121897,0
mimic_perform_non_af_002,0,XGBoost,0.0007505491957999766,0
mimic_perform_non_af_002,0,XGBoost,0.0007237531244754791,0
mimic_perform_non_af_002,0,XGBoost,0.00028494035359472036,0
mimic_perform_non_af_002,0,XGBoost,0.00027737647178582847,0
mimic_perform_non_af_002,0,XGBoost,0.02308267168700695,0
mimic_perform_non_af_002,0,XGBoost,0.0006914439727552235,0
mimic_perform_non_af_002,0,XGBoost,0.00029198851552791893,0
mimic_perform_non_af_002,0,XGBoost,0.0002781362272799015,0
mimic_perform_non_af_002,0,XGBoost,0.00047644160804338753,0
mimic_perform_non_af_002,0,XGBoost,0.00030848156893625855,0
mimic_perform_non_af_002,0,XGBoost,0.0019560048822313547,0
mimic_perform_non_af_002,0,XGBoost,0.0008556930697523057,0
mimic_perform_non_af_002,0,XGBoost,0.00041876634350046515,0
mimic_perform_non_af_002,0,XGBoost,0.12023954093456268,0
mimic_perform_non_af_002,0,XGBoost,0.0018808713648468256,0
mimic_perform_non_af_002,0,XGBoost,0.001029135542921722,0
mimic_perform_non_af_002,0,XGBoost,0.001846517901867628,0
mimic_perform_non_af_002,0,XGBoost,0.0004979842342436314,0
mimic_perform_non_af_003,0,XGBoost,0.0008262387127615511,0
mimic_perform_non_af_003,0,XGBoost,0.0008734941366128623,0
mimic_perform_non_af_003,0,XGBoost,0.0008734941366128623,0
mimic_perform_non_af_003,0,XGBoost,0.0008734941366128623,0
mimic_perform_non_af_003,0,XGBoost,0.0008262387127615511,0
mimic_perform_non_af_003,0,XGBoost,0.0012760510435327888,0
mimic_perform_non_af_003,0,XGBoost,0.0011429388541728258,0
mimic_perform_non_af_003,0,XGBoost,0.0014050123281776905,0
mimic_perform_non_af_003,0,XGBoost,0.0011429388541728258,0
mimic_perform_non_af_003,0,XGBoost,0.0012448064517229795,0
mimic_perform_non_af_003,0,XGBoost,0.0008734941366128623,0
mimic_perform_non_af_003,0,XGBoost,0.0008734941366128623,0
mimic_perform_non_af_003,0,XGBoost,0.0008000504458323121,0
mimic_perform_non_af_003,0,XGBoost,0.0008000504458323121,0
mimic_perform_non_af_003,0,XGBoost,0.0008262387127615511,0
mimic_perform_non_af_003,0,XGBoost,0.001280608237721026,0
mimic_perform_non_af_003,0,XGBoost,0.0011429388541728258,0
mimic_perform_non_af_003,0,XGBoost,0.0014495404902845621,0
mimic_perform_non_af_003,0,XGBoost,0.0008734941366128623,0
mimic_perform_non_af_003,0,XGBoost,0.0008734941366128623,0
mimic_perform_non_af_003,0,XGBoost,0.0008262387127615511,0
mimic_perform_non_af_003,0,XGBoost,0.0008262387127615511,0
mimic_perform_non_af_003,0,XGBoost,0.0008000504458323121,0
mimic_perform_non_af_003,0,XGBoost,0.0008262387127615511,0
mimic_perform_non_af_003,0,XGBoost,0.0008262387127615511,0
mimic_perform_non_af_003,0,XGBoost,0.0008262387127615511,0
mimic_perform_non_af_003,0,XGBoost,0.0008000504458323121,0
mimic_perform_non_af_003,0,XGBoost,0.0008262387127615511,0
mimic_perform_non_af_003,0,XGBoost,0.0011348682455718517,0
mimic_perform_non_af_003,0,XGBoost,0.0010720733553171158,0
mimic_perform_non_af_003,0,XGBoost,0.0009348841267637908,0
mimic_perform_non_af_003,0,XGBoost,0.0014672554098069668,0
mimic_perform_non_af_003,0,XGBoost,0.0015508831711485982,0
mimic_perform_non_af_003,0,XGBoost,0.0014928344171494246,0
mimic_perform_non_af_003,0,XGBoost,0.0014985756715759635,0
mimic_perform_non_af_003,0,XGBoost,0.0017747679958119988,0
mimic_perform_non_af_003,0,XGBoost,0.0011303486535325646,0
mimic_perform_non_af_003,0,XGBoost,0.0008000504458323121,0
mimic_perform_non_af_003,0,XGBoost,0.0008262387127615511,0
mimic_perform_non_af_003,0,XGBoost,0.0008262387127615511,0
mimic_perform_non_af_003,0,XGBoost,0.0008262387127615511,0
mimic_perform_non_af_003,0,XGBoost,0.0008262387127615511,0
mimic_perform_non_af_003,0,XGBoost,0.0008262387127615511,0
mimic_perform_non_af_003,0,XGBoost,0.0008262387127615511,0
mimic_perform_non_af_003,0,XGBoost,0.0008262387127615511,0
mimic_perform_non_af_003,0,XGBoost,0.0008262387127615511,0
mimic_perform_non_af_003,0,XGBoost,0.0012448064517229795,0
mimic_perform_non_af_003,0,XGBoost,0.0011695787543430924,0
mimic_perform_non_af_003,0,XGBoost,0.0012417181860655546,0
mimic_perform_non_af_003,0,XGBoost,0.001401526969857514,0
mimic_perform_non_af_003,0,XGBoost,0.001268447726033628,0
mimic_perform_non_af_003,0,XGBoost,0.001280608237721026,0
mimic_perform_non_af_003,0,XGBoost,0.0011673360131680965,0
mimic_perform_non_af_003,0,XGBoost,0.001196306082420051,0
mimic_perform_non_af_003,0,XGBoost,0.001196306082420051,0
mimic_perform_non_af_003,0,XGBoost,0.0012403764994814992,0
mimic_perform_non_af_003,0,XGBoost,0.0008262387127615511,0
mimic_perform_non_af_003,0,XGBoost,0.0008262387127615511,0
mimic_perform_non_af_003,0,XGBoost,0.0008734941366128623,0
mimic_perform_non_af_003,0,XGBoost,0.0012760510435327888,0
mimic_perform_non_af_003,0,XGBoost,0.0011695787543430924,0
mimic_perform_non_af_003,0,XGBoost,0.0013644230784848332,0
mimic_perform_non_af_003,0,XGBoost,0.0008000504458323121,0
mimic_perform_non_af_003,0,XGBoost,0.0008000504458323121,0
mimic_perform_non_af_003,0,XGBoost,0.0013515332248061895,0
mimic_perform_non_af_003,0,XGBoost,0.001196306082420051,0
mimic_perform_non_af_003,0,XGBoost,0.0015430408529937267,0
mimic_perform_non_af_003,0,XGBoost,0.00224241241812706,0
mimic_perform_non_af_003,0,XGBoost,0.0018929680809378624,0
mimic_perform_non_af_003,0,XGBoost,0.0019577285274863243,0
mimic_perform_non_af_003,0,XGBoost,0.001599190989509225,0
mimic_perform_non_af_003,0,XGBoost,0.0013644230784848332,0
mimic_perform_non_af_003,0,XGBoost,0.0011027466971427202,0
mimic_perform_non_af_003,0,XGBoost,0.0010720733553171158,0
mimic_perform_non_af_003,0,XGBoost,0.00149695691652596,0
mimic_perform_non_af_003,0,XGBoost,0.001280608237721026,0
mimic_perform_non_af_003,0,XGBoost,0.0022690712939947844,0
mimic_perform_non_af_003,0,XGBoost,0.0017861061496660113,0
mimic_perform_non_af_003,0,XGBoost,0.0008734941366128623,0
mimic_perform_non_af_003,0,XGBoost,0.0008734941366128623,0
mimic_perform_non_af_003,0,XGBoost,0.0008262387127615511,0
mimic_perform_non_af_003,0,XGBoost,0.0008262387127615511,0
mimic_perform_non_af_003,0,XGBoost,0.0008262387127615511,0
mimic_perform_non_af_003,0,XGBoost,0.0008262387127615511,0
mimic_perform_non_af_003,0,XGBoost,0.0010720733553171158,0
mimic_perform_non_af_003,0,XGBoost,0.0010381012689322233,0
mimic_perform_non_af_003,0,XGBoost,0.0010720733553171158,0
mimic_perform_non_af_003,0,XGBoost,0.0017766866367310286,0
mimic_perform_non_af_003,0,XGBoost,0.0010069069685414433,0
mimic_perform_non_af_003,0,XGBoost,0.0010069069685414433,0
mimic_perform_non_af_003,0,XGBoost,0.0008262387127615511,0
mimic_perform_non_af_003,0,XGBoost,0.0011624951148405671,0
mimic_perform_non_af_003,0,XGBoost,0.0011027466971427202,0
mimic_perform_non_af_003,0,XGBoost,0.0008458093507215381,0
mimic_perform_non_af_003,0,XGBoost,0.0012403764994814992,0
mimic_perform_non_af_003,0,XGBoost,0.0012760510435327888,0
mimic_perform_non_af_003,0,XGBoost,0.0012403764994814992,0
mimic_perform_non_af_003,0,XGBoost,0.0008000504458323121,0
mimic_perform_non_af_003,0,XGBoost,0.0008000504458323121,0
mimic_perform_non_af_003,0,XGBoost,0.0010989084839820862,0
mimic_perform_non_af_003,0,XGBoost,0.0010381012689322233,0
mimic_perform_non_af_003,0,XGBoost,0.0012448064517229795,0
mimic_perform_non_af_003,0,XGBoost,0.0014985756715759635,0
mimic_perform_non_af_003,0,XGBoost,0.0013658987591043115,0
mimic_perform_non_af_003,0,XGBoost,0.0013658987591043115,0
mimic_perform_non_af_003,0,XGBoost,0.0008000504458323121,0
mimic_perform_non_af_003,0,XGBoost,0.0008262387127615511,0
mimic_perform_non_af_003,0,XGBoost,0.0008262387127615511,0
mimic_perform_non_af_003,0,XGBoost,0.0008262387127615511,0
mimic_perform_non_af_003,0,XGBoost,0.0008262387127615511,0
mimic_perform_non_af_003,0,XGBoost,0.0008262387127615511,0
mimic_perform_non_af_003,0,XGBoost,0.0008458093507215381,0
mimic_perform_non_af_003,0,XGBoost,0.0008734941366128623,0
mimic_perform_non_af_003,0,XGBoost,0.0008734941366128623,0
mimic_perform_non_af_003,0,XGBoost,0.0011673360131680965,0
mimic_perform_non_af_003,0,XGBoost,0.0011673360131680965,0
mimic_perform_non_af_003,0,XGBoost,0.0008458093507215381,0
mimic_perform_non_af_003,0,XGBoost,0.0008000504458323121,0
mimic_perform_non_af_004,0,XGBoost,0.001727472641505301,0
mimic_perform_non_af_004,0,XGBoost,0.001727472641505301,0
mimic_perform_non_af_004,0,XGBoost,0.0008183257887139916,0
mimic_perform_non_af_004,0,XGBoost,0.0026407460682094097,0
mimic_perform_non_af_004,0,XGBoost,0.03143469616770744,0
mimic_perform_non_af_004,0,XGBoost,0.032793015241622925,0
mimic_perform_non_af_004,0,XGBoost,0.0016383304027840495,0
mimic_perform_non_af_004,0,XGBoost,0.0008718041353859007,0
mimic_perform_non_af_004,0,XGBoost,0.0008183257887139916,0
mimic_perform_non_af_004,0,XGBoost,0.0008183257887139916,0
mimic_perform_non_af_004,0,XGBoost,0.0008183257887139916,0
mimic_perform_non_af_004,0,XGBoost,0.0008183257887139916,0
mimic_perform_non_af_004,0,XGBoost,0.0008183257887139916,0
mimic_perform_non_af_004,0,XGBoost,0.0008183257887139916,0
mimic_perform_non_af_004,0,XGBoost,0.00158974330406636,0
mimic_perform_non_af_004,0,XGBoost,0.0016859101597219706,0
mimic_perform_non_af_004,0,XGBoost,0.0016859101597219706,0
mimic_perform_non_af_004,0,XGBoost,0.0008183257887139916,0
mimic_perform_non_af_004,0,XGBoost,0.0008183257887139916,0
mimic_perform_non_af_004,0,XGBoost,0.0008183257887139916,0
mimic_perform_non_af_004,0,XGBoost,0.0008183257887139916,0
mimic_perform_non_af_004,0,XGBoost,0.0008183257887139916,0
mimic_perform_non_af_004,0,XGBoost,0.0008718041353859007,0
mimic_perform_non_af_004,0,XGBoost,0.0008183257887139916,0
mimic_perform_non_af_004,0,XGBoost,0.0008183257887139916,0
mimic_perform_non_af_004,0,XGBoost,0.0008183257887139916,0
mimic_perform_non_af_004,0,XGBoost,0.02890949696302414,0
mimic_perform_non_af_004,0,XGBoost,0.06936609745025635,0
mimic_perform_non_af_004,0,XGBoost,0.006707369815558195,0
mimic_perform_non_af_004,0,XGBoost,0.0017577876569703221,0
mimic_perform_non_af_004,0,XGBoost,0.00158974330406636,0
mimic_perform_non_af_004,0,XGBoost,0.0008183257887139916,0
mimic_perform_non_af_004,0,XGBoost,0.0008183257887139916,0
mimic_perform_non_af_004,0,XGBoost,0.0008718041353859007,0
mimic_perform_non_af_004,0,XGBoost,0.0008183257887139916,0
mimic_perform_non_af_004,0,XGBoost,0.0814761221408844,0
mimic_perform_non_af_004,0,XGBoost,0.05074777454137802,0
mimic_perform_non_af_004,0,XGBoost,0.0021212666761130095,0
mimic_perform_non_af_004,0,XGBoost,0.002201676368713379,0
mimic_perform_non_af_004,0,XGBoost,0.0024488065391778946,0
mimic_perform_non_af_004,0,XGBoost,0.00158974330406636,0
mimic_perform_non_af_004,0,XGBoost,0.0008183257887139916,0
mimic_perform_non_af_004,0,XGBoost,0.0008183257887139916,0
mimic_perform_non_af_004,0,XGBoost,0.0008183257887139916,0
mimic_perform_non_af_004,0,XGBoost,0.0008183257887139916,0
mimic_perform_non_af_004,0,XGBoost,0.0008183257887139916,0
mimic_perform_non_af_004,0,XGBoost,0.02524777688086033,0
mimic_perform_non_af_004,0,XGBoost,0.0016859101597219706,0
mimic_perform_non_af_004,0,XGBoost,0.0016859101597219706,0
mimic_perform_non_af_004,0,XGBoost,0.0008183257887139916,0
mimic_perform_non_af_004,0,XGBoost,0.0008183257887139916,0
mimic_perform_non_af_004,0,XGBoost,0.0008718041353859007,0
mimic_perform_non_af_004,0,XGBoost,0.02440868690609932,0
mimic_perform_non_af_004,0,XGBoost,0.054508619010448456,0
mimic_perform_non_af_004,0,XGBoost,0.06302621215581894,0
mimic_perform_non_af_004,0,XGBoost,0.058280784636735916,0
mimic_perform_non_af_004,0,XGBoost,0.0009772726334631443,0
mimic_perform_non_af_004,0,XGBoost,0.0008183257887139916,0
mimic_perform_non_af_004,0,XGBoost,0.0008183257887139916,0
mimic_perform_non_af_004,0,XGBoost,0.0008183257887139916,0
mimic_perform_non_af_004,0,XGBoost,0.0009716668864712119,0
mimic_perform_non_af_004,0,XGBoost,0.0009716668864712119,0
mimic_perform_non_af_004,0,XGBoost,0.00103515584487468,0
mimic_perform_non_af_004,0,XGBoost,0.0008718041353859007,0
mimic_perform_non_af_004,0,XGBoost,0.0008183257887139916,0
mimic_perform_non_af_004,0,XGBoost,0.0008183257887139916,0
mimic_perform_non_af_004,0,XGBoost,0.0008183257887139916,0
mimic_perform_non_af_004,0,XGBoost,0.0008183257887139916,0
mimic_perform_non_af_004,0,XGBoost,0.0008183257887139916,0
mimic_perform_non_af_004,0,XGBoost,0.0008183257887139916,0
mimic_perform_non_af_004,0,XGBoost,0.0017374312737956643,0
mimic_perform_non_af_004,0,XGBoost,0.0017374312737956643,0
mimic_perform_non_af_004,0,XGBoost,0.0016383304027840495,0
mimic_perform_non_af_004,0,XGBoost,0.0008183257887139916,0
mimic_perform_non_af_004,0,XGBoost,0.0008183257887139916,0
mimic_perform_non_af_004,0,XGBoost,0.0008183257887139916,0
mimic_perform_non_af_004,0,XGBoost,0.0008718041353859007,0
mimic_perform_non_af_004,0,XGBoost,0.0008183257887139916,0
mimic_perform_non_af_004,0,XGBoost,0.0008183257887139916,0
mimic_perform_non_af_004,0,XGBoost,0.0008183257887139916,0
mimic_perform_non_af_004,0,XGBoost,0.0017374312737956643,0
mimic_perform_non_af_004,0,XGBoost,0.0017374312737956643,0
mimic_perform_non_af_004,0,XGBoost,0.0017374312737956643,0
mimic_perform_non_af_004,0,XGBoost,0.0026864621322602034,0
mimic_perform_non_af_004,0,XGBoost,0.0008183257887139916,0
mimic_perform_non_af_004,0,XGBoost,0.0016151121817529202,0
mimic_perform_non_af_004,0,XGBoost,0.0022060638293623924,0
mimic_perform_non_af_004,0,XGBoost,0.0016980278305709362,0
mimic_perform_non_af_004,0,XGBoost,0.0008183257887139916,0
mimic_perform_non_af_004,0,XGBoost,0.0008183257887139916,0
mimic_perform_non_af_004,0,XGBoost,0.0008183257887139916,0
mimic_perform_non_af_004,0,XGBoost,0.0008183257887139916,0
mimic_perform_non_af_004,0,XGBoost,0.0008183257887139916,0
mimic_perform_non_af_004,0,XGBoost,0.0008183257887139916,0
mimic_perform_non_af_004,0,XGBoost,0.0008183257887139916,0
mimic_perform_non_af_004,0,XGBoost,0.0008718041353859007,0
mimic_perform_non_af_004,0,XGBoost,0.0008183257887139916,0
mimic_perform_non_af_004,0,XGBoost,0.0008183257887139916,0
mimic_perform_non_af_004,0,XGBoost,0.0008183257887139916,0
mimic_perform_non_af_004,0,XGBoost,0.0008718041353859007,0
mimic_perform_non_af_004,0,XGBoost,0.0008718041353859007,0
mimic_perform_non_af_004,0,XGBoost,0.0010215835645794868,0
mimic_perform_non_af_004,0,XGBoost,0.039937589317560196,0
mimic_perform_non_af_004,0,XGBoost,0.04506561532616615,0
mimic_perform_non_af_004,0,XGBoost,0.0016575277550145984,0
mimic_perform_non_af_004,0,XGBoost,0.0008183257887139916,0
mimic_perform_non_af_004,0,XGBoost,0.0008183257887139916,0
mimic_perform_non_af_004,0,XGBoost,0.0008183257887139916,0
mimic_perform_non_af_004,0,XGBoost,0.0016859101597219706,0
mimic_perform_non_af_004,0,XGBoost,0.0016859101597219706,0
mimic_perform_non_af_004,0,XGBoost,0.00158974330406636,0
mimic_perform_non_af_004,0,XGBoost,0.0008183257887139916,0
mimic_perform_non_af_004,0,XGBoost,0.003564022481441498,0
mimic_perform_non_af_004,0,XGBoost,0.03738487884402275,0
mimic_perform_non_af_004,0,XGBoost,0.10208787769079208,0
mimic_perform_non_af_004,0,XGBoost,0.002633137395605445,0
mimic_perform_non_af_004,0,XGBoost,0.022786490619182587,0
mimic_perform_non_af_004,0,XGBoost,0.02180786244571209,0
mimic_perform_non_af_005,0,XGBoost,0.0008997160475701094,0
mimic_perform_non_af_005,0,XGBoost,0.0008828270947560668,0
mimic_perform_non_af_005,0,XGBoost,0.0008715321309864521,0
mimic_perform_non_af_005,0,XGBoost,0.0008715321309864521,0
mimic_perform_non_af_005,0,XGBoost,0.0008715321309864521,0
mimic_perform_non_af_005,0,XGBoost,0.0008473278721794486,0
mimic_perform_non_af_005,0,XGBoost,0.0009318473166786134,0
mimic_perform_non_af_005,0,XGBoost,0.0009318473166786134,0
mimic_perform_non_af_005,0,XGBoost,0.0009318473166786134,0
mimic_perform_non_af_005,0,XGBoost,0.0009318473166786134,0
mimic_perform_non_af_005,0,XGBoost,0.0008473278721794486,0
mimic_perform_non_af_005,0,XGBoost,0.0008715321309864521,0
mimic_perform_non_af_005,0,XGBoost,0.0008473278721794486,0
mimic_perform_non_af_005,0,XGBoost,0.0008283273200504482,0
mimic_perform_non_af_005,0,XGBoost,0.0008283273200504482,0
mimic_perform_non_af_005,0,XGBoost,0.0008473278721794486,0
mimic_perform_non_af_005,0,XGBoost,0.0008473278721794486,0
mimic_perform_non_af_005,0,XGBoost,0.0008715321309864521,0
mimic_perform_non_af_005,0,XGBoost,0.0008715321309864521,0
mimic_perform_non_af_005,0,XGBoost,0.0009318473166786134,0
mimic_perform_non_af_005,0,XGBoost,0.0008473278721794486,0
mimic_perform_non_af_005,0,XGBoost,0.0008283273200504482,0
mimic_perform_non_af_005,0,XGBoost,0.0009318473166786134,0
mimic_perform_non_af_005,0,XGBoost,0.0008715321309864521,0
mimic_perform_non_af_005,0,XGBoost,0.0008715321309864521,0
mimic_perform_non_af_005,0,XGBoost,0.0008715321309864521,0
mimic_perform_non_af_005,0,XGBoost,0.0008473278721794486,0
mimic_perform_non_af_005,0,XGBoost,0.0009318473166786134,0
mimic_perform_non_af_005,0,XGBoost,0.0008473278721794486,0
mimic_perform_non_af_005,0,XGBoost,0.0009318473166786134,0
mimic_perform_non_af_005,0,XGBoost,0.0009318473166786134,0
mimic_perform_non_af_005,0,XGBoost,0.0008997160475701094,0
mimic_perform_non_af_005,0,XGBoost,0.0008715321309864521,0
mimic_perform_non_af_005,0,XGBoost,0.0009318473166786134,0
mimic_perform_non_af_005,0,XGBoost,0.0008473278721794486,0
mimic_perform_non_af_005,0,XGBoost,0.0008473278721794486,0
mimic_perform_non_af_005,0,XGBoost,0.0008473278721794486,0
mimic_perform_non_af_005,0,XGBoost,0.0008473278721794486,0
mimic_perform_non_af_005,0,XGBoost,0.0008283273200504482,0
mimic_perform_non_af_005,0,XGBoost,0.0008997160475701094,0
mimic_perform_non_af_005,0,XGBoost,0.0008997160475701094,0
mimic_perform_non_af_005,0,XGBoost,0.0008283273200504482,0
mimic_perform_non_af_005,0,XGBoost,0.0008473278721794486,0
mimic_perform_non_af_005,0,XGBoost,0.0008473278721794486,0
mimic_perform_non_af_005,0,XGBoost,0.0008473278721794486,0
mimic_perform_non_af_005,0,XGBoost,0.0009318473166786134,0
mimic_perform_non_af_005,0,XGBoost,0.0009318473166786134,0
mimic_perform_non_af_005,0,XGBoost,0.0009318473166786134,0
mimic_perform_non_af_005,0,XGBoost,0.0009318473166786134,0
mimic_perform_non_af_005,0,XGBoost,0.0008283273200504482,0
mimic_perform_non_af_005,0,XGBoost,0.0008715321309864521,0
mimic_perform_non_af_005,0,XGBoost,0.0008283273200504482,0
mimic_perform_non_af_005,0,XGBoost,0.0008997160475701094,0
mimic_perform_non_af_005,0,XGBoost,0.0008997160475701094,0
mimic_perform_non_af_005,0,XGBoost,0.0008551151840947568,0
mimic_perform_non_af_005,0,XGBoost,0.0008473278721794486,0
mimic_perform_non_af_005,0,XGBoost,0.0008473278721794486,0
mimic_perform_non_af_005,0,XGBoost,0.0008283273200504482,0
mimic_perform_non_af_005,0,XGBoost,0.0009318473166786134,0
mimic_perform_non_af_005,0,XGBoost,0.0008473278721794486,0
mimic_perform_non_af_005,0,XGBoost,0.0008473278721794486,0
mimic_perform_non_af_005,0,XGBoost,0.0008473278721794486,0
mimic_perform_non_af_005,0,XGBoost,0.0009318473166786134,0
mimic_perform_non_af_005,0,XGBoost,0.0008473278721794486,0
mimic_perform_non_af_005,0,XGBoost,0.0008715321309864521,0
mimic_perform_non_af_005,0,XGBoost,0.0008715321309864521,0
mimic_perform_non_af_005,0,XGBoost,0.0008715321309864521,0
mimic_perform_non_af_005,0,XGBoost,0.0009318473166786134,0
mimic_perform_non_af_005,0,XGBoost,0.0008715321309864521,0
mimic_perform_non_af_005,0,XGBoost,0.0008715321309864521,0
mimic_perform_non_af_005,0,XGBoost,0.0008473278721794486,0
mimic_perform_non_af_005,0,XGBoost,0.0008473278721794486,0
mimic_perform_non_af_005,0,XGBoost,0.0008473278721794486,0
mimic_perform_non_af_005,0,XGBoost,0.0008473278721794486,0
mimic_perform_non_af_005,0,XGBoost,0.0008283273200504482,0
mimic_perform_non_af_005,0,XGBoost,0.0008473278721794486,0
mimic_perform_non_af_005,0,XGBoost,0.0008715321309864521,0
mimic_perform_non_af_005,0,XGBoost,0.0008715321309864521,0
mimic_perform_non_af_005,0,XGBoost,0.0008715321309864521,0
mimic_perform_non_af_005,0,XGBoost,0.0008283273200504482,0
mimic_perform_non_af_005,0,XGBoost,0.0008473278721794486,0
mimic_perform_non_af_005,0,XGBoost,0.0008473278721794486,0
mimic_perform_non_af_005,0,XGBoost,0.0009318473166786134,0
mimic_perform_non_af_005,0,XGBoost,0.0008715321309864521,0
mimic_perform_non_af_005,0,XGBoost,0.0008715321309864521,0
mimic_perform_non_af_005,0,XGBoost,0.0009318473166786134,0
mimic_perform_non_af_005,0,XGBoost,0.000981524819508195,0
mimic_perform_non_af_005,0,XGBoost,0.0009179972694255412,0
mimic_perform_non_af_005,0,XGBoost,0.0009318473166786134,0
mimic_perform_non_af_005,0,XGBoost,0.0009318473166786134,0
mimic_perform_non_af_005,0,XGBoost,0.0008473278721794486,0
mimic_perform_non_af_005,0,XGBoost,0.0008473278721794486,0
mimic_perform_non_af_005,0,XGBoost,0.0008473278721794486,0
mimic_perform_non_af_005,0,XGBoost,0.0008473278721794486,0
mimic_perform_non_af_005,0,XGBoost,0.0008473278721794486,0
mimic_perform_non_af_005,0,XGBoost,0.0008473278721794486,0
mimic_perform_non_af_005,0,XGBoost,0.0008283273200504482,0
mimic_perform_non_af_005,0,XGBoost,0.0008283273200504482,0
mimic_perform_non_af_005,0,XGBoost,0.0008473278721794486,0
mimic_perform_non_af_005,0,XGBoost,0.0008715321309864521,0
mimic_perform_non_af_005,0,XGBoost,0.0008715321309864521,0
mimic_perform_non_af_005,0,XGBoost,0.0008715321309864521,0
mimic_perform_non_af_005,0,XGBoost,0.0008473278721794486,0
mimic_perform_non_af_005,0,XGBoost,0.0008715321309864521,0
mimic_perform_non_af_005,0,XGBoost,0.0009318473166786134,0
mimic_perform_non_af_005,0,XGBoost,0.000981524819508195,0
mimic_perform_non_af_005,0,XGBoost,0.0009318473166786134,0
mimic_perform_non_af_005,0,XGBoost,0.0009318473166786134,0
mimic_perform_non_af_005,0,XGBoost,0.0008715321309864521,0
mimic_perform_non_af_005,0,XGBoost,0.0009318473166786134,0
mimic_perform_non_af_005,0,XGBoost,0.0009179972694255412,0
mimic_perform_non_af_005,0,XGBoost,0.0009318473166786134,0
mimic_perform_non_af_005,0,XGBoost,0.0009318473166786134,0
mimic_perform_non_af_005,0,XGBoost,0.0009318473166786134,0
mimic_perform_non_af_005,0,XGBoost,0.0009318473166786134,0
mimic_perform_non_af_005,0,XGBoost,0.0008715321309864521,0
mimic_perform_non_af_005,0,XGBoost,0.0008473278721794486,0
mimic_perform_non_af_005,0,XGBoost,0.0009318473166786134,0
mimic_perform_non_af_006,0,XGBoost,0.0004094954638276249,0
mimic_perform_non_af_006,0,XGBoost,0.000506694836076349,0
mimic_perform_non_af_006,0,XGBoost,0.0003975518047809601,0
mimic_perform_non_af_006,0,XGBoost,0.000410315056797117,0
mimic_perform_non_af_006,0,XGBoost,0.00028872175607830286,0
mimic_perform_non_af_006,0,XGBoost,0.000410315056797117,0
mimic_perform_non_af_006,0,XGBoost,0.00028872175607830286,0
mimic_perform_non_af_006,0,XGBoost,0.0003631449362728745,0
mimic_perform_non_af_006,0,XGBoost,0.0003160166379529983,0
mimic_perform_non_af_006,0,XGBoost,0.00030824108398519456,0
mimic_perform_non_af_006,0,XGBoost,0.00046039719018153846,0
mimic_perform_non_af_006,0,XGBoost,0.00046039719018153846,0
mimic_perform_non_af_006,0,XGBoost,0.0002937291283160448,0
mimic_perform_non_af_006,0,XGBoost,0.0007379069575108588,0
mimic_perform_non_af_006,0,XGBoost,0.0011757004540413618,0
mimic_perform_non_af_006,0,XGBoost,0.0007139402441680431,0
mimic_perform_non_af_006,0,XGBoost,0.0015130536630749702,0
mimic_perform_non_af_006,0,XGBoost,0.0008853761828504503,0
mimic_perform_non_af_006,0,XGBoost,0.0008974821539595723,0
mimic_perform_non_af_006,0,XGBoost,0.000410315056797117,0
mimic_perform_non_af_006,0,XGBoost,0.000410315056797117,0
mimic_perform_non_af_006,0,XGBoost,0.000410315056797117,0
mimic_perform_non_af_006,0,XGBoost,0.00027470546774566174,0
mimic_perform_non_af_006,0,XGBoost,0.000273681478574872,0
mimic_perform_non_af_006,0,XGBoost,0.0003356575034558773,0
mimic_perform_non_af_006,0,XGBoost,0.0002673971466720104,0
mimic_perform_non_af_006,0,XGBoost,0.0008974821539595723,0
mimic_perform_non_af_006,0,XGBoost,0.0013634104980155826,0
mimic_perform_non_af_006,0,XGBoost,0.0008142006699927151,0
mimic_perform_non_af_006,0,XGBoost,0.0013634104980155826,0
mimic_perform_non_af_006,0,XGBoost,0.0019190527964383364,0
mimic_perform_non_af_006,0,XGBoost,0.002962462604045868,0
mimic_perform_non_af_006,0,XGBoost,0.0007793196709826589,0
mimic_perform_non_af_006,0,XGBoost,0.0012310147285461426,0
mimic_perform_non_af_006,0,XGBoost,0.0008428719593212008,0
mimic_perform_non_af_006,0,XGBoost,0.0007602488622069359,0
mimic_perform_non_af_006,0,XGBoost,0.0003871523367706686,0
mimic_perform_non_af_006,0,XGBoost,0.00048791480367071927,0
mimic_perform_non_af_006,0,XGBoost,0.0005287255044095218,0
mimic_perform_non_af_006,0,XGBoost,0.0005287255044095218,0
mimic_perform_non_af_006,0,XGBoost,0.0005169382784515619,0
mimic_perform_non_af_006,0,XGBoost,0.0010691192001104355,0
mimic_perform_non_af_006,0,XGBoost,0.000307084817904979,0
mimic_perform_non_af_006,0,XGBoost,0.0012931136880069971,0
mimic_perform_non_af_006,0,XGBoost,0.0008929911418817937,0
mimic_perform_non_af_006,0,XGBoost,0.0013041836209595203,0
mimic_perform_non_af_006,0,XGBoost,0.0006372018251568079,0
mimic_perform_non_af_006,0,XGBoost,0.0007986112614162266,0
mimic_perform_non_af_006,0,XGBoost,0.0004315654805395752,0
mimic_perform_non_af_006,0,XGBoost,0.0008372438605874777,0
mimic_perform_non_af_006,0,XGBoost,0.0003457639249972999,0
mimic_perform_non_af_006,0,XGBoost,0.00015487511700484902,0
mimic_perform_non_af_006,0,XGBoost,0.0004751637752633542,0
mimic_perform_non_af_006,0,XGBoost,0.00048791480367071927,0
mimic_perform_non_af_006,0,XGBoost,0.00067433703225106,0
mimic_perform_non_af_006,0,XGBoost,0.0007020867196843028,0
mimic_perform_non_af_006,0,XGBoost,0.0007602488622069359,0
mimic_perform_non_af_006,0,XGBoost,0.0005974777159281075,0
mimic_perform_non_af_006,0,XGBoost,0.0007602488622069359,0
mimic_perform_non_af_006,0,XGBoost,0.001273112604394555,0
mimic_perform_non_af_006,0,XGBoost,0.001158487400971353,0
mimic_perform_non_af_006,0,XGBoost,0.001158487400971353,0
mimic_perform_non_af_006,0,XGBoost,0.0006024945178069174,0
mimic_perform_non_af_006,0,XGBoost,0.0005369597347453237,0
mimic_perform_non_af_006,0,XGBoost,0.00039244862273335457,0
mimic_perform_non_af_006,0,XGBoost,0.0007602488622069359,0
mimic_perform_non_af_006,0,XGBoost,0.0009644424426369369,0
mimic_perform_non_af_006,0,XGBoost,0.0006014302489347756,0
mimic_perform_non_af_006,0,XGBoost,0.001158487400971353,0
mimic_perform_non_af_006,0,XGBoost,0.001158487400971353,0
mimic_perform_non_af_006,0,XGBoost,0.0007164064445532858,0
mimic_perform_non_af_006,0,XGBoost,0.0012051401427015662,0
mimic_perform_non_af_006,0,XGBoost,0.0007185427821241319,0
mimic_perform_non_af_006,0,XGBoost,0.0008418734068982303,0
mimic_perform_non_af_006,0,XGBoost,0.0003174933372065425,0
mimic_perform_non_af_006,0,XGBoost,0.00036948942579329014,0
mimic_perform_non_af_006,0,XGBoost,0.0005908317398279905,0
mimic_perform_non_af_006,0,XGBoost,0.001273112604394555,0
mimic_perform_non_af_006,0,XGBoost,0.0020608019549399614,0
mimic_perform_non_af_006,0,XGBoost,0.0007602488622069359,0
mimic_perform_non_af_006,0,XGBoost,0.0006014302489347756,0
mimic_perform_non_af_006,0,XGBoost,0.0006014302489347756,0
mimic_perform_non_af_006,0,XGBoost,0.0007986112614162266,0
mimic_perform_non_af_006,0,XGBoost,0.0005923121352680027,0
mimic_perform_non_af_006,0,XGBoost,0.0008428719593212008,0
mimic_perform_non_af_006,0,XGBoost,0.0006014302489347756,0
mimic_perform_non_af_006,0,XGBoost,0.0007546537090092897,0
mimic_perform_non_af_006,0,XGBoost,0.00067433703225106,0
mimic_perform_non_af_006,0,XGBoost,0.0007909731939435005,0
mimic_perform_non_af_006,0,XGBoost,0.0018691959558054805,0
mimic_perform_non_af_006,0,XGBoost,0.00035147680318914354,0
mimic_perform_non_af_006,0,XGBoost,0.0010471671121194959,0
mimic_perform_non_af_006,0,XGBoost,0.0009147875243797898,0
mimic_perform_non_af_006,0,XGBoost,0.0013163239927962422,0
mimic_perform_non_af_006,0,XGBoost,0.0010902730282396078,0
mimic_perform_non_af_006,0,XGBoost,0.001565946964547038,0
mimic_perform_non_af_006,0,XGBoost,0.0007833462441340089,0
mimic_perform_non_af_006,0,XGBoost,0.001224680570885539,0
mimic_perform_non_af_006,0,XGBoost,0.0017768507823348045,0
mimic_perform_non_af_006,0,XGBoost,0.0019252643687650561,0
mimic_perform_non_af_006,0,XGBoost,0.0011129190679639578,0
mimic_perform_non_af_006,0,XGBoost,0.0006807184545323253,0
mimic_perform_non_af_006,0,XGBoost,0.0005459277308546007,0
mimic_perform_non_af_006,0,XGBoost,0.0006708864239044487,0
mimic_perform_non_af_006,0,XGBoost,0.000804780051112175,0
mimic_perform_non_af_006,0,XGBoost,0.000757190166041255,0
mimic_perform_non_af_006,0,XGBoost,0.0003252103633712977,0
mimic_perform_non_af_006,0,XGBoost,0.00027619872707873583,0
mimic_perform_non_af_006,0,XGBoost,0.0004152993205934763,0
mimic_perform_non_af_006,0,XGBoost,0.0006160760531201959,0
mimic_perform_non_af_006,0,XGBoost,0.00016246229643002152,0
mimic_perform_non_af_006,0,XGBoost,0.0006555735599249601,0
mimic_perform_non_af_006,0,XGBoost,0.00025518907932564616,0
mimic_perform_non_af_006,0,XGBoost,0.00022725322924088687,0
mimic_perform_non_af_006,0,XGBoost,0.00026045547565445304,0
mimic_perform_non_af_006,0,XGBoost,0.0001257616822840646,0
mimic_perform_non_af_006,0,XGBoost,0.00014263938646763563,0
mimic_perform_non_af_006,0,XGBoost,0.00019770461949519813,0
mimic_perform_non_af_007,0,XGBoost,0.004401680082082748,0
mimic_perform_non_af_007,0,XGBoost,0.009954786859452724,0
mimic_perform_non_af_007,0,XGBoost,0.0009778556413948536,0
mimic_perform_non_af_007,0,XGBoost,0.0009700462687760592,0
mimic_perform_non_af_007,0,XGBoost,0.00414457218721509,0
mimic_perform_non_af_007,0,XGBoost,0.011243637651205063,0
mimic_perform_non_af_007,0,XGBoost,0.006444480735808611,0
mimic_perform_non_af_007,0,XGBoost,0.0178473349660635,0
mimic_perform_non_af_007,0,XGBoost,0.005021554883569479,0
mimic_perform_non_af_007,0,XGBoost,0.0036576755810528994,0
mimic_perform_non_af_007,0,XGBoost,0.000733589637093246,0
mimic_perform_non_af_007,0,XGBoost,0.007131520658731461,0
mimic_perform_non_af_007,0,XGBoost,0.0015298635698854923,0
mimic_perform_non_af_007,0,XGBoost,0.0008944233995862305,0
mimic_perform_non_af_007,0,XGBoost,0.000747478217817843,0
mimic_perform_non_af_007,0,XGBoost,0.0026365735102444887,0
mimic_perform_non_af_007,0,XGBoost,0.0026669250801205635,0
mimic_perform_non_af_007,0,XGBoost,0.004500077571719885,0
mimic_perform_non_af_007,0,XGBoost,0.000767675694078207,0
mimic_perform_non_af_007,0,XGBoost,0.000747478217817843,0
mimic_perform_non_af_007,0,XGBoost,0.002368886722251773,0
mimic_perform_non_af_007,0,XGBoost,0.0009390568011440337,0
mimic_perform_non_af_007,0,XGBoost,0.0009299137745983899,0
mimic_perform_non_af_007,0,XGBoost,0.001826202031224966,0
mimic_perform_non_af_007,0,XGBoost,0.0007683690637350082,0
mimic_perform_non_af_007,0,XGBoost,0.005849500186741352,0
mimic_perform_non_af_007,0,XGBoost,0.001492360490374267,0
mimic_perform_non_af_007,0,XGBoost,0.016304152086377144,0
mimic_perform_non_af_007,0,XGBoost,0.007098266389220953,0
mimic_perform_non_af_007,0,XGBoost,0.005465621128678322,0
mimic_perform_non_af_007,0,XGBoost,0.005132901016622782,0
mimic_perform_non_af_007,0,XGBoost,0.006156556308269501,0
mimic_perform_non_af_007,0,XGBoost,0.005739923566579819,0
mimic_perform_non_af_007,0,XGBoost,0.0023674301337450743,0
mimic_perform_non_af_007,0,XGBoost,0.0037580460775643587,0
mimic_perform_non_af_007,0,XGBoost,0.0009700462687760592,0
mimic_perform_non_af_007,0,XGBoost,0.004448956344276667,0
mimic_perform_non_af_007,0,XGBoost,0.02344142645597458,0
mimic_perform_non_af_007,0,XGBoost,0.05590759590268135,0
mimic_perform_non_af_007,0,XGBoost,0.018711740151047707,0
mimic_perform_non_af_007,0,XGBoost,0.09290852397680283,0
mimic_perform_non_af_007,0,XGBoost,0.0407969206571579,0
mimic_perform_non_af_007,0,XGBoost,0.000733589637093246,0
mimic_perform_non_af_007,0,XGBoost,0.0017384710954502225,0
mimic_perform_non_af_007,0,XGBoost,0.0006987152737565339,0
mimic_perform_non_af_007,0,XGBoost,0.0006987152737565339,0
mimic_perform_non_af_007,0,XGBoost,0.0019659821409732103,0
mimic_perform_non_af_007,0,XGBoost,0.006243196316063404,0
mimic_perform_non_af_007,0,XGBoost,0.8753295540809631,1
mimic_perform_non_af_007,0,XGBoost,0.9910926222801208,1
mimic_perform_non_af_007,0,XGBoost,0.7710685729980469,1
mimic_perform_non_af_007,0,XGBoost,0.9802048802375793,1
mimic_perform_non_af_007,0,XGBoost,0.9315460920333862,1
mimic_perform_non_af_007,0,XGBoost,0.3856656849384308,0
mimic_perform_non_af_007,0,XGBoost,0.8528239130973816,1
mimic_perform_non_af_007,0,XGBoost,0.07203838974237442,0
mimic_perform_non_af_007,0,XGBoost,0.01314366701990366,0
mimic_perform_non_af_007,0,XGBoost,0.007189267314970493,0
mimic_perform_non_af_007,0,XGBoost,0.01231100969016552,0
mimic_perform_non_af_007,0,XGBoost,0.06326766312122345,0
mimic_perform_non_af_007,0,XGBoost,0.008803279139101505,0
mimic_perform_non_af_007,0,XGBoost,0.0014558752300217748,0
mimic_perform_non_af_007,0,XGBoost,0.001463587279431522,0
mimic_perform_non_af_007,0,XGBoost,0.0027546787168830633,0
mimic_perform_non_af_007,0,XGBoost,0.003933015279471874,0
mimic_perform_non_af_007,0,XGBoost,0.0037335893139243126,0
mimic_perform_non_af_007,0,XGBoost,0.004698472563177347,0
mimic_perform_non_af_007,0,XGBoost,0.0014366446994245052,0
mimic_perform_non_af_007,0,XGBoost,0.0010100227082148194,0
mimic_perform_non_af_007,0,XGBoost,0.008963770233094692,0
mimic_perform_non_af_007,0,XGBoost,0.01541112456470728,0
mimic_perform_non_af_007,0,XGBoost,0.013603229075670242,0
mimic_perform_non_af_007,0,XGBoost,0.012851637788116932,0
mimic_perform_non_af_007,0,XGBoost,0.031059468165040016,0
mimic_perform_non_af_007,0,XGBoost,0.034154366701841354,0
mimic_perform_non_af_007,0,XGBoost,0.033173684030771255,0
mimic_perform_non_af_007,0,XGBoost,0.0022244395222514868,0
mimic_perform_non_af_007,0,XGBoost,0.001520346268080175,0
mimic_perform_non_af_007,0,XGBoost,0.001463587279431522,0
mimic_perform_non_af_007,0,XGBoost,0.0016693193465471268,0
mimic_perform_non_af_007,0,XGBoost,0.0022119651548564434,0
mimic_perform_non_af_007,0,XGBoost,0.011688959784805775,0
mimic_perform_non_af_007,0,XGBoost,0.008602272719144821,0
mimic_perform_non_af_007,0,XGBoost,0.013075324706733227,0
mimic_perform_non_af_007,0,XGBoost,0.006989737972617149,0
mimic_perform_non_af_007,0,XGBoost,0.002895047189667821,0
mimic_perform_non_af_007,0,XGBoost,0.006575353443622589,0
mimic_perform_non_af_007,0,XGBoost,0.00446332199499011,0
mimic_perform_non_af_007,0,XGBoost,0.0007430051336996257,0
mimic_perform_non_af_007,0,XGBoost,0.007146644871681929,0
mimic_perform_non_af_007,0,XGBoost,0.0062531535513699055,0
mimic_perform_non_af_007,0,XGBoost,0.006144896615296602,0
mimic_perform_non_af_007,0,XGBoost,0.007890906184911728,0
mimic_perform_non_af_007,0,XGBoost,0.0015298635698854923,0
mimic_perform_non_af_007,0,XGBoost,0.006724434904754162,0
mimic_perform_non_af_007,0,XGBoost,0.006356498226523399,0
mimic_perform_non_af_007,0,XGBoost,0.0030767694115638733,0
mimic_perform_non_af_007,0,XGBoost,0.004500077571719885,0
mimic_perform_non_af_007,0,XGBoost,0.0012845859164372087,0
mimic_perform_non_af_007,0,XGBoost,0.012519835494458675,0
mimic_perform_non_af_007,0,XGBoost,0.00684808986261487,0
mimic_perform_non_af_007,0,XGBoost,0.0013482639333233237,0
mimic_perform_non_af_007,0,XGBoost,0.001830528024584055,0
mimic_perform_non_af_007,0,XGBoost,0.01641416735947132,0
mimic_perform_non_af_007,0,XGBoost,0.007332938257604837,0
mimic_perform_non_af_007,0,XGBoost,0.009821324609220028,0
mimic_perform_non_af_007,0,XGBoost,0.010946596041321754,0
mimic_perform_non_af_007,0,XGBoost,0.009557263925671577,0
mimic_perform_non_af_007,0,XGBoost,0.0075158970430493355,0
mimic_perform_non_af_007,0,XGBoost,0.0296441912651062,0
mimic_perform_non_af_007,0,XGBoost,0.016271650791168213,0
mimic_perform_non_af_007,0,XGBoost,0.01810247078537941,0
mimic_perform_non_af_007,0,XGBoost,0.015137437731027603,0
mimic_perform_non_af_007,0,XGBoost,0.00651304516941309,0
mimic_perform_non_af_007,0,XGBoost,0.00929228775203228,0
mimic_perform_non_af_007,0,XGBoost,0.015054984018206596,0
mimic_perform_non_af_007,0,XGBoost,0.049148499965667725,0
mimic_perform_non_af_007,0,XGBoost,0.664160430431366,1
mimic_perform_non_af_008,0,XGBoost,0.1728062480688095,0
mimic_perform_non_af_008,0,XGBoost,0.01145085133612156,0
mimic_perform_non_af_008,0,XGBoost,0.4342764914035797,0
mimic_perform_non_af_008,0,XGBoost,0.8856928944587708,1
mimic_perform_non_af_008,0,XGBoost,0.11683858186006546,0
mimic_perform_non_af_008,0,XGBoost,0.06683916598558426,0
mimic_perform_non_af_008,0,XGBoost,0.18501824140548706,0
mimic_perform_non_af_008,0,XGBoost,0.029555121436715126,0
mimic_perform_non_af_008,0,XGBoost,0.0014171298826113343,0
mimic_perform_non_af_008,0,XGBoost,0.001097982982173562,0
mimic_perform_non_af_008,0,XGBoost,0.0014171298826113343,0
mimic_perform_non_af_008,0,XGBoost,0.0037406550254672766,0
mimic_perform_non_af_008,0,XGBoost,0.0010717246914282441,0
mimic_perform_non_af_008,0,XGBoost,0.0013329351786524057,0
mimic_perform_non_af_008,0,XGBoost,0.003453671233728528,0
mimic_perform_non_af_008,0,XGBoost,0.002899754559621215,0
mimic_perform_non_af_008,0,XGBoost,0.011845298111438751,0
mimic_perform_non_af_008,0,XGBoost,0.024376997724175453,0
mimic_perform_non_af_008,0,XGBoost,0.00475652702152729,0
mimic_perform_non_af_008,0,XGBoost,0.13288362324237823,0
mimic_perform_non_af_008,0,XGBoost,0.00736897811293602,0
mimic_perform_non_af_008,0,XGBoost,0.004814735613763332,0
mimic_perform_non_af_008,0,XGBoost,0.006573730614036322,0
mimic_perform_non_af_008,0,XGBoost,0.010633240453898907,0
mimic_perform_non_af_008,0,XGBoost,0.008758663199841976,0
mimic_perform_non_af_008,0,XGBoost,0.0016765943728387356,0
mimic_perform_non_af_008,0,XGBoost,0.0022228844463825226,0
mimic_perform_non_af_008,0,XGBoost,0.002306483220309019,0
mimic_perform_non_af_008,0,XGBoost,0.008424358442425728,0
mimic_perform_non_af_008,0,XGBoost,0.004454484675079584,0
mimic_perform_non_af_008,0,XGBoost,0.0019651681650429964,0
mimic_perform_non_af_008,0,XGBoost,0.00419596116989851,0
mimic_perform_non_af_008,0,XGBoost,0.04819381609559059,0
mimic_perform_non_af_008,0,XGBoost,0.028681134805083275,0
mimic_perform_non_af_008,0,XGBoost,0.04756828770041466,0
mimic_perform_non_af_008,0,XGBoost,0.07489502429962158,0
mimic_perform_non_af_008,0,XGBoost,0.06706757843494415,0
mimic_perform_non_af_008,0,XGBoost,0.1438370794057846,0
mimic_perform_non_af_008,0,XGBoost,0.0051072221249341965,0
mimic_perform_non_af_008,0,XGBoost,0.0051501719281077385,0
mimic_perform_non_af_008,0,XGBoost,0.004454484675079584,0
mimic_perform_non_af_008,0,XGBoost,0.003708255011588335,0
mimic_perform_non_af_008,0,XGBoost,0.0031085223890841007,0
mimic_perform_non_af_008,0,XGBoost,0.003317061811685562,0
mimic_perform_non_af_008,0,XGBoost,0.001737288199365139,0
mimic_perform_non_af_008,0,XGBoost,0.0048723118379712105,0
mimic_perform_non_af_008,0,XGBoost,0.008797372691333294,0
mimic_perform_non_af_008,0,XGBoost,0.012996118515729904,0
mimic_perform_non_af_008,0,XGBoost,0.007349206600338221,0
mimic_perform_non_af_008,0,XGBoost,0.005694421008229256,0
mimic_perform_non_af_008,0,XGBoost,0.005351879168301821,0
mimic_perform_non_af_008,0,XGBoost,0.09349667280912399,0
mimic_perform_non_af_008,0,XGBoost,0.021931994706392288,0
mimic_perform_non_af_008,0,XGBoost,0.00580782163888216,0
mimic_perform_non_af_008,0,XGBoost,0.001362218288704753,0
mimic_perform_non_af_008,0,XGBoost,0.00419596116989851,0
mimic_perform_non_af_008,0,XGBoost,0.003692374099045992,0
mimic_perform_non_af_008,0,XGBoost,0.0050398376770317554,0
mimic_perform_non_af_008,0,XGBoost,0.022965485230088234,0
mimic_perform_non_af_008,0,XGBoost,0.01818023808300495,0
mimic_perform_non_af_008,0,XGBoost,0.005149192176759243,0
mimic_perform_non_af_008,0,XGBoost,0.003019975731149316,0
mimic_perform_non_af_008,0,XGBoost,0.002211037091910839,0
mimic_perform_non_af_008,0,XGBoost,0.0037406550254672766,0
mimic_perform_non_af_008,0,XGBoost,0.008515952154994011,0
mimic_perform_non_af_008,0,XGBoost,0.00943600945174694,0
mimic_perform_non_af_008,0,XGBoost,0.01768212579190731,0
mimic_perform_non_af_008,0,XGBoost,0.00821363553404808,0
mimic_perform_non_af_008,0,XGBoost,0.009817026555538177,0
mimic_perform_non_af_008,0,XGBoost,0.004454484675079584,0
mimic_perform_non_af_008,0,XGBoost,0.0042326063849031925,0
mimic_perform_non_af_008,0,XGBoost,0.02413715422153473,0
mimic_perform_non_af_008,0,XGBoost,0.030918151140213013,0
mimic_perform_non_af_008,0,XGBoost,0.009069454856216908,0
mimic_perform_non_af_008,0,XGBoost,0.0010756929405033588,0
mimic_perform_non_af_008,0,XGBoost,0.002297228667885065,0
mimic_perform_non_af_008,0,XGBoost,0.0007154271006584167,0
mimic_perform_non_af_008,0,XGBoost,0.02092110365629196,0
mimic_perform_non_af_008,0,XGBoost,0.0026473738253116608,0
mimic_perform_non_af_008,0,XGBoost,0.0013456419110298157,0
mimic_perform_non_af_008,0,XGBoost,0.0042326063849031925,0
mimic_perform_non_af_008,0,XGBoost,0.003724633948877454,0
mimic_perform_non_af_008,0,XGBoost,0.001608853111974895,0
mimic_perform_non_af_008,0,XGBoost,0.0007056133472360671,0
mimic_perform_non_af_008,0,XGBoost,0.0009309997549280524,0
mimic_perform_non_af_008,0,XGBoost,0.04671183601021767,0
mimic_perform_non_af_008,0,XGBoost,0.003702497109770775,0
mimic_perform_non_af_008,0,XGBoost,0.019051767885684967,0
mimic_perform_non_af_008,0,XGBoost,0.0007709864294156432,0
mimic_perform_non_af_008,0,XGBoost,0.0007908868719823658,0
mimic_perform_non_af_008,0,XGBoost,0.0007324869511649013,0
mimic_perform_non_af_008,0,XGBoost,0.003724633948877454,0
mimic_perform_non_af_008,0,XGBoost,0.0040369597263634205,0
mimic_perform_non_af_008,0,XGBoost,0.0040369597263634205,0
mimic_perform_non_af_008,0,XGBoost,0.0020640348084270954,0
mimic_perform_non_af_008,0,XGBoost,0.001954603474587202,0
mimic_perform_non_af_008,0,XGBoost,0.0015070438385009766,0
mimic_perform_non_af_008,0,XGBoost,0.00211711716838181,0
mimic_perform_non_af_008,0,XGBoost,0.002882070140913129,0
mimic_perform_non_af_008,0,XGBoost,0.00419596116989851,0
mimic_perform_non_af_008,0,XGBoost,0.0033772059250622988,0
mimic_perform_non_af_008,0,XGBoost,0.003249127883464098,0
mimic_perform_non_af_008,0,XGBoost,0.003249127883464098,0
mimic_perform_non_af_008,0,XGBoost,0.0031929733231663704,0
mimic_perform_non_af_008,0,XGBoost,0.0010185281280428171,0
mimic_perform_non_af_008,0,XGBoost,0.07192327827215195,0
mimic_perform_non_af_008,0,XGBoost,0.0054673426784574986,0
mimic_perform_non_af_008,0,XGBoost,0.004862470086663961,0
mimic_perform_non_af_008,0,XGBoost,0.002352907322347164,0
mimic_perform_non_af_008,0,XGBoost,0.06631504744291306,0
mimic_perform_non_af_008,0,XGBoost,0.004488020669668913,0
mimic_perform_non_af_008,0,XGBoost,0.0011052527697756886,0
mimic_perform_non_af_008,0,XGBoost,0.0020481201354414225,0
mimic_perform_non_af_008,0,XGBoost,0.07069283723831177,0
mimic_perform_non_af_008,0,XGBoost,0.06235671043395996,0
mimic_perform_non_af_008,0,XGBoost,0.7639994025230408,1
mimic_perform_non_af_008,0,XGBoost,0.4461396336555481,0
mimic_perform_non_af_008,0,XGBoost,0.09779863059520721,0
mimic_perform_non_af_009,0,XGBoost,0.0009347684099338949,0
mimic_perform_non_af_009,0,XGBoost,0.0009281486854888499,0
mimic_perform_non_af_009,0,XGBoost,0.0009281486854888499,0
mimic_perform_non_af_009,0,XGBoost,0.0007902348879724741,0
mimic_perform_non_af_009,0,XGBoost,0.0008032741025090218,0
mimic_perform_non_af_009,0,XGBoost,0.0009347684099338949,0
mimic_perform_non_af_009,0,XGBoost,0.0009347684099338949,0
mimic_perform_non_af_009,0,XGBoost,0.0009977254085242748,0
mimic_perform_non_af_009,0,XGBoost,0.0010756765259429812,0
mimic_perform_non_af_009,0,XGBoost,0.0010756765259429812,0
mimic_perform_non_af_009,0,XGBoost,0.0007902348879724741,0
mimic_perform_non_af_009,0,XGBoost,0.0007902348879724741,0
mimic_perform_non_af_009,0,XGBoost,0.0009347684099338949,0
mimic_perform_non_af_009,0,XGBoost,0.0009347684099338949,0
mimic_perform_non_af_009,0,XGBoost,0.0007902348879724741,0
mimic_perform_non_af_009,0,XGBoost,0.0007694238447584212,0
mimic_perform_non_af_009,0,XGBoost,0.0007694238447584212,0
mimic_perform_non_af_009,0,XGBoost,0.000975648348685354,0
mimic_perform_non_af_009,0,XGBoost,0.001139940577559173,0
mimic_perform_non_af_009,0,XGBoost,0.0010367566719651222,0
mimic_perform_non_af_009,0,XGBoost,0.0012097590370103717,0
mimic_perform_non_af_009,0,XGBoost,0.0010367566719651222,0
mimic_perform_non_af_009,0,XGBoost,0.0010693494696170092,0
mimic_perform_non_af_009,0,XGBoost,0.0009101544856093824,0
mimic_perform_non_af_009,0,XGBoost,0.0009347684099338949,0
mimic_perform_non_af_009,0,XGBoost,0.0009347684099338949,0
mimic_perform_non_af_009,0,XGBoost,0.0009347684099338949,0
mimic_perform_non_af_009,0,XGBoost,0.0007902348879724741,0
mimic_perform_non_af_009,0,XGBoost,0.0007846379303373396,0
mimic_perform_non_af_009,0,XGBoost,0.0008519892580807209,0
mimic_perform_non_af_009,0,XGBoost,0.0008160516154021025,0
mimic_perform_non_af_009,0,XGBoost,0.0009347684099338949,0
mimic_perform_non_af_009,0,XGBoost,0.0009347684099338949,0
mimic_perform_non_af_009,0,XGBoost,0.0009347684099338949,0
mimic_perform_non_af_009,0,XGBoost,0.0009281486854888499,0
mimic_perform_non_af_009,0,XGBoost,0.0009347684099338949,0
mimic_perform_non_af_009,0,XGBoost,0.0007694238447584212,0
mimic_perform_non_af_009,0,XGBoost,0.0007846379303373396,0
mimic_perform_non_af_009,0,XGBoost,0.0009347684099338949,0
mimic_perform_non_af_009,0,XGBoost,0.0009347684099338949,0
mimic_perform_non_af_009,0,XGBoost,0.0009347684099338949,0
mimic_perform_non_af_009,0,XGBoost,0.0009281486854888499,0
mimic_perform_non_af_009,0,XGBoost,0.0009347684099338949,0
mimic_perform_non_af_009,0,XGBoost,0.0009347684099338949,0
mimic_perform_non_af_009,0,XGBoost,0.0009347684099338949,0
mimic_perform_non_af_009,0,XGBoost,0.0009347684099338949,0
mimic_perform_non_af_009,0,XGBoost,0.0009281486854888499,0
mimic_perform_non_af_009,0,XGBoost,0.0009347684099338949,0
mimic_perform_non_af_009,0,XGBoost,0.0009347684099338949,0
mimic_perform_non_af_009,0,XGBoost,0.0009281486854888499,0
mimic_perform_non_af_009,0,XGBoost,0.0009347684099338949,0
mimic_perform_non_af_009,0,XGBoost,0.0009347684099338949,0
mimic_perform_non_af_009,0,XGBoost,0.0007902348879724741,0
mimic_perform_non_af_009,0,XGBoost,0.0016523712547495961,0
mimic_perform_non_af_009,0,XGBoost,0.0019036162411794066,0
mimic_perform_non_af_009,0,XGBoost,0.0009347684099338949,0
mimic_perform_non_af_009,0,XGBoost,0.0009347684099338949,0
mimic_perform_non_af_009,0,XGBoost,0.0009347684099338949,0
mimic_perform_non_af_009,0,XGBoost,0.0009347684099338949,0
mimic_perform_non_af_009,0,XGBoost,0.0009347684099338949,0
mimic_perform_non_af_009,0,XGBoost,0.0009347684099338949,0
mimic_perform_non_af_009,0,XGBoost,0.0009281486854888499,0
mimic_perform_non_af_009,0,XGBoost,0.0009347684099338949,0
mimic_perform_non_af_009,0,XGBoost,0.0009347684099338949,0
mimic_perform_non_af_009,0,XGBoost,0.0009347684099338949,0
mimic_perform_non_af_009,0,XGBoost,0.0007846379303373396,0
mimic_perform_non_af_009,0,XGBoost,0.0009281486854888499,0
mimic_perform_non_af_009,0,XGBoost,0.0007846379303373396,0
mimic_perform_non_af_009,0,XGBoost,0.0009281486854888499,0
mimic_perform_non_af_009,0,XGBoost,0.0007902348879724741,0
mimic_perform_non_af_009,0,XGBoost,0.0009347684099338949,0
mimic_perform_non_af_009,0,XGBoost,0.0009347684099338949,0
mimic_perform_non_af_009,0,XGBoost,0.0009347684099338949,0
mimic_perform_non_af_009,0,XGBoost,0.0009347684099338949,0
mimic_perform_non_af_009,0,XGBoost,0.0009347684099338949,0
mimic_perform_non_af_009,0,XGBoost,0.0009347684099338949,0
mimic_perform_non_af_009,0,XGBoost,0.0007694238447584212,0
mimic_perform_non_af_009,0,XGBoost,0.0011503285495564342,0
mimic_perform_non_af_009,0,XGBoost,0.0009653024026192725,0
mimic_perform_non_af_009,0,XGBoost,0.0009281486854888499,0
mimic_perform_non_af_009,0,XGBoost,0.0009347684099338949,0
mimic_perform_non_af_009,0,XGBoost,0.0009347684099338949,0
mimic_perform_non_af_009,0,XGBoost,0.0009347684099338949,0
mimic_perform_non_af_009,0,XGBoost,0.0009347684099338949,0
mimic_perform_non_af_009,0,XGBoost,0.0009347684099338949,0
mimic_perform_non_af_009,0,XGBoost,0.0009347684099338949,0
mimic_perform_non_af_009,0,XGBoost,0.0009347684099338949,0
mimic_perform_non_af_009,0,XGBoost,0.0009653024026192725,0
mimic_perform_non_af_009,0,XGBoost,0.0009347684099338949,0
mimic_perform_non_af_009,0,XGBoost,0.0009653024026192725,0
mimic_perform_non_af_009,0,XGBoost,0.0009653024026192725,0
mimic_perform_non_af_009,0,XGBoost,0.0008530005579814315,0
mimic_perform_non_af_009,0,XGBoost,0.0010093123419210315,0
mimic_perform_non_af_009,0,XGBoost,0.0009281486854888499,0
mimic_perform_non_af_009,0,XGBoost,0.0009281486854888499,0
mimic_perform_non_af_009,0,XGBoost,0.0009281486854888499,0
mimic_perform_non_af_009,0,XGBoost,0.0010093123419210315,0
mimic_perform_non_af_009,0,XGBoost,0.001590111991390586,0
mimic_perform_non_af_009,0,XGBoost,0.001590111991390586,0
mimic_perform_non_af_009,0,XGBoost,0.0015289466828107834,0
mimic_perform_non_af_009,0,XGBoost,0.0015289466828107834,0
mimic_perform_non_af_009,0,XGBoost,0.001590111991390586,0
mimic_perform_non_af_009,0,XGBoost,0.0009653024026192725,0
mimic_perform_non_af_009,0,XGBoost,0.0009653024026192725,0
mimic_perform_non_af_009,0,XGBoost,0.0009281486854888499,0
mimic_perform_non_af_009,0,XGBoost,0.0009281486854888499,0
mimic_perform_non_af_009,0,XGBoost,0.0009281486854888499,0
mimic_perform_non_af_009,0,XGBoost,0.0010093123419210315,0
mimic_perform_non_af_009,0,XGBoost,0.0009281486854888499,0
mimic_perform_non_af_009,0,XGBoost,0.0011784968664869666,0
mimic_perform_non_af_009,0,XGBoost,0.0010497116018086672,0
mimic_perform_non_af_009,0,XGBoost,0.0009653024026192725,0
mimic_perform_non_af_009,0,XGBoost,0.0007902348879724741,0
mimic_perform_non_af_009,0,XGBoost,0.0009281486854888499,0
mimic_perform_non_af_009,0,XGBoost,0.0009281486854888499,0
mimic_perform_non_af_009,0,XGBoost,0.0009281486854888499,0
mimic_perform_non_af_009,0,XGBoost,0.0009281486854888499,0
mimic_perform_non_af_009,0,XGBoost,0.0024740679655224085,0
mimic_perform_non_af_010,0,XGBoost,0.0021803032141178846,0
mimic_perform_non_af_010,0,XGBoost,0.0008098029647953808,0
mimic_perform_non_af_010,0,XGBoost,0.0008515688241459429,0
mimic_perform_non_af_010,0,XGBoost,0.0008239284506998956,0
mimic_perform_non_af_010,0,XGBoost,0.0008515688241459429,0
mimic_perform_non_af_010,0,XGBoost,0.000839653133880347,0
mimic_perform_non_af_010,0,XGBoost,0.002649254398420453,0
mimic_perform_non_af_010,0,XGBoost,0.0007228332688100636,0
mimic_perform_non_af_010,0,XGBoost,0.0008687086519785225,0
mimic_perform_non_af_010,0,XGBoost,0.0008687086519785225,0
mimic_perform_non_af_010,0,XGBoost,0.0034596186596900225,0
mimic_perform_non_af_010,0,XGBoost,0.001616842346265912,0
mimic_perform_non_af_010,0,XGBoost,0.003990932367742062,0
mimic_perform_non_af_010,0,XGBoost,0.000839653133880347,0
mimic_perform_non_af_010,0,XGBoost,0.0008092348580248654,0
mimic_perform_non_af_010,0,XGBoost,0.004540612455457449,0
mimic_perform_non_af_010,0,XGBoost,0.8774460554122925,1
mimic_perform_non_af_010,0,XGBoost,0.9753431081771851,1
mimic_perform_non_af_010,0,XGBoost,0.9415274858474731,1
mimic_perform_non_af_010,0,XGBoost,0.9480045437812805,1
mimic_perform_non_af_010,0,XGBoost,0.017448239028453827,0
mimic_perform_non_af_010,0,XGBoost,0.0007621232070960104,0
mimic_perform_non_af_010,0,XGBoost,0.0008405124535784125,0
mimic_perform_non_af_010,0,XGBoost,0.01171612087637186,0
mimic_perform_non_af_010,0,XGBoost,0.0016358715947717428,0
mimic_perform_non_af_010,0,XGBoost,0.48496678471565247,0
mimic_perform_non_af_010,0,XGBoost,0.0011840283405035734,0
mimic_perform_non_af_010,0,XGBoost,0.0011840283405035734,0
mimic_perform_non_af_010,0,XGBoost,0.000839653133880347,0
mimic_perform_non_af_010,0,XGBoost,0.0007373839616775513,0
mimic_perform_non_af_010,0,XGBoost,0.0026802346110343933,0
mimic_perform_non_af_010,0,XGBoost,0.0008687086519785225,0
mimic_perform_non_af_010,0,XGBoost,0.0015822199638932943,0
mimic_perform_non_af_010,0,XGBoost,0.0015852857613936067,0
mimic_perform_non_af_010,0,XGBoost,0.0012484268518164754,0
mimic_perform_non_af_010,0,XGBoost,0.0012079207226634026,0
mimic_perform_non_af_010,0,XGBoost,0.005230947397649288,0
mimic_perform_non_af_010,0,XGBoost,0.0013039452023804188,0
mimic_perform_non_af_010,0,XGBoost,0.0010309077333658934,0
mimic_perform_non_af_010,0,XGBoost,0.0007373839616775513,0
mimic_perform_non_af_010,0,XGBoost,0.0023092126939445734,0
mimic_perform_non_af_010,0,XGBoost,0.0015852857613936067,0
mimic_perform_non_af_010,0,XGBoost,0.0015828392934054136,0
mimic_perform_non_af_010,0,XGBoost,0.0007734026294201612,0
mimic_perform_non_af_010,0,XGBoost,0.0008515688241459429,0
mimic_perform_non_af_010,0,XGBoost,0.0008515688241459429,0
mimic_perform_non_af_010,0,XGBoost,0.0030173095874488354,0
mimic_perform_non_af_010,0,XGBoost,0.0008239284506998956,0
mimic_perform_non_af_010,0,XGBoost,0.0008239284506998956,0
mimic_perform_non_af_010,0,XGBoost,0.0007734026294201612,0
mimic_perform_non_af_010,0,XGBoost,0.0008239284506998956,0
mimic_perform_non_af_010,0,XGBoost,0.0014854733599349856,0
mimic_perform_non_af_010,0,XGBoost,0.0019726755563169718,0
mimic_perform_non_af_010,0,XGBoost,0.005405348725616932,0
mimic_perform_non_af_010,0,XGBoost,0.0020450688898563385,0
mimic_perform_non_af_010,0,XGBoost,0.0007734026294201612,0
mimic_perform_non_af_010,0,XGBoost,0.0007734026294201612,0
mimic_perform_non_af_010,0,XGBoost,0.0007734026294201612,0
mimic_perform_non_af_010,0,XGBoost,0.0007734026294201612,0
mimic_perform_non_af_010,0,XGBoost,0.0007453826838172972,0
mimic_perform_non_af_010,0,XGBoost,0.0008239284506998956,0
mimic_perform_non_af_010,0,XGBoost,0.0029802306089550257,0
mimic_perform_non_af_010,0,XGBoost,0.0031304669100791216,0
mimic_perform_non_af_010,0,XGBoost,0.0008239284506998956,0
mimic_perform_non_af_010,0,XGBoost,0.0008239284506998956,0
mimic_perform_non_af_010,0,XGBoost,0.0008239284506998956,0
mimic_perform_non_af_010,0,XGBoost,0.0008239284506998956,0
mimic_perform_non_af_010,0,XGBoost,0.0008239284506998956,0
mimic_perform_non_af_010,0,XGBoost,0.0007835172000341117,0
mimic_perform_non_af_010,0,XGBoost,0.0007621232070960104,0
mimic_perform_non_af_010,0,XGBoost,0.0011267515365034342,0
mimic_perform_non_af_010,0,XGBoost,0.006776589900255203,0
mimic_perform_non_af_010,0,XGBoost,0.0007228332688100636,0
mimic_perform_non_af_010,0,XGBoost,0.0008876285282894969,0
mimic_perform_non_af_010,0,XGBoost,0.0033089297357946634,0
mimic_perform_non_af_010,0,XGBoost,0.0032070730812847614,0
mimic_perform_non_af_010,0,XGBoost,0.002614325378090143,0
mimic_perform_non_af_010,0,XGBoost,0.0012236281763762236,0
mimic_perform_non_af_010,0,XGBoost,0.0007734026294201612,0
mimic_perform_non_af_010,0,XGBoost,0.0007703900919295847,0
mimic_perform_non_af_010,0,XGBoost,0.0007703900919295847,0
mimic_perform_non_af_010,0,XGBoost,0.0007453826838172972,0
mimic_perform_non_af_010,0,XGBoost,0.0007680568378418684,0
mimic_perform_non_af_010,0,XGBoost,0.0030549413058906794,0
mimic_perform_non_af_010,0,XGBoost,0.0029445060063153505,0
mimic_perform_non_af_010,0,XGBoost,0.0026974959764629602,0
mimic_perform_non_af_010,0,XGBoost,0.0012643225491046906,0
mimic_perform_non_af_010,0,XGBoost,0.0069925785064697266,0
mimic_perform_non_af_010,0,XGBoost,0.35610124468803406,0
mimic_perform_non_af_010,0,XGBoost,0.9510772824287415,1
mimic_perform_non_af_010,0,XGBoost,0.8536904454231262,1
mimic_perform_non_af_010,0,XGBoost,0.014162429608404636,0
mimic_perform_non_af_010,0,XGBoost,0.0017759688198566437,0
mimic_perform_non_af_010,0,XGBoost,0.0012079207226634026,0
mimic_perform_non_af_010,0,XGBoost,0.0008151869405992329,0
mimic_perform_non_af_010,0,XGBoost,0.0010654842481017113,0
mimic_perform_non_af_010,0,XGBoost,0.0010818636510521173,0
mimic_perform_non_af_010,0,XGBoost,0.007727427873760462,0
mimic_perform_non_af_010,0,XGBoost,0.0009949374943971634,0
mimic_perform_non_af_010,0,XGBoost,0.0011166975600644946,0
mimic_perform_non_af_010,0,XGBoost,0.002013824414461851,0
mimic_perform_non_af_010,0,XGBoost,0.0025689369067549706,0
mimic_perform_non_af_010,0,XGBoost,0.0010563571704551578,0
mimic_perform_non_af_010,0,XGBoost,0.002664255676791072,0
mimic_perform_non_af_010,0,XGBoost,0.0007453826838172972,0
mimic_perform_non_af_010,0,XGBoost,0.0019031434785574675,0
mimic_perform_non_af_010,0,XGBoost,0.006460134871304035,0
mimic_perform_non_af_010,0,XGBoost,0.003944490570574999,0
mimic_perform_non_af_010,0,XGBoost,0.003789968555793166,0
mimic_perform_non_af_010,0,XGBoost,0.0007960295188240707,0
mimic_perform_non_af_010,0,XGBoost,0.0007373839616775513,0
mimic_perform_non_af_010,0,XGBoost,0.0068757301196455956,0
mimic_perform_non_af_010,0,XGBoost,0.009620758704841137,0
mimic_perform_non_af_010,0,XGBoost,0.00713009899482131,0
mimic_perform_non_af_010,0,XGBoost,0.001018096343614161,0
mimic_perform_non_af_010,0,XGBoost,0.002614325378090143,0
mimic_perform_non_af_010,0,XGBoost,0.0008458287338726223,0
mimic_perform_non_af_010,0,XGBoost,0.001384445116855204,0
mimic_perform_non_af_011,0,XGBoost,0.0008033430785872042,0
mimic_perform_non_af_011,0,XGBoost,0.027843991294503212,0
mimic_perform_non_af_011,0,XGBoost,0.05149345099925995,0
mimic_perform_non_af_011,0,XGBoost,0.048934269696474075,0
mimic_perform_non_af_011,0,XGBoost,0.011986742727458477,0
mimic_perform_non_af_011,0,XGBoost,0.01165253296494484,0
mimic_perform_non_af_011,0,XGBoost,0.0010725698666647077,0
mimic_perform_non_af_011,0,XGBoost,0.0020371093414723873,0
mimic_perform_non_af_011,0,XGBoost,0.0014829906867817044,0
mimic_perform_non_af_011,0,XGBoost,0.030396580696105957,0
mimic_perform_non_af_011,0,XGBoost,0.04420074447989464,0
mimic_perform_non_af_011,0,XGBoost,0.04167376831173897,0
mimic_perform_non_af_011,0,XGBoost,0.005770884454250336,0
mimic_perform_non_af_011,0,XGBoost,0.005262277089059353,0
mimic_perform_non_af_011,0,XGBoost,0.009184520691633224,0
mimic_perform_non_af_011,0,XGBoost,0.01314568892121315,0
mimic_perform_non_af_011,0,XGBoost,0.013341124169528484,0
mimic_perform_non_af_011,0,XGBoost,0.03889177367091179,0
mimic_perform_non_af_011,0,XGBoost,0.019599443301558495,0
mimic_perform_non_af_011,0,XGBoost,0.03889177367091179,0
mimic_perform_non_af_011,0,XGBoost,0.01573375053703785,0
mimic_perform_non_af_011,0,XGBoost,0.06087372824549675,0
mimic_perform_non_af_011,0,XGBoost,0.0297912135720253,0
mimic_perform_non_af_011,0,XGBoost,0.009455259889364243,0
mimic_perform_non_af_011,0,XGBoost,0.02836955524981022,0
mimic_perform_non_af_011,0,XGBoost,0.027584323659539223,0
mimic_perform_non_af_011,0,XGBoost,0.018686046823859215,0
mimic_perform_non_af_011,0,XGBoost,0.03039182350039482,0
mimic_perform_non_af_011,0,XGBoost,0.00784283597022295,0
mimic_perform_non_af_011,0,XGBoost,0.006334382109344006,0
mimic_perform_non_af_011,0,XGBoost,0.03504287824034691,0
mimic_perform_non_af_011,0,XGBoost,0.021633684635162354,0
mimic_perform_non_af_011,0,XGBoost,0.03810746595263481,0
mimic_perform_non_af_011,0,XGBoost,0.01789555884897709,0
mimic_perform_non_af_011,0,XGBoost,0.013053111732006073,0
mimic_perform_non_af_011,0,XGBoost,0.022430742159485817,0
mimic_perform_non_af_011,0,XGBoost,0.004010165575891733,0
mimic_perform_non_af_011,0,XGBoost,0.005180066451430321,0
mimic_perform_non_af_011,0,XGBoost,0.003757979953661561,0
mimic_perform_non_af_011,0,XGBoost,0.024206511676311493,0
mimic_perform_non_af_011,0,XGBoost,0.0197975505143404,0
mimic_perform_non_af_011,0,XGBoost,0.005553639493882656,0
mimic_perform_non_af_011,0,XGBoost,0.003125271759927273,0
mimic_perform_non_af_011,0,XGBoost,0.0007828596280887723,0
mimic_perform_non_af_011,0,XGBoost,0.000996192335151136,0
mimic_perform_non_af_011,0,XGBoost,0.0010086476104333997,0
mimic_perform_non_af_011,0,XGBoost,0.0033733309246599674,0
mimic_perform_non_af_011,0,XGBoost,0.0015465409960597754,0
mimic_perform_non_af_011,0,XGBoost,0.004732785280793905,0
mimic_perform_non_af_011,0,XGBoost,0.0008989485795609653,0
mimic_perform_non_af_011,0,XGBoost,0.06381907314062119,0
mimic_perform_non_af_011,0,XGBoost,0.022011613473296165,0
mimic_perform_non_af_011,0,XGBoost,0.02517911046743393,0
mimic_perform_non_af_011,0,XGBoost,0.0039919898845255375,0
mimic_perform_non_af_011,0,XGBoost,0.0035643139854073524,0
mimic_perform_non_af_011,0,XGBoost,0.0008568970370106399,0
mimic_perform_non_af_011,0,XGBoost,0.004787102807313204,0
mimic_perform_non_af_011,0,XGBoost,0.008783558383584023,0
mimic_perform_non_af_011,0,XGBoost,0.00785706378519535,0
mimic_perform_non_af_011,0,XGBoost,0.03475844860076904,0
mimic_perform_non_af_011,0,XGBoost,0.0020154265221208334,0
mimic_perform_non_af_011,0,XGBoost,0.0012595958542078733,0
mimic_perform_non_af_011,0,XGBoost,0.0010315615218132734,0
mimic_perform_non_af_011,0,XGBoost,0.001554375165142119,0
mimic_perform_non_af_011,0,XGBoost,0.000882920459844172,0
mimic_perform_non_af_011,0,XGBoost,0.011490647681057453,0
mimic_perform_non_af_011,0,XGBoost,0.005426112096756697,0
mimic_perform_non_af_011,0,XGBoost,0.0037780562415719032,0
mimic_perform_non_af_011,0,XGBoost,0.0035643139854073524,0
mimic_perform_non_af_011,0,XGBoost,0.0009796582162380219,0
mimic_perform_non_af_011,0,XGBoost,0.0009090650710277259,0
mimic_perform_non_af_011,0,XGBoost,0.0009550482500344515,0
mimic_perform_non_af_011,0,XGBoost,0.007505752146244049,0
mimic_perform_non_af_011,0,XGBoost,0.0008667561342008412,0
mimic_perform_non_af_011,0,XGBoost,0.003918244503438473,0
mimic_perform_non_af_011,0,XGBoost,0.0015861931024119258,0
mimic_perform_non_af_011,0,XGBoost,0.0008288025856018066,0
mimic_perform_non_af_011,0,XGBoost,0.0015501827001571655,0
mimic_perform_non_af_011,0,XGBoost,0.010113450698554516,0
mimic_perform_non_af_011,0,XGBoost,0.03915319964289665,0
mimic_perform_non_af_011,0,XGBoost,0.18464069068431854,0
mimic_perform_non_af_011,0,XGBoost,0.008419046178460121,0
mimic_perform_non_af_011,0,XGBoost,0.03240317851305008,0
mimic_perform_non_af_011,0,XGBoost,0.049437977373600006,0
mimic_perform_non_af_011,0,XGBoost,0.00916514452546835,0
mimic_perform_non_af_011,0,XGBoost,0.0008113663643598557,0
mimic_perform_non_af_011,0,XGBoost,0.004734308458864689,0
mimic_perform_non_af_011,0,XGBoost,0.054211147129535675,0
mimic_perform_non_af_011,0,XGBoost,0.0044464352540671825,0
mimic_perform_non_af_011,0,XGBoost,0.03143630549311638,0
mimic_perform_non_af_011,0,XGBoost,0.019658146426081657,0
mimic_perform_non_af_011,0,XGBoost,0.01596352644264698,0
mimic_perform_non_af_011,0,XGBoost,0.024256419390439987,0
mimic_perform_non_af_011,0,XGBoost,0.02635357901453972,0
mimic_perform_non_af_011,0,XGBoost,0.25891101360321045,0
mimic_perform_non_af_011,0,XGBoost,0.023291008546948433,0
mimic_perform_non_af_011,0,XGBoost,0.006108510307967663,0
mimic_perform_non_af_011,0,XGBoost,0.04724304750561714,0
mimic_perform_non_af_011,0,XGBoost,0.00356655172072351,0
mimic_perform_non_af_011,0,XGBoost,0.08814100176095963,0
mimic_perform_non_af_011,0,XGBoost,0.0214568842202425,0
mimic_perform_non_af_011,0,XGBoost,0.02629403956234455,0
mimic_perform_non_af_011,0,XGBoost,0.008060584776103497,0
mimic_perform_non_af_011,0,XGBoost,0.0042703221552073956,0
mimic_perform_non_af_011,0,XGBoost,0.0049704196862876415,0
mimic_perform_non_af_011,0,XGBoost,0.002116659888997674,0
mimic_perform_non_af_011,0,XGBoost,0.06155845522880554,0
mimic_perform_non_af_011,0,XGBoost,0.017898013815283775,0
mimic_perform_non_af_011,0,XGBoost,0.0011143549345433712,0
mimic_perform_non_af_011,0,XGBoost,0.0011143549345433712,0
mimic_perform_non_af_011,0,XGBoost,0.0009667474078014493,0
mimic_perform_non_af_011,0,XGBoost,0.0010892816353589296,0
mimic_perform_non_af_011,0,XGBoost,0.0011930741602554917,0
mimic_perform_non_af_011,0,XGBoost,0.000908185844309628,0
mimic_perform_non_af_011,0,XGBoost,0.0008739407639950514,0
mimic_perform_non_af_011,0,XGBoost,0.009848549030721188,0
mimic_perform_non_af_011,0,XGBoost,0.0008739407639950514,0
mimic_perform_non_af_011,0,XGBoost,0.0008739407639950514,0
mimic_perform_non_af_012,0,XGBoost,0.9935824275016785,1
mimic_perform_non_af_012,0,XGBoost,0.9914001226425171,1
mimic_perform_non_af_012,0,XGBoost,0.9888648986816406,1
mimic_perform_non_af_012,0,XGBoost,0.9907728433609009,1
mimic_perform_non_af_012,0,XGBoost,0.9843142032623291,1
mimic_perform_non_af_012,0,XGBoost,0.846128523349762,1
mimic_perform_non_af_012,0,XGBoost,0.7411695122718811,1
mimic_perform_non_af_012,0,XGBoost,0.9077543616294861,1
mimic_perform_non_af_012,0,XGBoost,0.9076839089393616,1
mimic_perform_non_af_012,0,XGBoost,0.5395774245262146,1
mimic_perform_non_af_012,0,XGBoost,0.9294096231460571,1
mimic_perform_non_af_012,0,XGBoost,0.9514924883842468,1
mimic_perform_non_af_012,0,XGBoost,0.9442495107650757,1
mimic_perform_non_af_012,0,XGBoost,0.9748048186302185,1
mimic_perform_non_af_012,0,XGBoost,0.7851018905639648,1
mimic_perform_non_af_012,0,XGBoost,0.91114342212677,1
mimic_perform_non_af_012,0,XGBoost,0.9881619811058044,1
mimic_perform_non_af_012,0,XGBoost,0.986883819103241,1
mimic_perform_non_af_012,0,XGBoost,0.9472756385803223,1
mimic_perform_non_af_012,0,XGBoost,0.9963380098342896,1
mimic_perform_non_af_012,0,XGBoost,0.9907365441322327,1
mimic_perform_non_af_012,0,XGBoost,0.990763247013092,1
mimic_perform_non_af_012,0,XGBoost,0.9924548864364624,1
mimic_perform_non_af_012,0,XGBoost,0.9707109332084656,1
mimic_perform_non_af_012,0,XGBoost,0.7436358332633972,1
mimic_perform_non_af_012,0,XGBoost,0.9009525775909424,1
mimic_perform_non_af_012,0,XGBoost,0.9223697781562805,1
mimic_perform_non_af_012,0,XGBoost,0.9055303931236267,1
mimic_perform_non_af_012,0,XGBoost,0.9713290929794312,1
mimic_perform_non_af_012,0,XGBoost,0.9718132019042969,1
mimic_perform_non_af_012,0,XGBoost,0.9907349348068237,1
mimic_perform_non_af_012,0,XGBoost,0.9743907451629639,1
mimic_perform_non_af_012,0,XGBoost,0.9077543616294861,1
mimic_perform_non_af_012,0,XGBoost,0.9164411425590515,1
mimic_perform_non_af_012,0,XGBoost,0.9433139562606812,1
mimic_perform_non_af_012,0,XGBoost,0.9198993444442749,1
mimic_perform_non_af_012,0,XGBoost,0.7019066214561462,1
mimic_perform_non_af_012,0,XGBoost,0.9076839089393616,1
mimic_perform_non_af_012,0,XGBoost,0.8720591068267822,1
mimic_perform_non_af_012,0,XGBoost,0.9227690100669861,1
mimic_perform_non_af_012,0,XGBoost,0.9307242035865784,1
mimic_perform_non_af_012,0,XGBoost,0.8613889813423157,1
mimic_perform_non_af_012,0,XGBoost,0.9076839089393616,1
mimic_perform_non_af_012,0,XGBoost,0.9343169927597046,1
mimic_perform_non_af_012,0,XGBoost,0.9161046147346497,1
mimic_perform_non_af_012,0,XGBoost,0.6929869055747986,1
mimic_perform_non_af_012,0,XGBoost,0.9539146423339844,1
mimic_perform_non_af_012,0,XGBoost,0.9789450764656067,1
mimic_perform_non_af_012,0,XGBoost,0.9725455641746521,1
mimic_perform_non_af_012,0,XGBoost,0.9318035244941711,1
mimic_perform_non_af_012,0,XGBoost,0.9903947710990906,1
mimic_perform_non_af_012,0,XGBoost,0.948790967464447,1
mimic_perform_non_af_012,0,XGBoost,0.8922873139381409,1
mimic_perform_non_af_012,0,XGBoost,0.9170180559158325,1
mimic_perform_non_af_012,0,XGBoost,0.774033784866333,1
mimic_perform_non_af_012,0,XGBoost,0.954167366027832,1
mimic_perform_non_af_012,0,XGBoost,0.8245236277580261,1
mimic_perform_non_af_012,0,XGBoost,0.9831618070602417,1
mimic_perform_non_af_012,0,XGBoost,0.9712769389152527,1
mimic_perform_non_af_012,0,XGBoost,0.9892928600311279,1
mimic_perform_non_af_012,0,XGBoost,0.9784854054450989,1
mimic_perform_non_af_012,0,XGBoost,0.9794108867645264,1
mimic_perform_non_af_012,0,XGBoost,0.9592082500457764,1
mimic_perform_non_af_012,0,XGBoost,0.9888079762458801,1
mimic_perform_non_af_012,0,XGBoost,0.9911677837371826,1
mimic_perform_non_af_012,0,XGBoost,0.9916752576828003,1
mimic_perform_non_af_012,0,XGBoost,0.9954187870025635,1
mimic_perform_non_af_012,0,XGBoost,0.9865221381187439,1
mimic_perform_non_af_012,0,XGBoost,0.993919849395752,1
mimic_perform_non_af_012,0,XGBoost,0.9906116127967834,1
mimic_perform_non_af_012,0,XGBoost,0.9955885410308838,1
mimic_perform_non_af_012,0,XGBoost,0.8736651539802551,1
mimic_perform_non_af_012,0,XGBoost,0.9259459376335144,1
mimic_perform_non_af_012,0,XGBoost,0.9627413749694824,1
mimic_perform_non_af_012,0,XGBoost,0.9873954653739929,1
mimic_perform_non_af_012,0,XGBoost,0.9902910590171814,1
mimic_perform_non_af_012,0,XGBoost,0.9007895588874817,1
mimic_perform_non_af_012,0,XGBoost,0.9928404092788696,1
mimic_perform_non_af_012,0,XGBoost,0.9885205626487732,1
mimic_perform_non_af_012,0,XGBoost,0.9847694635391235,1
mimic_perform_non_af_012,0,XGBoost,0.9654672741889954,1
mimic_perform_non_af_012,0,XGBoost,0.9503492116928101,1
mimic_perform_non_af_012,0,XGBoost,0.850127637386322,1
mimic_perform_non_af_012,0,XGBoost,0.8997169137001038,1
mimic_perform_non_af_012,0,XGBoost,0.9829168915748596,1
mimic_perform_non_af_012,0,XGBoost,0.9677006602287292,1
mimic_perform_non_af_012,0,XGBoost,0.94086092710495,1
mimic_perform_non_af_012,0,XGBoost,0.7821270227432251,1
mimic_perform_non_af_012,0,XGBoost,0.9333195686340332,1
mimic_perform_non_af_012,0,XGBoost,0.9045284986495972,1
mimic_perform_non_af_012,0,XGBoost,0.8396979570388794,1
mimic_perform_non_af_012,0,XGBoost,0.7983339428901672,1
mimic_perform_non_af_012,0,XGBoost,0.9160172939300537,1
mimic_perform_non_af_012,0,XGBoost,0.9550420641899109,1
mimic_perform_non_af_012,0,XGBoost,0.9532135128974915,1
mimic_perform_non_af_012,0,XGBoost,0.9527415037155151,1
mimic_perform_non_af_012,0,XGBoost,0.9266778826713562,1
mimic_perform_non_af_012,0,XGBoost,0.9795472025871277,1
mimic_perform_non_af_012,0,XGBoost,0.9485390186309814,1
mimic_perform_non_af_012,0,XGBoost,0.9487022161483765,1
mimic_perform_non_af_012,0,XGBoost,0.9077543616294861,1
mimic_perform_non_af_012,0,XGBoost,0.9680607914924622,1
mimic_perform_non_af_012,0,XGBoost,0.9953346848487854,1
mimic_perform_non_af_012,0,XGBoost,0.9903925657272339,1
mimic_perform_non_af_012,0,XGBoost,0.9859045147895813,1
mimic_perform_non_af_012,0,XGBoost,0.9818671941757202,1
mimic_perform_non_af_012,0,XGBoost,0.9741396903991699,1
mimic_perform_non_af_012,0,XGBoost,0.9305163025856018,1
mimic_perform_non_af_012,0,XGBoost,0.9680348038673401,1
mimic_perform_non_af_012,0,XGBoost,0.9680348038673401,1
mimic_perform_non_af_012,0,XGBoost,0.9076449275016785,1
mimic_perform_non_af_012,0,XGBoost,0.9099692702293396,1
mimic_perform_non_af_012,0,XGBoost,0.9442495107650757,1
mimic_perform_non_af_012,0,XGBoost,0.9863184690475464,1
mimic_perform_non_af_012,0,XGBoost,0.9891275763511658,1
mimic_perform_non_af_012,0,XGBoost,0.9524200558662415,1
mimic_perform_non_af_012,0,XGBoost,0.9110856652259827,1
mimic_perform_non_af_012,0,XGBoost,0.9807798266410828,1
mimic_perform_non_af_013,0,XGBoost,0.0007466356619261205,0
mimic_perform_non_af_013,0,XGBoost,0.0009072357788681984,0
mimic_perform_non_af_013,0,XGBoost,0.0009072357788681984,0
mimic_perform_non_af_013,0,XGBoost,0.0007544466643594205,0
mimic_perform_non_af_013,0,XGBoost,0.0007466356619261205,0
mimic_perform_non_af_013,0,XGBoost,0.0007466356619261205,0
mimic_perform_non_af_013,0,XGBoost,0.0009420723072253168,0
mimic_perform_non_af_013,0,XGBoost,0.0007466356619261205,0
mimic_perform_non_af_013,0,XGBoost,0.0007544466643594205,0
mimic_perform_non_af_013,0,XGBoost,0.0008143174345605075,0
mimic_perform_non_af_013,0,XGBoost,0.0013217654777690768,0
mimic_perform_non_af_013,0,XGBoost,0.0008143174345605075,0
mimic_perform_non_af_013,0,XGBoost,0.0007466356619261205,0
mimic_perform_non_af_013,0,XGBoost,0.0007466356619261205,0
mimic_perform_non_af_013,0,XGBoost,0.0007544466643594205,0
mimic_perform_non_af_013,0,XGBoost,0.0007466356619261205,0
mimic_perform_non_af_013,0,XGBoost,0.0007466356619261205,0
mimic_perform_non_af_013,0,XGBoost,0.0007466356619261205,0
mimic_perform_non_af_013,0,XGBoost,0.0007466356619261205,0
mimic_perform_non_af_013,0,XGBoost,0.0007466356619261205,0
mimic_perform_non_af_013,0,XGBoost,0.0009072357788681984,0
mimic_perform_non_af_013,0,XGBoost,0.0007466356619261205,0
mimic_perform_non_af_013,0,XGBoost,0.0009072357788681984,0
mimic_perform_non_af_013,0,XGBoost,0.0007466356619261205,0
mimic_perform_non_af_013,0,XGBoost,0.0007466356619261205,0
mimic_perform_non_af_013,0,XGBoost,0.0007544466643594205,0
mimic_perform_non_af_013,0,XGBoost,0.0008390264702029526,0
mimic_perform_non_af_013,0,XGBoost,0.001508745364844799,0
mimic_perform_non_af_013,0,XGBoost,0.010302478447556496,0
mimic_perform_non_af_013,0,XGBoost,0.0012180813355371356,0
mimic_perform_non_af_013,0,XGBoost,0.01196802593767643,0
mimic_perform_non_af_013,0,XGBoost,0.0021329019218683243,0
mimic_perform_non_af_013,0,XGBoost,0.0015150330727919936,0
mimic_perform_non_af_013,0,XGBoost,0.0007544466643594205,0
mimic_perform_non_af_013,0,XGBoost,0.0007544466643594205,0
mimic_perform_non_af_013,0,XGBoost,0.0007466356619261205,0
mimic_perform_non_af_013,0,XGBoost,0.0007466356619261205,0
mimic_perform_non_af_013,0,XGBoost,0.0007544466643594205,0
mimic_perform_non_af_013,0,XGBoost,0.0007466356619261205,0
mimic_perform_non_af_013,0,XGBoost,0.0007466356619261205,0
mimic_perform_non_af_013,0,XGBoost,0.0007544466643594205,0
mimic_perform_non_af_013,0,XGBoost,0.0007544466643594205,0
mimic_perform_non_af_013,0,XGBoost,0.0007544466643594205,0
mimic_perform_non_af_013,0,XGBoost,0.0011394156608730555,0
mimic_perform_non_af_013,0,XGBoost,0.007834810763597488,0
mimic_perform_non_af_013,0,XGBoost,0.003364112926647067,0
mimic_perform_non_af_013,0,XGBoost,0.0042733727023005486,0
mimic_perform_non_af_013,0,XGBoost,0.0014565926976501942,0
mimic_perform_non_af_013,0,XGBoost,0.0007466356619261205,0
mimic_perform_non_af_013,0,XGBoost,0.0007544466643594205,0
mimic_perform_non_af_013,0,XGBoost,0.0007466356619261205,0
mimic_perform_non_af_013,0,XGBoost,0.0007544466643594205,0
mimic_perform_non_af_013,0,XGBoost,0.0007544466643594205,0
mimic_perform_non_af_013,0,XGBoost,0.0007466356619261205,0
mimic_perform_non_af_013,0,XGBoost,0.0007544466643594205,0
mimic_perform_non_af_013,0,XGBoost,0.0007466356619261205,0
mimic_perform_non_af_013,0,XGBoost,0.0007466356619261205,0
mimic_perform_non_af_013,0,XGBoost,0.0007466356619261205,0
mimic_perform_non_af_013,0,XGBoost,0.0007466356619261205,0
mimic_perform_non_af_013,0,XGBoost,0.0007466356619261205,0
mimic_perform_non_af_013,0,XGBoost,0.0007544466643594205,0
mimic_perform_non_af_013,0,XGBoost,0.0009072357788681984,0
mimic_perform_non_af_013,0,XGBoost,0.0007544466643594205,0
mimic_perform_non_af_013,0,XGBoost,0.0007466356619261205,0
mimic_perform_non_af_013,0,XGBoost,0.0009072357788681984,0
mimic_perform_non_af_013,0,XGBoost,0.0007466356619261205,0
mimic_perform_non_af_013,0,XGBoost,0.0009072357788681984,0
mimic_perform_non_af_013,0,XGBoost,0.0007466356619261205,0
mimic_perform_non_af_013,0,XGBoost,0.0007466356619261205,0
mimic_perform_non_af_013,0,XGBoost,0.0007466356619261205,0
mimic_perform_non_af_013,0,XGBoost,0.0007544466643594205,0
mimic_perform_non_af_013,0,XGBoost,0.0007466356619261205,0
mimic_perform_non_af_013,0,XGBoost,0.0007544466643594205,0
mimic_perform_non_af_013,0,XGBoost,0.0017234242986887693,0
mimic_perform_non_af_013,0,XGBoost,0.0012049577198922634,0
mimic_perform_non_af_013,0,XGBoost,0.0008109354530461133,0
mimic_perform_non_af_013,0,XGBoost,0.0007544466643594205,0
mimic_perform_non_af_013,0,XGBoost,0.0007466356619261205,0
mimic_perform_non_af_013,0,XGBoost,0.0007544466643594205,0
mimic_perform_non_af_013,0,XGBoost,0.0007466356619261205,0
mimic_perform_non_af_013,0,XGBoost,0.0007544466643594205,0
mimic_perform_non_af_013,0,XGBoost,0.0007466356619261205,0
mimic_perform_non_af_013,0,XGBoost,0.0007466356619261205,0
mimic_perform_non_af_013,0,XGBoost,0.0007544466643594205,0
mimic_perform_non_af_013,0,XGBoost,0.0007466356619261205,0
mimic_perform_non_af_013,0,XGBoost,0.0007544466643594205,0
mimic_perform_non_af_013,0,XGBoost,0.0007466356619261205,0
mimic_perform_non_af_013,0,XGBoost,0.0007466356619261205,0
mimic_perform_non_af_013,0,XGBoost,0.0007544466643594205,0
mimic_perform_non_af_013,0,XGBoost,0.0007466356619261205,0
mimic_perform_non_af_013,0,XGBoost,0.0007544466643594205,0
mimic_perform_non_af_013,0,XGBoost,0.0007466356619261205,0
mimic_perform_non_af_013,0,XGBoost,0.0007544466643594205,0
mimic_perform_non_af_013,0,XGBoost,0.0007544466643594205,0
mimic_perform_non_af_013,0,XGBoost,0.0007544466643594205,0
mimic_perform_non_af_013,0,XGBoost,0.0007544466643594205,0
mimic_perform_non_af_013,0,XGBoost,0.0009420723072253168,0
mimic_perform_non_af_013,0,XGBoost,0.0007466356619261205,0
mimic_perform_non_af_013,0,XGBoost,0.0007544466643594205,0
mimic_perform_non_af_013,0,XGBoost,0.0009072357788681984,0
mimic_perform_non_af_013,0,XGBoost,0.0009072357788681984,0
mimic_perform_non_af_013,0,XGBoost,0.0007466356619261205,0
mimic_perform_non_af_013,0,XGBoost,0.0007466356619261205,0
mimic_perform_non_af_013,0,XGBoost,0.0007544466643594205,0
mimic_perform_non_af_013,0,XGBoost,0.0007544466643594205,0
mimic_perform_non_af_013,0,XGBoost,0.0007544466643594205,0
mimic_perform_non_af_013,0,XGBoost,0.0007466356619261205,0
mimic_perform_non_af_013,0,XGBoost,0.0019116548355668783,0
mimic_perform_non_af_013,0,XGBoost,0.0018587480299174786,0
mimic_perform_non_af_013,0,XGBoost,0.0018587480299174786,0
mimic_perform_non_af_013,0,XGBoost,0.0007466356619261205,0
mimic_perform_non_af_013,0,XGBoost,0.0007544466643594205,0
mimic_perform_non_af_013,0,XGBoost,0.0007544466643594205,0
mimic_perform_non_af_013,0,XGBoost,0.0009801138658076525,0
mimic_perform_non_af_013,0,XGBoost,0.0007466356619261205,0
mimic_perform_non_af_013,0,XGBoost,0.0007544466643594205,0
mimic_perform_non_af_013,0,XGBoost,0.0007466356619261205,0
mimic_perform_non_af_013,0,XGBoost,0.0007544466643594205,0
mimic_perform_non_af_014,0,XGBoost,0.9949524402618408,1
mimic_perform_non_af_014,0,XGBoost,0.9945564270019531,1
mimic_perform_non_af_014,0,XGBoost,0.9932422041893005,1
mimic_perform_non_af_014,0,XGBoost,0.9932515025138855,1
mimic_perform_non_af_014,0,XGBoost,0.9970249533653259,1
mimic_perform_non_af_014,0,XGBoost,0.9970784187316895,1
mimic_perform_non_af_014,0,XGBoost,0.9958266615867615,1
mimic_perform_non_af_014,0,XGBoost,0.9947423934936523,1
mimic_perform_non_af_014,0,XGBoost,0.9941728711128235,1
mimic_perform_non_af_014,0,XGBoost,0.9944676160812378,1
mimic_perform_non_af_014,0,XGBoost,0.9922237396240234,1
mimic_perform_non_af_014,0,XGBoost,0.9968616962432861,1
mimic_perform_non_af_014,0,XGBoost,0.9952651262283325,1
mimic_perform_non_af_014,0,XGBoost,0.9955581426620483,1
mimic_perform_non_af_014,0,XGBoost,0.9775090217590332,1
mimic_perform_non_af_014,0,XGBoost,0.973021388053894,1
mimic_perform_non_af_014,0,XGBoost,0.9953234791755676,1
mimic_perform_non_af_014,0,XGBoost,0.9952887296676636,1
mimic_perform_non_af_014,0,XGBoost,0.9762082099914551,1
mimic_perform_non_af_014,0,XGBoost,0.9892581105232239,1
mimic_perform_non_af_014,0,XGBoost,0.9902102947235107,1
mimic_perform_non_af_014,0,XGBoost,0.9913660287857056,1
mimic_perform_non_af_014,0,XGBoost,0.9917843341827393,1
mimic_perform_non_af_014,0,XGBoost,0.9878501296043396,1
mimic_perform_non_af_014,0,XGBoost,0.979662299156189,1
mimic_perform_non_af_014,0,XGBoost,0.9921848177909851,1
mimic_perform_non_af_014,0,XGBoost,0.9881809949874878,1
mimic_perform_non_af_014,0,XGBoost,0.9893853068351746,1
mimic_perform_non_af_014,0,XGBoost,0.9960677623748779,1
mimic_perform_non_af_014,0,XGBoost,0.994251012802124,1
mimic_perform_non_af_014,0,XGBoost,0.9938050508499146,1
mimic_perform_non_af_014,0,XGBoost,0.994599461555481,1
mimic_perform_non_af_014,0,XGBoost,0.9962384700775146,1
mimic_perform_non_af_014,0,XGBoost,0.9971972703933716,1
mimic_perform_non_af_014,0,XGBoost,0.9966036081314087,1
mimic_perform_non_af_014,0,XGBoost,0.9973368048667908,1
mimic_perform_non_af_014,0,XGBoost,0.9963057041168213,1
mimic_perform_non_af_014,0,XGBoost,0.9952738881111145,1
mimic_perform_non_af_014,0,XGBoost,0.9897776246070862,1
mimic_perform_non_af_014,0,XGBoost,0.9945198893547058,1
mimic_perform_non_af_014,0,XGBoost,0.9838414192199707,1
mimic_perform_non_af_014,0,XGBoost,0.9891570806503296,1
mimic_perform_non_af_014,0,XGBoost,0.99210125207901,1
mimic_perform_non_af_014,0,XGBoost,0.9964003562927246,1
mimic_perform_non_af_014,0,XGBoost,0.9957308173179626,1
mimic_perform_non_af_014,0,XGBoost,0.9951234459877014,1
mimic_perform_non_af_014,0,XGBoost,0.9892589449882507,1
mimic_perform_non_af_014,0,XGBoost,0.9966075420379639,1
mimic_perform_non_af_014,0,XGBoost,0.9961079955101013,1
mimic_perform_non_af_014,0,XGBoost,0.995361864566803,1
mimic_perform_non_af_014,0,XGBoost,0.9942911863327026,1
mimic_perform_non_af_014,0,XGBoost,0.9954171180725098,1
mimic_perform_non_af_014,0,XGBoost,0.9956499934196472,1
mimic_perform_non_af_014,0,XGBoost,0.9936233162879944,1
mimic_perform_non_af_014,0,XGBoost,0.9973879456520081,1
mimic_perform_non_af_014,0,XGBoost,0.9881982207298279,1
mimic_perform_non_af_014,0,XGBoost,0.9870004653930664,1
mimic_perform_non_af_014,0,XGBoost,0.9922394752502441,1
mimic_perform_non_af_014,0,XGBoost,0.9932788014411926,1
mimic_perform_non_af_014,0,XGBoost,0.9957634210586548,1
mimic_perform_non_af_014,0,XGBoost,0.99250727891922,1
mimic_perform_non_af_014,0,XGBoost,0.991416871547699,1
mimic_perform_non_af_014,0,XGBoost,0.9919061660766602,1
mimic_perform_non_af_014,0,XGBoost,0.9922788143157959,1
mimic_perform_non_af_014,0,XGBoost,0.9933755993843079,1
mimic_perform_non_af_014,0,XGBoost,0.9975306391716003,1
mimic_perform_non_af_014,0,XGBoost,0.9973940849304199,1
mimic_perform_non_af_014,0,XGBoost,0.9976156949996948,1
mimic_perform_non_af_014,0,XGBoost,0.9913097620010376,1
mimic_perform_non_af_014,0,XGBoost,0.9887124300003052,1
mimic_perform_non_af_014,0,XGBoost,0.9914665222167969,1
mimic_perform_non_af_014,0,XGBoost,0.9972755312919617,1
mimic_perform_non_af_014,0,XGBoost,0.9949374198913574,1
mimic_perform_non_af_014,0,XGBoost,0.9972144961357117,1
mimic_perform_non_af_014,0,XGBoost,0.9976707100868225,1
mimic_perform_non_af_014,0,XGBoost,0.9983532428741455,1
mimic_perform_non_af_014,0,XGBoost,0.9959977865219116,1
mimic_perform_non_af_014,0,XGBoost,0.9949374198913574,1
mimic_perform_non_af_014,0,XGBoost,0.9956691265106201,1
mimic_perform_non_af_014,0,XGBoost,0.9965934157371521,1
mimic_perform_non_af_014,0,XGBoost,0.9974737763404846,1
mimic_perform_non_af_014,0,XGBoost,0.9952549934387207,1
mimic_perform_non_af_014,0,XGBoost,0.9904431700706482,1
mimic_perform_non_af_014,0,XGBoost,0.9866681098937988,1
mimic_perform_non_af_014,0,XGBoost,0.994454562664032,1
mimic_perform_non_af_014,0,XGBoost,0.9951007962226868,1
mimic_perform_non_af_014,0,XGBoost,0.9951332211494446,1
mimic_perform_non_af_014,0,XGBoost,0.9964261651039124,1
mimic_perform_non_af_014,0,XGBoost,0.9966166615486145,1
mimic_perform_non_af_014,0,XGBoost,0.9969921112060547,1
mimic_perform_non_af_014,0,XGBoost,0.9919227957725525,1
mimic_perform_non_af_014,0,XGBoost,0.9975774884223938,1
mimic_perform_non_af_014,0,XGBoost,0.995890200138092,1
mimic_perform_non_af_014,0,XGBoost,0.9954462647438049,1
mimic_perform_non_af_014,0,XGBoost,0.9973827004432678,1
mimic_perform_non_af_014,0,XGBoost,0.993782103061676,1
mimic_perform_non_af_014,0,XGBoost,0.9962228536605835,1
mimic_perform_non_af_014,0,XGBoost,0.9972391128540039,1
mimic_perform_non_af_014,0,XGBoost,0.9973161816596985,1
mimic_perform_non_af_014,0,XGBoost,0.9974710941314697,1
mimic_perform_non_af_014,0,XGBoost,0.9973161816596985,1
mimic_perform_non_af_014,0,XGBoost,0.9959285855293274,1
mimic_perform_non_af_014,0,XGBoost,0.9932283759117126,1
mimic_perform_non_af_014,0,XGBoost,0.996136486530304,1
mimic_perform_non_af_014,0,XGBoost,0.9911710619926453,1
mimic_perform_non_af_014,0,XGBoost,0.9949111342430115,1
mimic_perform_non_af_014,0,XGBoost,0.9978577494621277,1
mimic_perform_non_af_014,0,XGBoost,0.9964930415153503,1
mimic_perform_non_af_014,0,XGBoost,0.9947230815887451,1
mimic_perform_non_af_014,0,XGBoost,0.991527259349823,1
mimic_perform_non_af_014,0,XGBoost,0.9943826198577881,1
mimic_perform_non_af_014,0,XGBoost,0.9894531965255737,1
mimic_perform_non_af_014,0,XGBoost,0.9947105646133423,1
mimic_perform_non_af_014,0,XGBoost,0.9969622492790222,1
mimic_perform_non_af_014,0,XGBoost,0.9937680959701538,1
mimic_perform_non_af_014,0,XGBoost,0.996129035949707,1
mimic_perform_non_af_014,0,XGBoost,0.9914171099662781,1
mimic_perform_non_af_014,0,XGBoost,0.9911721348762512,1
mimic_perform_non_af_015,0,XGBoost,0.003175679361447692,0
mimic_perform_non_af_015,0,XGBoost,0.08041570335626602,0
mimic_perform_non_af_015,0,XGBoost,0.0015966546488925815,0
mimic_perform_non_af_015,0,XGBoost,0.0013867240631952882,0
mimic_perform_non_af_015,0,XGBoost,0.0011662051547318697,0
mimic_perform_non_af_015,0,XGBoost,0.00345963379368186,0
mimic_perform_non_af_015,0,XGBoost,0.017484154552221298,0
mimic_perform_non_af_015,0,XGBoost,0.08540947735309601,0
mimic_perform_non_af_015,0,XGBoost,0.0015429476043209434,0
mimic_perform_non_af_015,0,XGBoost,0.0011662051547318697,0
mimic_perform_non_af_015,0,XGBoost,0.0013867240631952882,0
mimic_perform_non_af_015,0,XGBoost,0.0013867240631952882,0
mimic_perform_non_af_015,0,XGBoost,0.0013867240631952882,0
mimic_perform_non_af_015,0,XGBoost,0.0013867240631952882,0
mimic_perform_non_af_015,0,XGBoost,0.001604344230145216,0
mimic_perform_non_af_015,0,XGBoost,0.003488565795123577,0
mimic_perform_non_af_015,0,XGBoost,0.0031095510348677635,0
mimic_perform_non_af_015,0,XGBoost,0.0028863679617643356,0
mimic_perform_non_af_015,0,XGBoost,0.0031095510348677635,0
mimic_perform_non_af_015,0,XGBoost,0.0014561039861291647,0
mimic_perform_non_af_015,0,XGBoost,0.0013867240631952882,0
mimic_perform_non_af_015,0,XGBoost,0.00130743149202317,0
mimic_perform_non_af_015,0,XGBoost,0.0011662051547318697,0
mimic_perform_non_af_015,0,XGBoost,0.0014419133076444268,0
mimic_perform_non_af_015,0,XGBoost,0.0013867240631952882,0
mimic_perform_non_af_015,0,XGBoost,0.00130743149202317,0
mimic_perform_non_af_015,0,XGBoost,0.0012450134381651878,0
mimic_perform_non_af_015,0,XGBoost,0.0017313449643552303,0
mimic_perform_non_af_015,0,XGBoost,0.003217612626031041,0
mimic_perform_non_af_015,0,XGBoost,0.003217612626031041,0
mimic_perform_non_af_015,0,XGBoost,0.003217612626031041,0
mimic_perform_non_af_015,0,XGBoost,0.001203120336867869,0
mimic_perform_non_af_015,0,XGBoost,0.00130743149202317,0
mimic_perform_non_af_015,0,XGBoost,0.001099507906474173,0
mimic_perform_non_af_015,0,XGBoost,0.00130743149202317,0
mimic_perform_non_af_015,0,XGBoost,0.0012450134381651878,0
mimic_perform_non_af_015,0,XGBoost,0.0012356678489595652,0
mimic_perform_non_af_015,0,XGBoost,0.0031095510348677635,0
mimic_perform_non_af_015,0,XGBoost,0.0031095510348677635,0
mimic_perform_non_af_015,0,XGBoost,0.0031095510348677635,0
mimic_perform_non_af_015,0,XGBoost,0.0031095510348677635,0
mimic_perform_non_af_015,0,XGBoost,0.0015429476043209434,0
mimic_perform_non_af_015,0,XGBoost,0.0010470059933140874,0
mimic_perform_non_af_015,0,XGBoost,0.0012450134381651878,0
mimic_perform_non_af_015,0,XGBoost,0.0010470059933140874,0
mimic_perform_non_af_015,0,XGBoost,0.001099507906474173,0
mimic_perform_non_af_015,0,XGBoost,0.00130743149202317,0
mimic_perform_non_af_015,0,XGBoost,0.00130743149202317,0
mimic_perform_non_af_015,0,XGBoost,0.0010470059933140874,0
mimic_perform_non_af_015,0,XGBoost,0.0010470059933140874,0
mimic_perform_non_af_015,0,XGBoost,0.001099507906474173,0
mimic_perform_non_af_015,0,XGBoost,0.00130743149202317,0
mimic_perform_non_af_015,0,XGBoost,0.0012450134381651878,0
mimic_perform_non_af_015,0,XGBoost,0.002039348939433694,0
mimic_perform_non_af_015,0,XGBoost,0.0031095510348677635,0
mimic_perform_non_af_015,0,XGBoost,0.0031095510348677635,0
mimic_perform_non_af_015,0,XGBoost,0.0029866970144212246,0
mimic_perform_non_af_015,0,XGBoost,0.003350788028910756,0
mimic_perform_non_af_015,0,XGBoost,0.001590365543961525,0
mimic_perform_non_af_015,0,XGBoost,0.0012976181460544467,0
mimic_perform_non_af_015,0,XGBoost,0.007190849632024765,0
mimic_perform_non_af_015,0,XGBoost,0.4305885434150696,0
mimic_perform_non_af_015,0,XGBoost,0.011813566088676453,0
mimic_perform_non_af_015,0,XGBoost,0.0029866970144212246,0
mimic_perform_non_af_015,0,XGBoost,0.003217612626031041,0
mimic_perform_non_af_015,0,XGBoost,0.0028863679617643356,0
mimic_perform_non_af_015,0,XGBoost,0.0034522502683103085,0
mimic_perform_non_af_015,0,XGBoost,0.001372133381664753,0
mimic_perform_non_af_015,0,XGBoost,0.0010470059933140874,0
mimic_perform_non_af_015,0,XGBoost,0.0031095510348677635,0
mimic_perform_non_af_015,0,XGBoost,0.0031095510348677635,0
mimic_perform_non_af_015,0,XGBoost,0.0012356678489595652,0
mimic_perform_non_af_015,0,XGBoost,0.0012450134381651878,0
mimic_perform_non_af_015,0,XGBoost,0.0010470059933140874,0
mimic_perform_non_af_015,0,XGBoost,0.0011626601917669177,0
mimic_perform_non_af_015,0,XGBoost,0.0010470059933140874,0
mimic_perform_non_af_015,0,XGBoost,0.0010470059933140874,0
mimic_perform_non_af_015,0,XGBoost,0.003217612626031041,0
mimic_perform_non_af_015,0,XGBoost,0.003217612626031041,0
mimic_perform_non_af_015,0,XGBoost,0.003217612626031041,0
mimic_perform_non_af_015,0,XGBoost,0.0028863679617643356,0
mimic_perform_non_af_015,0,XGBoost,0.00130743149202317,0
mimic_perform_non_af_015,0,XGBoost,0.0012450134381651878,0
mimic_perform_non_af_015,0,XGBoost,0.0012450134381651878,0
mimic_perform_non_af_015,0,XGBoost,0.001099507906474173,0
mimic_perform_non_af_015,0,XGBoost,0.001099507906474173,0
mimic_perform_non_af_015,0,XGBoost,0.00130743149202317,0
mimic_perform_non_af_015,0,XGBoost,0.001099507906474173,0
mimic_perform_non_af_015,0,XGBoost,0.001099507906474173,0
mimic_perform_non_af_015,0,XGBoost,0.00130743149202317,0
mimic_perform_non_af_015,0,XGBoost,0.0017915981588885188,0
mimic_perform_non_af_015,0,XGBoost,0.003350788028910756,0
mimic_perform_non_af_015,0,XGBoost,0.001506792614236474,0
mimic_perform_non_af_015,0,XGBoost,0.0031095510348677635,0
mimic_perform_non_af_015,0,XGBoost,0.0029613529331982136,0
mimic_perform_non_af_015,0,XGBoost,0.0012356678489595652,0
mimic_perform_non_af_015,0,XGBoost,0.0013427971862256527,0
mimic_perform_non_af_015,0,XGBoost,0.0038380054756999016,0
mimic_perform_non_af_015,0,XGBoost,0.003562725381925702,0
mimic_perform_non_af_015,0,XGBoost,0.00130743149202317,0
mimic_perform_non_af_015,0,XGBoost,0.0013867240631952882,0
mimic_perform_non_af_015,0,XGBoost,0.00130743149202317,0
mimic_perform_non_af_015,0,XGBoost,0.0011662051547318697,0
mimic_perform_non_af_015,0,XGBoost,0.0011662051547318697,0
mimic_perform_non_af_015,0,XGBoost,0.0031099498737603426,0
mimic_perform_non_af_015,0,XGBoost,0.0013867240631952882,0
mimic_perform_non_af_015,0,XGBoost,0.001099507906474173,0
mimic_perform_non_af_015,0,XGBoost,0.0012450134381651878,0
mimic_perform_non_af_015,0,XGBoost,0.0012450134381651878,0
mimic_perform_non_af_015,0,XGBoost,0.001099507906474173,0
mimic_perform_non_af_015,0,XGBoost,0.00130743149202317,0
mimic_perform_non_af_015,0,XGBoost,0.00130743149202317,0
mimic_perform_non_af_015,0,XGBoost,0.001099507906474173,0
mimic_perform_non_af_015,0,XGBoost,0.001099507906474173,0
mimic_perform_non_af_015,0,XGBoost,0.00130743149202317,0
mimic_perform_non_af_015,0,XGBoost,0.0014419133076444268,0
mimic_perform_non_af_015,0,XGBoost,0.001295009278692305,0
mimic_perform_non_af_015,0,XGBoost,0.001099507906474173,0
mimic_perform_non_af_016,0,XGBoost,0.0004026890092063695,0
mimic_perform_non_af_016,0,XGBoost,0.0004104772233404219,0
mimic_perform_non_af_016,0,XGBoost,0.0004079280188307166,0
mimic_perform_non_af_016,0,XGBoost,0.0018118349835276604,0
mimic_perform_non_af_016,0,XGBoost,0.0006756093935109675,0
mimic_perform_non_af_016,0,XGBoost,0.0004734457179438323,0
mimic_perform_non_af_016,0,XGBoost,0.0025971641298383474,0
mimic_perform_non_af_016,0,XGBoost,0.0018191835843026638,0
mimic_perform_non_af_016,0,XGBoost,0.002350557828322053,0
mimic_perform_non_af_016,0,XGBoost,0.0006860043504275382,0
mimic_perform_non_af_016,0,XGBoost,0.0003195175086148083,0
mimic_perform_non_af_016,0,XGBoost,0.00031116860918700695,0
mimic_perform_non_af_016,0,XGBoost,0.0006087587680667639,0
mimic_perform_non_af_016,0,XGBoost,0.000313911703415215,0
mimic_perform_non_af_016,0,XGBoost,0.0003156083694193512,0
mimic_perform_non_af_016,0,XGBoost,0.0002300609921803698,0
mimic_perform_non_af_016,0,XGBoost,0.00021971881506033242,0
mimic_perform_non_af_016,0,XGBoost,0.0002205247583333403,0
mimic_perform_non_af_016,0,XGBoost,0.0003430876531638205,0
mimic_perform_non_af_016,0,XGBoost,0.0003430876531638205,0
mimic_perform_non_af_016,0,XGBoost,0.0002300609921803698,0
mimic_perform_non_af_016,0,XGBoost,0.00027671901625581086,0
mimic_perform_non_af_016,0,XGBoost,0.00019128425628878176,0
mimic_perform_non_af_016,0,XGBoost,0.00019128425628878176,0
mimic_perform_non_af_016,0,XGBoost,0.00018958667351398617,0
mimic_perform_non_af_016,0,XGBoost,0.00021806212316732854,0
mimic_perform_non_af_016,0,XGBoost,0.0002020991814788431,0
mimic_perform_non_af_016,0,XGBoost,0.00016886387311387807,0
mimic_perform_non_af_016,0,XGBoost,0.0001879079354694113,0
mimic_perform_non_af_016,0,XGBoost,0.0003042043827008456,0
mimic_perform_non_af_016,0,XGBoost,0.0003195175086148083,0
mimic_perform_non_af_016,0,XGBoost,0.00029155847732909024,0
mimic_perform_non_af_016,0,XGBoost,0.0009502106695435941,0
mimic_perform_non_af_016,0,XGBoost,0.0008426812128163874,0
mimic_perform_non_af_016,0,XGBoost,0.0008426812128163874,0
mimic_perform_non_af_016,0,XGBoost,0.00023970856273081154,0
mimic_perform_non_af_016,0,XGBoost,0.00037296340451575816,0
mimic_perform_non_af_016,0,XGBoost,0.0005020325188525021,0
mimic_perform_non_af_016,0,XGBoost,0.0004608489980455488,0
mimic_perform_non_af_016,0,XGBoost,0.0004897023318335414,0
mimic_perform_non_af_016,0,XGBoost,0.0005427069263532758,0
mimic_perform_non_af_016,0,XGBoost,0.0005753027508035302,0
mimic_perform_non_af_016,0,XGBoost,0.0004162337281741202,0
mimic_perform_non_af_016,0,XGBoost,0.0003867618797812611,0
mimic_perform_non_af_016,0,XGBoost,0.0009888606145977974,0
mimic_perform_non_af_016,0,XGBoost,0.0009592121932655573,0
mimic_perform_non_af_016,0,XGBoost,0.0024596445728093386,0
mimic_perform_non_af_016,0,XGBoost,0.0011669968953356147,0
mimic_perform_non_af_016,0,XGBoost,0.0006112359696999192,0
mimic_perform_non_af_016,0,XGBoost,0.0002190342202084139,0
mimic_perform_non_af_016,0,XGBoost,0.00019472251005936414,0
mimic_perform_non_af_016,0,XGBoost,0.000198073495994322,0
mimic_perform_non_af_016,0,XGBoost,0.0005334451561793685,0
mimic_perform_non_af_016,0,XGBoost,0.00048096157843247056,0
mimic_perform_non_af_016,0,XGBoost,0.04837357997894287,0
mimic_perform_non_af_016,0,XGBoost,0.00019278917170595378,0
mimic_perform_non_af_016,0,XGBoost,0.00024274007591884583,0
mimic_perform_non_af_016,0,XGBoost,0.0003298591764178127,0
mimic_perform_non_af_016,0,XGBoost,0.0004026890092063695,0
mimic_perform_non_af_016,0,XGBoost,0.00023149851767811924,0
mimic_perform_non_af_016,0,XGBoost,0.0015974120469763875,0
mimic_perform_non_af_016,0,XGBoost,0.003908972721546888,0
mimic_perform_non_af_016,0,XGBoost,0.0004489737912081182,0
mimic_perform_non_af_016,0,XGBoost,0.0006574283470399678,0
mimic_perform_non_af_016,0,XGBoost,0.0008930217591114342,0
mimic_perform_non_af_016,0,XGBoost,0.0004744572506751865,0
mimic_perform_non_af_016,0,XGBoost,0.0008765297825448215,0
mimic_perform_non_af_016,0,XGBoost,0.0004713897651527077,0
mimic_perform_non_af_016,0,XGBoost,0.00016641490219626576,0
mimic_perform_non_af_016,0,XGBoost,0.0001884093799162656,0
mimic_perform_non_af_016,0,XGBoost,0.00015462648298125714,0
mimic_perform_non_af_016,0,XGBoost,0.00023100593534763902,0
mimic_perform_non_af_016,0,XGBoost,0.0001633448846405372,0
mimic_perform_non_af_016,0,XGBoost,0.00015050855290610343,0
mimic_perform_non_af_016,0,XGBoost,0.0002630489179864526,0
mimic_perform_non_af_016,0,XGBoost,0.0002480576222296804,0
mimic_perform_non_af_016,0,XGBoost,0.00016683530702721328,0
mimic_perform_non_af_016,0,XGBoost,0.00016779155703261495,0
mimic_perform_non_af_016,0,XGBoost,0.00017762754578143358,0
mimic_perform_non_af_016,0,XGBoost,0.00016683530702721328,0
mimic_perform_non_af_016,0,XGBoost,0.0004491364525165409,0
mimic_perform_non_af_016,0,XGBoost,0.0005792833981104195,0
mimic_perform_non_af_016,0,XGBoost,0.00035911696613766253,0
mimic_perform_non_af_016,0,XGBoost,0.00017762754578143358,0
mimic_perform_non_af_016,0,XGBoost,0.00015187957615125924,0
mimic_perform_non_af_016,0,XGBoost,0.00018268493295181543,0
mimic_perform_non_af_016,0,XGBoost,0.00026428044657222927,0
mimic_perform_non_af_016,0,XGBoost,0.00021689615095965564,0
mimic_perform_non_af_016,0,XGBoost,0.00022356872796081007,0
mimic_perform_non_af_016,0,XGBoost,0.00015304083353839815,0
mimic_perform_non_af_016,0,XGBoost,0.00017539301188662648,0
mimic_perform_non_af_016,0,XGBoost,0.00019498448818922043,0
mimic_perform_non_af_016,0,XGBoost,0.00021330773597583175,0
mimic_perform_non_af_016,0,XGBoost,0.00022710551274940372,0
mimic_perform_non_af_016,0,XGBoost,0.00018881112919189036,0
mimic_perform_non_af_016,0,XGBoost,0.00020241044694557786,0
mimic_perform_non_af_016,0,XGBoost,0.00019342736050020903,0
mimic_perform_non_af_016,0,XGBoost,0.0001426977541996166,0
mimic_perform_non_af_016,0,XGBoost,0.00019116919429507107,0
mimic_perform_non_af_016,0,XGBoost,0.00022062149946577847,0
mimic_perform_non_af_016,0,XGBoost,0.00021643484069500118,0
mimic_perform_non_af_016,0,XGBoost,0.00019486721430439502,0
mimic_perform_non_af_016,0,XGBoost,0.0001847317034844309,0
mimic_perform_non_af_016,0,XGBoost,0.0001874151494121179,0
mimic_perform_non_af_016,0,XGBoost,0.00020371851860545576,0
mimic_perform_non_af_016,0,XGBoost,0.00018032298248726875,0
mimic_perform_non_af_016,0,XGBoost,0.00018032298248726875,0
mimic_perform_non_af_016,0,XGBoost,0.00021689615095965564,0
mimic_perform_non_af_016,0,XGBoost,0.00021689615095965564,0
mimic_perform_non_af_016,0,XGBoost,0.00028026147629134357,0
mimic_perform_non_af_016,0,XGBoost,0.0003686423588078469,0
mimic_perform_non_af_016,0,XGBoost,0.0003686423588078469,0
mimic_perform_non_af_016,0,XGBoost,0.00017762754578143358,0
mimic_perform_non_af_016,0,XGBoost,0.00019675400108098984,0
mimic_perform_non_af_016,0,XGBoost,0.00017092899361159652,0
mimic_perform_non_af_016,0,XGBoost,0.00017762754578143358,0
mimic_perform_non_af_016,0,XGBoost,0.00030374329071491957,0
mimic_perform_non_af_016,0,XGBoost,0.0016931041609495878,0
