record_id,status,model,prob,pred
mimic_perform_af_001,1,Logistic Regression,0.9667256909761974,1
mimic_perform_af_001,1,Logistic Regression,0.9271231990008795,1
mimic_perform_af_001,1,Logistic Regression,0.8403217055241865,1
mimic_perform_af_001,1,Logistic Regression,0.8133790126116018,1
mimic_perform_af_001,1,Logistic Regression,0.9550679678085864,1
mimic_perform_af_001,1,Logistic Regression,0.9568861851553294,1
mimic_perform_af_001,1,Logistic Regression,0.946848945121203,1
mimic_perform_af_001,1,Logistic Regression,0.9294399432313027,1
mimic_perform_af_001,1,Logistic Regression,0.9375612399580415,1
mimic_perform_af_001,1,Logistic Regression,0.9436339123822528,1
mimic_perform_af_001,1,Logistic Regression,0.9410394815640737,1
mimic_perform_af_001,1,Logistic Regression,0.9315251295199732,1
mimic_perform_af_001,1,Logistic Regression,0.8735796980864167,1
mimic_perform_af_001,1,Logistic Regression,0.916432464609972,1
mimic_perform_af_001,1,Logistic Regression,0.9391257003205518,1
mimic_perform_af_001,1,Logistic Regression,0.973964523183147,1
mimic_perform_af_001,1,Logistic Regression,0.9706914537872322,1
mimic_perform_af_001,1,Logistic Regression,0.9812397887518706,1
mimic_perform_af_001,1,Logistic Regression,0.9627959744268242,1
mimic_perform_af_001,1,Logistic Regression,0.946838817094907,1
mimic_perform_af_001,1,Logistic Regression,0.9171097849235501,1
mimic_perform_af_001,1,Logistic Regression,0.9346668702366225,1
mimic_perform_af_001,1,Logistic Regression,0.9248275862438499,1
mimic_perform_af_001,1,Logistic Regression,0.93462833901845,1
mimic_perform_af_001,1,Logistic Regression,0.9078710467106629,1
mimic_perform_af_001,1,Logistic Regression,0.923873225408918,1
mimic_perform_af_001,1,Logistic Regression,0.9331156591054747,1
mimic_perform_af_001,1,Logistic Regression,0.9645963490154291,1
mimic_perform_af_001,1,Logistic Regression,0.9054905598805141,1
mimic_perform_af_001,1,Logistic Regression,0.7785526482320251,1
mimic_perform_af_001,1,Logistic Regression,0.901339917139779,1
mimic_perform_af_001,1,Logistic Regression,0.9388766819644176,1
mimic_perform_af_001,1,Logistic Regression,0.9382952957552053,1
mimic_perform_af_001,1,Logistic Regression,0.9104114468079608,1
mimic_perform_af_001,1,Logistic Regression,0.9098881426366788,1
mimic_perform_af_001,1,Logistic Regression,0.9278690233723061,1
mimic_perform_af_001,1,Logistic Regression,0.8264698345480355,1
mimic_perform_af_001,1,Logistic Regression,0.9162143981522848,1
mimic_perform_af_001,1,Logistic Regression,0.9420402428898367,1
mimic_perform_af_001,1,Logistic Regression,0.9591866822455072,1
mimic_perform_af_001,1,Logistic Regression,0.940891262000055,1
mimic_perform_af_001,1,Logistic Regression,0.952693429087579,1
mimic_perform_af_001,1,Logistic Regression,0.8888950521560005,1
mimic_perform_af_001,1,Logistic Regression,0.8449041626791979,1
mimic_perform_af_001,1,Logistic Regression,0.8609982820518767,1
mimic_perform_af_001,1,Logistic Regression,0.9064118187671574,1
mimic_perform_af_001,1,Logistic Regression,0.8554375826025911,1
mimic_perform_af_001,1,Logistic Regression,0.9115216844742581,1
mimic_perform_af_001,1,Logistic Regression,0.760377453569987,1
mimic_perform_af_001,1,Logistic Regression,0.8672879601773673,1
mimic_perform_af_001,1,Logistic Regression,0.9005835064164626,1
mimic_perform_af_001,1,Logistic Regression,0.9732864597749338,1
mimic_perform_af_001,1,Logistic Regression,0.9802757221148158,1
mimic_perform_af_001,1,Logistic Regression,0.9539172482512935,1
mimic_perform_af_001,1,Logistic Regression,0.9094672306562263,1
mimic_perform_af_001,1,Logistic Regression,0.8300691308058168,1
mimic_perform_af_001,1,Logistic Regression,0.8515018268376642,1
mimic_perform_af_001,1,Logistic Regression,0.9163645800503551,1
mimic_perform_af_001,1,Logistic Regression,0.8803432569830103,1
mimic_perform_af_001,1,Logistic Regression,0.8726707067516781,1
mimic_perform_af_001,1,Logistic Regression,0.9120232934551114,1
mimic_perform_af_001,1,Logistic Regression,0.8950251985519729,1
mimic_perform_af_001,1,Logistic Regression,0.6797829403611493,1
mimic_perform_af_001,1,Logistic Regression,0.48793689325412876,0
mimic_perform_af_001,1,Logistic Regression,0.6533978642315651,1
mimic_perform_af_001,1,Logistic Regression,0.9148851932628184,1
mimic_perform_af_001,1,Logistic Regression,0.9109091294529846,1
mimic_perform_af_001,1,Logistic Regression,0.9395672925715695,1
mimic_perform_af_001,1,Logistic Regression,0.7407779679670438,1
mimic_perform_af_001,1,Logistic Regression,0.8235046228512332,1
mimic_perform_af_001,1,Logistic Regression,0.665838899126066,1
mimic_perform_af_001,1,Logistic Regression,0.8612350853318922,1
mimic_perform_af_001,1,Logistic Regression,0.8246926117856489,1
mimic_perform_af_001,1,Logistic Regression,0.9550004146941773,1
mimic_perform_af_001,1,Logistic Regression,0.9451676460938453,1
mimic_perform_af_001,1,Logistic Regression,0.966403539408363,1
mimic_perform_af_001,1,Logistic Regression,0.8864029135836647,1
mimic_perform_af_001,1,Logistic Regression,0.8250575515251584,1
mimic_perform_af_001,1,Logistic Regression,0.8214159527747767,1
mimic_perform_af_001,1,Logistic Regression,0.7837607863809489,1
mimic_perform_af_001,1,Logistic Regression,0.7905650249312023,1
mimic_perform_af_001,1,Logistic Regression,0.7481607532792492,1
mimic_perform_af_001,1,Logistic Regression,0.6757008738661779,1
mimic_perform_af_001,1,Logistic Regression,0.6827542388347356,1
mimic_perform_af_001,1,Logistic Regression,0.8045710774484737,1
mimic_perform_af_001,1,Logistic Regression,0.9409365215297855,1
mimic_perform_af_001,1,Logistic Regression,0.8744132092796488,1
mimic_perform_af_001,1,Logistic Regression,0.802032921172281,1
mimic_perform_af_001,1,Logistic Regression,0.8277489809664637,1
mimic_perform_af_001,1,Logistic Regression,0.8487013449018654,1
mimic_perform_af_001,1,Logistic Regression,0.902031759915346,1
mimic_perform_af_001,1,Logistic Regression,0.8607345569624852,1
mimic_perform_af_001,1,Logistic Regression,0.9524698599327198,1
mimic_perform_af_001,1,Logistic Regression,0.9724758786841865,1
mimic_perform_af_001,1,Logistic Regression,0.9772641805713744,1
mimic_perform_af_001,1,Logistic Regression,0.9420425821941799,1
mimic_perform_af_001,1,Logistic Regression,0.7968338246397937,1
mimic_perform_af_001,1,Logistic Regression,0.7953158620598352,1
mimic_perform_af_001,1,Logistic Regression,0.9531009254894418,1
mimic_perform_af_001,1,Logistic Regression,0.9715946034715782,1
mimic_perform_af_001,1,Logistic Regression,0.9514797910421098,1
mimic_perform_af_001,1,Logistic Regression,0.9255464578675605,1
mimic_perform_af_001,1,Logistic Regression,0.976739527782179,1
mimic_perform_af_001,1,Logistic Regression,0.986279404383996,1
mimic_perform_af_001,1,Logistic Regression,0.984383682829612,1
mimic_perform_af_001,1,Logistic Regression,0.9573635716557823,1
mimic_perform_af_001,1,Logistic Regression,0.90427514577953,1
mimic_perform_af_001,1,Logistic Regression,0.9374125055437061,1
mimic_perform_af_001,1,Logistic Regression,0.9297989062847944,1
mimic_perform_af_001,1,Logistic Regression,0.9370491288534384,1
mimic_perform_af_001,1,Logistic Regression,0.9149576043897704,1
mimic_perform_af_001,1,Logistic Regression,0.8530061963352834,1
mimic_perform_af_001,1,Logistic Regression,0.936160506466273,1
mimic_perform_af_001,1,Logistic Regression,0.9317036245433241,1
mimic_perform_af_001,1,Logistic Regression,0.9731627018689628,1
mimic_perform_af_001,1,Logistic Regression,0.9458942362194594,1
mimic_perform_af_001,1,Logistic Regression,0.9422404851588335,1
mimic_perform_af_001,1,Logistic Regression,0.9095235910204188,1
mimic_perform_af_002,1,Logistic Regression,0.8241413988598343,1
mimic_perform_af_002,1,Logistic Regression,0.8691942773594417,1
mimic_perform_af_002,1,Logistic Regression,0.8493653757173537,1
mimic_perform_af_002,1,Logistic Regression,0.9611170855003549,1
mimic_perform_af_002,1,Logistic Regression,0.9244274051612,1
mimic_perform_af_002,1,Logistic Regression,0.9194130250119511,1
mimic_perform_af_002,1,Logistic Regression,0.9484282531291867,1
mimic_perform_af_002,1,Logistic Regression,0.924565416460252,1
mimic_perform_af_002,1,Logistic Regression,0.898483648763798,1
mimic_perform_af_002,1,Logistic Regression,0.8006910609860152,1
mimic_perform_af_002,1,Logistic Regression,0.9357572245754501,1
mimic_perform_af_002,1,Logistic Regression,0.9320733839234493,1
mimic_perform_af_002,1,Logistic Regression,0.9304419502543525,1
mimic_perform_af_002,1,Logistic Regression,0.9091168972004161,1
mimic_perform_af_002,1,Logistic Regression,0.8268261545257404,1
mimic_perform_af_002,1,Logistic Regression,0.6148272692501365,1
mimic_perform_af_002,1,Logistic Regression,0.5107172863896009,1
mimic_perform_af_002,1,Logistic Regression,0.595991132085845,1
mimic_perform_af_002,1,Logistic Regression,0.7812748142771289,1
mimic_perform_af_002,1,Logistic Regression,0.8811730080981436,1
mimic_perform_af_002,1,Logistic Regression,0.7968258515315697,1
mimic_perform_af_002,1,Logistic Regression,0.9100309529562172,1
mimic_perform_af_002,1,Logistic Regression,0.9176138415217423,1
mimic_perform_af_002,1,Logistic Regression,0.8648218441297285,1
mimic_perform_af_002,1,Logistic Regression,0.5993183815293966,1
mimic_perform_af_002,1,Logistic Regression,0.477700296895053,0
mimic_perform_af_002,1,Logistic Regression,0.84173930121864,1
mimic_perform_af_002,1,Logistic Regression,0.9273495445510163,1
mimic_perform_af_002,1,Logistic Regression,0.9358935520340029,1
mimic_perform_af_002,1,Logistic Regression,0.8772564459370594,1
mimic_perform_af_002,1,Logistic Regression,0.8768408645240496,1
mimic_perform_af_002,1,Logistic Regression,0.7769486360338718,1
mimic_perform_af_002,1,Logistic Regression,0.7351130061920348,1
mimic_perform_af_002,1,Logistic Regression,0.7503072409879713,1
mimic_perform_af_002,1,Logistic Regression,0.9343947050194166,1
mimic_perform_af_002,1,Logistic Regression,0.7699857695187651,1
mimic_perform_af_002,1,Logistic Regression,0.7749600990974186,1
mimic_perform_af_002,1,Logistic Regression,0.7244947154698372,1
mimic_perform_af_002,1,Logistic Regression,0.6694635532915658,1
mimic_perform_af_002,1,Logistic Regression,0.55655592311677,1
mimic_perform_af_002,1,Logistic Regression,0.8615315879466887,1
mimic_perform_af_002,1,Logistic Regression,0.9163144153415845,1
mimic_perform_af_002,1,Logistic Regression,0.9286543242564242,1
mimic_perform_af_002,1,Logistic Regression,0.9281422497906257,1
mimic_perform_af_002,1,Logistic Regression,0.9318740629899148,1
mimic_perform_af_002,1,Logistic Regression,0.955301773148754,1
mimic_perform_af_002,1,Logistic Regression,0.9295576339709968,1
mimic_perform_af_002,1,Logistic Regression,0.9590450460531817,1
mimic_perform_af_002,1,Logistic Regression,0.9427937407235927,1
mimic_perform_af_002,1,Logistic Regression,0.9206336983321585,1
mimic_perform_af_002,1,Logistic Regression,0.9411019657731654,1
mimic_perform_af_002,1,Logistic Regression,0.9585263246110916,1
mimic_perform_af_002,1,Logistic Regression,0.9757755492215636,1
mimic_perform_af_002,1,Logistic Regression,0.9674558583982481,1
mimic_perform_af_002,1,Logistic Regression,0.9267877360984801,1
mimic_perform_af_002,1,Logistic Regression,0.8795418814121907,1
mimic_perform_af_002,1,Logistic Regression,0.879371787486775,1
mimic_perform_af_002,1,Logistic Regression,0.9023287543345722,1
mimic_perform_af_002,1,Logistic Regression,0.842204932626277,1
mimic_perform_af_002,1,Logistic Regression,0.8666300087707481,1
mimic_perform_af_002,1,Logistic Regression,0.8426003249225094,1
mimic_perform_af_002,1,Logistic Regression,0.9103835454953466,1
mimic_perform_af_002,1,Logistic Regression,0.9396720803759144,1
mimic_perform_af_002,1,Logistic Regression,0.8013266659942478,1
mimic_perform_af_002,1,Logistic Regression,0.841001124812273,1
mimic_perform_af_002,1,Logistic Regression,0.8292088823250907,1
mimic_perform_af_002,1,Logistic Regression,0.9128540683438755,1
mimic_perform_af_002,1,Logistic Regression,0.7985010901455133,1
mimic_perform_af_002,1,Logistic Regression,0.7867959942728415,1
mimic_perform_af_002,1,Logistic Regression,0.6933561867086884,1
mimic_perform_af_002,1,Logistic Regression,0.8394036903647696,1
mimic_perform_af_002,1,Logistic Regression,0.7622141399791008,1
mimic_perform_af_002,1,Logistic Regression,0.9261568638274853,1
mimic_perform_af_002,1,Logistic Regression,0.8311415893514837,1
mimic_perform_af_002,1,Logistic Regression,0.8112453933201695,1
mimic_perform_af_002,1,Logistic Regression,0.6212306908653277,1
mimic_perform_af_002,1,Logistic Regression,0.6633737230727966,1
mimic_perform_af_002,1,Logistic Regression,0.8147720674570992,1
mimic_perform_af_002,1,Logistic Regression,0.8196153466740063,1
mimic_perform_af_002,1,Logistic Regression,0.9062295433510226,1
mimic_perform_af_002,1,Logistic Regression,0.9331100981843315,1
mimic_perform_af_002,1,Logistic Regression,0.9524113713368528,1
mimic_perform_af_002,1,Logistic Regression,0.9612024964241371,1
mimic_perform_af_002,1,Logistic Regression,0.945635040716826,1
mimic_perform_af_002,1,Logistic Regression,0.9450741292188202,1
mimic_perform_af_002,1,Logistic Regression,0.9537813384691424,1
mimic_perform_af_002,1,Logistic Regression,0.9559414356997877,1
mimic_perform_af_002,1,Logistic Regression,0.9179408081011686,1
mimic_perform_af_002,1,Logistic Regression,0.9325028528065139,1
mimic_perform_af_002,1,Logistic Regression,0.8817272245837998,1
mimic_perform_af_002,1,Logistic Regression,0.8991725603780942,1
mimic_perform_af_002,1,Logistic Regression,0.8136329765900444,1
mimic_perform_af_002,1,Logistic Regression,0.640233592103292,1
mimic_perform_af_002,1,Logistic Regression,0.7646724270265475,1
mimic_perform_af_002,1,Logistic Regression,0.7865507195694715,1
mimic_perform_af_002,1,Logistic Regression,0.9550974093886555,1
mimic_perform_af_002,1,Logistic Regression,0.8883884827012695,1
mimic_perform_af_002,1,Logistic Regression,0.8858062002116426,1
mimic_perform_af_002,1,Logistic Regression,0.864287963625393,1
mimic_perform_af_002,1,Logistic Regression,0.8480123321908596,1
mimic_perform_af_002,1,Logistic Regression,0.9010335226913699,1
mimic_perform_af_002,1,Logistic Regression,0.8116332159129966,1
mimic_perform_af_002,1,Logistic Regression,0.7480051579196673,1
mimic_perform_af_002,1,Logistic Regression,0.6366925756766636,1
mimic_perform_af_002,1,Logistic Regression,0.6785185199160526,1
mimic_perform_af_002,1,Logistic Regression,0.8659841103917318,1
mimic_perform_af_002,1,Logistic Regression,0.907515136435309,1
mimic_perform_af_002,1,Logistic Regression,0.88765057950509,1
mimic_perform_af_002,1,Logistic Regression,0.8516507460137253,1
mimic_perform_af_002,1,Logistic Regression,0.7067673688729493,1
mimic_perform_af_002,1,Logistic Regression,0.8152748260680553,1
mimic_perform_af_002,1,Logistic Regression,0.6203272031783613,1
mimic_perform_af_002,1,Logistic Regression,0.8160152464571229,1
mimic_perform_af_002,1,Logistic Regression,0.7253828658181964,1
mimic_perform_af_002,1,Logistic Regression,0.7180570072032538,1
mimic_perform_af_002,1,Logistic Regression,0.708594132768765,1
mimic_perform_af_002,1,Logistic Regression,0.5721444498873898,1
mimic_perform_af_002,1,Logistic Regression,0.8084403526150246,1
mimic_perform_af_003,1,Logistic Regression,0.9205948880604438,1
mimic_perform_af_003,1,Logistic Regression,0.9310041944333393,1
mimic_perform_af_003,1,Logistic Regression,0.9158925064534037,1
mimic_perform_af_003,1,Logistic Regression,0.9239101065428706,1
mimic_perform_af_003,1,Logistic Regression,0.9485445341216221,1
mimic_perform_af_003,1,Logistic Regression,0.9357362092953465,1
mimic_perform_af_003,1,Logistic Regression,0.8988589767974783,1
mimic_perform_af_003,1,Logistic Regression,0.8795281661882642,1
mimic_perform_af_003,1,Logistic Regression,0.8231029422509702,1
mimic_perform_af_003,1,Logistic Regression,0.9157249678360995,1
mimic_perform_af_003,1,Logistic Regression,0.9269845822488354,1
mimic_perform_af_003,1,Logistic Regression,0.9666914248066504,1
mimic_perform_af_003,1,Logistic Regression,0.8373184784267612,1
mimic_perform_af_003,1,Logistic Regression,0.8695976414323505,1
mimic_perform_af_003,1,Logistic Regression,0.8006531670500745,1
mimic_perform_af_003,1,Logistic Regression,0.9315697424209637,1
mimic_perform_af_003,1,Logistic Regression,0.8696207022545689,1
mimic_perform_af_003,1,Logistic Regression,0.939683017475226,1
mimic_perform_af_003,1,Logistic Regression,0.8134736404823717,1
mimic_perform_af_003,1,Logistic Regression,0.6815403568677647,1
mimic_perform_af_003,1,Logistic Regression,0.5084332815522383,1
mimic_perform_af_003,1,Logistic Regression,0.7845279088336636,1
mimic_perform_af_003,1,Logistic Regression,0.937791290371181,1
mimic_perform_af_003,1,Logistic Regression,0.9254660939671158,1
mimic_perform_af_003,1,Logistic Regression,0.9324151274886173,1
mimic_perform_af_003,1,Logistic Regression,0.9004255218892404,1
mimic_perform_af_003,1,Logistic Regression,0.935327733750331,1
mimic_perform_af_003,1,Logistic Regression,0.8664630728163397,1
mimic_perform_af_003,1,Logistic Regression,0.7787826640394566,1
mimic_perform_af_003,1,Logistic Regression,0.4417663667265937,0
mimic_perform_af_003,1,Logistic Regression,0.688632256651784,1
mimic_perform_af_003,1,Logistic Regression,0.9386967159871612,1
mimic_perform_af_003,1,Logistic Regression,0.9575911177165128,1
mimic_perform_af_003,1,Logistic Regression,0.9486596184929389,1
mimic_perform_af_003,1,Logistic Regression,0.8864090669358209,1
mimic_perform_af_003,1,Logistic Regression,0.9218316467606343,1
mimic_perform_af_003,1,Logistic Regression,0.9052105145588379,1
mimic_perform_af_003,1,Logistic Regression,0.927368478972113,1
mimic_perform_af_003,1,Logistic Regression,0.8110696564410956,1
mimic_perform_af_003,1,Logistic Regression,0.7860110644099796,1
mimic_perform_af_003,1,Logistic Regression,0.7126571040537824,1
mimic_perform_af_003,1,Logistic Regression,0.8160897675879615,1
mimic_perform_af_003,1,Logistic Regression,0.8442635742726435,1
mimic_perform_af_003,1,Logistic Regression,0.9468207887986122,1
mimic_perform_af_003,1,Logistic Regression,0.9509403143012338,1
mimic_perform_af_003,1,Logistic Regression,0.9582184813937341,1
mimic_perform_af_003,1,Logistic Regression,0.8677579612573675,1
mimic_perform_af_003,1,Logistic Regression,0.8929311722812036,1
mimic_perform_af_003,1,Logistic Regression,0.8953867401956314,1
mimic_perform_af_003,1,Logistic Regression,0.8567225330580402,1
mimic_perform_af_003,1,Logistic Regression,0.7812554735219251,1
mimic_perform_af_003,1,Logistic Regression,0.541940211300776,1
mimic_perform_af_003,1,Logistic Regression,0.7559161457391229,1
mimic_perform_af_003,1,Logistic Regression,0.8379899414529136,1
mimic_perform_af_003,1,Logistic Regression,0.9642933548730823,1
mimic_perform_af_003,1,Logistic Regression,0.9058424464715565,1
mimic_perform_af_003,1,Logistic Regression,0.8582656088091137,1
mimic_perform_af_003,1,Logistic Regression,0.7549660690649355,1
mimic_perform_af_003,1,Logistic Regression,0.7882429173688852,1
mimic_perform_af_003,1,Logistic Regression,0.8795858531867459,1
mimic_perform_af_003,1,Logistic Regression,0.7790570366689541,1
mimic_perform_af_003,1,Logistic Regression,0.876628667969336,1
mimic_perform_af_003,1,Logistic Regression,0.8575441731599852,1
mimic_perform_af_003,1,Logistic Regression,0.8589934900045497,1
mimic_perform_af_003,1,Logistic Regression,0.7848844285292,1
mimic_perform_af_003,1,Logistic Regression,0.839947460120221,1
mimic_perform_af_003,1,Logistic Regression,0.8189057278192684,1
mimic_perform_af_003,1,Logistic Regression,0.8817144267411157,1
mimic_perform_af_003,1,Logistic Regression,0.8733373209224268,1
mimic_perform_af_003,1,Logistic Regression,0.9279318438938652,1
mimic_perform_af_003,1,Logistic Regression,0.9477786783993005,1
mimic_perform_af_003,1,Logistic Regression,0.9028753270222651,1
mimic_perform_af_003,1,Logistic Regression,0.8244529962380232,1
mimic_perform_af_003,1,Logistic Regression,0.882808137692957,1
mimic_perform_af_003,1,Logistic Regression,0.8115928375276119,1
mimic_perform_af_003,1,Logistic Regression,0.8861266275038953,1
mimic_perform_af_003,1,Logistic Regression,0.8474780879746493,1
mimic_perform_af_003,1,Logistic Regression,0.7635328331096727,1
mimic_perform_af_003,1,Logistic Regression,0.9090904598451081,1
mimic_perform_af_003,1,Logistic Regression,0.9004580247180477,1
mimic_perform_af_003,1,Logistic Regression,0.92836724423062,1
mimic_perform_af_003,1,Logistic Regression,0.8833385489517072,1
mimic_perform_af_003,1,Logistic Regression,0.8095925283646783,1
mimic_perform_af_003,1,Logistic Regression,0.8751500953527277,1
mimic_perform_af_003,1,Logistic Regression,0.8710445479058966,1
mimic_perform_af_003,1,Logistic Regression,0.8796012746267449,1
mimic_perform_af_003,1,Logistic Regression,0.857804112062523,1
mimic_perform_af_003,1,Logistic Regression,0.7787853693489682,1
mimic_perform_af_003,1,Logistic Regression,0.83162744800317,1
mimic_perform_af_003,1,Logistic Regression,0.720124635468154,1
mimic_perform_af_003,1,Logistic Regression,0.7870692558745681,1
mimic_perform_af_003,1,Logistic Regression,0.8541806881715573,1
mimic_perform_af_003,1,Logistic Regression,0.88267737058383,1
mimic_perform_af_003,1,Logistic Regression,0.8942923372193189,1
mimic_perform_af_003,1,Logistic Regression,0.8851799283400077,1
mimic_perform_af_003,1,Logistic Regression,0.8833077126622363,1
mimic_perform_af_003,1,Logistic Regression,0.5870429735375827,1
mimic_perform_af_003,1,Logistic Regression,0.6427516196534944,1
mimic_perform_af_003,1,Logistic Regression,0.8389720361875738,1
mimic_perform_af_003,1,Logistic Regression,0.8270455239689585,1
mimic_perform_af_003,1,Logistic Regression,0.6883830362114214,1
mimic_perform_af_003,1,Logistic Regression,0.7094908409901648,1
mimic_perform_af_003,1,Logistic Regression,0.8047022069916209,1
mimic_perform_af_003,1,Logistic Regression,0.9013710419880777,1
mimic_perform_af_003,1,Logistic Regression,0.8990330727123997,1
mimic_perform_af_003,1,Logistic Regression,0.929295799250163,1
mimic_perform_af_003,1,Logistic Regression,0.776898047618495,1
mimic_perform_af_003,1,Logistic Regression,0.7629232092753316,1
mimic_perform_af_003,1,Logistic Regression,0.6561711956834999,1
mimic_perform_af_003,1,Logistic Regression,0.7745247589642313,1
mimic_perform_af_003,1,Logistic Regression,0.7043976460986047,1
mimic_perform_af_003,1,Logistic Regression,0.6916697548874571,1
mimic_perform_af_003,1,Logistic Regression,0.786278603994347,1
mimic_perform_af_003,1,Logistic Regression,0.8259295660410605,1
mimic_perform_af_003,1,Logistic Regression,0.8922925987958475,1
mimic_perform_af_003,1,Logistic Regression,0.9500268735027492,1
mimic_perform_af_003,1,Logistic Regression,0.900281639820874,1
mimic_perform_af_003,1,Logistic Regression,0.8590224729789897,1
mimic_perform_af_004,1,Logistic Regression,0.8380485213647628,1
mimic_perform_af_004,1,Logistic Regression,0.9642187914442503,1
mimic_perform_af_004,1,Logistic Regression,0.9313009239780969,1
mimic_perform_af_004,1,Logistic Regression,0.6049797873301233,1
mimic_perform_af_004,1,Logistic Regression,0.33864318874359506,0
mimic_perform_af_004,1,Logistic Regression,0.39217265455988676,0
mimic_perform_af_004,1,Logistic Regression,0.8021368729583366,1
mimic_perform_af_004,1,Logistic Regression,0.877430149680917,1
mimic_perform_af_004,1,Logistic Regression,0.8627547135607746,1
mimic_perform_af_004,1,Logistic Regression,0.8664267556023114,1
mimic_perform_af_004,1,Logistic Regression,0.5506324447553893,1
mimic_perform_af_004,1,Logistic Regression,0.651462477364554,1
mimic_perform_af_004,1,Logistic Regression,0.577778023487245,1
mimic_perform_af_004,1,Logistic Regression,0.9259720563144004,1
mimic_perform_af_004,1,Logistic Regression,0.8334121192049134,1
mimic_perform_af_004,1,Logistic Regression,0.7326956435689503,1
mimic_perform_af_004,1,Logistic Regression,0.7755098283305102,1
mimic_perform_af_004,1,Logistic Regression,0.8459990991945481,1
mimic_perform_af_004,1,Logistic Regression,0.7892986565813394,1
mimic_perform_af_004,1,Logistic Regression,0.7648181130890661,1
mimic_perform_af_004,1,Logistic Regression,0.8472783134134062,1
mimic_perform_af_004,1,Logistic Regression,0.9498672509691003,1
mimic_perform_af_004,1,Logistic Regression,0.9415451363264299,1
mimic_perform_af_004,1,Logistic Regression,0.9157417067677951,1
mimic_perform_af_004,1,Logistic Regression,0.9117881107805564,1
mimic_perform_af_004,1,Logistic Regression,0.9581048239894095,1
mimic_perform_af_004,1,Logistic Regression,0.9004029164258662,1
mimic_perform_af_004,1,Logistic Regression,0.9086989877000945,1
mimic_perform_af_004,1,Logistic Regression,0.3638691976739799,0
mimic_perform_af_004,1,Logistic Regression,0.6373469479078964,1
mimic_perform_af_004,1,Logistic Regression,0.45541380105141704,0
mimic_perform_af_004,1,Logistic Regression,0.856658573677658,1
mimic_perform_af_004,1,Logistic Regression,0.8085738615086067,1
mimic_perform_af_004,1,Logistic Regression,0.7113063008271038,1
mimic_perform_af_004,1,Logistic Regression,0.8087447631449934,1
mimic_perform_af_004,1,Logistic Regression,0.9298330031738631,1
mimic_perform_af_004,1,Logistic Regression,0.9699619412663051,1
mimic_perform_af_004,1,Logistic Regression,0.9298434355086632,1
mimic_perform_af_004,1,Logistic Regression,0.8633615215631957,1
mimic_perform_af_004,1,Logistic Regression,0.8288134184324232,1
mimic_perform_af_004,1,Logistic Regression,0.9322243311682675,1
mimic_perform_af_004,1,Logistic Regression,0.9710228541053482,1
mimic_perform_af_004,1,Logistic Regression,0.9759668629072007,1
mimic_perform_af_004,1,Logistic Regression,0.9221148009671969,1
mimic_perform_af_004,1,Logistic Regression,0.912988668150255,1
mimic_perform_af_004,1,Logistic Regression,0.9349730617177581,1
mimic_perform_af_004,1,Logistic Regression,0.9530814832089168,1
mimic_perform_af_004,1,Logistic Regression,0.9697515356038309,1
mimic_perform_af_004,1,Logistic Regression,0.9498703739076594,1
mimic_perform_af_004,1,Logistic Regression,0.968520947683126,1
mimic_perform_af_004,1,Logistic Regression,0.8491231796222387,1
mimic_perform_af_004,1,Logistic Regression,0.8410722214464551,1
mimic_perform_af_004,1,Logistic Regression,0.7943286917006902,1
mimic_perform_af_004,1,Logistic Regression,0.8751256005931751,1
mimic_perform_af_004,1,Logistic Regression,0.9010257636263465,1
mimic_perform_af_004,1,Logistic Regression,0.966200817705689,1
mimic_perform_af_004,1,Logistic Regression,0.9709451388115516,1
mimic_perform_af_004,1,Logistic Regression,0.9640421287813811,1
mimic_perform_af_004,1,Logistic Regression,0.9315658835322509,1
mimic_perform_af_004,1,Logistic Regression,0.949584539118122,1
mimic_perform_af_004,1,Logistic Regression,0.9317320887436504,1
mimic_perform_af_004,1,Logistic Regression,0.8904685183961978,1
mimic_perform_af_004,1,Logistic Regression,0.7345313192218149,1
mimic_perform_af_004,1,Logistic Regression,0.5830995674790017,1
mimic_perform_af_004,1,Logistic Regression,0.8105469247297953,1
mimic_perform_af_004,1,Logistic Regression,0.8436133107586127,1
mimic_perform_af_004,1,Logistic Regression,0.778103701217701,1
mimic_perform_af_004,1,Logistic Regression,0.5024702195929056,1
mimic_perform_af_004,1,Logistic Regression,0.6265538173531314,1
mimic_perform_af_004,1,Logistic Regression,0.8036287125266501,1
mimic_perform_af_004,1,Logistic Regression,0.8805571146113143,1
mimic_perform_af_004,1,Logistic Regression,0.8967100337066399,1
mimic_perform_af_004,1,Logistic Regression,0.8281106447669863,1
mimic_perform_af_004,1,Logistic Regression,0.8073111054974127,1
mimic_perform_af_004,1,Logistic Regression,0.806022240534388,1
mimic_perform_af_004,1,Logistic Regression,0.7980076599594307,1
mimic_perform_af_004,1,Logistic Regression,0.889677225122248,1
mimic_perform_af_004,1,Logistic Regression,0.9304197016642257,1
mimic_perform_af_004,1,Logistic Regression,0.9841573549619709,1
mimic_perform_af_004,1,Logistic Regression,0.9607326316605499,1
mimic_perform_af_004,1,Logistic Regression,0.9787300103814608,1
mimic_perform_af_004,1,Logistic Regression,0.9281172680745599,1
mimic_perform_af_004,1,Logistic Regression,0.9801104375872787,1
mimic_perform_af_004,1,Logistic Regression,0.9471860597231324,1
mimic_perform_af_004,1,Logistic Regression,0.9878399883824297,1
mimic_perform_af_004,1,Logistic Regression,0.9875083251379506,1
mimic_perform_af_004,1,Logistic Regression,0.9908141478813209,1
mimic_perform_af_004,1,Logistic Regression,0.9797156887730445,1
mimic_perform_af_004,1,Logistic Regression,0.9791438272338526,1
mimic_perform_af_004,1,Logistic Regression,0.9817834918579257,1
mimic_perform_af_004,1,Logistic Regression,0.9809275417914897,1
mimic_perform_af_004,1,Logistic Regression,0.9836419272880343,1
mimic_perform_af_004,1,Logistic Regression,0.9453204026846858,1
mimic_perform_af_004,1,Logistic Regression,0.9398653524954808,1
mimic_perform_af_004,1,Logistic Regression,0.9188871745746992,1
mimic_perform_af_004,1,Logistic Regression,0.7906440206108144,1
mimic_perform_af_004,1,Logistic Regression,0.7728357313762174,1
mimic_perform_af_004,1,Logistic Regression,0.9003075753766977,1
mimic_perform_af_004,1,Logistic Regression,0.9413344029755696,1
mimic_perform_af_004,1,Logistic Regression,0.9197416786754982,1
mimic_perform_af_004,1,Logistic Regression,0.8605916760265782,1
mimic_perform_af_004,1,Logistic Regression,0.8053176544616713,1
mimic_perform_af_004,1,Logistic Regression,0.8454553583280146,1
mimic_perform_af_004,1,Logistic Regression,0.8615749152765427,1
mimic_perform_af_004,1,Logistic Regression,0.8432497150598576,1
mimic_perform_af_004,1,Logistic Regression,0.7374574376970857,1
mimic_perform_af_004,1,Logistic Regression,0.48291272790497364,0
mimic_perform_af_004,1,Logistic Regression,0.5909091701674791,1
mimic_perform_af_004,1,Logistic Regression,0.7366308478017545,1
mimic_perform_af_004,1,Logistic Regression,0.9473388457372748,1
mimic_perform_af_004,1,Logistic Regression,0.9199503679196204,1
mimic_perform_af_004,1,Logistic Regression,0.8940463353125396,1
mimic_perform_af_004,1,Logistic Regression,0.8260626600971906,1
mimic_perform_af_004,1,Logistic Regression,0.8777635972346682,1
mimic_perform_af_004,1,Logistic Regression,0.9183859592932389,1
mimic_perform_af_004,1,Logistic Regression,0.8782644163364248,1
mimic_perform_af_004,1,Logistic Regression,0.9138768773149031,1
mimic_perform_af_004,1,Logistic Regression,0.8269660654110235,1
mimic_perform_af_005,1,Logistic Regression,0.5694034215883342,1
mimic_perform_af_005,1,Logistic Regression,0.7725394462893125,1
mimic_perform_af_005,1,Logistic Regression,0.8550845512365454,1
mimic_perform_af_005,1,Logistic Regression,0.9010429622025135,1
mimic_perform_af_005,1,Logistic Regression,0.7582899309822224,1
mimic_perform_af_005,1,Logistic Regression,0.6053451364667493,1
mimic_perform_af_005,1,Logistic Regression,0.5510705643039784,1
mimic_perform_af_005,1,Logistic Regression,0.8168777690184991,1
mimic_perform_af_005,1,Logistic Regression,0.7267099404687296,1
mimic_perform_af_005,1,Logistic Regression,0.822009112462383,1
mimic_perform_af_005,1,Logistic Regression,0.7814667859429655,1
mimic_perform_af_005,1,Logistic Regression,0.8496232957776102,1
mimic_perform_af_005,1,Logistic Regression,0.7399502819545233,1
mimic_perform_af_005,1,Logistic Regression,0.4404502758718116,0
mimic_perform_af_005,1,Logistic Regression,0.43619445271529333,0
mimic_perform_af_005,1,Logistic Regression,0.4015867153300723,0
mimic_perform_af_005,1,Logistic Regression,0.6417105775499784,1
mimic_perform_af_005,1,Logistic Regression,0.8115383991451733,1
mimic_perform_af_005,1,Logistic Regression,0.5437441259244845,1
mimic_perform_af_005,1,Logistic Regression,0.775370318789255,1
mimic_perform_af_005,1,Logistic Regression,0.8593285576129566,1
mimic_perform_af_005,1,Logistic Regression,0.8845441648865354,1
mimic_perform_af_005,1,Logistic Regression,0.7976609092596844,1
mimic_perform_af_005,1,Logistic Regression,0.909991098859121,1
mimic_perform_af_005,1,Logistic Regression,0.8830023793825991,1
mimic_perform_af_005,1,Logistic Regression,0.9081696089463596,1
mimic_perform_af_005,1,Logistic Regression,0.7796286464910602,1
mimic_perform_af_005,1,Logistic Regression,0.7730168718008311,1
mimic_perform_af_005,1,Logistic Regression,0.6991923523034476,1
mimic_perform_af_005,1,Logistic Regression,0.6668991019771378,1
mimic_perform_af_005,1,Logistic Regression,0.7253251406687019,1
mimic_perform_af_005,1,Logistic Regression,0.8867344344577185,1
mimic_perform_af_005,1,Logistic Regression,0.7205243872425491,1
mimic_perform_af_005,1,Logistic Regression,0.8082097874331187,1
mimic_perform_af_005,1,Logistic Regression,0.7623878765148119,1
mimic_perform_af_005,1,Logistic Regression,0.9352572867214382,1
mimic_perform_af_005,1,Logistic Regression,0.8832473135834603,1
mimic_perform_af_005,1,Logistic Regression,0.9143128363528451,1
mimic_perform_af_005,1,Logistic Regression,0.8213741268714908,1
mimic_perform_af_005,1,Logistic Regression,0.818082621472742,1
mimic_perform_af_005,1,Logistic Regression,0.8620461629481114,1
mimic_perform_af_005,1,Logistic Regression,0.9155973315710964,1
mimic_perform_af_005,1,Logistic Regression,0.8519876647372091,1
mimic_perform_af_005,1,Logistic Regression,0.747517214333185,1
mimic_perform_af_005,1,Logistic Regression,0.5539640798068467,1
mimic_perform_af_005,1,Logistic Regression,0.48178630423581653,0
mimic_perform_af_005,1,Logistic Regression,0.4585101664928722,0
mimic_perform_af_005,1,Logistic Regression,0.26960015149483363,0
mimic_perform_af_005,1,Logistic Regression,0.28997624808003275,0
mimic_perform_af_005,1,Logistic Regression,0.539386984603736,1
mimic_perform_af_005,1,Logistic Regression,0.669689493551101,1
mimic_perform_af_005,1,Logistic Regression,0.8390759378105564,1
mimic_perform_af_005,1,Logistic Regression,0.7390730460404143,1
mimic_perform_af_005,1,Logistic Regression,0.7963482871021889,1
mimic_perform_af_005,1,Logistic Regression,0.8323443085678054,1
mimic_perform_af_005,1,Logistic Regression,0.8054923888490636,1
mimic_perform_af_005,1,Logistic Regression,0.7997442150687823,1
mimic_perform_af_005,1,Logistic Regression,0.747674940068313,1
mimic_perform_af_005,1,Logistic Regression,0.7530135963367016,1
mimic_perform_af_005,1,Logistic Regression,0.610809686036142,1
mimic_perform_af_005,1,Logistic Regression,0.8248593434529897,1
mimic_perform_af_005,1,Logistic Regression,0.6859798701008141,1
mimic_perform_af_005,1,Logistic Regression,0.8509330515226327,1
mimic_perform_af_005,1,Logistic Regression,0.8820316043239713,1
mimic_perform_af_005,1,Logistic Regression,0.8535107714651763,1
mimic_perform_af_005,1,Logistic Regression,0.6667111628302784,1
mimic_perform_af_005,1,Logistic Regression,0.7094323287772937,1
mimic_perform_af_005,1,Logistic Regression,0.6814491809330432,1
mimic_perform_af_005,1,Logistic Regression,0.41861654524307695,0
mimic_perform_af_005,1,Logistic Regression,0.6404175683461738,1
mimic_perform_af_005,1,Logistic Regression,0.6376688262531722,1
mimic_perform_af_005,1,Logistic Regression,0.8512273915192444,1
mimic_perform_af_005,1,Logistic Regression,0.9010592302910444,1
mimic_perform_af_005,1,Logistic Regression,0.7390361655556078,1
mimic_perform_af_005,1,Logistic Regression,0.7958439399516628,1
mimic_perform_af_005,1,Logistic Regression,0.7141758286301023,1
mimic_perform_af_005,1,Logistic Regression,0.7533432385281742,1
mimic_perform_af_005,1,Logistic Regression,0.8312440333554398,1
mimic_perform_af_005,1,Logistic Regression,0.7718710077337253,1
mimic_perform_af_005,1,Logistic Regression,0.7409640232190361,1
mimic_perform_af_005,1,Logistic Regression,0.4593184329882944,0
mimic_perform_af_005,1,Logistic Regression,0.19614619029168215,0
mimic_perform_af_005,1,Logistic Regression,0.33279969762459416,0
mimic_perform_af_005,1,Logistic Regression,0.792665139150179,1
mimic_perform_af_005,1,Logistic Regression,0.8730536718664577,1
mimic_perform_af_005,1,Logistic Regression,0.8542865445579377,1
mimic_perform_af_005,1,Logistic Regression,0.7735147606800591,1
mimic_perform_af_005,1,Logistic Regression,0.8193960859351773,1
mimic_perform_af_005,1,Logistic Regression,0.6595454352789907,1
mimic_perform_af_005,1,Logistic Regression,0.5734896946733449,1
mimic_perform_af_005,1,Logistic Regression,0.6586076177922489,1
mimic_perform_af_005,1,Logistic Regression,0.7571708254051036,1
mimic_perform_af_005,1,Logistic Regression,0.8475244277490288,1
mimic_perform_af_005,1,Logistic Regression,0.6733264489800506,1
mimic_perform_af_005,1,Logistic Regression,0.6972939247880955,1
mimic_perform_af_005,1,Logistic Regression,0.8214975597097837,1
mimic_perform_af_005,1,Logistic Regression,0.8315509993889806,1
mimic_perform_af_005,1,Logistic Regression,0.8437796255381436,1
mimic_perform_af_005,1,Logistic Regression,0.8464890565822644,1
mimic_perform_af_005,1,Logistic Regression,0.6055407396730861,1
mimic_perform_af_005,1,Logistic Regression,0.768618913830907,1
mimic_perform_af_005,1,Logistic Regression,0.7089752372403502,1
mimic_perform_af_005,1,Logistic Regression,0.7060376504690516,1
mimic_perform_af_005,1,Logistic Regression,0.46451160991442075,0
mimic_perform_af_005,1,Logistic Regression,0.5310718153292899,1
mimic_perform_af_005,1,Logistic Regression,0.7279170430399015,1
mimic_perform_af_005,1,Logistic Regression,0.8189770840155796,1
mimic_perform_af_005,1,Logistic Regression,0.85731321781896,1
mimic_perform_af_005,1,Logistic Regression,0.7809801315918199,1
mimic_perform_af_005,1,Logistic Regression,0.6094921196696307,1
mimic_perform_af_005,1,Logistic Regression,0.5613344408421271,1
mimic_perform_af_005,1,Logistic Regression,0.5410300132081053,1
mimic_perform_af_005,1,Logistic Regression,0.6088192335516891,1
mimic_perform_af_005,1,Logistic Regression,0.6706665722842402,1
mimic_perform_af_005,1,Logistic Regression,0.7852856969094587,1
mimic_perform_af_005,1,Logistic Regression,0.8332150900883808,1
mimic_perform_af_005,1,Logistic Regression,0.8315579019820086,1
mimic_perform_af_005,1,Logistic Regression,0.8448299401764204,1
mimic_perform_af_006,1,Logistic Regression,0.9842167618398456,1
mimic_perform_af_006,1,Logistic Regression,0.9538673098105841,1
mimic_perform_af_006,1,Logistic Regression,0.9311092830896498,1
mimic_perform_af_006,1,Logistic Regression,0.9204222738644822,1
mimic_perform_af_006,1,Logistic Regression,0.988416455382996,1
mimic_perform_af_006,1,Logistic Regression,0.9805926607088828,1
mimic_perform_af_006,1,Logistic Regression,0.9739161146187464,1
mimic_perform_af_006,1,Logistic Regression,0.9756710879339237,1
mimic_perform_af_006,1,Logistic Regression,0.9851015903364633,1
mimic_perform_af_006,1,Logistic Regression,0.9801677779199596,1
mimic_perform_af_006,1,Logistic Regression,0.9727195375075125,1
mimic_perform_af_006,1,Logistic Regression,0.9463387067685392,1
mimic_perform_af_006,1,Logistic Regression,0.9428420932338547,1
mimic_perform_af_006,1,Logistic Regression,0.9830080190742818,1
mimic_perform_af_006,1,Logistic Regression,0.978041606773599,1
mimic_perform_af_006,1,Logistic Regression,0.9518104694516271,1
mimic_perform_af_006,1,Logistic Regression,0.926658966107124,1
mimic_perform_af_006,1,Logistic Regression,0.9709341746410077,1
mimic_perform_af_006,1,Logistic Regression,0.983143726312275,1
mimic_perform_af_006,1,Logistic Regression,0.981580833687415,1
mimic_perform_af_006,1,Logistic Regression,0.9780886471409795,1
mimic_perform_af_006,1,Logistic Regression,0.9500839469140364,1
mimic_perform_af_006,1,Logistic Regression,0.9124823087935154,1
mimic_perform_af_006,1,Logistic Regression,0.8953170167752709,1
mimic_perform_af_006,1,Logistic Regression,0.9575663942308699,1
mimic_perform_af_006,1,Logistic Regression,0.8202085326215193,1
mimic_perform_af_006,1,Logistic Regression,0.8390460521951574,1
mimic_perform_af_006,1,Logistic Regression,0.8099958024316135,1
mimic_perform_af_006,1,Logistic Regression,0.9150349501520147,1
mimic_perform_af_006,1,Logistic Regression,0.9461218520824557,1
mimic_perform_af_006,1,Logistic Regression,0.97300410578291,1
mimic_perform_af_006,1,Logistic Regression,0.9909670827119873,1
mimic_perform_af_006,1,Logistic Regression,0.9814160989059937,1
mimic_perform_af_006,1,Logistic Regression,0.9908549652571741,1
mimic_perform_af_006,1,Logistic Regression,0.9901989470760107,1
mimic_perform_af_006,1,Logistic Regression,0.994520081951654,1
mimic_perform_af_006,1,Logistic Regression,0.9498990638085236,1
mimic_perform_af_006,1,Logistic Regression,0.9393178794980646,1
mimic_perform_af_006,1,Logistic Regression,0.9568449474755846,1
mimic_perform_af_006,1,Logistic Regression,0.9870656388345435,1
mimic_perform_af_006,1,Logistic Regression,0.94905598225317,1
mimic_perform_af_006,1,Logistic Regression,0.6990486383365798,1
mimic_perform_af_006,1,Logistic Regression,0.1839182420494856,0
mimic_perform_af_006,1,Logistic Regression,0.29590289229904526,0
mimic_perform_af_006,1,Logistic Regression,0.4491915176978258,0
mimic_perform_af_006,1,Logistic Regression,0.5299588168912898,1
mimic_perform_af_006,1,Logistic Regression,0.1547516325355887,0
mimic_perform_af_006,1,Logistic Regression,0.45819108232342703,0
mimic_perform_af_006,1,Logistic Regression,0.6636010967838359,1
mimic_perform_af_006,1,Logistic Regression,0.9313878414059336,1
mimic_perform_af_006,1,Logistic Regression,0.8667136984126158,1
mimic_perform_af_006,1,Logistic Regression,0.8828520137180497,1
mimic_perform_af_006,1,Logistic Regression,0.6621770517774032,1
mimic_perform_af_006,1,Logistic Regression,0.4988884380171205,0
mimic_perform_af_006,1,Logistic Regression,0.7325809835317918,1
mimic_perform_af_006,1,Logistic Regression,0.9639573720049479,1
mimic_perform_af_006,1,Logistic Regression,0.9849666444865737,1
mimic_perform_af_006,1,Logistic Regression,0.9755205463277886,1
mimic_perform_af_006,1,Logistic Regression,0.951426478912359,1
mimic_perform_af_006,1,Logistic Regression,0.9554838421261803,1
mimic_perform_af_006,1,Logistic Regression,0.9797077003923109,1
mimic_perform_af_006,1,Logistic Regression,0.9691840302834989,1
mimic_perform_af_006,1,Logistic Regression,0.9542226413486306,1
mimic_perform_af_006,1,Logistic Regression,0.9384916200475577,1
mimic_perform_af_006,1,Logistic Regression,0.8428375158873233,1
mimic_perform_af_006,1,Logistic Regression,0.8252919690744757,1
mimic_perform_af_006,1,Logistic Regression,0.8291682576384394,1
mimic_perform_af_006,1,Logistic Regression,0.812592862073681,1
mimic_perform_af_006,1,Logistic Regression,0.7805637912802781,1
mimic_perform_af_006,1,Logistic Regression,0.8145798179629374,1
mimic_perform_af_006,1,Logistic Regression,0.9513270049232707,1
mimic_perform_af_006,1,Logistic Regression,0.9447088813945081,1
mimic_perform_af_006,1,Logistic Regression,0.9543337264065803,1
mimic_perform_af_006,1,Logistic Regression,0.9773524029101437,1
mimic_perform_af_006,1,Logistic Regression,0.994136852064467,1
mimic_perform_af_006,1,Logistic Regression,0.9830360851678484,1
mimic_perform_af_006,1,Logistic Regression,0.9804661610987772,1
mimic_perform_af_006,1,Logistic Regression,0.9310156782413466,1
mimic_perform_af_006,1,Logistic Regression,0.964133157974255,1
mimic_perform_af_006,1,Logistic Regression,0.9787279964242598,1
mimic_perform_af_006,1,Logistic Regression,0.9753377368124898,1
mimic_perform_af_006,1,Logistic Regression,0.9308918957269297,1
mimic_perform_af_006,1,Logistic Regression,0.8130413601935672,1
mimic_perform_af_006,1,Logistic Regression,0.8739352938912444,1
mimic_perform_af_006,1,Logistic Regression,0.9118018128082878,1
mimic_perform_af_006,1,Logistic Regression,0.9501458074798236,1
mimic_perform_af_006,1,Logistic Regression,0.9380810207699187,1
mimic_perform_af_006,1,Logistic Regression,0.9368939991163542,1
mimic_perform_af_006,1,Logistic Regression,0.8976938062871315,1
mimic_perform_af_006,1,Logistic Regression,0.8691271562278547,1
mimic_perform_af_006,1,Logistic Regression,0.642149240487734,1
mimic_perform_af_006,1,Logistic Regression,0.7031346753626078,1
mimic_perform_af_006,1,Logistic Regression,0.9227731154150505,1
mimic_perform_af_006,1,Logistic Regression,0.9615471097146496,1
mimic_perform_af_006,1,Logistic Regression,0.9791504785149668,1
mimic_perform_af_006,1,Logistic Regression,0.9380192062833405,1
mimic_perform_af_006,1,Logistic Regression,0.9711300825185548,1
mimic_perform_af_006,1,Logistic Regression,0.9797852105809083,1
mimic_perform_af_006,1,Logistic Regression,0.9665722690579059,1
mimic_perform_af_006,1,Logistic Regression,0.9505854587002622,1
mimic_perform_af_006,1,Logistic Regression,0.668324526868125,1
mimic_perform_af_006,1,Logistic Regression,0.554307196637729,1
mimic_perform_af_006,1,Logistic Regression,0.6922230084073495,1
mimic_perform_af_006,1,Logistic Regression,0.825954180278485,1
mimic_perform_af_006,1,Logistic Regression,0.8824666825470666,1
mimic_perform_af_006,1,Logistic Regression,0.7153967607938301,1
mimic_perform_af_006,1,Logistic Regression,0.9404259996750647,1
mimic_perform_af_006,1,Logistic Regression,0.8925059990254963,1
mimic_perform_af_006,1,Logistic Regression,0.9556859539792942,1
mimic_perform_af_006,1,Logistic Regression,0.9220701200002314,1
mimic_perform_af_006,1,Logistic Regression,0.8571185746949507,1
mimic_perform_af_006,1,Logistic Regression,0.8103591244783935,1
mimic_perform_af_006,1,Logistic Regression,0.8109859722653472,1
mimic_perform_af_006,1,Logistic Regression,0.8580965111423381,1
mimic_perform_af_006,1,Logistic Regression,0.915075285304572,1
mimic_perform_af_006,1,Logistic Regression,0.9345626563425549,1
mimic_perform_af_006,1,Logistic Regression,0.9528718448886837,1
mimic_perform_af_006,1,Logistic Regression,0.9743450282346201,1
mimic_perform_af_007,1,Logistic Regression,0.6647936509359125,1
mimic_perform_af_007,1,Logistic Regression,0.4760164299630777,0
mimic_perform_af_007,1,Logistic Regression,0.6424970316104506,1
mimic_perform_af_007,1,Logistic Regression,0.949601974288962,1
mimic_perform_af_007,1,Logistic Regression,0.9556706747669486,1
mimic_perform_af_007,1,Logistic Regression,0.9495358337676569,1
mimic_perform_af_007,1,Logistic Regression,0.9199841413434323,1
mimic_perform_af_007,1,Logistic Regression,0.8639826396956882,1
mimic_perform_af_007,1,Logistic Regression,0.8235639348885112,1
mimic_perform_af_007,1,Logistic Regression,0.9348356709127111,1
mimic_perform_af_007,1,Logistic Regression,0.9367846506259015,1
mimic_perform_af_007,1,Logistic Regression,0.920201583492788,1
mimic_perform_af_007,1,Logistic Regression,0.9087412387042358,1
mimic_perform_af_007,1,Logistic Regression,0.9739118790330552,1
mimic_perform_af_007,1,Logistic Regression,0.9511329789817372,1
mimic_perform_af_007,1,Logistic Regression,0.9688639837857339,1
mimic_perform_af_007,1,Logistic Regression,0.9740195972933607,1
mimic_perform_af_007,1,Logistic Regression,0.9386565294581338,1
mimic_perform_af_007,1,Logistic Regression,0.8818095375379832,1
mimic_perform_af_007,1,Logistic Regression,0.8148651031755533,1
mimic_perform_af_007,1,Logistic Regression,0.8472711762533419,1
mimic_perform_af_007,1,Logistic Regression,0.8099365656200358,1
mimic_perform_af_007,1,Logistic Regression,0.8909163217332624,1
mimic_perform_af_007,1,Logistic Regression,0.9294609531362678,1
mimic_perform_af_007,1,Logistic Regression,0.9829683334503284,1
mimic_perform_af_007,1,Logistic Regression,0.94746846732777,1
mimic_perform_af_007,1,Logistic Regression,0.9214149046883061,1
mimic_perform_af_007,1,Logistic Regression,0.8377108521307854,1
mimic_perform_af_007,1,Logistic Regression,0.9179435969763478,1
mimic_perform_af_007,1,Logistic Regression,0.924192321835672,1
mimic_perform_af_007,1,Logistic Regression,0.9189034414691882,1
mimic_perform_af_007,1,Logistic Regression,0.9719845665090032,1
mimic_perform_af_007,1,Logistic Regression,0.9775195073989609,1
mimic_perform_af_007,1,Logistic Regression,0.9402550099057675,1
mimic_perform_af_007,1,Logistic Regression,0.9149085352341428,1
mimic_perform_af_007,1,Logistic Regression,0.8290477497745857,1
mimic_perform_af_007,1,Logistic Regression,0.8363919469413089,1
mimic_perform_af_007,1,Logistic Regression,0.6709333311792832,1
mimic_perform_af_007,1,Logistic Regression,0.8781735960205587,1
mimic_perform_af_007,1,Logistic Regression,0.9349257982440681,1
mimic_perform_af_007,1,Logistic Regression,0.9238888580418498,1
mimic_perform_af_007,1,Logistic Regression,0.9595370394950933,1
mimic_perform_af_007,1,Logistic Regression,0.9458945522797546,1
mimic_perform_af_007,1,Logistic Regression,0.9166782156004706,1
mimic_perform_af_007,1,Logistic Regression,0.9401764556850397,1
mimic_perform_af_007,1,Logistic Regression,0.9561656926621194,1
mimic_perform_af_007,1,Logistic Regression,0.9665018195700092,1
mimic_perform_af_007,1,Logistic Regression,0.9171619908028766,1
mimic_perform_af_007,1,Logistic Regression,0.8579388939177903,1
mimic_perform_af_007,1,Logistic Regression,0.8665403625788692,1
mimic_perform_af_007,1,Logistic Regression,0.8864742533266414,1
mimic_perform_af_007,1,Logistic Regression,0.929297760633238,1
mimic_perform_af_007,1,Logistic Regression,0.9227741007450767,1
mimic_perform_af_007,1,Logistic Regression,0.9452317356052484,1
mimic_perform_af_007,1,Logistic Regression,0.95977367423688,1
mimic_perform_af_007,1,Logistic Regression,0.9098264390247754,1
mimic_perform_af_007,1,Logistic Regression,0.8790472483403232,1
mimic_perform_af_007,1,Logistic Regression,0.8938135491674002,1
mimic_perform_af_007,1,Logistic Regression,0.9133100467507644,1
mimic_perform_af_007,1,Logistic Regression,0.9516506773585384,1
mimic_perform_af_007,1,Logistic Regression,0.9686902780691886,1
mimic_perform_af_007,1,Logistic Regression,0.863080193685542,1
mimic_perform_af_007,1,Logistic Regression,0.888424396701529,1
mimic_perform_af_007,1,Logistic Regression,0.7930946870760439,1
mimic_perform_af_007,1,Logistic Regression,0.8717312177469967,1
mimic_perform_af_007,1,Logistic Regression,0.9204398470195294,1
mimic_perform_af_007,1,Logistic Regression,0.8850974843441587,1
mimic_perform_af_007,1,Logistic Regression,0.9380236283354867,1
mimic_perform_af_007,1,Logistic Regression,0.8641395436703065,1
mimic_perform_af_007,1,Logistic Regression,0.9220465215343719,1
mimic_perform_af_007,1,Logistic Regression,0.8955411417459473,1
mimic_perform_af_007,1,Logistic Regression,0.8271721618076797,1
mimic_perform_af_007,1,Logistic Regression,0.8615260940651583,1
mimic_perform_af_007,1,Logistic Regression,0.9376885857979382,1
mimic_perform_af_007,1,Logistic Regression,0.9537828058634755,1
mimic_perform_af_007,1,Logistic Regression,0.8776262828701712,1
mimic_perform_af_007,1,Logistic Regression,0.7833620890395885,1
mimic_perform_af_007,1,Logistic Regression,0.6359823704900776,1
mimic_perform_af_007,1,Logistic Regression,0.8096068869188977,1
mimic_perform_af_007,1,Logistic Regression,0.9377040759935009,1
mimic_perform_af_007,1,Logistic Regression,0.9422159825459617,1
mimic_perform_af_007,1,Logistic Regression,0.8909551645971601,1
mimic_perform_af_007,1,Logistic Regression,0.9655580599669401,1
mimic_perform_af_007,1,Logistic Regression,0.9655358837021067,1
mimic_perform_af_007,1,Logistic Regression,0.9523031567092677,1
mimic_perform_af_007,1,Logistic Regression,0.8383119211398833,1
mimic_perform_af_007,1,Logistic Regression,0.8935782088987675,1
mimic_perform_af_007,1,Logistic Regression,0.9329906620594766,1
mimic_perform_af_007,1,Logistic Regression,0.8951003161722623,1
mimic_perform_af_007,1,Logistic Regression,0.9394405162831048,1
mimic_perform_af_007,1,Logistic Regression,0.939097803473871,1
mimic_perform_af_007,1,Logistic Regression,0.9675947374070163,1
mimic_perform_af_007,1,Logistic Regression,0.9721894494182128,1
mimic_perform_af_007,1,Logistic Regression,0.9342991698838075,1
mimic_perform_af_007,1,Logistic Regression,0.9007096446418357,1
mimic_perform_af_007,1,Logistic Regression,0.8859786336332639,1
mimic_perform_af_007,1,Logistic Regression,0.9474926506676536,1
mimic_perform_af_007,1,Logistic Regression,0.9552810542837175,1
mimic_perform_af_007,1,Logistic Regression,0.935533227826883,1
mimic_perform_af_007,1,Logistic Regression,0.5829209607226102,1
mimic_perform_af_007,1,Logistic Regression,0.274023953886726,0
mimic_perform_af_007,1,Logistic Regression,0.5050479177142035,1
mimic_perform_af_007,1,Logistic Regression,0.6827774225857309,1
mimic_perform_af_007,1,Logistic Regression,0.6465407249561888,1
mimic_perform_af_007,1,Logistic Regression,0.13135379328793398,0
mimic_perform_af_007,1,Logistic Regression,0.0867822819160337,0
mimic_perform_af_007,1,Logistic Regression,0.08920297488648622,0
mimic_perform_af_007,1,Logistic Regression,0.08753982342850963,0
mimic_perform_af_007,1,Logistic Regression,0.1261539039196041,0
mimic_perform_af_007,1,Logistic Regression,0.3121285619429948,0
mimic_perform_af_007,1,Logistic Regression,0.5255493111525773,1
mimic_perform_af_007,1,Logistic Regression,0.4624095903692216,0
mimic_perform_af_007,1,Logistic Regression,0.43088446844841727,0
mimic_perform_af_007,1,Logistic Regression,0.5908823285395609,1
mimic_perform_af_007,1,Logistic Regression,0.321009305283063,0
mimic_perform_af_007,1,Logistic Regression,0.09904967882437636,0
mimic_perform_af_007,1,Logistic Regression,0.1247084046944146,0
mimic_perform_af_007,1,Logistic Regression,0.13480852793032772,0
mimic_perform_af_008,1,Logistic Regression,0.8239959374138831,1
mimic_perform_af_008,1,Logistic Regression,0.8255905299097798,1
mimic_perform_af_008,1,Logistic Regression,0.8572994451839793,1
mimic_perform_af_008,1,Logistic Regression,0.8955872271623296,1
mimic_perform_af_008,1,Logistic Regression,0.9261170173959394,1
mimic_perform_af_008,1,Logistic Regression,0.9402995023617048,1
mimic_perform_af_008,1,Logistic Regression,0.889489410428396,1
mimic_perform_af_008,1,Logistic Regression,0.8792783902146938,1
mimic_perform_af_008,1,Logistic Regression,0.8382924371915078,1
mimic_perform_af_008,1,Logistic Regression,0.8549533825907727,1
mimic_perform_af_008,1,Logistic Regression,0.8885687417695896,1
mimic_perform_af_008,1,Logistic Regression,0.9042947755860091,1
mimic_perform_af_008,1,Logistic Regression,0.95927475531071,1
mimic_perform_af_008,1,Logistic Regression,0.9082303557617868,1
mimic_perform_af_008,1,Logistic Regression,0.7844421086795433,1
mimic_perform_af_008,1,Logistic Regression,0.7806165092086846,1
mimic_perform_af_008,1,Logistic Regression,0.8363212229915886,1
mimic_perform_af_008,1,Logistic Regression,0.8731338401242008,1
mimic_perform_af_008,1,Logistic Regression,0.7103150184411124,1
mimic_perform_af_008,1,Logistic Regression,0.6356693374975627,1
mimic_perform_af_008,1,Logistic Regression,0.8323628980444453,1
mimic_perform_af_008,1,Logistic Regression,0.8284704448897953,1
mimic_perform_af_008,1,Logistic Regression,0.929002962368531,1
mimic_perform_af_008,1,Logistic Regression,0.9049583601002507,1
mimic_perform_af_008,1,Logistic Regression,0.8907247419341227,1
mimic_perform_af_008,1,Logistic Regression,0.9116406524397951,1
mimic_perform_af_008,1,Logistic Regression,0.793951986424928,1
mimic_perform_af_008,1,Logistic Regression,0.8430564494813991,1
mimic_perform_af_008,1,Logistic Regression,0.4866592266842192,0
mimic_perform_af_008,1,Logistic Regression,0.6687853520652137,1
mimic_perform_af_008,1,Logistic Regression,0.829102917011923,1
mimic_perform_af_008,1,Logistic Regression,0.9247008096055753,1
mimic_perform_af_008,1,Logistic Regression,0.8777022439508219,1
mimic_perform_af_008,1,Logistic Regression,0.7583301409999554,1
mimic_perform_af_008,1,Logistic Regression,0.8151964172901002,1
mimic_perform_af_008,1,Logistic Regression,0.8987590874087601,1
mimic_perform_af_008,1,Logistic Regression,0.8938406450238562,1
mimic_perform_af_008,1,Logistic Regression,0.8903176824900941,1
mimic_perform_af_008,1,Logistic Regression,0.8899144152249359,1
mimic_perform_af_008,1,Logistic Regression,0.945944124089197,1
mimic_perform_af_008,1,Logistic Regression,0.9306094354539126,1
mimic_perform_af_008,1,Logistic Regression,0.8109400451131275,1
mimic_perform_af_008,1,Logistic Regression,0.8381450848993219,1
mimic_perform_af_008,1,Logistic Regression,0.6778464412026162,1
mimic_perform_af_008,1,Logistic Regression,0.9291606874810325,1
mimic_perform_af_008,1,Logistic Regression,0.8437024577508349,1
mimic_perform_af_008,1,Logistic Regression,0.9471502155326862,1
mimic_perform_af_008,1,Logistic Regression,0.7075999494024634,1
mimic_perform_af_008,1,Logistic Regression,0.7724956539533546,1
mimic_perform_af_008,1,Logistic Regression,0.6271418582991797,1
mimic_perform_af_008,1,Logistic Regression,0.7231024405334285,1
mimic_perform_af_008,1,Logistic Regression,0.7400732652809695,1
mimic_perform_af_008,1,Logistic Regression,0.6166443825831283,1
mimic_perform_af_008,1,Logistic Regression,0.8019384153334613,1
mimic_perform_af_008,1,Logistic Regression,0.6964408450153955,1
mimic_perform_af_008,1,Logistic Regression,0.8601825019081006,1
mimic_perform_af_008,1,Logistic Regression,0.7896651494851111,1
mimic_perform_af_008,1,Logistic Regression,0.7347318553822582,1
mimic_perform_af_008,1,Logistic Regression,0.7558611965326792,1
mimic_perform_af_008,1,Logistic Regression,0.7681828659038675,1
mimic_perform_af_008,1,Logistic Regression,0.9052475756743349,1
mimic_perform_af_008,1,Logistic Regression,0.9343411597932723,1
mimic_perform_af_008,1,Logistic Regression,0.9030769739358859,1
mimic_perform_af_008,1,Logistic Regression,0.9020768854106843,1
mimic_perform_af_008,1,Logistic Regression,0.8662626620460457,1
mimic_perform_af_008,1,Logistic Regression,0.9466008076749012,1
mimic_perform_af_008,1,Logistic Regression,0.8655515436172442,1
mimic_perform_af_008,1,Logistic Regression,0.9226900834249803,1
mimic_perform_af_008,1,Logistic Regression,0.8695762310475099,1
mimic_perform_af_008,1,Logistic Regression,0.9537326916095824,1
mimic_perform_af_008,1,Logistic Regression,0.9413058449873428,1
mimic_perform_af_008,1,Logistic Regression,0.9199279511465825,1
mimic_perform_af_008,1,Logistic Regression,0.9138633943041681,1
mimic_perform_af_008,1,Logistic Regression,0.6517270683313947,1
mimic_perform_af_008,1,Logistic Regression,0.6896250971392968,1
mimic_perform_af_008,1,Logistic Regression,0.6286653439332808,1
mimic_perform_af_008,1,Logistic Regression,0.7062432841184273,1
mimic_perform_af_008,1,Logistic Regression,0.6346136240177538,1
mimic_perform_af_008,1,Logistic Regression,0.5426523095121489,1
mimic_perform_af_008,1,Logistic Regression,0.7046379356079232,1
mimic_perform_af_008,1,Logistic Regression,0.9040653000800792,1
mimic_perform_af_008,1,Logistic Regression,0.9357001521600417,1
mimic_perform_af_008,1,Logistic Regression,0.9428358307251503,1
mimic_perform_af_008,1,Logistic Regression,0.9371389347384447,1
mimic_perform_af_008,1,Logistic Regression,0.9050684220020307,1
mimic_perform_af_008,1,Logistic Regression,0.8351734609482323,1
mimic_perform_af_008,1,Logistic Regression,0.671556345622553,1
mimic_perform_af_008,1,Logistic Regression,0.8767337020217121,1
mimic_perform_af_008,1,Logistic Regression,0.9058096896954521,1
mimic_perform_af_008,1,Logistic Regression,0.9155998319784459,1
mimic_perform_af_008,1,Logistic Regression,0.8836518590121026,1
mimic_perform_af_008,1,Logistic Regression,0.8521077289811906,1
mimic_perform_af_008,1,Logistic Regression,0.9402529600178595,1
mimic_perform_af_008,1,Logistic Regression,0.9538082037781543,1
mimic_perform_af_008,1,Logistic Regression,0.932556158009796,1
mimic_perform_af_008,1,Logistic Regression,0.850317995385776,1
mimic_perform_af_008,1,Logistic Regression,0.8870197499874208,1
mimic_perform_af_008,1,Logistic Regression,0.9265703531344963,1
mimic_perform_af_008,1,Logistic Regression,0.8710656527728341,1
mimic_perform_af_008,1,Logistic Regression,0.6719723250592331,1
mimic_perform_af_008,1,Logistic Regression,0.7869676016324437,1
mimic_perform_af_008,1,Logistic Regression,0.6695088802176277,1
mimic_perform_af_008,1,Logistic Regression,0.7601920973446208,1
mimic_perform_af_008,1,Logistic Regression,0.5103104179054512,1
mimic_perform_af_008,1,Logistic Regression,0.4542942270370965,0
mimic_perform_af_008,1,Logistic Regression,0.5846608976068479,1
mimic_perform_af_008,1,Logistic Regression,0.7627214493087351,1
mimic_perform_af_008,1,Logistic Regression,0.7279514926892987,1
mimic_perform_af_008,1,Logistic Regression,0.9281733061163729,1
mimic_perform_af_008,1,Logistic Regression,0.8834561835555823,1
mimic_perform_af_008,1,Logistic Regression,0.8578363012482582,1
mimic_perform_af_008,1,Logistic Regression,0.7067974081619707,1
mimic_perform_af_008,1,Logistic Regression,0.8789376560397344,1
mimic_perform_af_008,1,Logistic Regression,0.7884634998557465,1
mimic_perform_af_008,1,Logistic Regression,0.7546664465271129,1
mimic_perform_af_008,1,Logistic Regression,0.8600091869971731,1
mimic_perform_af_008,1,Logistic Regression,0.8176928910445853,1
mimic_perform_af_008,1,Logistic Regression,0.887325921809656,1
mimic_perform_af_009,1,Logistic Regression,0.9755947757539192,1
mimic_perform_af_009,1,Logistic Regression,0.786613725077117,1
mimic_perform_af_009,1,Logistic Regression,0.5410826140110299,1
mimic_perform_af_009,1,Logistic Regression,0.46409133249550294,0
mimic_perform_af_009,1,Logistic Regression,0.6917299015391078,1
mimic_perform_af_009,1,Logistic Regression,0.8833427628018937,1
mimic_perform_af_009,1,Logistic Regression,0.5770705871210372,1
mimic_perform_af_009,1,Logistic Regression,0.8299858495293728,1
mimic_perform_af_009,1,Logistic Regression,0.9749130251683988,1
mimic_perform_af_009,1,Logistic Regression,0.9810573355063172,1
mimic_perform_af_009,1,Logistic Regression,0.971456817468347,1
mimic_perform_af_009,1,Logistic Regression,0.9506187218188273,1
mimic_perform_af_009,1,Logistic Regression,0.9678942686999663,1
mimic_perform_af_009,1,Logistic Regression,0.9603627681584733,1
mimic_perform_af_009,1,Logistic Regression,0.9767762591770469,1
mimic_perform_af_009,1,Logistic Regression,0.9739513172246486,1
mimic_perform_af_009,1,Logistic Regression,0.9785041420310903,1
mimic_perform_af_009,1,Logistic Regression,0.9502262065757617,1
mimic_perform_af_009,1,Logistic Regression,0.9344029615925454,1
mimic_perform_af_009,1,Logistic Regression,0.9334879459047797,1
mimic_perform_af_009,1,Logistic Regression,0.9894061017302943,1
mimic_perform_af_009,1,Logistic Regression,0.9901616203002648,1
mimic_perform_af_009,1,Logistic Regression,0.9908895782221877,1
mimic_perform_af_009,1,Logistic Regression,0.9624828466795492,1
mimic_perform_af_009,1,Logistic Regression,0.9764467255119512,1
mimic_perform_af_009,1,Logistic Regression,0.967695680621679,1
mimic_perform_af_009,1,Logistic Regression,0.9116532218605398,1
mimic_perform_af_009,1,Logistic Regression,0.85168424965867,1
mimic_perform_af_009,1,Logistic Regression,0.923817607092481,1
mimic_perform_af_009,1,Logistic Regression,0.9650521909719596,1
mimic_perform_af_009,1,Logistic Regression,0.83876303506837,1
mimic_perform_af_009,1,Logistic Regression,0.780988709428363,1
mimic_perform_af_009,1,Logistic Regression,0.864306659685381,1
mimic_perform_af_009,1,Logistic Regression,0.9889205368870464,1
mimic_perform_af_009,1,Logistic Regression,0.9846618784246178,1
mimic_perform_af_009,1,Logistic Regression,0.9833286781257194,1
mimic_perform_af_009,1,Logistic Regression,0.9386182601469865,1
mimic_perform_af_009,1,Logistic Regression,0.6491579245425616,1
mimic_perform_af_009,1,Logistic Regression,0.7178665573977808,1
mimic_perform_af_009,1,Logistic Regression,0.8673226799229036,1
mimic_perform_af_009,1,Logistic Regression,0.9851224094913853,1
mimic_perform_af_009,1,Logistic Regression,0.9858414533773125,1
mimic_perform_af_009,1,Logistic Regression,0.9502543212742737,1
mimic_perform_af_009,1,Logistic Regression,0.8700533212658624,1
mimic_perform_af_009,1,Logistic Regression,0.6341975450474995,1
mimic_perform_af_009,1,Logistic Regression,0.8798462379596885,1
mimic_perform_af_009,1,Logistic Regression,0.9141857743986381,1
mimic_perform_af_009,1,Logistic Regression,0.9518658399542077,1
mimic_perform_af_009,1,Logistic Regression,0.9394780988949518,1
mimic_perform_af_009,1,Logistic Regression,0.9684864966326706,1
mimic_perform_af_009,1,Logistic Regression,0.9455979075187637,1
mimic_perform_af_009,1,Logistic Regression,0.9616193508469364,1
mimic_perform_af_009,1,Logistic Regression,0.9209181831352482,1
mimic_perform_af_009,1,Logistic Regression,0.945096001402969,1
mimic_perform_af_009,1,Logistic Regression,0.9096848141672377,1
mimic_perform_af_009,1,Logistic Regression,0.9749503462182011,1
mimic_perform_af_009,1,Logistic Regression,0.980227366922257,1
mimic_perform_af_009,1,Logistic Regression,0.9805212421940313,1
mimic_perform_af_009,1,Logistic Regression,0.9802120275109594,1
mimic_perform_af_009,1,Logistic Regression,0.9897547451917276,1
mimic_perform_af_009,1,Logistic Regression,0.9834636042647723,1
mimic_perform_af_009,1,Logistic Regression,0.9801529340917552,1
mimic_perform_af_009,1,Logistic Regression,0.9656480778230832,1
mimic_perform_af_009,1,Logistic Regression,0.989858189081171,1
mimic_perform_af_009,1,Logistic Regression,0.9900009295769913,1
mimic_perform_af_009,1,Logistic Regression,0.9932943046025237,1
mimic_perform_af_009,1,Logistic Regression,0.9878599708172601,1
mimic_perform_af_009,1,Logistic Regression,0.9616287737257087,1
mimic_perform_af_009,1,Logistic Regression,0.9692665722003071,1
mimic_perform_af_009,1,Logistic Regression,0.960716133154652,1
mimic_perform_af_009,1,Logistic Regression,0.9795277743495344,1
mimic_perform_af_009,1,Logistic Regression,0.9419113933408618,1
mimic_perform_af_009,1,Logistic Regression,0.9498312838167403,1
mimic_perform_af_009,1,Logistic Regression,0.9562030454056084,1
mimic_perform_af_009,1,Logistic Regression,0.9795442306996771,1
mimic_perform_af_009,1,Logistic Regression,0.9852261891516155,1
mimic_perform_af_009,1,Logistic Regression,0.9846321464661104,1
mimic_perform_af_009,1,Logistic Regression,0.9858546711476368,1
mimic_perform_af_009,1,Logistic Regression,0.9804636397504942,1
mimic_perform_af_009,1,Logistic Regression,0.9679511117864735,1
mimic_perform_af_009,1,Logistic Regression,0.9624588871058125,1
mimic_perform_af_009,1,Logistic Regression,0.9527314703637039,1
mimic_perform_af_009,1,Logistic Regression,0.9326678275746163,1
mimic_perform_af_009,1,Logistic Regression,0.9481445477667831,1
mimic_perform_af_009,1,Logistic Regression,0.9620360964872516,1
mimic_perform_af_009,1,Logistic Regression,0.9650049729182519,1
mimic_perform_af_009,1,Logistic Regression,0.9773308370277274,1
mimic_perform_af_009,1,Logistic Regression,0.9742191506425182,1
mimic_perform_af_009,1,Logistic Regression,0.9559450537273523,1
mimic_perform_af_009,1,Logistic Regression,0.943968243818047,1
mimic_perform_af_009,1,Logistic Regression,0.9089354843881591,1
mimic_perform_af_009,1,Logistic Regression,0.9640298797748637,1
mimic_perform_af_009,1,Logistic Regression,0.9738684910123884,1
mimic_perform_af_009,1,Logistic Regression,0.988563754058727,1
mimic_perform_af_009,1,Logistic Regression,0.9884020537921089,1
mimic_perform_af_009,1,Logistic Regression,0.9817115570676593,1
mimic_perform_af_009,1,Logistic Regression,0.933344849919514,1
mimic_perform_af_009,1,Logistic Regression,0.9449736953559597,1
mimic_perform_af_009,1,Logistic Regression,0.9004464765330904,1
mimic_perform_af_009,1,Logistic Regression,0.9134489605444209,1
mimic_perform_af_009,1,Logistic Regression,0.8815017741487672,1
mimic_perform_af_009,1,Logistic Regression,0.9363025372598864,1
mimic_perform_af_009,1,Logistic Regression,0.9247599394594287,1
mimic_perform_af_009,1,Logistic Regression,0.8832308353390302,1
mimic_perform_af_009,1,Logistic Regression,0.9346173550873216,1
mimic_perform_af_009,1,Logistic Regression,0.9680396236410529,1
mimic_perform_af_009,1,Logistic Regression,0.9561073197041595,1
mimic_perform_af_009,1,Logistic Regression,0.9524166971180487,1
mimic_perform_af_009,1,Logistic Regression,0.9049877717994095,1
mimic_perform_af_009,1,Logistic Regression,0.9240108534383163,1
mimic_perform_af_009,1,Logistic Regression,0.8088463361788155,1
mimic_perform_af_009,1,Logistic Regression,0.8992852268162933,1
mimic_perform_af_009,1,Logistic Regression,0.9762736192732373,1
mimic_perform_af_009,1,Logistic Regression,0.9875868176073321,1
mimic_perform_af_009,1,Logistic Regression,0.9582584035823596,1
mimic_perform_af_009,1,Logistic Regression,0.7642593387121576,1
mimic_perform_af_009,1,Logistic Regression,0.7930883888472617,1
mimic_perform_af_009,1,Logistic Regression,0.9495108499378642,1
mimic_perform_af_010,1,Logistic Regression,0.9308784815808618,1
mimic_perform_af_010,1,Logistic Regression,0.9739720325213426,1
mimic_perform_af_010,1,Logistic Regression,0.9753316108035122,1
mimic_perform_af_010,1,Logistic Regression,0.9295137216488535,1
mimic_perform_af_010,1,Logistic Regression,0.9601036290874285,1
mimic_perform_af_010,1,Logistic Regression,0.9780363713520802,1
mimic_perform_af_010,1,Logistic Regression,0.9673731318496123,1
mimic_perform_af_010,1,Logistic Regression,0.9705346150366418,1
mimic_perform_af_010,1,Logistic Regression,0.9531483565493698,1
mimic_perform_af_010,1,Logistic Regression,0.9824539232526179,1
mimic_perform_af_010,1,Logistic Regression,0.9692912398696525,1
mimic_perform_af_010,1,Logistic Regression,0.9798420519718992,1
mimic_perform_af_010,1,Logistic Regression,0.979989013986309,1
mimic_perform_af_010,1,Logistic Regression,0.9473343504981614,1
mimic_perform_af_010,1,Logistic Regression,0.9517820283421561,1
mimic_perform_af_010,1,Logistic Regression,0.9402597589095758,1
mimic_perform_af_010,1,Logistic Regression,0.9576201190680537,1
mimic_perform_af_010,1,Logistic Regression,0.9342891090994315,1
mimic_perform_af_010,1,Logistic Regression,0.8719056438244429,1
mimic_perform_af_010,1,Logistic Regression,0.8988401172908734,1
mimic_perform_af_010,1,Logistic Regression,0.9270159236411617,1
mimic_perform_af_010,1,Logistic Regression,0.9703401062482148,1
mimic_perform_af_010,1,Logistic Regression,0.9849646440088112,1
mimic_perform_af_010,1,Logistic Regression,0.9773552910344031,1
mimic_perform_af_010,1,Logistic Regression,0.9543097618247182,1
mimic_perform_af_010,1,Logistic Regression,0.9384465139687687,1
mimic_perform_af_010,1,Logistic Regression,0.8050427794418464,1
mimic_perform_af_010,1,Logistic Regression,0.8646036666454305,1
mimic_perform_af_010,1,Logistic Regression,0.9287611186221452,1
mimic_perform_af_010,1,Logistic Regression,0.9745807586725893,1
mimic_perform_af_010,1,Logistic Regression,0.9482978839373912,1
mimic_perform_af_010,1,Logistic Regression,0.9411718457039859,1
mimic_perform_af_010,1,Logistic Regression,0.908568040315521,1
mimic_perform_af_010,1,Logistic Regression,0.897436409159964,1
mimic_perform_af_010,1,Logistic Regression,0.7174368964281936,1
mimic_perform_af_010,1,Logistic Regression,0.8781094960208083,1
mimic_perform_af_010,1,Logistic Regression,0.9490916183225373,1
mimic_perform_af_010,1,Logistic Regression,0.9831384458221014,1
mimic_perform_af_010,1,Logistic Regression,0.8923322906754698,1
mimic_perform_af_010,1,Logistic Regression,0.7973928177303174,1
mimic_perform_af_010,1,Logistic Regression,0.46124412847897694,0
mimic_perform_af_010,1,Logistic Regression,0.27178171823227365,0
mimic_perform_af_010,1,Logistic Regression,0.5036543256767154,1
mimic_perform_af_010,1,Logistic Regression,0.3714272819796198,0
mimic_perform_af_010,1,Logistic Regression,0.5732781645002817,1
mimic_perform_af_010,1,Logistic Regression,0.8378554834011821,1
mimic_perform_af_010,1,Logistic Regression,0.959200725978514,1
mimic_perform_af_010,1,Logistic Regression,0.9833546957832706,1
mimic_perform_af_010,1,Logistic Regression,0.9482813304006205,1
mimic_perform_af_010,1,Logistic Regression,0.9747733288171324,1
mimic_perform_af_010,1,Logistic Regression,0.9445083516121361,1
mimic_perform_af_010,1,Logistic Regression,0.9297790337646281,1
mimic_perform_af_010,1,Logistic Regression,0.8497410391729482,1
mimic_perform_af_010,1,Logistic Regression,0.8679231027267995,1
mimic_perform_af_010,1,Logistic Regression,0.9160649576424308,1
mimic_perform_af_010,1,Logistic Regression,0.9410386474952858,1
mimic_perform_af_010,1,Logistic Regression,0.9778980785493616,1
mimic_perform_af_010,1,Logistic Regression,0.9706582146860269,1
mimic_perform_af_010,1,Logistic Regression,0.9874928780482519,1
mimic_perform_af_010,1,Logistic Regression,0.9866578620620968,1
mimic_perform_af_010,1,Logistic Regression,0.9487253596142481,1
mimic_perform_af_010,1,Logistic Regression,0.9200043629555209,1
mimic_perform_af_010,1,Logistic Regression,0.7872290844922694,1
mimic_perform_af_010,1,Logistic Regression,0.8293030323244132,1
mimic_perform_af_010,1,Logistic Regression,0.8721377412824969,1
mimic_perform_af_010,1,Logistic Regression,0.9414241593439988,1
mimic_perform_af_010,1,Logistic Regression,0.9818071396272584,1
mimic_perform_af_010,1,Logistic Regression,0.9765851227457822,1
mimic_perform_af_010,1,Logistic Regression,0.9602563483839122,1
mimic_perform_af_010,1,Logistic Regression,0.9350405267482886,1
mimic_perform_af_010,1,Logistic Regression,0.9138799504063388,1
mimic_perform_af_010,1,Logistic Regression,0.8920624196348785,1
mimic_perform_af_010,1,Logistic Regression,0.9060398109264631,1
mimic_perform_af_010,1,Logistic Regression,0.9511022814555325,1
mimic_perform_af_010,1,Logistic Regression,0.9653778601089941,1
mimic_perform_af_010,1,Logistic Regression,0.9768650858254746,1
mimic_perform_af_010,1,Logistic Regression,0.9422233385389521,1
mimic_perform_af_010,1,Logistic Regression,0.9622801264724493,1
mimic_perform_af_010,1,Logistic Regression,0.9639552355090439,1
mimic_perform_af_010,1,Logistic Regression,0.9672498325258769,1
mimic_perform_af_010,1,Logistic Regression,0.9613439813035202,1
mimic_perform_af_010,1,Logistic Regression,0.975289212033311,1
mimic_perform_af_010,1,Logistic Regression,0.9868635364541819,1
mimic_perform_af_010,1,Logistic Regression,0.9934978796980339,1
mimic_perform_af_010,1,Logistic Regression,0.9530657328963082,1
mimic_perform_af_010,1,Logistic Regression,0.9171859041583583,1
mimic_perform_af_010,1,Logistic Regression,0.912951486869741,1
mimic_perform_af_010,1,Logistic Regression,0.986398152515044,1
mimic_perform_af_010,1,Logistic Regression,0.9554865959646403,1
mimic_perform_af_010,1,Logistic Regression,0.8899366487426885,1
mimic_perform_af_010,1,Logistic Regression,0.8743836804400789,1
mimic_perform_af_010,1,Logistic Regression,0.9684044030587227,1
mimic_perform_af_010,1,Logistic Regression,0.9732707912219865,1
mimic_perform_af_010,1,Logistic Regression,0.9411813737708014,1
mimic_perform_af_010,1,Logistic Regression,0.9316288644176738,1
mimic_perform_af_010,1,Logistic Regression,0.8022956830755685,1
mimic_perform_af_010,1,Logistic Regression,0.8911496214613279,1
mimic_perform_af_010,1,Logistic Regression,0.6291716034128435,1
mimic_perform_af_010,1,Logistic Regression,0.6336210908144755,1
mimic_perform_af_010,1,Logistic Regression,0.6068960349032931,1
mimic_perform_af_010,1,Logistic Regression,0.8147743468322632,1
mimic_perform_af_010,1,Logistic Regression,0.6959916936020832,1
mimic_perform_af_010,1,Logistic Regression,0.4630379822808214,0
mimic_perform_af_010,1,Logistic Regression,0.35735029963838083,0
mimic_perform_af_010,1,Logistic Regression,0.5674375793212536,1
mimic_perform_af_010,1,Logistic Regression,0.7812118193213082,1
mimic_perform_af_010,1,Logistic Regression,0.9255654780101344,1
mimic_perform_af_010,1,Logistic Regression,0.9102980844611467,1
mimic_perform_af_010,1,Logistic Regression,0.8888959692406515,1
mimic_perform_af_010,1,Logistic Regression,0.9343276806986291,1
mimic_perform_af_010,1,Logistic Regression,0.9615440386492843,1
mimic_perform_af_010,1,Logistic Regression,0.9073632819845185,1
mimic_perform_af_010,1,Logistic Regression,0.8634709617384699,1
mimic_perform_af_010,1,Logistic Regression,0.8420580562133563,1
mimic_perform_af_010,1,Logistic Regression,0.791414759826843,1
mimic_perform_af_010,1,Logistic Regression,0.9100532365439296,1
mimic_perform_af_010,1,Logistic Regression,0.9367519935858984,1
mimic_perform_af_010,1,Logistic Regression,0.9599723792145998,1
mimic_perform_af_011,1,Logistic Regression,0.9632683190189347,1
mimic_perform_af_011,1,Logistic Regression,0.95254965950051,1
mimic_perform_af_011,1,Logistic Regression,0.9407927421701389,1
mimic_perform_af_011,1,Logistic Regression,0.9666345908540622,1
mimic_perform_af_011,1,Logistic Regression,0.9709605420696765,1
mimic_perform_af_011,1,Logistic Regression,0.9300929896248836,1
mimic_perform_af_011,1,Logistic Regression,0.9500785775891523,1
mimic_perform_af_011,1,Logistic Regression,0.9250195689612573,1
mimic_perform_af_011,1,Logistic Regression,0.9438855719164924,1
mimic_perform_af_011,1,Logistic Regression,0.9283892941133488,1
mimic_perform_af_011,1,Logistic Regression,0.954796445564,1
mimic_perform_af_011,1,Logistic Regression,0.9699824281898819,1
mimic_perform_af_011,1,Logistic Regression,0.9842371260809081,1
mimic_perform_af_011,1,Logistic Regression,0.9894283140416917,1
mimic_perform_af_011,1,Logistic Regression,0.9823696959398901,1
mimic_perform_af_011,1,Logistic Regression,0.9604507767267219,1
mimic_perform_af_011,1,Logistic Regression,0.9408370402982628,1
mimic_perform_af_011,1,Logistic Regression,0.9076388318616325,1
mimic_perform_af_011,1,Logistic Regression,0.9758950195468787,1
mimic_perform_af_011,1,Logistic Regression,0.9792566421947466,1
mimic_perform_af_011,1,Logistic Regression,0.9849272463553924,1
mimic_perform_af_011,1,Logistic Regression,0.959572209464662,1
mimic_perform_af_011,1,Logistic Regression,0.9849044099470128,1
mimic_perform_af_011,1,Logistic Regression,0.9706965104202273,1
mimic_perform_af_011,1,Logistic Regression,0.9891511007152173,1
mimic_perform_af_011,1,Logistic Regression,0.9806920705986613,1
mimic_perform_af_011,1,Logistic Regression,0.968657639033698,1
mimic_perform_af_011,1,Logistic Regression,0.8393695609654788,1
mimic_perform_af_011,1,Logistic Regression,0.7821830567611572,1
mimic_perform_af_011,1,Logistic Regression,0.6731523110366988,1
mimic_perform_af_011,1,Logistic Regression,0.7678275779337945,1
mimic_perform_af_011,1,Logistic Regression,0.8739703606790367,1
mimic_perform_af_011,1,Logistic Regression,0.9683749290005629,1
mimic_perform_af_011,1,Logistic Regression,0.9534266026400042,1
mimic_perform_af_011,1,Logistic Regression,0.9646634954772098,1
mimic_perform_af_011,1,Logistic Regression,0.9590980357593687,1
mimic_perform_af_011,1,Logistic Regression,0.974656486913843,1
mimic_perform_af_011,1,Logistic Regression,0.965006995491187,1
mimic_perform_af_011,1,Logistic Regression,0.9599607440192445,1
mimic_perform_af_011,1,Logistic Regression,0.9213301672735,1
mimic_perform_af_011,1,Logistic Regression,0.9431830793417864,1
mimic_perform_af_011,1,Logistic Regression,0.9285075219031685,1
mimic_perform_af_011,1,Logistic Regression,0.9868699876046007,1
mimic_perform_af_011,1,Logistic Regression,0.9635127328771406,1
mimic_perform_af_011,1,Logistic Regression,0.9668558784071344,1
mimic_perform_af_011,1,Logistic Regression,0.9561198305675647,1
mimic_perform_af_011,1,Logistic Regression,0.9704698062013815,1
mimic_perform_af_011,1,Logistic Regression,0.9797687350875238,1
mimic_perform_af_011,1,Logistic Regression,0.9806503063467421,1
mimic_perform_af_011,1,Logistic Regression,0.9906164279446598,1
mimic_perform_af_011,1,Logistic Regression,0.9751082750765524,1
mimic_perform_af_011,1,Logistic Regression,0.9628334429992726,1
mimic_perform_af_011,1,Logistic Regression,0.9321426761908276,1
mimic_perform_af_011,1,Logistic Regression,0.903610113122353,1
mimic_perform_af_011,1,Logistic Regression,0.9587718912044968,1
mimic_perform_af_011,1,Logistic Regression,0.9704578533483273,1
mimic_perform_af_011,1,Logistic Regression,0.9786010577756783,1
mimic_perform_af_011,1,Logistic Regression,0.9797679414563676,1
mimic_perform_af_011,1,Logistic Regression,0.9715311821915444,1
mimic_perform_af_011,1,Logistic Regression,0.9780658520166683,1
mimic_perform_af_011,1,Logistic Regression,0.9762513581311859,1
mimic_perform_af_011,1,Logistic Regression,0.9756797838661102,1
mimic_perform_af_011,1,Logistic Regression,0.9891732437173774,1
mimic_perform_af_011,1,Logistic Regression,0.9837941799621058,1
mimic_perform_af_011,1,Logistic Regression,0.97265421931106,1
mimic_perform_af_011,1,Logistic Regression,0.9183094395878001,1
mimic_perform_af_011,1,Logistic Regression,0.8698936036130307,1
mimic_perform_af_011,1,Logistic Regression,0.9248678100188565,1
mimic_perform_af_011,1,Logistic Regression,0.9650808031070998,1
mimic_perform_af_011,1,Logistic Regression,0.9848977490388436,1
mimic_perform_af_011,1,Logistic Regression,0.9835376493727679,1
mimic_perform_af_011,1,Logistic Regression,0.9829193927182797,1
mimic_perform_af_011,1,Logistic Regression,0.8918796511233827,1
mimic_perform_af_011,1,Logistic Regression,0.8909495051913415,1
mimic_perform_af_011,1,Logistic Regression,0.8603483550137838,1
mimic_perform_af_011,1,Logistic Regression,0.9772329831202785,1
mimic_perform_af_011,1,Logistic Regression,0.9787523006757883,1
mimic_perform_af_011,1,Logistic Regression,0.9704714510610294,1
mimic_perform_af_011,1,Logistic Regression,0.922627503912335,1
mimic_perform_af_011,1,Logistic Regression,0.8633879740485784,1
mimic_perform_af_011,1,Logistic Regression,0.5526650059068469,1
mimic_perform_af_011,1,Logistic Regression,0.6235701416868628,1
mimic_perform_af_011,1,Logistic Regression,0.7738627462450874,1
mimic_perform_af_011,1,Logistic Regression,0.9309788264715884,1
mimic_perform_af_011,1,Logistic Regression,0.9571317424687837,1
mimic_perform_af_011,1,Logistic Regression,0.9479786252594989,1
mimic_perform_af_011,1,Logistic Regression,0.969111300384761,1
mimic_perform_af_011,1,Logistic Regression,0.9738706041680673,1
mimic_perform_af_011,1,Logistic Regression,0.9850969038727809,1
mimic_perform_af_011,1,Logistic Regression,0.9391153249421604,1
mimic_perform_af_011,1,Logistic Regression,0.9547776544464107,1
mimic_perform_af_011,1,Logistic Regression,0.945599631523509,1
mimic_perform_af_011,1,Logistic Regression,0.829371184108693,1
mimic_perform_af_011,1,Logistic Regression,0.8298988030567183,1
mimic_perform_af_011,1,Logistic Regression,0.7220935190452363,1
mimic_perform_af_011,1,Logistic Regression,0.9746839197709017,1
mimic_perform_af_011,1,Logistic Regression,0.9796870352362046,1
mimic_perform_af_011,1,Logistic Regression,0.9894490379699886,1
mimic_perform_af_011,1,Logistic Regression,0.9839532002467044,1
mimic_perform_af_011,1,Logistic Regression,0.9735427837635956,1
mimic_perform_af_011,1,Logistic Regression,0.6868175086046363,1
mimic_perform_af_011,1,Logistic Regression,0.7867719014894041,1
mimic_perform_af_011,1,Logistic Regression,0.852910903929641,1
mimic_perform_af_011,1,Logistic Regression,0.9876522089063245,1
mimic_perform_af_011,1,Logistic Regression,0.9825053908095789,1
mimic_perform_af_011,1,Logistic Regression,0.9831494704580518,1
mimic_perform_af_011,1,Logistic Regression,0.9769517570880936,1
mimic_perform_af_011,1,Logistic Regression,0.9878316985016158,1
mimic_perform_af_011,1,Logistic Regression,0.9902004417233652,1
mimic_perform_af_011,1,Logistic Regression,0.970810960626291,1
mimic_perform_af_011,1,Logistic Regression,0.9511705104507229,1
mimic_perform_af_011,1,Logistic Regression,0.9656938889865919,1
mimic_perform_af_011,1,Logistic Regression,0.9729733826045377,1
mimic_perform_af_011,1,Logistic Regression,0.9862606558751412,1
mimic_perform_af_011,1,Logistic Regression,0.947069151167027,1
mimic_perform_af_011,1,Logistic Regression,0.8961153735814849,1
mimic_perform_af_011,1,Logistic Regression,0.823061350289554,1
mimic_perform_af_011,1,Logistic Regression,0.8846816138453577,1
mimic_perform_af_012,1,Logistic Regression,0.9349463510345786,1
mimic_perform_af_012,1,Logistic Regression,0.9042497061588567,1
mimic_perform_af_012,1,Logistic Regression,0.9056804797339055,1
mimic_perform_af_012,1,Logistic Regression,0.8810229891406014,1
mimic_perform_af_012,1,Logistic Regression,0.9278859971871604,1
mimic_perform_af_012,1,Logistic Regression,0.8938420199488085,1
mimic_perform_af_012,1,Logistic Regression,0.9127506479884827,1
mimic_perform_af_012,1,Logistic Regression,0.9315384399188595,1
mimic_perform_af_012,1,Logistic Regression,0.9584632684442747,1
mimic_perform_af_012,1,Logistic Regression,0.7649091400371903,1
mimic_perform_af_012,1,Logistic Regression,0.573162525633624,1
mimic_perform_af_012,1,Logistic Regression,0.589422724466839,1
mimic_perform_af_012,1,Logistic Regression,0.6891665706614977,1
mimic_perform_af_012,1,Logistic Regression,0.9392203794026311,1
mimic_perform_af_012,1,Logistic Regression,0.9335408823262608,1
mimic_perform_af_012,1,Logistic Regression,0.9812737703567392,1
mimic_perform_af_012,1,Logistic Regression,0.9420562545416439,1
mimic_perform_af_012,1,Logistic Regression,0.9463392637123702,1
mimic_perform_af_012,1,Logistic Regression,0.7037934309372366,1
mimic_perform_af_012,1,Logistic Regression,0.8298002233028844,1
mimic_perform_af_012,1,Logistic Regression,0.7927673317494642,1
mimic_perform_af_012,1,Logistic Regression,0.7667411688685981,1
mimic_perform_af_012,1,Logistic Regression,0.7335582733033542,1
mimic_perform_af_012,1,Logistic Regression,0.7074226753004921,1
mimic_perform_af_012,1,Logistic Regression,0.8617818293659729,1
mimic_perform_af_012,1,Logistic Regression,0.9371299955524017,1
mimic_perform_af_012,1,Logistic Regression,0.9425789804309549,1
mimic_perform_af_012,1,Logistic Regression,0.9469152635421905,1
mimic_perform_af_012,1,Logistic Regression,0.9319981707934273,1
mimic_perform_af_012,1,Logistic Regression,0.9345921073415325,1
mimic_perform_af_012,1,Logistic Regression,0.7793214030362684,1
mimic_perform_af_012,1,Logistic Regression,0.7948792975603683,1
mimic_perform_af_012,1,Logistic Regression,0.9088776750251382,1
mimic_perform_af_012,1,Logistic Regression,0.9622500196553684,1
mimic_perform_af_012,1,Logistic Regression,0.941863344666062,1
mimic_perform_af_012,1,Logistic Regression,0.8545864530995335,1
mimic_perform_af_012,1,Logistic Regression,0.9036212180233907,1
mimic_perform_af_012,1,Logistic Regression,0.905751863438745,1
mimic_perform_af_012,1,Logistic Regression,0.9415127701178051,1
mimic_perform_af_012,1,Logistic Regression,0.9535841677533332,1
mimic_perform_af_012,1,Logistic Regression,0.8140727955950916,1
mimic_perform_af_012,1,Logistic Regression,0.8347067483783462,1
mimic_perform_af_012,1,Logistic Regression,0.8837601053602844,1
mimic_perform_af_012,1,Logistic Regression,0.9695972629872402,1
mimic_perform_af_012,1,Logistic Regression,0.9330471973913307,1
mimic_perform_af_012,1,Logistic Regression,0.8550772517120431,1
mimic_perform_af_012,1,Logistic Regression,0.9113620831013092,1
mimic_perform_af_012,1,Logistic Regression,0.9526480429338351,1
mimic_perform_af_012,1,Logistic Regression,0.9282643074437665,1
mimic_perform_af_012,1,Logistic Regression,0.9531465764151709,1
mimic_perform_af_012,1,Logistic Regression,0.9681244998646696,1
mimic_perform_af_012,1,Logistic Regression,0.978844494507443,1
mimic_perform_af_012,1,Logistic Regression,0.9287966182862668,1
mimic_perform_af_012,1,Logistic Regression,0.9042324918917365,1
mimic_perform_af_012,1,Logistic Regression,0.9690709446175427,1
mimic_perform_af_012,1,Logistic Regression,0.9318801557254148,1
mimic_perform_af_012,1,Logistic Regression,0.9709452304239252,1
mimic_perform_af_012,1,Logistic Regression,0.902169236315752,1
mimic_perform_af_012,1,Logistic Regression,0.8833684009173285,1
mimic_perform_af_012,1,Logistic Regression,0.7722193519683964,1
mimic_perform_af_012,1,Logistic Regression,0.8579417312259122,1
mimic_perform_af_012,1,Logistic Regression,0.8858281750575239,1
mimic_perform_af_012,1,Logistic Regression,0.8989927403892678,1
mimic_perform_af_012,1,Logistic Regression,0.8821026498691047,1
mimic_perform_af_012,1,Logistic Regression,0.964919514516962,1
mimic_perform_af_012,1,Logistic Regression,0.9771760542758237,1
mimic_perform_af_012,1,Logistic Regression,0.9803794146266249,1
mimic_perform_af_012,1,Logistic Regression,0.9820839479355138,1
mimic_perform_af_012,1,Logistic Regression,0.9704271407372141,1
mimic_perform_af_012,1,Logistic Regression,0.9672617362550325,1
mimic_perform_af_012,1,Logistic Regression,0.9310730596107207,1
mimic_perform_af_012,1,Logistic Regression,0.9462044495629778,1
mimic_perform_af_012,1,Logistic Regression,0.9825171412834126,1
mimic_perform_af_012,1,Logistic Regression,0.951115741494266,1
mimic_perform_af_012,1,Logistic Regression,0.9559355272537144,1
mimic_perform_af_012,1,Logistic Regression,0.8910160792780037,1
mimic_perform_af_012,1,Logistic Regression,0.9048558613494493,1
mimic_perform_af_012,1,Logistic Regression,0.9435568583375029,1
mimic_perform_af_012,1,Logistic Regression,0.9411189433007336,1
mimic_perform_af_012,1,Logistic Regression,0.9636228699116576,1
mimic_perform_af_012,1,Logistic Regression,0.9558966896350558,1
mimic_perform_af_012,1,Logistic Regression,0.9846149856726994,1
mimic_perform_af_012,1,Logistic Regression,0.9753410831743623,1
mimic_perform_af_012,1,Logistic Regression,0.9664558254309872,1
mimic_perform_af_012,1,Logistic Regression,0.9591500455992255,1
mimic_perform_af_012,1,Logistic Regression,0.946421230253388,1
mimic_perform_af_012,1,Logistic Regression,0.9616875871063402,1
mimic_perform_af_012,1,Logistic Regression,0.9567349588393548,1
mimic_perform_af_012,1,Logistic Regression,0.9468897235778023,1
mimic_perform_af_012,1,Logistic Regression,0.9502736647280674,1
mimic_perform_af_012,1,Logistic Regression,0.9535051646573793,1
mimic_perform_af_012,1,Logistic Regression,0.9795345631395654,1
mimic_perform_af_012,1,Logistic Regression,0.9350079156409772,1
mimic_perform_af_012,1,Logistic Regression,0.9433327336930453,1
mimic_perform_af_012,1,Logistic Regression,0.9571472291914905,1
mimic_perform_af_012,1,Logistic Regression,0.9485733022079689,1
mimic_perform_af_012,1,Logistic Regression,0.9152435845399599,1
mimic_perform_af_012,1,Logistic Regression,0.9088176668069254,1
mimic_perform_af_012,1,Logistic Regression,0.9833634909908299,1
mimic_perform_af_012,1,Logistic Regression,0.9850036478353044,1
mimic_perform_af_012,1,Logistic Regression,0.961000843058313,1
mimic_perform_af_012,1,Logistic Regression,0.8789173907025617,1
mimic_perform_af_012,1,Logistic Regression,0.9280008458250828,1
mimic_perform_af_012,1,Logistic Regression,0.8874375878152649,1
mimic_perform_af_012,1,Logistic Regression,0.9634549357628517,1
mimic_perform_af_012,1,Logistic Regression,0.9275591179823786,1
mimic_perform_af_012,1,Logistic Regression,0.9734751947687179,1
mimic_perform_af_012,1,Logistic Regression,0.9416807945200143,1
mimic_perform_af_012,1,Logistic Regression,0.9245853339862969,1
mimic_perform_af_012,1,Logistic Regression,0.9150523352910684,1
mimic_perform_af_012,1,Logistic Regression,0.9298447789575816,1
mimic_perform_af_012,1,Logistic Regression,0.937475744600554,1
mimic_perform_af_012,1,Logistic Regression,0.9473437360674151,1
mimic_perform_af_012,1,Logistic Regression,0.9310158965040122,1
mimic_perform_af_012,1,Logistic Regression,0.8959165034521425,1
mimic_perform_af_012,1,Logistic Regression,0.934323589642259,1
mimic_perform_af_012,1,Logistic Regression,0.8866341021431966,1
mimic_perform_af_012,1,Logistic Regression,0.9583154752747256,1
mimic_perform_af_013,1,Logistic Regression,0.773454829782179,1
mimic_perform_af_013,1,Logistic Regression,0.93246955444747,1
mimic_perform_af_013,1,Logistic Regression,0.9753410800571842,1
mimic_perform_af_013,1,Logistic Regression,0.9954536245944821,1
mimic_perform_af_013,1,Logistic Regression,0.9875492844428343,1
mimic_perform_af_013,1,Logistic Regression,0.9838677632209846,1
mimic_perform_af_013,1,Logistic Regression,0.9602303127394957,1
mimic_perform_af_013,1,Logistic Regression,0.9666332023303271,1
mimic_perform_af_013,1,Logistic Regression,0.9542848303838082,1
mimic_perform_af_013,1,Logistic Regression,0.9335913604547564,1
mimic_perform_af_013,1,Logistic Regression,0.9609534547834684,1
mimic_perform_af_013,1,Logistic Regression,0.8312924931604349,1
mimic_perform_af_013,1,Logistic Regression,0.7644352290257758,1
mimic_perform_af_013,1,Logistic Regression,0.6000159127529098,1
mimic_perform_af_013,1,Logistic Regression,0.7598912405680562,1
mimic_perform_af_013,1,Logistic Regression,0.7476732370290876,1
mimic_perform_af_013,1,Logistic Regression,0.8156495488086067,1
mimic_perform_af_013,1,Logistic Regression,0.7760631933356821,1
mimic_perform_af_013,1,Logistic Regression,0.894072433628425,1
mimic_perform_af_013,1,Logistic Regression,0.8366441570192799,1
mimic_perform_af_013,1,Logistic Regression,0.8457324351720797,1
mimic_perform_af_013,1,Logistic Regression,0.8507128908058891,1
mimic_perform_af_013,1,Logistic Regression,0.9266863861187541,1
mimic_perform_af_013,1,Logistic Regression,0.9260449730720316,1
mimic_perform_af_013,1,Logistic Regression,0.9051982026266896,1
mimic_perform_af_013,1,Logistic Regression,0.7852982358088934,1
mimic_perform_af_013,1,Logistic Regression,0.8608092963150171,1
mimic_perform_af_013,1,Logistic Regression,0.8353277701619852,1
mimic_perform_af_013,1,Logistic Regression,0.9083027154687772,1
mimic_perform_af_013,1,Logistic Regression,0.6694940127994304,1
mimic_perform_af_013,1,Logistic Regression,0.5784523912224651,1
mimic_perform_af_013,1,Logistic Regression,0.46564149872072547,0
mimic_perform_af_013,1,Logistic Regression,0.7417212717333469,1
mimic_perform_af_013,1,Logistic Regression,0.9382507757034558,1
mimic_perform_af_013,1,Logistic Regression,0.9319811243500021,1
mimic_perform_af_013,1,Logistic Regression,0.9123015446046695,1
mimic_perform_af_013,1,Logistic Regression,0.6464608723816232,1
mimic_perform_af_013,1,Logistic Regression,0.7681143025409556,1
mimic_perform_af_013,1,Logistic Regression,0.6674386691623568,1
mimic_perform_af_013,1,Logistic Regression,0.8369186987036763,1
mimic_perform_af_013,1,Logistic Regression,0.8784894577152036,1
mimic_perform_af_013,1,Logistic Regression,0.9017579279761856,1
mimic_perform_af_013,1,Logistic Regression,0.9338426519807423,1
mimic_perform_af_013,1,Logistic Regression,0.9351087520616779,1
mimic_perform_af_013,1,Logistic Regression,0.9574241264755,1
mimic_perform_af_013,1,Logistic Regression,0.9650300709304118,1
mimic_perform_af_013,1,Logistic Regression,0.9715701074454157,1
mimic_perform_af_013,1,Logistic Regression,0.9635552794147827,1
mimic_perform_af_013,1,Logistic Regression,0.8990812608872575,1
mimic_perform_af_013,1,Logistic Regression,0.810509438288865,1
mimic_perform_af_013,1,Logistic Regression,0.8796734897409831,1
mimic_perform_af_013,1,Logistic Regression,0.9407898314814876,1
mimic_perform_af_013,1,Logistic Regression,0.9676040204261663,1
mimic_perform_af_013,1,Logistic Regression,0.9459867093038077,1
mimic_perform_af_013,1,Logistic Regression,0.9165422552229286,1
mimic_perform_af_013,1,Logistic Regression,0.7288816431950466,1
mimic_perform_af_013,1,Logistic Regression,0.8915529864088027,1
mimic_perform_af_013,1,Logistic Regression,0.9272442931021291,1
mimic_perform_af_013,1,Logistic Regression,0.9565048230515263,1
mimic_perform_af_013,1,Logistic Regression,0.9033302058568398,1
mimic_perform_af_013,1,Logistic Regression,0.8854013284980752,1
mimic_perform_af_013,1,Logistic Regression,0.8550684519767758,1
mimic_perform_af_013,1,Logistic Regression,0.8588704106695548,1
mimic_perform_af_013,1,Logistic Regression,0.8776001636325652,1
mimic_perform_af_013,1,Logistic Regression,0.7574934592083223,1
mimic_perform_af_013,1,Logistic Regression,0.8769190324905728,1
mimic_perform_af_013,1,Logistic Regression,0.9346647796010549,1
mimic_perform_af_013,1,Logistic Regression,0.9459188811527607,1
mimic_perform_af_013,1,Logistic Regression,0.9152092575145819,1
mimic_perform_af_013,1,Logistic Regression,0.5985128162184823,1
mimic_perform_af_013,1,Logistic Regression,0.5451322109572493,1
mimic_perform_af_013,1,Logistic Regression,0.3909770885177654,0
mimic_perform_af_013,1,Logistic Regression,0.7995399452832432,1
mimic_perform_af_013,1,Logistic Regression,0.751395776496636,1
mimic_perform_af_013,1,Logistic Regression,0.789117825759519,1
mimic_perform_af_013,1,Logistic Regression,0.8047274272407382,1
mimic_perform_af_013,1,Logistic Regression,0.9562823939513124,1
mimic_perform_af_013,1,Logistic Regression,0.9659384319111,1
mimic_perform_af_013,1,Logistic Regression,0.5626937300053805,1
mimic_perform_af_013,1,Logistic Regression,0.8119491866027276,1
mimic_perform_af_013,1,Logistic Regression,0.7256887266153897,1
mimic_perform_af_013,1,Logistic Regression,0.8905404729919614,1
mimic_perform_af_013,1,Logistic Regression,0.837864681962555,1
mimic_perform_af_013,1,Logistic Regression,0.7452280037680935,1
mimic_perform_af_013,1,Logistic Regression,0.7136598282565122,1
mimic_perform_af_013,1,Logistic Regression,0.4254398490945574,0
mimic_perform_af_013,1,Logistic Regression,0.43844189159681696,0
mimic_perform_af_013,1,Logistic Regression,0.8812006853878646,1
mimic_perform_af_013,1,Logistic Regression,0.952316019083991,1
mimic_perform_af_013,1,Logistic Regression,0.9885625285843448,1
mimic_perform_af_013,1,Logistic Regression,0.9417461700069656,1
mimic_perform_af_013,1,Logistic Regression,0.9536800935571494,1
mimic_perform_af_013,1,Logistic Regression,0.8314491686308636,1
mimic_perform_af_013,1,Logistic Regression,0.9104446621733298,1
mimic_perform_af_013,1,Logistic Regression,0.8260353198593277,1
mimic_perform_af_013,1,Logistic Regression,0.8755023771749085,1
mimic_perform_af_013,1,Logistic Regression,0.8059615166578495,1
mimic_perform_af_013,1,Logistic Regression,0.7109666821580132,1
mimic_perform_af_013,1,Logistic Regression,0.6179898941730734,1
mimic_perform_af_013,1,Logistic Regression,0.5524790019904647,1
mimic_perform_af_013,1,Logistic Regression,0.570174376385389,1
mimic_perform_af_013,1,Logistic Regression,0.47615279126714616,0
mimic_perform_af_013,1,Logistic Regression,0.5651282960057744,1
mimic_perform_af_013,1,Logistic Regression,0.7183979278238536,1
mimic_perform_af_013,1,Logistic Regression,0.7163149137769651,1
mimic_perform_af_013,1,Logistic Regression,0.7633919094930077,1
mimic_perform_af_013,1,Logistic Regression,0.8352259347251949,1
mimic_perform_af_013,1,Logistic Regression,0.9102127199993099,1
mimic_perform_af_013,1,Logistic Regression,0.7851258154876077,1
mimic_perform_af_013,1,Logistic Regression,0.8421566627642292,1
mimic_perform_af_013,1,Logistic Regression,0.7621346389093195,1
mimic_perform_af_013,1,Logistic Regression,0.8318074867508147,1
mimic_perform_af_013,1,Logistic Regression,0.8170341313687699,1
mimic_perform_af_013,1,Logistic Regression,0.8875231789545095,1
mimic_perform_af_013,1,Logistic Regression,0.8467943222150798,1
mimic_perform_af_013,1,Logistic Regression,0.8256536244700968,1
mimic_perform_af_013,1,Logistic Regression,0.8912285684653397,1
mimic_perform_af_013,1,Logistic Regression,0.9600114694453965,1
mimic_perform_af_014,1,Logistic Regression,0.936847275857243,1
mimic_perform_af_014,1,Logistic Regression,0.912294647918406,1
mimic_perform_af_014,1,Logistic Regression,0.9392846650179572,1
mimic_perform_af_014,1,Logistic Regression,0.918487668823468,1
mimic_perform_af_014,1,Logistic Regression,0.932594674389541,1
mimic_perform_af_014,1,Logistic Regression,0.9275006388300672,1
mimic_perform_af_014,1,Logistic Regression,0.9357047658148246,1
mimic_perform_af_014,1,Logistic Regression,0.8811700577243886,1
mimic_perform_af_014,1,Logistic Regression,0.9323655151958529,1
mimic_perform_af_014,1,Logistic Regression,0.9443433809018648,1
mimic_perform_af_014,1,Logistic Regression,0.9447548413243058,1
mimic_perform_af_014,1,Logistic Regression,0.9618720710875853,1
mimic_perform_af_014,1,Logistic Regression,0.9573598907554847,1
mimic_perform_af_014,1,Logistic Regression,0.9883175822477837,1
mimic_perform_af_014,1,Logistic Regression,0.9893334226599158,1
mimic_perform_af_014,1,Logistic Regression,0.975297921576566,1
mimic_perform_af_014,1,Logistic Regression,0.9713800159115298,1
mimic_perform_af_014,1,Logistic Regression,0.9366721843431164,1
mimic_perform_af_014,1,Logistic Regression,0.9756040073703143,1
mimic_perform_af_014,1,Logistic Regression,0.9654158549083458,1
mimic_perform_af_014,1,Logistic Regression,0.9553877428361032,1
mimic_perform_af_014,1,Logistic Regression,0.948877289235855,1
mimic_perform_af_014,1,Logistic Regression,0.9523324242531237,1
mimic_perform_af_014,1,Logistic Regression,0.9677876118854708,1
mimic_perform_af_014,1,Logistic Regression,0.9364071142301219,1
mimic_perform_af_014,1,Logistic Regression,0.9202142482977947,1
mimic_perform_af_014,1,Logistic Regression,0.9119422279380132,1
mimic_perform_af_014,1,Logistic Regression,0.9680383189763887,1
mimic_perform_af_014,1,Logistic Regression,0.9614822203561535,1
mimic_perform_af_014,1,Logistic Regression,0.9628124947725901,1
mimic_perform_af_014,1,Logistic Regression,0.9216698145719824,1
mimic_perform_af_014,1,Logistic Regression,0.9368378648518426,1
mimic_perform_af_014,1,Logistic Regression,0.9708812605691857,1
mimic_perform_af_014,1,Logistic Regression,0.9734333066536379,1
mimic_perform_af_014,1,Logistic Regression,0.9546047290976428,1
mimic_perform_af_014,1,Logistic Regression,0.9052849266561673,1
mimic_perform_af_014,1,Logistic Regression,0.9484564494145628,1
mimic_perform_af_014,1,Logistic Regression,0.96699410695188,1
mimic_perform_af_014,1,Logistic Regression,0.9729239229341838,1
mimic_perform_af_014,1,Logistic Regression,0.9775115591302246,1
mimic_perform_af_014,1,Logistic Regression,0.9844085511761861,1
mimic_perform_af_014,1,Logistic Regression,0.9242240441461158,1
mimic_perform_af_014,1,Logistic Regression,0.9222835747447707,1
mimic_perform_af_014,1,Logistic Regression,0.8593373444857642,1
mimic_perform_af_014,1,Logistic Regression,0.931855323106167,1
mimic_perform_af_014,1,Logistic Regression,0.8584376993584388,1
mimic_perform_af_014,1,Logistic Regression,0.7364991459548462,1
mimic_perform_af_014,1,Logistic Regression,0.7732512139012591,1
mimic_perform_af_014,1,Logistic Regression,0.9573055968388037,1
mimic_perform_af_014,1,Logistic Regression,0.9743899224774694,1
mimic_perform_af_014,1,Logistic Regression,0.9649305406113418,1
mimic_perform_af_014,1,Logistic Regression,0.8686309883613642,1
mimic_perform_af_014,1,Logistic Regression,0.7436410227184196,1
mimic_perform_af_014,1,Logistic Regression,0.8453076900557702,1
mimic_perform_af_014,1,Logistic Regression,0.9185803374132254,1
mimic_perform_af_014,1,Logistic Regression,0.9317103041876249,1
mimic_perform_af_014,1,Logistic Regression,0.9692704243578796,1
mimic_perform_af_014,1,Logistic Regression,0.9685892884602556,1
mimic_perform_af_014,1,Logistic Regression,0.9860009997612413,1
mimic_perform_af_014,1,Logistic Regression,0.9803253360419338,1
mimic_perform_af_014,1,Logistic Regression,0.9451052287106861,1
mimic_perform_af_014,1,Logistic Regression,0.9416609903184054,1
mimic_perform_af_014,1,Logistic Regression,0.7870954149615549,1
mimic_perform_af_014,1,Logistic Regression,0.9051500664054991,1
mimic_perform_af_014,1,Logistic Regression,0.7612534164799939,1
mimic_perform_af_014,1,Logistic Regression,0.9136662600713424,1
mimic_perform_af_014,1,Logistic Regression,0.9436722301507874,1
mimic_perform_af_014,1,Logistic Regression,0.9503425383321775,1
mimic_perform_af_014,1,Logistic Regression,0.9225627820005697,1
mimic_perform_af_014,1,Logistic Regression,0.6455235950339191,1
mimic_perform_af_014,1,Logistic Regression,0.706998394406791,1
mimic_perform_af_014,1,Logistic Regression,0.8748650879952834,1
mimic_perform_af_014,1,Logistic Regression,0.9863149023088313,1
mimic_perform_af_014,1,Logistic Regression,0.9496800667008869,1
mimic_perform_af_014,1,Logistic Regression,0.9719030452452704,1
mimic_perform_af_014,1,Logistic Regression,0.9319562126631966,1
mimic_perform_af_014,1,Logistic Regression,0.9748981952164197,1
mimic_perform_af_014,1,Logistic Regression,0.9687587518832962,1
mimic_perform_af_014,1,Logistic Regression,0.9712690575328177,1
mimic_perform_af_014,1,Logistic Regression,0.9754288423215611,1
mimic_perform_af_014,1,Logistic Regression,0.9579474798962223,1
mimic_perform_af_014,1,Logistic Regression,0.9790226231734558,1
mimic_perform_af_014,1,Logistic Regression,0.9780326333653268,1
mimic_perform_af_014,1,Logistic Regression,0.9826088527404858,1
mimic_perform_af_014,1,Logistic Regression,0.8084792934446636,1
mimic_perform_af_014,1,Logistic Regression,0.814168104979915,1
mimic_perform_af_014,1,Logistic Regression,0.49828182628918455,0
mimic_perform_af_014,1,Logistic Regression,0.7525791950039211,1
mimic_perform_af_014,1,Logistic Regression,0.717799703827916,1
mimic_perform_af_014,1,Logistic Regression,0.915769755967499,1
mimic_perform_af_014,1,Logistic Regression,0.9509125748395215,1
mimic_perform_af_014,1,Logistic Regression,0.933559572470497,1
mimic_perform_af_014,1,Logistic Regression,0.64376967089602,1
mimic_perform_af_014,1,Logistic Regression,0.6903075290945192,1
mimic_perform_af_014,1,Logistic Regression,0.7991487736660751,1
mimic_perform_af_014,1,Logistic Regression,0.9687384952268782,1
mimic_perform_af_014,1,Logistic Regression,0.9739552238302769,1
mimic_perform_af_014,1,Logistic Regression,0.9761471236986462,1
mimic_perform_af_014,1,Logistic Regression,0.9601007918612581,1
mimic_perform_af_014,1,Logistic Regression,0.924652233097509,1
mimic_perform_af_014,1,Logistic Regression,0.7691491447806932,1
mimic_perform_af_014,1,Logistic Regression,0.8483218995935354,1
mimic_perform_af_014,1,Logistic Regression,0.901338772159065,1
mimic_perform_af_014,1,Logistic Regression,0.9317470263227887,1
mimic_perform_af_014,1,Logistic Regression,0.9659627815705768,1
mimic_perform_af_014,1,Logistic Regression,0.9484061927094636,1
mimic_perform_af_014,1,Logistic Regression,0.9558037724782765,1
mimic_perform_af_014,1,Logistic Regression,0.9386390656129614,1
mimic_perform_af_014,1,Logistic Regression,0.974703523151033,1
mimic_perform_af_014,1,Logistic Regression,0.9648373345163023,1
mimic_perform_af_014,1,Logistic Regression,0.9817207376935286,1
mimic_perform_af_014,1,Logistic Regression,0.9606696727771556,1
mimic_perform_af_014,1,Logistic Regression,0.9697898748456306,1
mimic_perform_af_014,1,Logistic Regression,0.9298309845084268,1
mimic_perform_af_014,1,Logistic Regression,0.9240602308136061,1
mimic_perform_af_014,1,Logistic Regression,0.884480059890872,1
mimic_perform_af_014,1,Logistic Regression,0.8701936921513086,1
mimic_perform_af_014,1,Logistic Regression,0.9380676852010488,1
mimic_perform_af_015,1,Logistic Regression,0.6447776824728401,1
mimic_perform_af_015,1,Logistic Regression,0.7705305960358303,1
mimic_perform_af_015,1,Logistic Regression,0.8888222197316903,1
mimic_perform_af_015,1,Logistic Regression,0.9002759392398155,1
mimic_perform_af_015,1,Logistic Regression,0.9089545639490865,1
mimic_perform_af_015,1,Logistic Regression,0.9181099984677158,1
mimic_perform_af_015,1,Logistic Regression,0.8742946213294298,1
mimic_perform_af_015,1,Logistic Regression,0.7745214865093036,1
mimic_perform_af_015,1,Logistic Regression,0.8106403701715638,1
mimic_perform_af_015,1,Logistic Regression,0.8529093352414459,1
mimic_perform_af_015,1,Logistic Regression,0.876649356445395,1
mimic_perform_af_015,1,Logistic Regression,0.9419323291158496,1
mimic_perform_af_015,1,Logistic Regression,0.9409312980523835,1
mimic_perform_af_015,1,Logistic Regression,0.8309662326588863,1
mimic_perform_af_015,1,Logistic Regression,0.6662264839384242,1
mimic_perform_af_015,1,Logistic Regression,0.5344267071908344,1
mimic_perform_af_015,1,Logistic Regression,0.8675456572529926,1
mimic_perform_af_015,1,Logistic Regression,0.8615765471450905,1
mimic_perform_af_015,1,Logistic Regression,0.8787756170276363,1
mimic_perform_af_015,1,Logistic Regression,0.8665646294567815,1
mimic_perform_af_015,1,Logistic Regression,0.9285423018142732,1
mimic_perform_af_015,1,Logistic Regression,0.9651532276118727,1
mimic_perform_af_015,1,Logistic Regression,0.9224155195247932,1
mimic_perform_af_015,1,Logistic Regression,0.9293400124815375,1
mimic_perform_af_015,1,Logistic Regression,0.9555256292217654,1
mimic_perform_af_015,1,Logistic Regression,0.9438794242324523,1
mimic_perform_af_015,1,Logistic Regression,0.9469403438439625,1
mimic_perform_af_015,1,Logistic Regression,0.919725154866221,1
mimic_perform_af_015,1,Logistic Regression,0.9317898819584347,1
mimic_perform_af_015,1,Logistic Regression,0.9280310282816298,1
mimic_perform_af_015,1,Logistic Regression,0.8775426943441875,1
mimic_perform_af_015,1,Logistic Regression,0.8226220131145371,1
mimic_perform_af_015,1,Logistic Regression,0.7056943632930748,1
mimic_perform_af_015,1,Logistic Regression,0.8751479637787897,1
mimic_perform_af_015,1,Logistic Regression,0.8789078397872392,1
mimic_perform_af_015,1,Logistic Regression,0.9375657125120501,1
mimic_perform_af_015,1,Logistic Regression,0.9046594932314405,1
mimic_perform_af_015,1,Logistic Regression,0.8678384475300016,1
mimic_perform_af_015,1,Logistic Regression,0.8770032436024641,1
mimic_perform_af_015,1,Logistic Regression,0.9148930993421375,1
mimic_perform_af_015,1,Logistic Regression,0.6710973237045517,1
mimic_perform_af_015,1,Logistic Regression,0.3131908842364352,0
mimic_perform_af_015,1,Logistic Regression,0.3845830700291812,0
mimic_perform_af_015,1,Logistic Regression,0.613903876314069,1
mimic_perform_af_015,1,Logistic Regression,0.8884172523865257,1
mimic_perform_af_015,1,Logistic Regression,0.7916800372710722,1
mimic_perform_af_015,1,Logistic Regression,0.8321275147534449,1
mimic_perform_af_015,1,Logistic Regression,0.7683149000457264,1
mimic_perform_af_015,1,Logistic Regression,0.7782843581642136,1
mimic_perform_af_015,1,Logistic Regression,0.6850839823152617,1
mimic_perform_af_015,1,Logistic Regression,0.822800987264325,1
mimic_perform_af_015,1,Logistic Regression,0.9201155128997526,1
mimic_perform_af_015,1,Logistic Regression,0.9591034219589818,1
mimic_perform_af_015,1,Logistic Regression,0.9258545610069715,1
mimic_perform_af_015,1,Logistic Regression,0.9129473703186497,1
mimic_perform_af_015,1,Logistic Regression,0.7165773835287926,1
mimic_perform_af_015,1,Logistic Regression,0.24462004670155937,0
mimic_perform_af_015,1,Logistic Regression,0.299879344466043,0
mimic_perform_af_015,1,Logistic Regression,0.6133216109898337,1
mimic_perform_af_015,1,Logistic Regression,0.8756423127736724,1
mimic_perform_af_015,1,Logistic Regression,0.5746837798887781,1
mimic_perform_af_015,1,Logistic Regression,0.7591803168671721,1
mimic_perform_af_015,1,Logistic Regression,0.7981382499443156,1
mimic_perform_af_015,1,Logistic Regression,0.9411125679171747,1
mimic_perform_af_015,1,Logistic Regression,0.918656804728187,1
mimic_perform_af_015,1,Logistic Regression,0.9337680964469875,1
mimic_perform_af_015,1,Logistic Regression,0.8054761363765276,1
mimic_perform_af_015,1,Logistic Regression,0.6141335946407525,1
mimic_perform_af_015,1,Logistic Regression,0.6966178313166227,1
mimic_perform_af_015,1,Logistic Regression,0.7844211884884315,1
mimic_perform_af_015,1,Logistic Regression,0.8786160088243422,1
mimic_perform_af_015,1,Logistic Regression,0.9241489982884775,1
mimic_perform_af_015,1,Logistic Regression,0.8634736063841857,1
mimic_perform_af_015,1,Logistic Regression,0.9108077259103604,1
mimic_perform_af_015,1,Logistic Regression,0.9170200188915013,1
mimic_perform_af_015,1,Logistic Regression,0.9586444012270062,1
mimic_perform_af_015,1,Logistic Regression,0.949083375481748,1
mimic_perform_af_015,1,Logistic Regression,0.9244266334791669,1
mimic_perform_af_015,1,Logistic Regression,0.851886908563844,1
mimic_perform_af_015,1,Logistic Regression,0.7614036901169622,1
mimic_perform_af_015,1,Logistic Regression,0.6152534636607931,1
mimic_perform_af_015,1,Logistic Regression,0.6153127844786924,1
mimic_perform_af_015,1,Logistic Regression,0.8191762101889439,1
mimic_perform_af_015,1,Logistic Regression,0.8664883767403049,1
mimic_perform_af_015,1,Logistic Regression,0.8678710814056297,1
mimic_perform_af_015,1,Logistic Regression,0.5848017485969338,1
mimic_perform_af_015,1,Logistic Regression,0.5551592401432509,1
mimic_perform_af_015,1,Logistic Regression,0.8111498567718125,1
mimic_perform_af_015,1,Logistic Regression,0.7340888008667174,1
mimic_perform_af_015,1,Logistic Regression,0.7821840418075253,1
mimic_perform_af_015,1,Logistic Regression,0.8401054492680203,1
mimic_perform_af_015,1,Logistic Regression,0.9350829870743823,1
mimic_perform_af_015,1,Logistic Regression,0.8287558331150291,1
mimic_perform_af_015,1,Logistic Regression,0.9063263877382993,1
mimic_perform_af_015,1,Logistic Regression,0.9490738041342113,1
mimic_perform_af_015,1,Logistic Regression,0.9656517985509339,1
mimic_perform_af_015,1,Logistic Regression,0.7283672464718086,1
mimic_perform_af_015,1,Logistic Regression,0.6650309118901997,1
mimic_perform_af_015,1,Logistic Regression,0.5239549591012145,1
mimic_perform_af_015,1,Logistic Regression,0.7647003424549306,1
mimic_perform_af_015,1,Logistic Regression,0.8071610883056367,1
mimic_perform_af_015,1,Logistic Regression,0.9473777455788125,1
mimic_perform_af_015,1,Logistic Regression,0.9284443992280191,1
mimic_perform_af_015,1,Logistic Regression,0.8935996805443824,1
mimic_perform_af_015,1,Logistic Regression,0.7768422538948945,1
mimic_perform_af_015,1,Logistic Regression,0.45556953338185135,0
mimic_perform_af_015,1,Logistic Regression,0.16728805293198018,0
mimic_perform_af_015,1,Logistic Regression,0.23158105852793995,0
mimic_perform_af_015,1,Logistic Regression,0.41841092030692223,0
mimic_perform_af_015,1,Logistic Regression,0.7550562328189548,1
mimic_perform_af_015,1,Logistic Regression,0.7218836799973956,1
mimic_perform_af_015,1,Logistic Regression,0.8021556728635169,1
mimic_perform_af_015,1,Logistic Regression,0.7489010314920095,1
mimic_perform_af_015,1,Logistic Regression,0.8841474730255052,1
mimic_perform_af_015,1,Logistic Regression,0.7827240624757945,1
mimic_perform_af_015,1,Logistic Regression,0.7736954600513305,1
mimic_perform_af_015,1,Logistic Regression,0.759656443066632,1
mimic_perform_af_015,1,Logistic Regression,0.9048879100676236,1
mimic_perform_af_016,1,Logistic Regression,0.9961888773759929,1
mimic_perform_af_016,1,Logistic Regression,0.9964757033575231,1
mimic_perform_af_016,1,Logistic Regression,0.9964521939418951,1
mimic_perform_af_016,1,Logistic Regression,0.984723349591046,1
mimic_perform_af_016,1,Logistic Regression,0.9534015276411316,1
mimic_perform_af_016,1,Logistic Regression,0.9481507735393342,1
mimic_perform_af_016,1,Logistic Regression,0.8460076457917451,1
mimic_perform_af_016,1,Logistic Regression,0.9304163718752662,1
mimic_perform_af_016,1,Logistic Regression,0.9440642709490071,1
mimic_perform_af_016,1,Logistic Regression,0.991639530656851,1
mimic_perform_af_016,1,Logistic Regression,0.9855995194867003,1
mimic_perform_af_016,1,Logistic Regression,0.9454376738391184,1
mimic_perform_af_016,1,Logistic Regression,0.7942047985261335,1
mimic_perform_af_016,1,Logistic Regression,0.5767339456361247,1
mimic_perform_af_016,1,Logistic Regression,0.3025631663387529,0
mimic_perform_af_016,1,Logistic Regression,0.2597369367942063,0
mimic_perform_af_016,1,Logistic Regression,0.45679010136645093,0
mimic_perform_af_016,1,Logistic Regression,0.3309556327079456,0
mimic_perform_af_016,1,Logistic Regression,0.2890353236431581,0
mimic_perform_af_016,1,Logistic Regression,0.15947867794090947,0
mimic_perform_af_016,1,Logistic Regression,0.9255658013097753,1
mimic_perform_af_016,1,Logistic Regression,0.8995127058625279,1
mimic_perform_af_016,1,Logistic Regression,0.9306118223951882,1
mimic_perform_af_016,1,Logistic Regression,0.9327794278447955,1
mimic_perform_af_016,1,Logistic Regression,0.9362278367533806,1
mimic_perform_af_016,1,Logistic Regression,0.9190931574071204,1
mimic_perform_af_016,1,Logistic Regression,0.9319745204558866,1
mimic_perform_af_016,1,Logistic Regression,0.9160434130021116,1
mimic_perform_af_016,1,Logistic Regression,0.7306422025641671,1
mimic_perform_af_016,1,Logistic Regression,0.5611742121766052,1
mimic_perform_af_016,1,Logistic Regression,0.5288038668156513,1
mimic_perform_af_016,1,Logistic Regression,0.8120285537677587,1
mimic_perform_af_016,1,Logistic Regression,0.9009847368785815,1
mimic_perform_af_016,1,Logistic Regression,0.9521377684166206,1
mimic_perform_af_016,1,Logistic Regression,0.8811185103741497,1
mimic_perform_af_016,1,Logistic Regression,0.8219836025793492,1
mimic_perform_af_016,1,Logistic Regression,0.7503808601407432,1
mimic_perform_af_016,1,Logistic Regression,0.9342811659397613,1
mimic_perform_af_016,1,Logistic Regression,0.9570596235554687,1
mimic_perform_af_016,1,Logistic Regression,0.91457588551152,1
mimic_perform_af_016,1,Logistic Regression,0.7428847886322917,1
mimic_perform_af_016,1,Logistic Regression,0.8072066196671095,1
mimic_perform_af_016,1,Logistic Regression,0.8898589041429708,1
mimic_perform_af_016,1,Logistic Regression,0.9401197668236013,1
mimic_perform_af_016,1,Logistic Regression,0.925927507072407,1
mimic_perform_af_016,1,Logistic Regression,0.871751287511824,1
mimic_perform_af_016,1,Logistic Regression,0.8928651108700922,1
mimic_perform_af_016,1,Logistic Regression,0.9254441336571568,1
mimic_perform_af_016,1,Logistic Regression,0.9624436029858061,1
mimic_perform_af_016,1,Logistic Regression,0.9612806968164928,1
mimic_perform_af_016,1,Logistic Regression,0.9136369074991977,1
mimic_perform_af_016,1,Logistic Regression,0.9148042267568137,1
mimic_perform_af_016,1,Logistic Regression,0.8291269459979311,1
mimic_perform_af_016,1,Logistic Regression,0.8404285346466501,1
mimic_perform_af_016,1,Logistic Regression,0.7952643291833511,1
mimic_perform_af_016,1,Logistic Regression,0.9400986246747283,1
mimic_perform_af_016,1,Logistic Regression,0.857844042970151,1
mimic_perform_af_016,1,Logistic Regression,0.9115526708491635,1
mimic_perform_af_016,1,Logistic Regression,0.8828212966605904,1
mimic_perform_af_016,1,Logistic Regression,0.8919189724714908,1
mimic_perform_af_016,1,Logistic Regression,0.8030215013726473,1
mimic_perform_af_016,1,Logistic Regression,0.8837725950381305,1
mimic_perform_af_016,1,Logistic Regression,0.9612750780708266,1
mimic_perform_af_016,1,Logistic Regression,0.9871982926209217,1
mimic_perform_af_016,1,Logistic Regression,0.9730366244241729,1
mimic_perform_af_016,1,Logistic Regression,0.9351085473025105,1
mimic_perform_af_016,1,Logistic Regression,0.9462163384117197,1
mimic_perform_af_016,1,Logistic Regression,0.9745521278533859,1
mimic_perform_af_016,1,Logistic Regression,0.986550224689734,1
mimic_perform_af_016,1,Logistic Regression,0.9839792544740963,1
mimic_perform_af_016,1,Logistic Regression,0.9715038802164487,1
mimic_perform_af_016,1,Logistic Regression,0.964683585785516,1
mimic_perform_af_016,1,Logistic Regression,0.9597716330238457,1
mimic_perform_af_016,1,Logistic Regression,0.9731486504722163,1
mimic_perform_af_016,1,Logistic Regression,0.9869651946648854,1
mimic_perform_af_016,1,Logistic Regression,0.9783067445582673,1
mimic_perform_af_016,1,Logistic Regression,0.9657127602302537,1
mimic_perform_af_016,1,Logistic Regression,0.9624712569136613,1
mimic_perform_af_016,1,Logistic Regression,0.9657793113824605,1
mimic_perform_af_016,1,Logistic Regression,0.9271209067043787,1
mimic_perform_af_016,1,Logistic Regression,0.9455737632082911,1
mimic_perform_af_016,1,Logistic Regression,0.9389481477187401,1
mimic_perform_af_016,1,Logistic Regression,0.9098964941029857,1
mimic_perform_af_016,1,Logistic Regression,0.7981530365390554,1
mimic_perform_af_016,1,Logistic Regression,0.6849644587443204,1
mimic_perform_af_016,1,Logistic Regression,0.8706015618167151,1
mimic_perform_af_016,1,Logistic Regression,0.9059973140068934,1
mimic_perform_af_016,1,Logistic Regression,0.8580897962449211,1
mimic_perform_af_016,1,Logistic Regression,0.9115477716810851,1
mimic_perform_af_016,1,Logistic Regression,0.8958733163665458,1
mimic_perform_af_016,1,Logistic Regression,0.4632880372804299,0
mimic_perform_af_016,1,Logistic Regression,0.32527701064884146,0
mimic_perform_af_016,1,Logistic Regression,0.5885312721371043,1
mimic_perform_af_016,1,Logistic Regression,0.862492310894518,1
mimic_perform_af_016,1,Logistic Regression,0.8645049392856703,1
mimic_perform_af_016,1,Logistic Regression,0.7876636879218829,1
mimic_perform_af_016,1,Logistic Regression,0.9783701674207442,1
mimic_perform_af_016,1,Logistic Regression,0.966022841767183,1
mimic_perform_af_016,1,Logistic Regression,0.9751092388087158,1
mimic_perform_af_016,1,Logistic Regression,0.9312627710264965,1
mimic_perform_af_016,1,Logistic Regression,0.9165588272071116,1
mimic_perform_af_016,1,Logistic Regression,0.9310897216816051,1
mimic_perform_af_016,1,Logistic Regression,0.9378198694995094,1
mimic_perform_af_016,1,Logistic Regression,0.979515123176499,1
mimic_perform_af_016,1,Logistic Regression,0.960558185120705,1
mimic_perform_af_016,1,Logistic Regression,0.9430448479993799,1
mimic_perform_af_016,1,Logistic Regression,0.9495654095398325,1
mimic_perform_af_016,1,Logistic Regression,0.9682677921175801,1
mimic_perform_af_016,1,Logistic Regression,0.9414209077677946,1
mimic_perform_af_016,1,Logistic Regression,0.9022768992146977,1
mimic_perform_af_016,1,Logistic Regression,0.7422265440733221,1
mimic_perform_af_016,1,Logistic Regression,0.9113975067437453,1
mimic_perform_af_016,1,Logistic Regression,0.9302543442493222,1
mimic_perform_af_016,1,Logistic Regression,0.984583056595943,1
mimic_perform_af_016,1,Logistic Regression,0.9930921916273892,1
mimic_perform_af_016,1,Logistic Regression,0.9948860220627259,1
mimic_perform_af_016,1,Logistic Regression,0.9865612970299464,1
mimic_perform_af_016,1,Logistic Regression,0.9441218450586166,1
mimic_perform_af_017,1,Logistic Regression,0.9413980238271268,1
mimic_perform_af_017,1,Logistic Regression,0.9754967684807258,1
mimic_perform_af_017,1,Logistic Regression,0.9869932322559427,1
mimic_perform_af_017,1,Logistic Regression,0.9902579443003374,1
mimic_perform_af_017,1,Logistic Regression,0.9652964245259068,1
mimic_perform_af_017,1,Logistic Regression,0.927316081866723,1
mimic_perform_af_017,1,Logistic Regression,0.88322524347486,1
mimic_perform_af_017,1,Logistic Regression,0.9387586146740649,1
mimic_perform_af_017,1,Logistic Regression,0.9845993939119266,1
mimic_perform_af_017,1,Logistic Regression,0.986352567593886,1
mimic_perform_af_017,1,Logistic Regression,0.9837079511731448,1
mimic_perform_af_017,1,Logistic Regression,0.9588161534709628,1
mimic_perform_af_017,1,Logistic Regression,0.9660378888497929,1
mimic_perform_af_017,1,Logistic Regression,0.9502229330907067,1
mimic_perform_af_017,1,Logistic Regression,0.9651643107305785,1
mimic_perform_af_017,1,Logistic Regression,0.9880447128706016,1
mimic_perform_af_017,1,Logistic Regression,0.9934330721109026,1
mimic_perform_af_017,1,Logistic Regression,0.9940589714996125,1
mimic_perform_af_017,1,Logistic Regression,0.9823848820710618,1
mimic_perform_af_017,1,Logistic Regression,0.9389351393899186,1
mimic_perform_af_017,1,Logistic Regression,0.840802150206666,1
mimic_perform_af_017,1,Logistic Regression,0.9012238210336103,1
mimic_perform_af_017,1,Logistic Regression,0.9790064017168846,1
mimic_perform_af_017,1,Logistic Regression,0.9916655269937573,1
mimic_perform_af_017,1,Logistic Regression,0.975139626021161,1
mimic_perform_af_017,1,Logistic Regression,0.9460201815761633,1
mimic_perform_af_017,1,Logistic Regression,0.8699982420757781,1
mimic_perform_af_017,1,Logistic Regression,0.9310774670298398,1
mimic_perform_af_017,1,Logistic Regression,0.9643621838825561,1
mimic_perform_af_017,1,Logistic Regression,0.9850722066037086,1
mimic_perform_af_017,1,Logistic Regression,0.9483735726312128,1
mimic_perform_af_017,1,Logistic Regression,0.9351072277552976,1
mimic_perform_af_017,1,Logistic Regression,0.951483393808009,1
mimic_perform_af_017,1,Logistic Regression,0.9798800441271343,1
mimic_perform_af_017,1,Logistic Regression,0.9943189659398122,1
mimic_perform_af_017,1,Logistic Regression,0.9879998621445788,1
mimic_perform_af_017,1,Logistic Regression,0.9849820665467676,1
mimic_perform_af_017,1,Logistic Regression,0.9098228637011966,1
mimic_perform_af_017,1,Logistic Regression,0.8578637645106838,1
mimic_perform_af_017,1,Logistic Regression,0.8990767955335125,1
mimic_perform_af_017,1,Logistic Regression,0.9535219098476273,1
mimic_perform_af_017,1,Logistic Regression,0.9680002360400666,1
mimic_perform_af_017,1,Logistic Regression,0.9772663508343492,1
mimic_perform_af_017,1,Logistic Regression,0.9736919882435054,1
mimic_perform_af_017,1,Logistic Regression,0.9742414669865158,1
mimic_perform_af_017,1,Logistic Regression,0.9513713923577455,1
mimic_perform_af_017,1,Logistic Regression,0.9559046530841445,1
mimic_perform_af_017,1,Logistic Regression,0.9751019447650577,1
mimic_perform_af_017,1,Logistic Regression,0.986496263703352,1
mimic_perform_af_017,1,Logistic Regression,0.9644295149136778,1
mimic_perform_af_017,1,Logistic Regression,0.965593071410392,1
mimic_perform_af_017,1,Logistic Regression,0.979466767031033,1
mimic_perform_af_017,1,Logistic Regression,0.9903975219397118,1
mimic_perform_af_017,1,Logistic Regression,0.9879037156570812,1
mimic_perform_af_017,1,Logistic Regression,0.9742886006623803,1
mimic_perform_af_017,1,Logistic Regression,0.9761216348132841,1
mimic_perform_af_017,1,Logistic Regression,0.9534042941880518,1
mimic_perform_af_017,1,Logistic Regression,0.7557121875261187,1
mimic_perform_af_017,1,Logistic Regression,0.7568317963176443,1
mimic_perform_af_017,1,Logistic Regression,0.8767354830000881,1
mimic_perform_af_017,1,Logistic Regression,0.9895201690882195,1
mimic_perform_af_017,1,Logistic Regression,0.9852238881335939,1
mimic_perform_af_017,1,Logistic Regression,0.9928087887353987,1
mimic_perform_af_017,1,Logistic Regression,0.9700034719015296,1
mimic_perform_af_017,1,Logistic Regression,0.9224942589613727,1
mimic_perform_af_017,1,Logistic Regression,0.8056180176514013,1
mimic_perform_af_017,1,Logistic Regression,0.7218989691063309,1
mimic_perform_af_017,1,Logistic Regression,0.7851554198506313,1
mimic_perform_af_017,1,Logistic Regression,0.8601837679654356,1
mimic_perform_af_017,1,Logistic Regression,0.9504583235435641,1
mimic_perform_af_017,1,Logistic Regression,0.966449853242271,1
mimic_perform_af_017,1,Logistic Regression,0.9703246794941679,1
mimic_perform_af_017,1,Logistic Regression,0.9833269894342106,1
mimic_perform_af_017,1,Logistic Regression,0.9874138588977293,1
mimic_perform_af_017,1,Logistic Regression,0.9698614794606394,1
mimic_perform_af_017,1,Logistic Regression,0.8186894320515571,1
mimic_perform_af_017,1,Logistic Regression,0.8609478329257252,1
mimic_perform_af_017,1,Logistic Regression,0.8600827721715387,1
mimic_perform_af_017,1,Logistic Regression,0.9280002258774596,1
mimic_perform_af_017,1,Logistic Regression,0.9031051175839503,1
mimic_perform_af_017,1,Logistic Regression,0.9705018694098345,1
mimic_perform_af_017,1,Logistic Regression,0.9813688569064021,1
mimic_perform_af_017,1,Logistic Regression,0.9800191376859525,1
mimic_perform_af_017,1,Logistic Regression,0.9853569083818378,1
mimic_perform_af_017,1,Logistic Regression,0.9856869759436078,1
mimic_perform_af_017,1,Logistic Regression,0.978583715102112,1
mimic_perform_af_017,1,Logistic Regression,0.9669740286850558,1
mimic_perform_af_017,1,Logistic Regression,0.9641127188906764,1
mimic_perform_af_017,1,Logistic Regression,0.9134164375883276,1
mimic_perform_af_017,1,Logistic Regression,0.917017273423946,1
mimic_perform_af_017,1,Logistic Regression,0.9323305189646122,1
mimic_perform_af_017,1,Logistic Regression,0.9131044469620319,1
mimic_perform_af_017,1,Logistic Regression,0.8621196124215293,1
mimic_perform_af_017,1,Logistic Regression,0.9296836893350443,1
mimic_perform_af_017,1,Logistic Regression,0.952948613134671,1
mimic_perform_af_017,1,Logistic Regression,0.9885311243891779,1
mimic_perform_af_017,1,Logistic Regression,0.9905371344102969,1
mimic_perform_af_017,1,Logistic Regression,0.9842543276505301,1
mimic_perform_af_017,1,Logistic Regression,0.9580819085579502,1
mimic_perform_af_017,1,Logistic Regression,0.9329326782306201,1
mimic_perform_af_017,1,Logistic Regression,0.9616876814849504,1
mimic_perform_af_017,1,Logistic Regression,0.9836790668584064,1
mimic_perform_af_017,1,Logistic Regression,0.9918054619638036,1
mimic_perform_af_017,1,Logistic Regression,0.9891911936030859,1
mimic_perform_af_017,1,Logistic Regression,0.9871107562111789,1
mimic_perform_af_017,1,Logistic Regression,0.9639230710284812,1
mimic_perform_af_017,1,Logistic Regression,0.9606931921629002,1
mimic_perform_af_017,1,Logistic Regression,0.9795089005581893,1
mimic_perform_af_017,1,Logistic Regression,0.9830400697880871,1
mimic_perform_af_017,1,Logistic Regression,0.9688355747801156,1
mimic_perform_af_017,1,Logistic Regression,0.9801093724200215,1
mimic_perform_af_017,1,Logistic Regression,0.9887293809268527,1
mimic_perform_af_017,1,Logistic Regression,0.9090457358604893,1
mimic_perform_af_017,1,Logistic Regression,0.2717827486525614,0
mimic_perform_af_017,1,Logistic Regression,0.0491344655829932,0
mimic_perform_af_017,1,Logistic Regression,0.030386232058379772,0
mimic_perform_af_017,1,Logistic Regression,0.03545593852223146,0
mimic_perform_af_017,1,Logistic Regression,0.05587892702965534,0
mimic_perform_af_018,1,Logistic Regression,0.9920970356207264,1
mimic_perform_af_018,1,Logistic Regression,0.9946813917371246,1
mimic_perform_af_018,1,Logistic Regression,0.9916276827975661,1
mimic_perform_af_018,1,Logistic Regression,0.9951442696947413,1
mimic_perform_af_018,1,Logistic Regression,0.9888699418963718,1
mimic_perform_af_018,1,Logistic Regression,0.9737755416375156,1
mimic_perform_af_018,1,Logistic Regression,0.9659373712349121,1
mimic_perform_af_018,1,Logistic Regression,0.9598101290416639,1
mimic_perform_af_018,1,Logistic Regression,0.9500242098339329,1
mimic_perform_af_018,1,Logistic Regression,0.9366749949713632,1
mimic_perform_af_018,1,Logistic Regression,0.9663872373567616,1
mimic_perform_af_018,1,Logistic Regression,0.9820139039918578,1
mimic_perform_af_018,1,Logistic Regression,0.9857206972612337,1
mimic_perform_af_018,1,Logistic Regression,0.9689655069455169,1
mimic_perform_af_018,1,Logistic Regression,0.9359855704658674,1
mimic_perform_af_018,1,Logistic Regression,0.9562678925384538,1
mimic_perform_af_018,1,Logistic Regression,0.9621445872189066,1
mimic_perform_af_018,1,Logistic Regression,0.9780649137881076,1
mimic_perform_af_018,1,Logistic Regression,0.9768792600106961,1
mimic_perform_af_018,1,Logistic Regression,0.9825521442233064,1
mimic_perform_af_018,1,Logistic Regression,0.9747347573502405,1
mimic_perform_af_018,1,Logistic Regression,0.9730996893730469,1
mimic_perform_af_018,1,Logistic Regression,0.9851412531625815,1
mimic_perform_af_018,1,Logistic Regression,0.9844406579802277,1
mimic_perform_af_018,1,Logistic Regression,0.9896656675632266,1
mimic_perform_af_018,1,Logistic Regression,0.9787065523751132,1
mimic_perform_af_018,1,Logistic Regression,0.9829137675755418,1
mimic_perform_af_018,1,Logistic Regression,0.9707533725728792,1
mimic_perform_af_018,1,Logistic Regression,0.9648953746356406,1
mimic_perform_af_018,1,Logistic Regression,0.9315626868028486,1
mimic_perform_af_018,1,Logistic Regression,0.9621333657754281,1
mimic_perform_af_018,1,Logistic Regression,0.9498485987344126,1
mimic_perform_af_018,1,Logistic Regression,0.9739925894271162,1
mimic_perform_af_018,1,Logistic Regression,0.9754154191008568,1
mimic_perform_af_018,1,Logistic Regression,0.9657583878937461,1
mimic_perform_af_018,1,Logistic Regression,0.973546640086821,1
mimic_perform_af_018,1,Logistic Regression,0.952042422767911,1
mimic_perform_af_018,1,Logistic Regression,0.9623443007890078,1
mimic_perform_af_018,1,Logistic Regression,0.9712311215944728,1
mimic_perform_af_018,1,Logistic Regression,0.9798800869725798,1
mimic_perform_af_018,1,Logistic Regression,0.9683458085272887,1
mimic_perform_af_018,1,Logistic Regression,0.982119001774336,1
mimic_perform_af_018,1,Logistic Regression,0.9230908647804521,1
mimic_perform_af_018,1,Logistic Regression,0.9844983182712842,1
mimic_perform_af_018,1,Logistic Regression,0.9772971801105466,1
mimic_perform_af_018,1,Logistic Regression,0.9865204759436093,1
mimic_perform_af_018,1,Logistic Regression,0.983428369232855,1
mimic_perform_af_018,1,Logistic Regression,0.9685601536200579,1
mimic_perform_af_018,1,Logistic Regression,0.9052555161979396,1
mimic_perform_af_018,1,Logistic Regression,0.8646025531109042,1
mimic_perform_af_018,1,Logistic Regression,0.8694600296106147,1
mimic_perform_af_018,1,Logistic Regression,0.9471961311368211,1
mimic_perform_af_018,1,Logistic Regression,0.9614500654471301,1
mimic_perform_af_018,1,Logistic Regression,0.9755923520461038,1
mimic_perform_af_018,1,Logistic Regression,0.9753083745360913,1
mimic_perform_af_018,1,Logistic Regression,0.9787296019224614,1
mimic_perform_af_018,1,Logistic Regression,0.9852263293571187,1
mimic_perform_af_018,1,Logistic Regression,0.9702190052721882,1
mimic_perform_af_018,1,Logistic Regression,0.9791695267802699,1
mimic_perform_af_018,1,Logistic Regression,0.9608340796564604,1
mimic_perform_af_018,1,Logistic Regression,0.9578275822599122,1
mimic_perform_af_018,1,Logistic Regression,0.9692206620230022,1
mimic_perform_af_018,1,Logistic Regression,0.9634225634582225,1
mimic_perform_af_018,1,Logistic Regression,0.9865276643842472,1
mimic_perform_af_018,1,Logistic Regression,0.9844444706094838,1
mimic_perform_af_018,1,Logistic Regression,0.9544692881157896,1
mimic_perform_af_018,1,Logistic Regression,0.9364335019822071,1
mimic_perform_af_018,1,Logistic Regression,0.9458206603470967,1
mimic_perform_af_018,1,Logistic Regression,0.975287850388294,1
mimic_perform_af_018,1,Logistic Regression,0.9669874776621293,1
mimic_perform_af_018,1,Logistic Regression,0.9648743662548867,1
mimic_perform_af_018,1,Logistic Regression,0.9621777384158122,1
mimic_perform_af_018,1,Logistic Regression,0.9692636252445441,1
mimic_perform_af_018,1,Logistic Regression,0.9816487916335334,1
mimic_perform_af_018,1,Logistic Regression,0.9442399581189329,1
mimic_perform_af_018,1,Logistic Regression,0.9285541802740266,1
mimic_perform_af_018,1,Logistic Regression,0.9334455846390325,1
mimic_perform_af_018,1,Logistic Regression,0.9638174954931651,1
mimic_perform_af_018,1,Logistic Regression,0.9689601995232919,1
mimic_perform_af_018,1,Logistic Regression,0.9507609710431848,1
mimic_perform_af_018,1,Logistic Regression,0.9596896877662915,1
mimic_perform_af_018,1,Logistic Regression,0.9582700933232532,1
mimic_perform_af_018,1,Logistic Regression,0.9709401245207808,1
mimic_perform_af_018,1,Logistic Regression,0.983013044462917,1
mimic_perform_af_018,1,Logistic Regression,0.9812181694950232,1
mimic_perform_af_018,1,Logistic Regression,0.9613953161215445,1
mimic_perform_af_018,1,Logistic Regression,0.9723806803595921,1
mimic_perform_af_018,1,Logistic Regression,0.9633621953352263,1
mimic_perform_af_018,1,Logistic Regression,0.9769187253417002,1
mimic_perform_af_018,1,Logistic Regression,0.9858890296594025,1
mimic_perform_af_018,1,Logistic Regression,0.9524782930135745,1
mimic_perform_af_018,1,Logistic Regression,0.9313167689130996,1
mimic_perform_af_018,1,Logistic Regression,0.8280630421493167,1
mimic_perform_af_018,1,Logistic Regression,0.9179103677630143,1
mimic_perform_af_018,1,Logistic Regression,0.947742714575889,1
mimic_perform_af_018,1,Logistic Regression,0.973176570817007,1
mimic_perform_af_018,1,Logistic Regression,0.9816830270165998,1
mimic_perform_af_018,1,Logistic Regression,0.9754243100116121,1
mimic_perform_af_018,1,Logistic Regression,0.9457012541055684,1
mimic_perform_af_018,1,Logistic Regression,0.9531983083916765,1
mimic_perform_af_018,1,Logistic Regression,0.9424450252680954,1
mimic_perform_af_018,1,Logistic Regression,0.9227327482336772,1
mimic_perform_af_018,1,Logistic Regression,0.9450763102979037,1
mimic_perform_af_018,1,Logistic Regression,0.9593804051598853,1
mimic_perform_af_018,1,Logistic Regression,0.9879118440530826,1
mimic_perform_af_018,1,Logistic Regression,0.970214006270891,1
mimic_perform_af_018,1,Logistic Regression,0.9632406455633897,1
mimic_perform_af_018,1,Logistic Regression,0.9514440920497097,1
mimic_perform_af_018,1,Logistic Regression,0.9524351364981969,1
mimic_perform_af_018,1,Logistic Regression,0.86920534719442,1
mimic_perform_af_018,1,Logistic Regression,0.9382962440434445,1
mimic_perform_af_018,1,Logistic Regression,0.9801171653877297,1
mimic_perform_af_018,1,Logistic Regression,0.9863018050561595,1
mimic_perform_af_018,1,Logistic Regression,0.9704233793636775,1
mimic_perform_af_018,1,Logistic Regression,0.9680119215335911,1
mimic_perform_af_018,1,Logistic Regression,0.9722105199336869,1
mimic_perform_af_018,1,Logistic Regression,0.9833225222588234,1
mimic_perform_af_018,1,Logistic Regression,0.9759408095399426,1
mimic_perform_af_019,1,Logistic Regression,0.8742275447462856,1
mimic_perform_af_019,1,Logistic Regression,0.95438553709715,1
mimic_perform_af_019,1,Logistic Regression,0.9641402630787115,1
mimic_perform_af_019,1,Logistic Regression,0.9827593499067747,1
mimic_perform_af_019,1,Logistic Regression,0.9846501492811817,1
mimic_perform_af_019,1,Logistic Regression,0.9696102336423346,1
mimic_perform_af_019,1,Logistic Regression,0.9654940076684887,1
mimic_perform_af_019,1,Logistic Regression,0.9796796958717326,1
mimic_perform_af_019,1,Logistic Regression,0.9741105929207997,1
mimic_perform_af_019,1,Logistic Regression,0.9719617289469838,1
mimic_perform_af_019,1,Logistic Regression,0.947501626769229,1
mimic_perform_af_019,1,Logistic Regression,0.9431582244263605,1
mimic_perform_af_019,1,Logistic Regression,0.9577552119771888,1
mimic_perform_af_019,1,Logistic Regression,0.9102626344634183,1
mimic_perform_af_019,1,Logistic Regression,0.9162331985131269,1
mimic_perform_af_019,1,Logistic Regression,0.8857155768767956,1
mimic_perform_af_019,1,Logistic Regression,0.9472256008089618,1
mimic_perform_af_019,1,Logistic Regression,0.9152821838886075,1
mimic_perform_af_019,1,Logistic Regression,0.9042773487449076,1
mimic_perform_af_019,1,Logistic Regression,0.82899481936213,1
mimic_perform_af_019,1,Logistic Regression,0.9058071084761254,1
mimic_perform_af_019,1,Logistic Regression,0.9473661256330742,1
mimic_perform_af_019,1,Logistic Regression,0.9440223446846921,1
mimic_perform_af_019,1,Logistic Regression,0.9588812487430476,1
mimic_perform_af_019,1,Logistic Regression,0.9470950825108316,1
mimic_perform_af_019,1,Logistic Regression,0.9808654904516597,1
mimic_perform_af_019,1,Logistic Regression,0.9682237156291155,1
mimic_perform_af_019,1,Logistic Regression,0.9510400912032257,1
mimic_perform_af_019,1,Logistic Regression,0.7426571472345281,1
mimic_perform_af_019,1,Logistic Regression,0.8549572732849205,1
mimic_perform_af_019,1,Logistic Regression,0.9417495357567305,1
mimic_perform_af_019,1,Logistic Regression,0.9861271389065166,1
mimic_perform_af_019,1,Logistic Regression,0.9848302883577974,1
mimic_perform_af_019,1,Logistic Regression,0.9270787598889344,1
mimic_perform_af_019,1,Logistic Regression,0.9572898936382342,1
mimic_perform_af_019,1,Logistic Regression,0.9599572741820489,1
mimic_perform_af_019,1,Logistic Regression,0.9432749762542695,1
mimic_perform_af_019,1,Logistic Regression,0.9214106789754134,1
mimic_perform_af_019,1,Logistic Regression,0.941208707442975,1
mimic_perform_af_019,1,Logistic Regression,0.9736453941576114,1
mimic_perform_af_019,1,Logistic Regression,0.9784305522855933,1
mimic_perform_af_019,1,Logistic Regression,0.893498698857543,1
mimic_perform_af_019,1,Logistic Regression,0.876943985402096,1
mimic_perform_af_019,1,Logistic Regression,0.7828710182983912,1
mimic_perform_af_019,1,Logistic Regression,0.8514667671099314,1
mimic_perform_af_019,1,Logistic Regression,0.9103897332704315,1
mimic_perform_af_019,1,Logistic Regression,0.9912779404768055,1
mimic_perform_af_019,1,Logistic Regression,0.9837738634685534,1
mimic_perform_af_019,1,Logistic Regression,0.9891616900802974,1
mimic_perform_af_019,1,Logistic Regression,0.9878772910066307,1
mimic_perform_af_019,1,Logistic Regression,0.9925896353522823,1
mimic_perform_af_019,1,Logistic Regression,0.9918151599642202,1
mimic_perform_af_019,1,Logistic Regression,0.9941756392592903,1
mimic_perform_af_019,1,Logistic Regression,0.9952401062086242,1
mimic_perform_af_019,1,Logistic Regression,0.9818368667884398,1
mimic_perform_af_019,1,Logistic Regression,0.9697797607162207,1
mimic_perform_af_019,1,Logistic Regression,0.9712937084994718,1
mimic_perform_af_019,1,Logistic Regression,0.989687316824388,1
mimic_perform_af_019,1,Logistic Regression,0.9893633924572267,1
mimic_perform_af_019,1,Logistic Regression,0.992392381192344,1
mimic_perform_af_019,1,Logistic Regression,0.9695246786083539,1
mimic_perform_af_019,1,Logistic Regression,0.9306033226958693,1
mimic_perform_af_019,1,Logistic Regression,0.9232956783136609,1
mimic_perform_af_019,1,Logistic Regression,0.9906064843151405,1
mimic_perform_af_019,1,Logistic Regression,0.995129816786178,1
mimic_perform_af_019,1,Logistic Regression,0.9879774117146383,1
mimic_perform_af_019,1,Logistic Regression,0.9831619613595403,1
mimic_perform_af_019,1,Logistic Regression,0.9848206844943433,1
mimic_perform_af_019,1,Logistic Regression,0.981677441842628,1
mimic_perform_af_019,1,Logistic Regression,0.9475328151195197,1
mimic_perform_af_019,1,Logistic Regression,0.878528509472171,1
mimic_perform_af_019,1,Logistic Regression,0.6731290311023036,1
mimic_perform_af_019,1,Logistic Regression,0.7001429414630461,1
mimic_perform_af_019,1,Logistic Regression,0.9392315114739828,1
mimic_perform_af_019,1,Logistic Regression,0.9594354840332724,1
mimic_perform_af_019,1,Logistic Regression,0.9341670655726912,1
mimic_perform_af_019,1,Logistic Regression,0.905873827763643,1
mimic_perform_af_019,1,Logistic Regression,0.9547387997839943,1
mimic_perform_af_019,1,Logistic Regression,0.9856205959093433,1
mimic_perform_af_019,1,Logistic Regression,0.9697897256898922,1
mimic_perform_af_019,1,Logistic Regression,0.9574646702336788,1
mimic_perform_af_019,1,Logistic Regression,0.9667679655361376,1
mimic_perform_af_019,1,Logistic Regression,0.9875090342285674,1
mimic_perform_af_019,1,Logistic Regression,0.9915980182129436,1
mimic_perform_af_019,1,Logistic Regression,0.9911783173476911,1
mimic_perform_af_019,1,Logistic Regression,0.9870371634547848,1
mimic_perform_af_019,1,Logistic Regression,0.9855131820939678,1
mimic_perform_af_019,1,Logistic Regression,0.966732845684653,1
mimic_perform_af_019,1,Logistic Regression,0.9112670894269915,1
mimic_perform_af_019,1,Logistic Regression,0.971054518082831,1
mimic_perform_af_019,1,Logistic Regression,0.8233965542052707,1
mimic_perform_af_019,1,Logistic Regression,0.9318418306897788,1
mimic_perform_af_019,1,Logistic Regression,0.8233309649996686,1
mimic_perform_af_019,1,Logistic Regression,0.8871504238062691,1
mimic_perform_af_019,1,Logistic Regression,0.6801049248961993,1
mimic_perform_af_019,1,Logistic Regression,0.8642546052523029,1
mimic_perform_af_019,1,Logistic Regression,0.9067091098604171,1
mimic_perform_af_019,1,Logistic Regression,0.7588444385966001,1
mimic_perform_af_019,1,Logistic Regression,0.8567015147241696,1
mimic_perform_af_019,1,Logistic Regression,0.9167446502869464,1
mimic_perform_af_019,1,Logistic Regression,0.946158775483375,1
mimic_perform_af_019,1,Logistic Regression,0.9624015862266724,1
mimic_perform_af_019,1,Logistic Regression,0.9691493805412347,1
mimic_perform_af_019,1,Logistic Regression,0.9801712920790296,1
mimic_perform_af_019,1,Logistic Regression,0.9226308909839156,1
mimic_perform_af_019,1,Logistic Regression,0.9198227535349263,1
mimic_perform_af_019,1,Logistic Regression,0.8149279772331917,1
mimic_perform_af_019,1,Logistic Regression,0.9252556123856204,1
mimic_perform_af_019,1,Logistic Regression,0.9141023647606511,1
mimic_perform_af_019,1,Logistic Regression,0.8603806610563195,1
mimic_perform_af_019,1,Logistic Regression,0.9447265713607059,1
mimic_perform_af_019,1,Logistic Regression,0.9642342301428418,1
mimic_perform_af_019,1,Logistic Regression,0.9142676695126312,1
mimic_perform_af_019,1,Logistic Regression,0.8063326059904988,1
mimic_perform_af_019,1,Logistic Regression,0.7596438632994305,1
mimic_perform_af_019,1,Logistic Regression,0.9475430412482724,1
mimic_perform_af_019,1,Logistic Regression,0.8854895329371362,1
mimic_perform_af_019,1,Logistic Regression,0.9140078606009366,1
mimic_perform_non_af_001,0,Logistic Regression,0.04522375047439341,0
mimic_perform_non_af_001,0,Logistic Regression,0.02891717683009945,0
mimic_perform_non_af_001,0,Logistic Regression,0.02640616654724304,0
mimic_perform_non_af_001,0,Logistic Regression,0.05305668416121927,0
mimic_perform_non_af_001,0,Logistic Regression,0.01923884386476724,0
mimic_perform_non_af_001,0,Logistic Regression,0.020729631361385854,0
mimic_perform_non_af_001,0,Logistic Regression,0.009771306290462013,0
mimic_perform_non_af_001,0,Logistic Regression,0.004302845980417572,0
mimic_perform_non_af_001,0,Logistic Regression,0.004935395042899297,0
mimic_perform_non_af_001,0,Logistic Regression,0.004977312327018732,0
mimic_perform_non_af_001,0,Logistic Regression,0.01754058695294452,0
mimic_perform_non_af_001,0,Logistic Regression,0.16407268633642472,0
mimic_perform_non_af_001,0,Logistic Regression,0.5533620171394615,1
mimic_perform_non_af_001,0,Logistic Regression,0.14430071400608738,0
mimic_perform_non_af_001,0,Logistic Regression,0.017498911982561365,0
mimic_perform_non_af_001,0,Logistic Regression,0.010175209780309611,0
mimic_perform_non_af_001,0,Logistic Regression,0.020219666903199526,0
mimic_perform_non_af_001,0,Logistic Regression,0.054650549599369325,0
mimic_perform_non_af_001,0,Logistic Regression,0.08896339866153798,0
mimic_perform_non_af_001,0,Logistic Regression,0.17677113363120536,0
mimic_perform_non_af_001,0,Logistic Regression,0.07151685804680939,0
mimic_perform_non_af_001,0,Logistic Regression,0.04548071384658112,0
mimic_perform_non_af_001,0,Logistic Regression,0.014667321660368488,0
mimic_perform_non_af_001,0,Logistic Regression,0.029074214488679348,0
mimic_perform_non_af_001,0,Logistic Regression,0.03689409111256331,0
mimic_perform_non_af_001,0,Logistic Regression,0.05820540011370583,0
mimic_perform_non_af_001,0,Logistic Regression,0.020602523002378935,0
mimic_perform_non_af_001,0,Logistic Regression,0.021013892402920998,0
mimic_perform_non_af_001,0,Logistic Regression,0.0218322342272408,0
mimic_perform_non_af_001,0,Logistic Regression,0.03088375968613383,0
mimic_perform_non_af_001,0,Logistic Regression,0.04403240396296904,0
mimic_perform_non_af_001,0,Logistic Regression,0.015515498603694666,0
mimic_perform_non_af_001,0,Logistic Regression,0.005768400956976991,0
mimic_perform_non_af_001,0,Logistic Regression,0.00863233129939353,0
mimic_perform_non_af_001,0,Logistic Regression,0.012345439389658822,0
mimic_perform_non_af_001,0,Logistic Regression,0.17834117500847466,0
mimic_perform_non_af_001,0,Logistic Regression,0.447311682309501,0
mimic_perform_non_af_001,0,Logistic Regression,0.7001434013575831,1
mimic_perform_non_af_001,0,Logistic Regression,0.5277869342514195,1
mimic_perform_non_af_001,0,Logistic Regression,0.600433645257694,1
mimic_perform_non_af_001,0,Logistic Regression,0.7999244672520545,1
mimic_perform_non_af_001,0,Logistic Regression,0.5104733948060212,1
mimic_perform_non_af_001,0,Logistic Regression,0.29445102370045617,0
mimic_perform_non_af_001,0,Logistic Regression,0.02559724233502245,0
mimic_perform_non_af_001,0,Logistic Regression,0.009194057657306118,0
mimic_perform_non_af_001,0,Logistic Regression,0.003909035399254506,0
mimic_perform_non_af_001,0,Logistic Regression,0.0047436278997540614,0
mimic_perform_non_af_001,0,Logistic Regression,0.005962507544842878,0
mimic_perform_non_af_001,0,Logistic Regression,0.027298087088780273,0
mimic_perform_non_af_001,0,Logistic Regression,0.19819099677870608,0
mimic_perform_non_af_001,0,Logistic Regression,0.24301825231928334,0
mimic_perform_non_af_001,0,Logistic Regression,0.08588659541758897,0
mimic_perform_non_af_001,0,Logistic Regression,0.014648627903042489,0
mimic_perform_non_af_001,0,Logistic Regression,0.011163643856538993,0
mimic_perform_non_af_001,0,Logistic Regression,0.01575620059870764,0
mimic_perform_non_af_001,0,Logistic Regression,0.016137997774252042,0
mimic_perform_non_af_001,0,Logistic Regression,0.015677847824175358,0
mimic_perform_non_af_001,0,Logistic Regression,0.011083128862887556,0
mimic_perform_non_af_001,0,Logistic Regression,0.01613896588420844,0
mimic_perform_non_af_001,0,Logistic Regression,0.011333000249585539,0
mimic_perform_non_af_001,0,Logistic Regression,0.005433940339165183,0
mimic_perform_non_af_001,0,Logistic Regression,0.0038918199681823454,0
mimic_perform_non_af_001,0,Logistic Regression,0.005395762422453214,0
mimic_perform_non_af_001,0,Logistic Regression,0.009261169821579084,0
mimic_perform_non_af_001,0,Logistic Regression,0.020273438429589702,0
mimic_perform_non_af_001,0,Logistic Regression,0.12654267844166367,0
mimic_perform_non_af_001,0,Logistic Regression,0.46960292775578905,0
mimic_perform_non_af_001,0,Logistic Regression,0.22229654306981445,0
mimic_perform_non_af_001,0,Logistic Regression,0.017211035589918676,0
mimic_perform_non_af_001,0,Logistic Regression,0.0049981449098026876,0
mimic_perform_non_af_001,0,Logistic Regression,0.002877073092381639,0
mimic_perform_non_af_001,0,Logistic Regression,0.004126317491915504,0
mimic_perform_non_af_001,0,Logistic Regression,0.009794061153724696,0
mimic_perform_non_af_001,0,Logistic Regression,0.011054828618431038,0
mimic_perform_non_af_001,0,Logistic Regression,0.022377391840619296,0
mimic_perform_non_af_001,0,Logistic Regression,0.02085975379696507,0
mimic_perform_non_af_001,0,Logistic Regression,0.0155310329194666,0
mimic_perform_non_af_001,0,Logistic Regression,0.00817026916480762,0
mimic_perform_non_af_001,0,Logistic Regression,0.025228029245986324,0
mimic_perform_non_af_001,0,Logistic Regression,0.03355778369502803,0
mimic_perform_non_af_001,0,Logistic Regression,0.02326284231857769,0
mimic_perform_non_af_001,0,Logistic Regression,0.0056607783232539574,0
mimic_perform_non_af_001,0,Logistic Regression,0.00396782424627615,0
mimic_perform_non_af_001,0,Logistic Regression,0.011200874277404179,0
mimic_perform_non_af_001,0,Logistic Regression,0.022122225249791412,0
mimic_perform_non_af_001,0,Logistic Regression,0.022890969945268083,0
mimic_perform_non_af_001,0,Logistic Regression,0.009128797215415378,0
mimic_perform_non_af_001,0,Logistic Regression,0.0056743767579608625,0
mimic_perform_non_af_001,0,Logistic Regression,0.005932561477673377,0
mimic_perform_non_af_001,0,Logistic Regression,0.005946963093748732,0
mimic_perform_non_af_001,0,Logistic Regression,0.004512518437753162,0
mimic_perform_non_af_001,0,Logistic Regression,0.004452365108126683,0
mimic_perform_non_af_001,0,Logistic Regression,0.005369097653425772,0
mimic_perform_non_af_001,0,Logistic Regression,0.02334762899319056,0
mimic_perform_non_af_001,0,Logistic Regression,0.02046388337304032,0
mimic_perform_non_af_001,0,Logistic Regression,0.020493452946644588,0
mimic_perform_non_af_001,0,Logistic Regression,0.041825696950574136,0
mimic_perform_non_af_001,0,Logistic Regression,0.33107240302705443,0
mimic_perform_non_af_001,0,Logistic Regression,0.25023271737801156,0
mimic_perform_non_af_001,0,Logistic Regression,0.03475655475951327,0
mimic_perform_non_af_001,0,Logistic Regression,0.005562720976401503,0
mimic_perform_non_af_001,0,Logistic Regression,0.012189542142597612,0
mimic_perform_non_af_001,0,Logistic Regression,0.011975037109630203,0
mimic_perform_non_af_001,0,Logistic Regression,0.005525658455329778,0
mimic_perform_non_af_001,0,Logistic Regression,0.0027046042649646464,0
mimic_perform_non_af_001,0,Logistic Regression,0.01714747163732664,0
mimic_perform_non_af_001,0,Logistic Regression,0.02411264111535582,0
mimic_perform_non_af_001,0,Logistic Regression,0.04708774098543131,0
mimic_perform_non_af_001,0,Logistic Regression,0.03966544197927184,0
mimic_perform_non_af_001,0,Logistic Regression,0.12987185059487535,0
mimic_perform_non_af_001,0,Logistic Regression,0.26560929962802743,0
mimic_perform_non_af_001,0,Logistic Regression,0.476565587993694,0
mimic_perform_non_af_001,0,Logistic Regression,0.35005337019459687,0
mimic_perform_non_af_001,0,Logistic Regression,0.5029864734228197,1
mimic_perform_non_af_001,0,Logistic Regression,0.6290498317809742,1
mimic_perform_non_af_001,0,Logistic Regression,0.6409480536768943,1
mimic_perform_non_af_001,0,Logistic Regression,0.297871469400878,0
mimic_perform_non_af_001,0,Logistic Regression,0.21637991551199193,0
mimic_perform_non_af_002,0,Logistic Regression,0.24434467573843516,0
mimic_perform_non_af_002,0,Logistic Regression,0.07982788490109151,0
mimic_perform_non_af_002,0,Logistic Regression,0.03503244819410567,0
mimic_perform_non_af_002,0,Logistic Regression,0.09981923817189409,0
mimic_perform_non_af_002,0,Logistic Regression,0.222489163844925,0
mimic_perform_non_af_002,0,Logistic Regression,0.45716771581876203,0
mimic_perform_non_af_002,0,Logistic Regression,0.34013793464868897,0
mimic_perform_non_af_002,0,Logistic Regression,0.3222560188648838,0
mimic_perform_non_af_002,0,Logistic Regression,0.5829184824618915,1
mimic_perform_non_af_002,0,Logistic Regression,0.2377305889807722,0
mimic_perform_non_af_002,0,Logistic Regression,0.1850396205205627,0
mimic_perform_non_af_002,0,Logistic Regression,0.13047386891619092,0
mimic_perform_non_af_002,0,Logistic Regression,0.06386549255725968,0
mimic_perform_non_af_002,0,Logistic Regression,0.02740257851955445,0
mimic_perform_non_af_002,0,Logistic Regression,0.01367771974714975,0
mimic_perform_non_af_002,0,Logistic Regression,0.05945805971738512,0
mimic_perform_non_af_002,0,Logistic Regression,0.13264686981223406,0
mimic_perform_non_af_002,0,Logistic Regression,0.424508977352313,0
mimic_perform_non_af_002,0,Logistic Regression,0.337019778711689,0
mimic_perform_non_af_002,0,Logistic Regression,0.20143772271829397,0
mimic_perform_non_af_002,0,Logistic Regression,0.13238802010856965,0
mimic_perform_non_af_002,0,Logistic Regression,0.08472776589344627,0
mimic_perform_non_af_002,0,Logistic Regression,0.038622745260046304,0
mimic_perform_non_af_002,0,Logistic Regression,0.03904028497904029,0
mimic_perform_non_af_002,0,Logistic Regression,0.05876040127309597,0
mimic_perform_non_af_002,0,Logistic Regression,0.09095421559645792,0
mimic_perform_non_af_002,0,Logistic Regression,0.017461892506507756,0
mimic_perform_non_af_002,0,Logistic Regression,0.013339801643829632,0
mimic_perform_non_af_002,0,Logistic Regression,0.00986195687626664,0
mimic_perform_non_af_002,0,Logistic Regression,0.029112661612287306,0
mimic_perform_non_af_002,0,Logistic Regression,0.08304758375580273,0
mimic_perform_non_af_002,0,Logistic Regression,0.2800299085307256,0
mimic_perform_non_af_002,0,Logistic Regression,0.2485995797220905,0
mimic_perform_non_af_002,0,Logistic Regression,0.1846554622621565,0
mimic_perform_non_af_002,0,Logistic Regression,0.08047834901918062,0
mimic_perform_non_af_002,0,Logistic Regression,0.09366501140911605,0
mimic_perform_non_af_002,0,Logistic Regression,0.040302451332465725,0
mimic_perform_non_af_002,0,Logistic Regression,0.06511237877619924,0
mimic_perform_non_af_002,0,Logistic Regression,0.050973616156687836,0
mimic_perform_non_af_002,0,Logistic Regression,0.1355005399215353,0
mimic_perform_non_af_002,0,Logistic Regression,0.1699545262328299,0
mimic_perform_non_af_002,0,Logistic Regression,0.12467583671154055,0
mimic_perform_non_af_002,0,Logistic Regression,0.31663818762273993,0
mimic_perform_non_af_002,0,Logistic Regression,0.27049949126767675,0
mimic_perform_non_af_002,0,Logistic Regression,0.510909729833111,1
mimic_perform_non_af_002,0,Logistic Regression,0.15598137786526717,0
mimic_perform_non_af_002,0,Logistic Regression,0.3145445169773564,0
mimic_perform_non_af_002,0,Logistic Regression,0.2505760122302752,0
mimic_perform_non_af_002,0,Logistic Regression,0.13046134378510155,0
mimic_perform_non_af_002,0,Logistic Regression,0.2413248377959279,0
mimic_perform_non_af_002,0,Logistic Regression,0.23445112072193727,0
mimic_perform_non_af_002,0,Logistic Regression,0.08889634995531136,0
mimic_perform_non_af_002,0,Logistic Regression,0.1166766176388081,0
mimic_perform_non_af_002,0,Logistic Regression,0.17253606666176827,0
mimic_perform_non_af_002,0,Logistic Regression,0.32077746138470886,0
mimic_perform_non_af_002,0,Logistic Regression,0.1607480034155544,0
mimic_perform_non_af_002,0,Logistic Regression,0.2565295818946102,0
mimic_perform_non_af_002,0,Logistic Regression,0.564604234599832,1
mimic_perform_non_af_002,0,Logistic Regression,0.27291423588471087,0
mimic_perform_non_af_002,0,Logistic Regression,0.42524009539257723,0
mimic_perform_non_af_002,0,Logistic Regression,0.3276108971842391,0
mimic_perform_non_af_002,0,Logistic Regression,0.5012340795951542,1
mimic_perform_non_af_002,0,Logistic Regression,0.5183159262315343,1
mimic_perform_non_af_002,0,Logistic Regression,0.32050125317306005,0
mimic_perform_non_af_002,0,Logistic Regression,0.1954151910730793,0
mimic_perform_non_af_002,0,Logistic Regression,0.08854601743708261,0
mimic_perform_non_af_002,0,Logistic Regression,0.042805383868903465,0
mimic_perform_non_af_002,0,Logistic Regression,0.09134069197753471,0
mimic_perform_non_af_002,0,Logistic Regression,0.0874211286217966,0
mimic_perform_non_af_002,0,Logistic Regression,0.0866932347475583,0
mimic_perform_non_af_002,0,Logistic Regression,0.05641738878866083,0
mimic_perform_non_af_002,0,Logistic Regression,0.08764619602579787,0
mimic_perform_non_af_002,0,Logistic Regression,0.11470896302605398,0
mimic_perform_non_af_002,0,Logistic Regression,0.03986218435609358,0
mimic_perform_non_af_002,0,Logistic Regression,0.07968047039755788,0
mimic_perform_non_af_002,0,Logistic Regression,0.0903887650086219,0
mimic_perform_non_af_002,0,Logistic Regression,0.08209383611160694,0
mimic_perform_non_af_002,0,Logistic Regression,0.042267191137620404,0
mimic_perform_non_af_002,0,Logistic Regression,0.371277420992107,0
mimic_perform_non_af_002,0,Logistic Regression,0.4087247671215555,0
mimic_perform_non_af_002,0,Logistic Regression,0.35154941460648503,0
mimic_perform_non_af_002,0,Logistic Regression,0.07584397891811091,0
mimic_perform_non_af_002,0,Logistic Regression,0.0984896141814443,0
mimic_perform_non_af_002,0,Logistic Regression,0.2959964792820914,0
mimic_perform_non_af_002,0,Logistic Regression,0.21159866160392402,0
mimic_perform_non_af_002,0,Logistic Regression,0.16380418531435995,0
mimic_perform_non_af_002,0,Logistic Regression,0.10116550943686409,0
mimic_perform_non_af_002,0,Logistic Regression,0.022745544358157,0
mimic_perform_non_af_002,0,Logistic Regression,0.004889518425939014,0
mimic_perform_non_af_002,0,Logistic Regression,0.0035086650235670166,0
mimic_perform_non_af_002,0,Logistic Regression,0.007242347099883452,0
mimic_perform_non_af_002,0,Logistic Regression,0.061350613827576846,0
mimic_perform_non_af_002,0,Logistic Regression,0.40603468768254714,0
mimic_perform_non_af_002,0,Logistic Regression,0.6512766880574319,1
mimic_perform_non_af_002,0,Logistic Regression,0.3100561108925685,0
mimic_perform_non_af_002,0,Logistic Regression,0.06497075269307778,0
mimic_perform_non_af_002,0,Logistic Regression,0.01766098545235317,0
mimic_perform_non_af_002,0,Logistic Regression,0.04064360402848576,0
mimic_perform_non_af_002,0,Logistic Regression,0.20140192988076175,0
mimic_perform_non_af_002,0,Logistic Regression,0.5285638865802662,1
mimic_perform_non_af_002,0,Logistic Regression,0.609437275545261,1
mimic_perform_non_af_002,0,Logistic Regression,0.6086453529692236,1
mimic_perform_non_af_002,0,Logistic Regression,0.4183993973124968,0
mimic_perform_non_af_002,0,Logistic Regression,0.6053350068031165,1
mimic_perform_non_af_002,0,Logistic Regression,0.6194786443824257,1
mimic_perform_non_af_002,0,Logistic Regression,0.6294697778734758,1
mimic_perform_non_af_002,0,Logistic Regression,0.5662393712845823,1
mimic_perform_non_af_002,0,Logistic Regression,0.3556440594897043,0
mimic_perform_non_af_002,0,Logistic Regression,0.4392661027257713,0
mimic_perform_non_af_002,0,Logistic Regression,0.24462580415451715,0
mimic_perform_non_af_002,0,Logistic Regression,0.6155046907762671,1
mimic_perform_non_af_002,0,Logistic Regression,0.6003992128921245,1
mimic_perform_non_af_002,0,Logistic Regression,0.7309730702042441,1
mimic_perform_non_af_002,0,Logistic Regression,0.7538138990856127,1
mimic_perform_non_af_002,0,Logistic Regression,0.803106105497685,1
mimic_perform_non_af_002,0,Logistic Regression,0.6785242334598653,1
mimic_perform_non_af_002,0,Logistic Regression,0.7054909535976739,1
mimic_perform_non_af_002,0,Logistic Regression,0.46446288596160595,0
mimic_perform_non_af_003,0,Logistic Regression,0.016755102234207956,0
mimic_perform_non_af_003,0,Logistic Regression,0.03419390576976158,0
mimic_perform_non_af_003,0,Logistic Regression,0.030581842923547146,0
mimic_perform_non_af_003,0,Logistic Regression,0.031118244592523932,0
mimic_perform_non_af_003,0,Logistic Regression,0.016926124583271782,0
mimic_perform_non_af_003,0,Logistic Regression,0.010552142030657786,0
mimic_perform_non_af_003,0,Logistic Regression,0.022602614288657844,0
mimic_perform_non_af_003,0,Logistic Regression,0.026290805370967306,0
mimic_perform_non_af_003,0,Logistic Regression,0.019553844588092093,0
mimic_perform_non_af_003,0,Logistic Regression,0.03161776321289998,0
mimic_perform_non_af_003,0,Logistic Regression,0.058988213146265754,0
mimic_perform_non_af_003,0,Logistic Regression,0.062389805954886,0
mimic_perform_non_af_003,0,Logistic Regression,0.016809168049346672,0
mimic_perform_non_af_003,0,Logistic Regression,0.017365838558361074,0
mimic_perform_non_af_003,0,Logistic Regression,0.016702992014742207,0
mimic_perform_non_af_003,0,Logistic Regression,0.017569909712449993,0
mimic_perform_non_af_003,0,Logistic Regression,0.017683571360323964,0
mimic_perform_non_af_003,0,Logistic Regression,0.03360925060061284,0
mimic_perform_non_af_003,0,Logistic Regression,0.02914977622882617,0
mimic_perform_non_af_003,0,Logistic Regression,0.02826112117303116,0
mimic_perform_non_af_003,0,Logistic Regression,0.01621641866274511,0
mimic_perform_non_af_003,0,Logistic Regression,0.016336420794173294,0
mimic_perform_non_af_003,0,Logistic Regression,0.016507465110238706,0
mimic_perform_non_af_003,0,Logistic Regression,0.01705921616330341,0
mimic_perform_non_af_003,0,Logistic Regression,0.024473476716949313,0
mimic_perform_non_af_003,0,Logistic Regression,0.024521551667423636,0
mimic_perform_non_af_003,0,Logistic Regression,0.02084502884661747,0
mimic_perform_non_af_003,0,Logistic Regression,0.015997706876549327,0
mimic_perform_non_af_003,0,Logistic Regression,0.02358859245868751,0
mimic_perform_non_af_003,0,Logistic Regression,0.04059328103422325,0
mimic_perform_non_af_003,0,Logistic Regression,0.0923682689635206,0
mimic_perform_non_af_003,0,Logistic Regression,0.060011483618341736,0
mimic_perform_non_af_003,0,Logistic Regression,0.12575506184040292,0
mimic_perform_non_af_003,0,Logistic Regression,0.07841475440147282,0
mimic_perform_non_af_003,0,Logistic Regression,0.09631679442957376,0
mimic_perform_non_af_003,0,Logistic Regression,0.023658356994735362,0
mimic_perform_non_af_003,0,Logistic Regression,0.024652875305509196,0
mimic_perform_non_af_003,0,Logistic Regression,0.017648337754529952,0
mimic_perform_non_af_003,0,Logistic Regression,0.01702433062203405,0
mimic_perform_non_af_003,0,Logistic Regression,0.018212517330727308,0
mimic_perform_non_af_003,0,Logistic Regression,0.016678446552733425,0
mimic_perform_non_af_003,0,Logistic Regression,0.018394369111328013,0
mimic_perform_non_af_003,0,Logistic Regression,0.016838665759199033,0
mimic_perform_non_af_003,0,Logistic Regression,0.018252996391835516,0
mimic_perform_non_af_003,0,Logistic Regression,0.017863604483916797,0
mimic_perform_non_af_003,0,Logistic Regression,0.01714496392520866,0
mimic_perform_non_af_003,0,Logistic Regression,0.009439431057933477,0
mimic_perform_non_af_003,0,Logistic Regression,0.009589126787491825,0
mimic_perform_non_af_003,0,Logistic Regression,0.01549934962674469,0
mimic_perform_non_af_003,0,Logistic Regression,0.028976336432452364,0
mimic_perform_non_af_003,0,Logistic Regression,0.02951218573614057,0
mimic_perform_non_af_003,0,Logistic Regression,0.01588182626063518,0
mimic_perform_non_af_003,0,Logistic Regression,0.015655278155240884,0
mimic_perform_non_af_003,0,Logistic Regression,0.010864530505845094,0
mimic_perform_non_af_003,0,Logistic Regression,0.01083870391835019,0
mimic_perform_non_af_003,0,Logistic Regression,0.007293394640448489,0
mimic_perform_non_af_003,0,Logistic Regression,0.015254071753960778,0
mimic_perform_non_af_003,0,Logistic Regression,0.014668230252180068,0
mimic_perform_non_af_003,0,Logistic Regression,0.022725178505258126,0
mimic_perform_non_af_003,0,Logistic Regression,0.03012710874294087,0
mimic_perform_non_af_003,0,Logistic Regression,0.030869233657308964,0
mimic_perform_non_af_003,0,Logistic Regression,0.015291781382998118,0
mimic_perform_non_af_003,0,Logistic Regression,0.01707520072830167,0
mimic_perform_non_af_003,0,Logistic Regression,0.01622986256857828,0
mimic_perform_non_af_003,0,Logistic Regression,0.024482220635324778,0
mimic_perform_non_af_003,0,Logistic Regression,0.05482730635866513,0
mimic_perform_non_af_003,0,Logistic Regression,0.11756496238720829,0
mimic_perform_non_af_003,0,Logistic Regression,0.04572571676544221,0
mimic_perform_non_af_003,0,Logistic Regression,0.035197791830303755,0
mimic_perform_non_af_003,0,Logistic Regression,0.025707382021955567,0
mimic_perform_non_af_003,0,Logistic Regression,0.03343422763963552,0
mimic_perform_non_af_003,0,Logistic Regression,0.016543046772085946,0
mimic_perform_non_af_003,0,Logistic Regression,0.08806794626309299,0
mimic_perform_non_af_003,0,Logistic Regression,0.08711216436300454,0
mimic_perform_non_af_003,0,Logistic Regression,0.06583574742107724,0
mimic_perform_non_af_003,0,Logistic Regression,0.031080978897754952,0
mimic_perform_non_af_003,0,Logistic Regression,0.03836316420059503,0
mimic_perform_non_af_003,0,Logistic Regression,0.0997714433761001,0
mimic_perform_non_af_003,0,Logistic Regression,0.06768338264095997,0
mimic_perform_non_af_003,0,Logistic Regression,0.03124681385132028,0
mimic_perform_non_af_003,0,Logistic Regression,0.016351782733884015,0
mimic_perform_non_af_003,0,Logistic Regression,0.016622594840199408,0
mimic_perform_non_af_003,0,Logistic Regression,0.017891303839606996,0
mimic_perform_non_af_003,0,Logistic Regression,0.017097480855095618,0
mimic_perform_non_af_003,0,Logistic Regression,0.037585437323943136,0
mimic_perform_non_af_003,0,Logistic Regression,0.037002774323064896,0
mimic_perform_non_af_003,0,Logistic Regression,0.03721240992292065,0
mimic_perform_non_af_003,0,Logistic Regression,0.013213877261207593,0
mimic_perform_non_af_003,0,Logistic Regression,0.021879719885677093,0
mimic_perform_non_af_003,0,Logistic Regression,0.022578982243025864,0
mimic_perform_non_af_003,0,Logistic Regression,0.025945410741201387,0
mimic_perform_non_af_003,0,Logistic Regression,0.06401576867508078,0
mimic_perform_non_af_003,0,Logistic Regression,0.055665091626657386,0
mimic_perform_non_af_003,0,Logistic Regression,0.03244267521266591,0
mimic_perform_non_af_003,0,Logistic Regression,0.014534491972647171,0
mimic_perform_non_af_003,0,Logistic Regression,0.014495428980769302,0
mimic_perform_non_af_003,0,Logistic Regression,0.011268381876197277,0
mimic_perform_non_af_003,0,Logistic Regression,0.01762014527934446,0
mimic_perform_non_af_003,0,Logistic Regression,0.01741498613003558,0
mimic_perform_non_af_003,0,Logistic Regression,0.018898789869629177,0
mimic_perform_non_af_003,0,Logistic Regression,0.04060990911410854,0
mimic_perform_non_af_003,0,Logistic Regression,0.04395294631161685,0
mimic_perform_non_af_003,0,Logistic Regression,0.05225366561273969,0
mimic_perform_non_af_003,0,Logistic Regression,0.02612595879574921,0
mimic_perform_non_af_003,0,Logistic Regression,0.018399755350237423,0
mimic_perform_non_af_003,0,Logistic Regression,0.01649422969644414,0
mimic_perform_non_af_003,0,Logistic Regression,0.016479648483451476,0
mimic_perform_non_af_003,0,Logistic Regression,0.01934706426172402,0
mimic_perform_non_af_003,0,Logistic Regression,0.01754191392667441,0
mimic_perform_non_af_003,0,Logistic Regression,0.02057531771638721,0
mimic_perform_non_af_003,0,Logistic Regression,0.022409008169981245,0
mimic_perform_non_af_003,0,Logistic Regression,0.039327617831745695,0
mimic_perform_non_af_003,0,Logistic Regression,0.03158379967398553,0
mimic_perform_non_af_003,0,Logistic Regression,0.057818289697495175,0
mimic_perform_non_af_003,0,Logistic Regression,0.054555112506365896,0
mimic_perform_non_af_003,0,Logistic Regression,0.05337248410099006,0
mimic_perform_non_af_003,0,Logistic Regression,0.01989060482592385,0
mimic_perform_non_af_003,0,Logistic Regression,0.016386664112379865,0
mimic_perform_non_af_004,0,Logistic Regression,0.018261042286047875,0
mimic_perform_non_af_004,0,Logistic Regression,0.017346582048905337,0
mimic_perform_non_af_004,0,Logistic Regression,0.025745108425591155,0
mimic_perform_non_af_004,0,Logistic Regression,0.003799544536051759,0
mimic_perform_non_af_004,0,Logistic Regression,0.009406192246510164,0
mimic_perform_non_af_004,0,Logistic Regression,0.00931217989655692,0
mimic_perform_non_af_004,0,Logistic Regression,0.021872588371383023,0
mimic_perform_non_af_004,0,Logistic Regression,0.026884840952294015,0
mimic_perform_non_af_004,0,Logistic Regression,0.026338147666913937,0
mimic_perform_non_af_004,0,Logistic Regression,0.025509611620356174,0
mimic_perform_non_af_004,0,Logistic Regression,0.025950629321417108,0
mimic_perform_non_af_004,0,Logistic Regression,0.02436985212442227,0
mimic_perform_non_af_004,0,Logistic Regression,0.024701746853490154,0
mimic_perform_non_af_004,0,Logistic Regression,0.03656862563390984,0
mimic_perform_non_af_004,0,Logistic Regression,0.03128825454971061,0
mimic_perform_non_af_004,0,Logistic Regression,0.03142957824815861,0
mimic_perform_non_af_004,0,Logistic Regression,0.016921250765379404,0
mimic_perform_non_af_004,0,Logistic Regression,0.024405949584686625,0
mimic_perform_non_af_004,0,Logistic Regression,0.024278916375249003,0
mimic_perform_non_af_004,0,Logistic Regression,0.02373729377371649,0
mimic_perform_non_af_004,0,Logistic Regression,0.024598703867880062,0
mimic_perform_non_af_004,0,Logistic Regression,0.02534911954694289,0
mimic_perform_non_af_004,0,Logistic Regression,0.025106495131017027,0
mimic_perform_non_af_004,0,Logistic Regression,0.024429013609019643,0
mimic_perform_non_af_004,0,Logistic Regression,0.024619513055558477,0
mimic_perform_non_af_004,0,Logistic Regression,0.0380037912642362,0
mimic_perform_non_af_004,0,Logistic Regression,0.026505758854505217,0
mimic_perform_non_af_004,0,Logistic Regression,0.06200554704855144,0
mimic_perform_non_af_004,0,Logistic Regression,0.04344655069281921,0
mimic_perform_non_af_004,0,Logistic Regression,0.028754792999505216,0
mimic_perform_non_af_004,0,Logistic Regression,0.014042220407014224,0
mimic_perform_non_af_004,0,Logistic Regression,0.03158612305310163,0
mimic_perform_non_af_004,0,Logistic Regression,0.025642730352444642,0
mimic_perform_non_af_004,0,Logistic Regression,0.02677955553566605,0
mimic_perform_non_af_004,0,Logistic Regression,0.03078644675489957,0
mimic_perform_non_af_004,0,Logistic Regression,0.014688708516826562,0
mimic_perform_non_af_004,0,Logistic Regression,0.018804254181319074,0
mimic_perform_non_af_004,0,Logistic Regression,0.015377358295940393,0
mimic_perform_non_af_004,0,Logistic Regression,0.028880792615932592,0
mimic_perform_non_af_004,0,Logistic Regression,0.02297347707759642,0
mimic_perform_non_af_004,0,Logistic Regression,0.015004093442917284,0
mimic_perform_non_af_004,0,Logistic Regression,0.025659618965406784,0
mimic_perform_non_af_004,0,Logistic Regression,0.025961753339676,0
mimic_perform_non_af_004,0,Logistic Regression,0.025876916955561487,0
mimic_perform_non_af_004,0,Logistic Regression,0.025877274685627,0
mimic_perform_non_af_004,0,Logistic Regression,0.026118616410288682,0
mimic_perform_non_af_004,0,Logistic Regression,0.010184908049369876,0
mimic_perform_non_af_004,0,Logistic Regression,0.011891326055227561,0
mimic_perform_non_af_004,0,Logistic Regression,0.011769215445426395,0
mimic_perform_non_af_004,0,Logistic Regression,0.04658015933203276,0
mimic_perform_non_af_004,0,Logistic Regression,0.04635810447772536,0
mimic_perform_non_af_004,0,Logistic Regression,0.07709417328094291,0
mimic_perform_non_af_004,0,Logistic Regression,0.03529143943612767,0
mimic_perform_non_af_004,0,Logistic Regression,0.04721861630051631,0
mimic_perform_non_af_004,0,Logistic Regression,0.0396663831487215,0
mimic_perform_non_af_004,0,Logistic Regression,0.019021029320003227,0
mimic_perform_non_af_004,0,Logistic Regression,0.019596226550996285,0
mimic_perform_non_af_004,0,Logistic Regression,0.024326277781758436,0
mimic_perform_non_af_004,0,Logistic Regression,0.025419591551531888,0
mimic_perform_non_af_004,0,Logistic Regression,0.02615805137441956,0
mimic_perform_non_af_004,0,Logistic Regression,0.03297385970933843,0
mimic_perform_non_af_004,0,Logistic Regression,0.034668899227821494,0
mimic_perform_non_af_004,0,Logistic Regression,0.036534819757092975,0
mimic_perform_non_af_004,0,Logistic Regression,0.026574676911246656,0
mimic_perform_non_af_004,0,Logistic Regression,0.026008471347386902,0
mimic_perform_non_af_004,0,Logistic Regression,0.02649019904069828,0
mimic_perform_non_af_004,0,Logistic Regression,0.02654090967555312,0
mimic_perform_non_af_004,0,Logistic Regression,0.026658691668447393,0
mimic_perform_non_af_004,0,Logistic Regression,0.027209986565717544,0
mimic_perform_non_af_004,0,Logistic Regression,0.027149168563466584,0
mimic_perform_non_af_004,0,Logistic Regression,0.01743624209298166,0
mimic_perform_non_af_004,0,Logistic Regression,0.017150896573066232,0
mimic_perform_non_af_004,0,Logistic Regression,0.017196271513304575,0
mimic_perform_non_af_004,0,Logistic Regression,0.026023769076011574,0
mimic_perform_non_af_004,0,Logistic Regression,0.02637359663841469,0
mimic_perform_non_af_004,0,Logistic Regression,0.025977155620909,0
mimic_perform_non_af_004,0,Logistic Regression,0.025487458684485976,0
mimic_perform_non_af_004,0,Logistic Regression,0.025857199415193665,0
mimic_perform_non_af_004,0,Logistic Regression,0.026150199269470098,0
mimic_perform_non_af_004,0,Logistic Regression,0.02611612205672173,0
mimic_perform_non_af_004,0,Logistic Regression,0.015964538749320224,0
mimic_perform_non_af_004,0,Logistic Regression,0.015622578872853716,0
mimic_perform_non_af_004,0,Logistic Regression,0.015574838415302439,0
mimic_perform_non_af_004,0,Logistic Regression,0.009801887948710744,0
mimic_perform_non_af_004,0,Logistic Regression,0.025743454985715807,0
mimic_perform_non_af_004,0,Logistic Regression,0.014826084651352706,0
mimic_perform_non_af_004,0,Logistic Regression,0.014755020983638808,0
mimic_perform_non_af_004,0,Logistic Regression,0.011895132776689396,0
mimic_perform_non_af_004,0,Logistic Regression,0.026433971909069515,0
mimic_perform_non_af_004,0,Logistic Regression,0.026689391943781383,0
mimic_perform_non_af_004,0,Logistic Regression,0.02689010611984626,0
mimic_perform_non_af_004,0,Logistic Regression,0.02661361111999492,0
mimic_perform_non_af_004,0,Logistic Regression,0.02543048515105055,0
mimic_perform_non_af_004,0,Logistic Regression,0.026303928121527848,0
mimic_perform_non_af_004,0,Logistic Regression,0.02653518349828819,0
mimic_perform_non_af_004,0,Logistic Regression,0.025991891592186744,0
mimic_perform_non_af_004,0,Logistic Regression,0.026187174405257196,0
mimic_perform_non_af_004,0,Logistic Regression,0.02751402111869194,0
mimic_perform_non_af_004,0,Logistic Regression,0.031200179216706522,0
mimic_perform_non_af_004,0,Logistic Regression,0.030195017452382584,0
mimic_perform_non_af_004,0,Logistic Regression,0.03316623090747896,0
mimic_perform_non_af_004,0,Logistic Regression,0.04159333593812204,0
mimic_perform_non_af_004,0,Logistic Regression,0.061472829897162205,0
mimic_perform_non_af_004,0,Logistic Regression,0.05828611850956648,0
mimic_perform_non_af_004,0,Logistic Regression,0.01898060823319432,0
mimic_perform_non_af_004,0,Logistic Regression,0.02618413912877984,0
mimic_perform_non_af_004,0,Logistic Regression,0.025158293620673254,0
mimic_perform_non_af_004,0,Logistic Regression,0.026393055510011004,0
mimic_perform_non_af_004,0,Logistic Regression,0.017324937215173565,0
mimic_perform_non_af_004,0,Logistic Regression,0.017467564518304148,0
mimic_perform_non_af_004,0,Logistic Regression,0.027129979674221167,0
mimic_perform_non_af_004,0,Logistic Regression,0.03531964425578397,0
mimic_perform_non_af_004,0,Logistic Regression,0.014502245535498995,0
mimic_perform_non_af_004,0,Logistic Regression,0.015358233061858483,0
mimic_perform_non_af_004,0,Logistic Regression,0.04173592476857073,0
mimic_perform_non_af_004,0,Logistic Regression,0.06792697998977007,0
mimic_perform_non_af_004,0,Logistic Regression,0.11010376271496507,0
mimic_perform_non_af_004,0,Logistic Regression,0.0951533464288327,0
mimic_perform_non_af_005,0,Logistic Regression,0.03367142957047024,0
mimic_perform_non_af_005,0,Logistic Regression,0.035834818875731284,0
mimic_perform_non_af_005,0,Logistic Regression,0.025685770652120212,0
mimic_perform_non_af_005,0,Logistic Regression,0.021447275112637457,0
mimic_perform_non_af_005,0,Logistic Regression,0.02190692049030411,0
mimic_perform_non_af_005,0,Logistic Regression,0.021303985602496904,0
mimic_perform_non_af_005,0,Logistic Regression,0.0227608771749828,0
mimic_perform_non_af_005,0,Logistic Regression,0.022284424277363546,0
mimic_perform_non_af_005,0,Logistic Regression,0.022622621512093218,0
mimic_perform_non_af_005,0,Logistic Regression,0.02185230720156016,0
mimic_perform_non_af_005,0,Logistic Regression,0.02182321665767761,0
mimic_perform_non_af_005,0,Logistic Regression,0.02209168358811306,0
mimic_perform_non_af_005,0,Logistic Regression,0.021593067503563,0
mimic_perform_non_af_005,0,Logistic Regression,0.02129974820993475,0
mimic_perform_non_af_005,0,Logistic Regression,0.02175657940991249,0
mimic_perform_non_af_005,0,Logistic Regression,0.021404621551569768,0
mimic_perform_non_af_005,0,Logistic Regression,0.021082379042520066,0
mimic_perform_non_af_005,0,Logistic Regression,0.021907664908012797,0
mimic_perform_non_af_005,0,Logistic Regression,0.02235798636941837,0
mimic_perform_non_af_005,0,Logistic Regression,0.02263544205470156,0
mimic_perform_non_af_005,0,Logistic Regression,0.020913083883943077,0
mimic_perform_non_af_005,0,Logistic Regression,0.021413095800790705,0
mimic_perform_non_af_005,0,Logistic Regression,0.021691493233964108,0
mimic_perform_non_af_005,0,Logistic Regression,0.026672175799075815,0
mimic_perform_non_af_005,0,Logistic Regression,0.026791395440199678,0
mimic_perform_non_af_005,0,Logistic Regression,0.027259843315292083,0
mimic_perform_non_af_005,0,Logistic Regression,0.021518996969061652,0
mimic_perform_non_af_005,0,Logistic Regression,0.02138687115302857,0
mimic_perform_non_af_005,0,Logistic Regression,0.02145699149195823,0
mimic_perform_non_af_005,0,Logistic Regression,0.021848713070955556,0
mimic_perform_non_af_005,0,Logistic Regression,0.02210545493288502,0
mimic_perform_non_af_005,0,Logistic Regression,0.021966444841279284,0
mimic_perform_non_af_005,0,Logistic Regression,0.02136366543300811,0
mimic_perform_non_af_005,0,Logistic Regression,0.02167487740769205,0
mimic_perform_non_af_005,0,Logistic Regression,0.019421412653620254,0
mimic_perform_non_af_005,0,Logistic Regression,0.02083690924035435,0
mimic_perform_non_af_005,0,Logistic Regression,0.020352382860268383,0
mimic_perform_non_af_005,0,Logistic Regression,0.02112843030604115,0
mimic_perform_non_af_005,0,Logistic Regression,0.020905308076900518,0
mimic_perform_non_af_005,0,Logistic Regression,0.021075687980819,0
mimic_perform_non_af_005,0,Logistic Regression,0.021223567271590933,0
mimic_perform_non_af_005,0,Logistic Regression,0.020932781446894436,0
mimic_perform_non_af_005,0,Logistic Regression,0.021223658465721593,0
mimic_perform_non_af_005,0,Logistic Regression,0.021466144887429855,0
mimic_perform_non_af_005,0,Logistic Regression,0.02141219814968101,0
mimic_perform_non_af_005,0,Logistic Regression,0.02115873368833827,0
mimic_perform_non_af_005,0,Logistic Regression,0.022629078196568782,0
mimic_perform_non_af_005,0,Logistic Regression,0.021587779783191353,0
mimic_perform_non_af_005,0,Logistic Regression,0.021436694163625102,0
mimic_perform_non_af_005,0,Logistic Regression,0.020560984350298746,0
mimic_perform_non_af_005,0,Logistic Regression,0.021473055965257414,0
mimic_perform_non_af_005,0,Logistic Regression,0.020810731284047986,0
mimic_perform_non_af_005,0,Logistic Regression,0.020765862462761908,0
mimic_perform_non_af_005,0,Logistic Regression,0.021049949175014324,0
mimic_perform_non_af_005,0,Logistic Regression,0.02043387233167355,0
mimic_perform_non_af_005,0,Logistic Regression,0.020767071048560348,0
mimic_perform_non_af_005,0,Logistic Regression,0.02040360689938896,0
mimic_perform_non_af_005,0,Logistic Regression,0.020337679386982273,0
mimic_perform_non_af_005,0,Logistic Regression,0.021558825027503104,0
mimic_perform_non_af_005,0,Logistic Regression,0.020828286077473113,0
mimic_perform_non_af_005,0,Logistic Regression,0.020443804645400465,0
mimic_perform_non_af_005,0,Logistic Regression,0.020111857904098196,0
mimic_perform_non_af_005,0,Logistic Regression,0.02117280736831276,0
mimic_perform_non_af_005,0,Logistic Regression,0.02125444334802764,0
mimic_perform_non_af_005,0,Logistic Regression,0.02188202381543432,0
mimic_perform_non_af_005,0,Logistic Regression,0.0226094236630757,0
mimic_perform_non_af_005,0,Logistic Regression,0.021782929317413196,0
mimic_perform_non_af_005,0,Logistic Regression,0.021714638595526473,0
mimic_perform_non_af_005,0,Logistic Regression,0.021562767357291672,0
mimic_perform_non_af_005,0,Logistic Regression,0.02089371484462365,0
mimic_perform_non_af_005,0,Logistic Regression,0.02071815795976489,0
mimic_perform_non_af_005,0,Logistic Regression,0.020840397454215148,0
mimic_perform_non_af_005,0,Logistic Regression,0.020518772576618716,0
mimic_perform_non_af_005,0,Logistic Regression,0.020492305640153995,0
mimic_perform_non_af_005,0,Logistic Regression,0.020716883194303416,0
mimic_perform_non_af_005,0,Logistic Regression,0.02083094727686351,0
mimic_perform_non_af_005,0,Logistic Regression,0.02651748788801743,0
mimic_perform_non_af_005,0,Logistic Regression,0.033824145918947765,0
mimic_perform_non_af_005,0,Logistic Regression,0.0331830818225085,0
mimic_perform_non_af_005,0,Logistic Regression,0.02054786136379587,0
mimic_perform_non_af_005,0,Logistic Regression,0.02058736403692916,0
mimic_perform_non_af_005,0,Logistic Regression,0.020083859595489292,0
mimic_perform_non_af_005,0,Logistic Regression,0.02128114139600017,0
mimic_perform_non_af_005,0,Logistic Regression,0.02091223596676452,0
mimic_perform_non_af_005,0,Logistic Regression,0.02115090496360389,0
mimic_perform_non_af_005,0,Logistic Regression,0.021301994199787868,0
mimic_perform_non_af_005,0,Logistic Regression,0.022446560761828216,0
mimic_perform_non_af_005,0,Logistic Regression,0.02210441242765885,0
mimic_perform_non_af_005,0,Logistic Regression,0.021221217681552655,0
mimic_perform_non_af_005,0,Logistic Regression,0.020890842494728588,0
mimic_perform_non_af_005,0,Logistic Regression,0.01955707316593659,0
mimic_perform_non_af_005,0,Logistic Regression,0.020616819134547854,0
mimic_perform_non_af_005,0,Logistic Regression,0.02039621575751004,0
mimic_perform_non_af_005,0,Logistic Regression,0.019828763006810243,0
mimic_perform_non_af_005,0,Logistic Regression,0.020105751973961958,0
mimic_perform_non_af_005,0,Logistic Regression,0.01965281519701234,0
mimic_perform_non_af_005,0,Logistic Regression,0.01901460879922888,0
mimic_perform_non_af_005,0,Logistic Regression,0.0185457340226846,0
mimic_perform_non_af_005,0,Logistic Regression,0.01890620398726805,0
mimic_perform_non_af_005,0,Logistic Regression,0.020751007180404717,0
mimic_perform_non_af_005,0,Logistic Regression,0.020743570122028,0
mimic_perform_non_af_005,0,Logistic Regression,0.02097036147819063,0
mimic_perform_non_af_005,0,Logistic Regression,0.019998386109939578,0
mimic_perform_non_af_005,0,Logistic Regression,0.02032520068567191,0
mimic_perform_non_af_005,0,Logistic Regression,0.021372617126422837,0
mimic_perform_non_af_005,0,Logistic Regression,0.022267191182477844,0
mimic_perform_non_af_005,0,Logistic Regression,0.02146173442943735,0
mimic_perform_non_af_005,0,Logistic Regression,0.02160581760849382,0
mimic_perform_non_af_005,0,Logistic Regression,0.020704696001533844,0
mimic_perform_non_af_005,0,Logistic Regression,0.020712226807063687,0
mimic_perform_non_af_005,0,Logistic Regression,0.022276904034830805,0
mimic_perform_non_af_005,0,Logistic Regression,0.021212946147962593,0
mimic_perform_non_af_005,0,Logistic Regression,0.0216408963631708,0
mimic_perform_non_af_005,0,Logistic Regression,0.02077086359004346,0
mimic_perform_non_af_005,0,Logistic Regression,0.021044300853764453,0
mimic_perform_non_af_005,0,Logistic Regression,0.02055208064244102,0
mimic_perform_non_af_005,0,Logistic Regression,0.02031951493630777,0
mimic_perform_non_af_005,0,Logistic Regression,0.021144009766375906,0
mimic_perform_non_af_006,0,Logistic Regression,0.010011023752551385,0
mimic_perform_non_af_006,0,Logistic Regression,0.021936897213844363,0
mimic_perform_non_af_006,0,Logistic Regression,0.004986344303012559,0
mimic_perform_non_af_006,0,Logistic Regression,0.08287424607826344,0
mimic_perform_non_af_006,0,Logistic Regression,0.05508804242227587,0
mimic_perform_non_af_006,0,Logistic Regression,0.08309757279573411,0
mimic_perform_non_af_006,0,Logistic Regression,0.04242805870314022,0
mimic_perform_non_af_006,0,Logistic Regression,0.02811189457652597,0
mimic_perform_non_af_006,0,Logistic Regression,0.02337249084002391,0
mimic_perform_non_af_006,0,Logistic Regression,0.04314061147210552,0
mimic_perform_non_af_006,0,Logistic Regression,0.07884662754454892,0
mimic_perform_non_af_006,0,Logistic Regression,0.10551286052999155,0
mimic_perform_non_af_006,0,Logistic Regression,0.006300208701169019,0
mimic_perform_non_af_006,0,Logistic Regression,0.003652397198682257,0
mimic_perform_non_af_006,0,Logistic Regression,0.011213433417056398,0
mimic_perform_non_af_006,0,Logistic Regression,0.15474956293040085,0
mimic_perform_non_af_006,0,Logistic Regression,0.508815836652127,1
mimic_perform_non_af_006,0,Logistic Regression,0.37196273721938994,0
mimic_perform_non_af_006,0,Logistic Regression,0.11199182289391713,0
mimic_perform_non_af_006,0,Logistic Regression,0.1484724105403442,0
mimic_perform_non_af_006,0,Logistic Regression,0.2250958217210203,0
mimic_perform_non_af_006,0,Logistic Regression,0.22080715366892542,0
mimic_perform_non_af_006,0,Logistic Regression,0.04419892542498072,0
mimic_perform_non_af_006,0,Logistic Regression,0.033419033897461405,0
mimic_perform_non_af_006,0,Logistic Regression,0.034411860315042404,0
mimic_perform_non_af_006,0,Logistic Regression,0.2101112488283637,0
mimic_perform_non_af_006,0,Logistic Regression,0.2518616404265234,0
mimic_perform_non_af_006,0,Logistic Regression,0.5651011561098374,1
mimic_perform_non_af_006,0,Logistic Regression,0.43969102281570943,0
mimic_perform_non_af_006,0,Logistic Regression,0.542877835585892,1
mimic_perform_non_af_006,0,Logistic Regression,0.5429160074443231,1
mimic_perform_non_af_006,0,Logistic Regression,0.6352975874105575,1
mimic_perform_non_af_006,0,Logistic Regression,0.5229874434451401,1
mimic_perform_non_af_006,0,Logistic Regression,0.6182491698954371,1
mimic_perform_non_af_006,0,Logistic Regression,0.3876478238809963,0
mimic_perform_non_af_006,0,Logistic Regression,0.16212516804675667,0
mimic_perform_non_af_006,0,Logistic Regression,0.04268383573232079,0
mimic_perform_non_af_006,0,Logistic Regression,0.05741875336502662,0
mimic_perform_non_af_006,0,Logistic Regression,0.09356664960430924,0
mimic_perform_non_af_006,0,Logistic Regression,0.0956372229451709,0
mimic_perform_non_af_006,0,Logistic Regression,0.04487024352599422,0
mimic_perform_non_af_006,0,Logistic Regression,0.06458126624209841,0
mimic_perform_non_af_006,0,Logistic Regression,0.2354266140987856,0
mimic_perform_non_af_006,0,Logistic Regression,0.39448869034243855,0
mimic_perform_non_af_006,0,Logistic Regression,0.5867777790438593,1
mimic_perform_non_af_006,0,Logistic Regression,0.4565652115600669,0
mimic_perform_non_af_006,0,Logistic Regression,0.33881682093828075,0
mimic_perform_non_af_006,0,Logistic Regression,0.23214772515765186,0
mimic_perform_non_af_006,0,Logistic Regression,0.2707189148327585,0
mimic_perform_non_af_006,0,Logistic Regression,0.20571387047283257,0
mimic_perform_non_af_006,0,Logistic Regression,0.0883237996467825,0
mimic_perform_non_af_006,0,Logistic Regression,0.032190497992369005,0
mimic_perform_non_af_006,0,Logistic Regression,0.028459790216805426,0
mimic_perform_non_af_006,0,Logistic Regression,0.042424192871083746,0
mimic_perform_non_af_006,0,Logistic Regression,0.021335385998275797,0
mimic_perform_non_af_006,0,Logistic Regression,0.08577585805463439,0
mimic_perform_non_af_006,0,Logistic Regression,0.10944092759607363,0
mimic_perform_non_af_006,0,Logistic Regression,0.199898144852325,0
mimic_perform_non_af_006,0,Logistic Regression,0.20436230485640047,0
mimic_perform_non_af_006,0,Logistic Regression,0.207093869496744,0
mimic_perform_non_af_006,0,Logistic Regression,0.16619553850335658,0
mimic_perform_non_af_006,0,Logistic Regression,0.13917978246771537,0
mimic_perform_non_af_006,0,Logistic Regression,0.07082563670371286,0
mimic_perform_non_af_006,0,Logistic Regression,0.05327810186611377,0
mimic_perform_non_af_006,0,Logistic Regression,0.05806621388469899,0
mimic_perform_non_af_006,0,Logistic Regression,0.16518554122687423,0
mimic_perform_non_af_006,0,Logistic Regression,0.1936561283835173,0
mimic_perform_non_af_006,0,Logistic Regression,0.2798599910452249,0
mimic_perform_non_af_006,0,Logistic Regression,0.1702901501194543,0
mimic_perform_non_af_006,0,Logistic Regression,0.26177314186431205,0
mimic_perform_non_af_006,0,Logistic Regression,0.2177683468265685,0
mimic_perform_non_af_006,0,Logistic Regression,0.39630083816212347,0
mimic_perform_non_af_006,0,Logistic Regression,0.3407458965787883,0
mimic_perform_non_af_006,0,Logistic Regression,0.22220704534994926,0
mimic_perform_non_af_006,0,Logistic Regression,0.06275796356624007,0
mimic_perform_non_af_006,0,Logistic Regression,0.04143909606675459,0
mimic_perform_non_af_006,0,Logistic Regression,0.06964522899790325,0
mimic_perform_non_af_006,0,Logistic Regression,0.256797514583382,0
mimic_perform_non_af_006,0,Logistic Regression,0.5208911150394677,1
mimic_perform_non_af_006,0,Logistic Regression,0.30142109339886625,0
mimic_perform_non_af_006,0,Logistic Regression,0.27885536942635847,0
mimic_perform_non_af_006,0,Logistic Regression,0.26625526247458364,0
mimic_perform_non_af_006,0,Logistic Regression,0.3049273535503666,0
mimic_perform_non_af_006,0,Logistic Regression,0.25798706436217084,0
mimic_perform_non_af_006,0,Logistic Regression,0.38650679436349317,0
mimic_perform_non_af_006,0,Logistic Regression,0.24741491650651326,0
mimic_perform_non_af_006,0,Logistic Regression,0.16274046478084794,0
mimic_perform_non_af_006,0,Logistic Regression,0.028845939392246698,0
mimic_perform_non_af_006,0,Logistic Regression,0.04482601979026175,0
mimic_perform_non_af_006,0,Logistic Regression,0.04107677206792491,0
mimic_perform_non_af_006,0,Logistic Regression,0.0978758830860993,0
mimic_perform_non_af_006,0,Logistic Regression,0.14135515432936885,0
mimic_perform_non_af_006,0,Logistic Regression,0.2708617363313137,0
mimic_perform_non_af_006,0,Logistic Regression,0.15941339748645222,0
mimic_perform_non_af_006,0,Logistic Regression,0.14309196884922343,0
mimic_perform_non_af_006,0,Logistic Regression,0.08014941106333583,0
mimic_perform_non_af_006,0,Logistic Regression,0.047447437103756845,0
mimic_perform_non_af_006,0,Logistic Regression,0.08982918551326403,0
mimic_perform_non_af_006,0,Logistic Regression,0.06183559910220177,0
mimic_perform_non_af_006,0,Logistic Regression,0.06529450094012053,0
mimic_perform_non_af_006,0,Logistic Regression,0.01825872133919877,0
mimic_perform_non_af_006,0,Logistic Regression,0.01820230474177374,0
mimic_perform_non_af_006,0,Logistic Regression,0.030540665365016897,0
mimic_perform_non_af_006,0,Logistic Regression,0.028967911245612356,0
mimic_perform_non_af_006,0,Logistic Regression,0.06774113793464241,0
mimic_perform_non_af_006,0,Logistic Regression,0.0772628303429246,0
mimic_perform_non_af_006,0,Logistic Regression,0.06850358619745081,0
mimic_perform_non_af_006,0,Logistic Regression,0.10184623957829253,0
mimic_perform_non_af_006,0,Logistic Regression,0.19767898127423567,0
mimic_perform_non_af_006,0,Logistic Regression,0.37185581025024395,0
mimic_perform_non_af_006,0,Logistic Regression,0.09479147018709697,0
mimic_perform_non_af_006,0,Logistic Regression,0.04615189060258181,0
mimic_perform_non_af_006,0,Logistic Regression,0.02282777172190155,0
mimic_perform_non_af_006,0,Logistic Regression,0.023085784864453757,0
mimic_perform_non_af_006,0,Logistic Regression,0.08033957082156346,0
mimic_perform_non_af_006,0,Logistic Regression,0.04158732733996899,0
mimic_perform_non_af_006,0,Logistic Regression,0.05395776607469319,0
mimic_perform_non_af_006,0,Logistic Regression,0.038398285982524746,0
mimic_perform_non_af_007,0,Logistic Regression,0.06320979089898837,0
mimic_perform_non_af_007,0,Logistic Regression,0.03381387267468102,0
mimic_perform_non_af_007,0,Logistic Regression,0.007845453157567036,0
mimic_perform_non_af_007,0,Logistic Regression,0.006994223725803398,0
mimic_perform_non_af_007,0,Logistic Regression,0.021907116067747166,0
mimic_perform_non_af_007,0,Logistic Regression,0.09421928129490494,0
mimic_perform_non_af_007,0,Logistic Regression,0.23655201232860137,0
mimic_perform_non_af_007,0,Logistic Regression,0.07818254895418009,0
mimic_perform_non_af_007,0,Logistic Regression,0.02104472022789978,0
mimic_perform_non_af_007,0,Logistic Regression,0.007689689284191182,0
mimic_perform_non_af_007,0,Logistic Regression,0.005438054255802735,0
mimic_perform_non_af_007,0,Logistic Regression,0.011363004232426727,0
mimic_perform_non_af_007,0,Logistic Regression,0.01821073906199407,0
mimic_perform_non_af_007,0,Logistic Regression,0.02364533741492398,0
mimic_perform_non_af_007,0,Logistic Regression,0.020295052331616607,0
mimic_perform_non_af_007,0,Logistic Regression,0.03922041136756883,0
mimic_perform_non_af_007,0,Logistic Regression,0.030556215395926983,0
mimic_perform_non_af_007,0,Logistic Regression,0.00885725195101762,0
mimic_perform_non_af_007,0,Logistic Regression,0.006482560110344618,0
mimic_perform_non_af_007,0,Logistic Regression,0.006543399935912202,0
mimic_perform_non_af_007,0,Logistic Regression,0.012358793191393177,0
mimic_perform_non_af_007,0,Logistic Regression,0.010003231774836977,0
mimic_perform_non_af_007,0,Logistic Regression,0.014225019208031613,0
mimic_perform_non_af_007,0,Logistic Regression,0.006779754602898784,0
mimic_perform_non_af_007,0,Logistic Regression,0.021440712073882356,0
mimic_perform_non_af_007,0,Logistic Regression,0.06937426633458434,0
mimic_perform_non_af_007,0,Logistic Regression,0.12042781324680939,0
mimic_perform_non_af_007,0,Logistic Regression,0.035829647980611654,0
mimic_perform_non_af_007,0,Logistic Regression,0.010695553569445147,0
mimic_perform_non_af_007,0,Logistic Regression,0.0057485641190638615,0
mimic_perform_non_af_007,0,Logistic Regression,0.004802647783594181,0
mimic_perform_non_af_007,0,Logistic Regression,0.031692098668198124,0
mimic_perform_non_af_007,0,Logistic Regression,0.15779024818371692,0
mimic_perform_non_af_007,0,Logistic Regression,0.12780791003631367,0
mimic_perform_non_af_007,0,Logistic Regression,0.0212528824812848,0
mimic_perform_non_af_007,0,Logistic Regression,0.010346515070721676,0
mimic_perform_non_af_007,0,Logistic Regression,0.008890833834401994,0
mimic_perform_non_af_007,0,Logistic Regression,0.019452652897887317,0
mimic_perform_non_af_007,0,Logistic Regression,0.10376203733912358,0
mimic_perform_non_af_007,0,Logistic Regression,0.5310181059440799,1
mimic_perform_non_af_007,0,Logistic Regression,0.11763060472643158,0
mimic_perform_non_af_007,0,Logistic Regression,0.030203860732468432,0
mimic_perform_non_af_007,0,Logistic Regression,0.006183841228197362,0
mimic_perform_non_af_007,0,Logistic Regression,0.004626531761665364,0
mimic_perform_non_af_007,0,Logistic Regression,0.00676371016575241,0
mimic_perform_non_af_007,0,Logistic Regression,0.007188330060209311,0
mimic_perform_non_af_007,0,Logistic Regression,0.005604739652315006,0
mimic_perform_non_af_007,0,Logistic Regression,0.026900593750826814,0
mimic_perform_non_af_007,0,Logistic Regression,0.28898581018836206,0
mimic_perform_non_af_007,0,Logistic Regression,0.8071056986043669,1
mimic_perform_non_af_007,0,Logistic Regression,0.9550035645589087,1
mimic_perform_non_af_007,0,Logistic Regression,0.6374311577420467,1
mimic_perform_non_af_007,0,Logistic Regression,0.4189085996001765,0
mimic_perform_non_af_007,0,Logistic Regression,0.09417888857179363,0
mimic_perform_non_af_007,0,Logistic Regression,0.29743370361297045,0
mimic_perform_non_af_007,0,Logistic Regression,0.22576927944211428,0
mimic_perform_non_af_007,0,Logistic Regression,0.06609037988970845,0
mimic_perform_non_af_007,0,Logistic Regression,0.04395735061750696,0
mimic_perform_non_af_007,0,Logistic Regression,0.019883776318660094,0
mimic_perform_non_af_007,0,Logistic Regression,0.05838788515005763,0
mimic_perform_non_af_007,0,Logistic Regression,0.07772047212322777,0
mimic_perform_non_af_007,0,Logistic Regression,0.03810841904380825,0
mimic_perform_non_af_007,0,Logistic Regression,0.024598900532162044,0
mimic_perform_non_af_007,0,Logistic Regression,0.04768073306928829,0
mimic_perform_non_af_007,0,Logistic Regression,0.06060688619369257,0
mimic_perform_non_af_007,0,Logistic Regression,0.058933184057037714,0
mimic_perform_non_af_007,0,Logistic Regression,0.0754534963748543,0
mimic_perform_non_af_007,0,Logistic Regression,0.08224044155787923,0
mimic_perform_non_af_007,0,Logistic Regression,0.04564576083923662,0
mimic_perform_non_af_007,0,Logistic Regression,0.024308471338797204,0
mimic_perform_non_af_007,0,Logistic Regression,0.046323013276656264,0
mimic_perform_non_af_007,0,Logistic Regression,0.04403702415060848,0
mimic_perform_non_af_007,0,Logistic Regression,0.031586803047705975,0
mimic_perform_non_af_007,0,Logistic Regression,0.02852289771168097,0
mimic_perform_non_af_007,0,Logistic Regression,0.0806376308271653,0
mimic_perform_non_af_007,0,Logistic Regression,0.09833892761847372,0
mimic_perform_non_af_007,0,Logistic Regression,0.03507003362183949,0
mimic_perform_non_af_007,0,Logistic Regression,0.029782487881764907,0
mimic_perform_non_af_007,0,Logistic Regression,0.023536897377533655,0
mimic_perform_non_af_007,0,Logistic Regression,0.02751756578863756,0
mimic_perform_non_af_007,0,Logistic Regression,0.025435114666934367,0
mimic_perform_non_af_007,0,Logistic Regression,0.09433725207015614,0
mimic_perform_non_af_007,0,Logistic Regression,0.06709990943222259,0
mimic_perform_non_af_007,0,Logistic Regression,0.21900006822336648,0
mimic_perform_non_af_007,0,Logistic Regression,0.04828697456154257,0
mimic_perform_non_af_007,0,Logistic Regression,0.03648985594227746,0
mimic_perform_non_af_007,0,Logistic Regression,0.013521098042580306,0
mimic_perform_non_af_007,0,Logistic Regression,0.012434052179513285,0
mimic_perform_non_af_007,0,Logistic Regression,0.01673350648553333,0
mimic_perform_non_af_007,0,Logistic Regression,0.040707672296145234,0
mimic_perform_non_af_007,0,Logistic Regression,0.053719610405625194,0
mimic_perform_non_af_007,0,Logistic Regression,0.05184356590596226,0
mimic_perform_non_af_007,0,Logistic Regression,0.00670277965549816,0
mimic_perform_non_af_007,0,Logistic Regression,0.015882272329418776,0
mimic_perform_non_af_007,0,Logistic Regression,0.04021599741564918,0
mimic_perform_non_af_007,0,Logistic Regression,0.041700670377628424,0
mimic_perform_non_af_007,0,Logistic Regression,0.01730725232688199,0
mimic_perform_non_af_007,0,Logistic Regression,0.006774457775353533,0
mimic_perform_non_af_007,0,Logistic Regression,0.008672439268814962,0
mimic_perform_non_af_007,0,Logistic Regression,0.01922409151520354,0
mimic_perform_non_af_007,0,Logistic Regression,0.0193843896793056,0
mimic_perform_non_af_007,0,Logistic Regression,0.06206030926709257,0
mimic_perform_non_af_007,0,Logistic Regression,0.17479298993969794,0
mimic_perform_non_af_007,0,Logistic Regression,0.12358857380613225,0
mimic_perform_non_af_007,0,Logistic Regression,0.04402698173366401,0
mimic_perform_non_af_007,0,Logistic Regression,0.008342189617622326,0
mimic_perform_non_af_007,0,Logistic Regression,0.006494372385339031,0
mimic_perform_non_af_007,0,Logistic Regression,0.005828347598567237,0
mimic_perform_non_af_007,0,Logistic Regression,0.00492642818591755,0
mimic_perform_non_af_007,0,Logistic Regression,0.010165472548086129,0
mimic_perform_non_af_007,0,Logistic Regression,0.07273852781200739,0
mimic_perform_non_af_007,0,Logistic Regression,0.28071146982877765,0
mimic_perform_non_af_007,0,Logistic Regression,0.09858346976285523,0
mimic_perform_non_af_007,0,Logistic Regression,0.05535746605381996,0
mimic_perform_non_af_007,0,Logistic Regression,0.10046820435230157,0
mimic_perform_non_af_007,0,Logistic Regression,0.1747863183280614,0
mimic_perform_non_af_007,0,Logistic Regression,0.21130326362466822,0
mimic_perform_non_af_007,0,Logistic Regression,0.2549170879006737,0
mimic_perform_non_af_008,0,Logistic Regression,0.00814195813399195,0
mimic_perform_non_af_008,0,Logistic Regression,0.025813044253689504,0
mimic_perform_non_af_008,0,Logistic Regression,0.1855520878127193,0
mimic_perform_non_af_008,0,Logistic Regression,0.17724011564371445,0
mimic_perform_non_af_008,0,Logistic Regression,0.0877049807017221,0
mimic_perform_non_af_008,0,Logistic Regression,0.017783686505998247,0
mimic_perform_non_af_008,0,Logistic Regression,0.01690091220791957,0
mimic_perform_non_af_008,0,Logistic Regression,0.02062086768459259,0
mimic_perform_non_af_008,0,Logistic Regression,0.01717139998200093,0
mimic_perform_non_af_008,0,Logistic Regression,0.014468994481861609,0
mimic_perform_non_af_008,0,Logistic Regression,0.013840944945756913,0
mimic_perform_non_af_008,0,Logistic Regression,0.00908971979179198,0
mimic_perform_non_af_008,0,Logistic Regression,0.008854822733608193,0
mimic_perform_non_af_008,0,Logistic Regression,0.00917156206692504,0
mimic_perform_non_af_008,0,Logistic Regression,0.018497858972401724,0
mimic_perform_non_af_008,0,Logistic Regression,0.011694949868236982,0
mimic_perform_non_af_008,0,Logistic Regression,0.02462926123245687,0
mimic_perform_non_af_008,0,Logistic Regression,0.03360208388699161,0
mimic_perform_non_af_008,0,Logistic Regression,0.031672056149736776,0
mimic_perform_non_af_008,0,Logistic Regression,0.020635808262502022,0
mimic_perform_non_af_008,0,Logistic Regression,0.013202042776740629,0
mimic_perform_non_af_008,0,Logistic Regression,0.01052836723713599,0
mimic_perform_non_af_008,0,Logistic Regression,0.016998702149815356,0
mimic_perform_non_af_008,0,Logistic Regression,0.020902464048945538,0
mimic_perform_non_af_008,0,Logistic Regression,0.01549657723686752,0
mimic_perform_non_af_008,0,Logistic Regression,0.010313557413386748,0
mimic_perform_non_af_008,0,Logistic Regression,0.01652699883375805,0
mimic_perform_non_af_008,0,Logistic Regression,0.016766062766534955,0
mimic_perform_non_af_008,0,Logistic Regression,0.02140909833459166,0
mimic_perform_non_af_008,0,Logistic Regression,0.016905415801194982,0
mimic_perform_non_af_008,0,Logistic Regression,0.01744998701732277,0
mimic_perform_non_af_008,0,Logistic Regression,0.015342894020337854,0
mimic_perform_non_af_008,0,Logistic Regression,0.01773526077915502,0
mimic_perform_non_af_008,0,Logistic Regression,0.024883441249996856,0
mimic_perform_non_af_008,0,Logistic Regression,0.022197595368506157,0
mimic_perform_non_af_008,0,Logistic Regression,0.03752832164930692,0
mimic_perform_non_af_008,0,Logistic Regression,0.016551969584937702,0
mimic_perform_non_af_008,0,Logistic Regression,0.02164220402831742,0
mimic_perform_non_af_008,0,Logistic Regression,0.021246018617242426,0
mimic_perform_non_af_008,0,Logistic Regression,0.021903347798696134,0
mimic_perform_non_af_008,0,Logistic Regression,0.020902573301631068,0
mimic_perform_non_af_008,0,Logistic Regression,0.014872999661842,0
mimic_perform_non_af_008,0,Logistic Regression,0.01275069931573003,0
mimic_perform_non_af_008,0,Logistic Regression,0.007633495512740208,0
mimic_perform_non_af_008,0,Logistic Regression,0.01355603424566133,0
mimic_perform_non_af_008,0,Logistic Regression,0.019389606860672558,0
mimic_perform_non_af_008,0,Logistic Regression,0.016956229965467907,0
mimic_perform_non_af_008,0,Logistic Regression,0.02235631158692468,0
mimic_perform_non_af_008,0,Logistic Regression,0.020287783752627915,0
mimic_perform_non_af_008,0,Logistic Regression,0.024882753626529055,0
mimic_perform_non_af_008,0,Logistic Regression,0.01894710871147034,0
mimic_perform_non_af_008,0,Logistic Regression,0.026482963329568555,0
mimic_perform_non_af_008,0,Logistic Regression,0.016480038903415855,0
mimic_perform_non_af_008,0,Logistic Regression,0.01901492500405252,0
mimic_perform_non_af_008,0,Logistic Regression,0.008266174301730725,0
mimic_perform_non_af_008,0,Logistic Regression,0.013030021230255538,0
mimic_perform_non_af_008,0,Logistic Regression,0.011475816427368779,0
mimic_perform_non_af_008,0,Logistic Regression,0.01315993080307084,0
mimic_perform_non_af_008,0,Logistic Regression,0.02290325260448983,0
mimic_perform_non_af_008,0,Logistic Regression,0.028193998270420066,0
mimic_perform_non_af_008,0,Logistic Regression,0.018301267944499783,0
mimic_perform_non_af_008,0,Logistic Regression,0.015198421852075747,0
mimic_perform_non_af_008,0,Logistic Regression,0.017465376214668222,0
mimic_perform_non_af_008,0,Logistic Regression,0.008403528992506428,0
mimic_perform_non_af_008,0,Logistic Regression,0.017235795226304723,0
mimic_perform_non_af_008,0,Logistic Regression,0.0324568520675617,0
mimic_perform_non_af_008,0,Logistic Regression,0.03942717207307465,0
mimic_perform_non_af_008,0,Logistic Regression,0.020439341557209816,0
mimic_perform_non_af_008,0,Logistic Regression,0.014710815721033674,0
mimic_perform_non_af_008,0,Logistic Regression,0.013812777837815983,0
mimic_perform_non_af_008,0,Logistic Regression,0.010789324548667784,0
mimic_perform_non_af_008,0,Logistic Regression,0.021707803152443347,0
mimic_perform_non_af_008,0,Logistic Regression,0.0226833084130784,0
mimic_perform_non_af_008,0,Logistic Regression,0.016900058853500696,0
mimic_perform_non_af_008,0,Logistic Regression,0.013915826099952946,0
mimic_perform_non_af_008,0,Logistic Regression,0.016285992901467945,0
mimic_perform_non_af_008,0,Logistic Regression,0.012804090386770675,0
mimic_perform_non_af_008,0,Logistic Regression,0.01401707773547621,0
mimic_perform_non_af_008,0,Logistic Regression,0.014881427003843161,0
mimic_perform_non_af_008,0,Logistic Regression,0.0163007757023266,0
mimic_perform_non_af_008,0,Logistic Regression,0.011066137049951269,0
mimic_perform_non_af_008,0,Logistic Regression,0.011054257640588034,0
mimic_perform_non_af_008,0,Logistic Regression,0.011268323048508933,0
mimic_perform_non_af_008,0,Logistic Regression,0.009213318136099961,0
mimic_perform_non_af_008,0,Logistic Regression,0.009404111577408142,0
mimic_perform_non_af_008,0,Logistic Regression,0.016484531172780002,0
mimic_perform_non_af_008,0,Logistic Regression,0.009508780869466316,0
mimic_perform_non_af_008,0,Logistic Regression,0.009283793072473926,0
mimic_perform_non_af_008,0,Logistic Regression,0.009318631812844577,0
mimic_perform_non_af_008,0,Logistic Regression,0.012070923581788262,0
mimic_perform_non_af_008,0,Logistic Regression,0.01625996522332563,0
mimic_perform_non_af_008,0,Logistic Regression,0.017202566944685402,0
mimic_perform_non_af_008,0,Logistic Regression,0.01065460559818508,0
mimic_perform_non_af_008,0,Logistic Regression,0.014011223113867741,0
mimic_perform_non_af_008,0,Logistic Regression,0.02442178589772747,0
mimic_perform_non_af_008,0,Logistic Regression,0.03301231688049889,0
mimic_perform_non_af_008,0,Logistic Regression,0.024836079257556126,0
mimic_perform_non_af_008,0,Logistic Regression,0.019634367893484776,0
mimic_perform_non_af_008,0,Logistic Regression,0.018980204595455956,0
mimic_perform_non_af_008,0,Logistic Regression,0.021541947268284633,0
mimic_perform_non_af_008,0,Logistic Regression,0.02191655563802024,0
mimic_perform_non_af_008,0,Logistic Regression,0.019349896990984383,0
mimic_perform_non_af_008,0,Logistic Regression,0.015177655262904537,0
mimic_perform_non_af_008,0,Logistic Regression,0.020717047390355507,0
mimic_perform_non_af_008,0,Logistic Regression,0.02824473526934429,0
mimic_perform_non_af_008,0,Logistic Regression,0.030415120764346392,0
mimic_perform_non_af_008,0,Logistic Regression,0.023736608028333436,0
mimic_perform_non_af_008,0,Logistic Regression,0.018886072961490943,0
mimic_perform_non_af_008,0,Logistic Regression,0.05235119325874379,0
mimic_perform_non_af_008,0,Logistic Regression,0.04314105927719593,0
mimic_perform_non_af_008,0,Logistic Regression,0.032743242922530016,0
mimic_perform_non_af_008,0,Logistic Regression,0.013069602143238318,0
mimic_perform_non_af_008,0,Logistic Regression,0.012604443674374704,0
mimic_perform_non_af_008,0,Logistic Regression,0.017410372191755424,0
mimic_perform_non_af_008,0,Logistic Regression,0.05183153942387629,0
mimic_perform_non_af_008,0,Logistic Regression,0.15547012552044898,0
mimic_perform_non_af_008,0,Logistic Regression,0.1252576399403117,0
mimic_perform_non_af_008,0,Logistic Regression,0.02036752688782164,0
mimic_perform_non_af_009,0,Logistic Regression,0.005854795251682622,0
mimic_perform_non_af_009,0,Logistic Regression,0.0025626238742921794,0
mimic_perform_non_af_009,0,Logistic Regression,0.0025364875375776786,0
mimic_perform_non_af_009,0,Logistic Regression,0.00429841943823586,0
mimic_perform_non_af_009,0,Logistic Regression,0.0031887994147525413,0
mimic_perform_non_af_009,0,Logistic Regression,0.0032905659667776988,0
mimic_perform_non_af_009,0,Logistic Regression,0.003293508671560485,0
mimic_perform_non_af_009,0,Logistic Regression,0.0031961465522548495,0
mimic_perform_non_af_009,0,Logistic Regression,0.004962140273901597,0
mimic_perform_non_af_009,0,Logistic Regression,0.0050382439380873825,0
mimic_perform_non_af_009,0,Logistic Regression,0.005210495696805162,0
mimic_perform_non_af_009,0,Logistic Regression,0.0037156495507310325,0
mimic_perform_non_af_009,0,Logistic Regression,0.0038019549637672016,0
mimic_perform_non_af_009,0,Logistic Regression,0.0036493344001299974,0
mimic_perform_non_af_009,0,Logistic Regression,0.004076722159887513,0
mimic_perform_non_af_009,0,Logistic Regression,0.0036759833739715125,0
mimic_perform_non_af_009,0,Logistic Regression,0.004166572673252408,0
mimic_perform_non_af_009,0,Logistic Regression,0.004430114488678104,0
mimic_perform_non_af_009,0,Logistic Regression,0.01722410914845986,0
mimic_perform_non_af_009,0,Logistic Regression,0.016322611692469534,0
mimic_perform_non_af_009,0,Logistic Regression,0.01638883871110746,0
mimic_perform_non_af_009,0,Logistic Regression,0.008165904162896673,0
mimic_perform_non_af_009,0,Logistic Regression,0.008353299687569775,0
mimic_perform_non_af_009,0,Logistic Regression,0.0030369981291004135,0
mimic_perform_non_af_009,0,Logistic Regression,0.003240401569158132,0
mimic_perform_non_af_009,0,Logistic Regression,0.003331701590773429,0
mimic_perform_non_af_009,0,Logistic Regression,0.0033388927569445947,0
mimic_perform_non_af_009,0,Logistic Regression,0.003397258893470167,0
mimic_perform_non_af_009,0,Logistic Regression,0.005835072529500649,0
mimic_perform_non_af_009,0,Logistic Regression,0.007738150033584894,0
mimic_perform_non_af_009,0,Logistic Regression,0.007571037036819616,0
mimic_perform_non_af_009,0,Logistic Regression,0.004912840576635558,0
mimic_perform_non_af_009,0,Logistic Regression,0.0045854049164565334,0
mimic_perform_non_af_009,0,Logistic Regression,0.004404275352464647,0
mimic_perform_non_af_009,0,Logistic Regression,0.0029785055160612755,0
mimic_perform_non_af_009,0,Logistic Regression,0.004305054199410684,0
mimic_perform_non_af_009,0,Logistic Regression,0.004924498635170766,0
mimic_perform_non_af_009,0,Logistic Regression,0.005043236169614612,0
mimic_perform_non_af_009,0,Logistic Regression,0.007917215696032208,0
mimic_perform_non_af_009,0,Logistic Regression,0.0036994925449094075,0
mimic_perform_non_af_009,0,Logistic Regression,0.003547561185912078,0
mimic_perform_non_af_009,0,Logistic Regression,0.002469261360577743,0
mimic_perform_non_af_009,0,Logistic Regression,0.004016213860537918,0
mimic_perform_non_af_009,0,Logistic Regression,0.003980543459485759,0
mimic_perform_non_af_009,0,Logistic Regression,0.0031635425820321374,0
mimic_perform_non_af_009,0,Logistic Regression,0.012655733181900941,0
mimic_perform_non_af_009,0,Logistic Regression,0.01001826046895922,0
mimic_perform_non_af_009,0,Logistic Regression,0.013893562490817784,0
mimic_perform_non_af_009,0,Logistic Regression,0.004931144147107339,0
mimic_perform_non_af_009,0,Logistic Regression,0.0033684397180010774,0
mimic_perform_non_af_009,0,Logistic Regression,0.0036920310898571167,0
mimic_perform_non_af_009,0,Logistic Regression,0.00392473844294937,0
mimic_perform_non_af_009,0,Logistic Regression,0.0039632270804159896,0
mimic_perform_non_af_009,0,Logistic Regression,0.004659386061326098,0
mimic_perform_non_af_009,0,Logistic Regression,0.004797768791939053,0
mimic_perform_non_af_009,0,Logistic Regression,0.003797462124314182,0
mimic_perform_non_af_009,0,Logistic Regression,0.0037135276340886456,0
mimic_perform_non_af_009,0,Logistic Regression,0.003710598705524323,0
mimic_perform_non_af_009,0,Logistic Regression,0.0034338968868959626,0
mimic_perform_non_af_009,0,Logistic Regression,0.0037935918299290645,0
mimic_perform_non_af_009,0,Logistic Regression,0.006185210336987947,0
mimic_perform_non_af_009,0,Logistic Regression,0.0035524557788864917,0
mimic_perform_non_af_009,0,Logistic Regression,0.005981770796343762,0
mimic_perform_non_af_009,0,Logistic Regression,0.0032914898937912848,0
mimic_perform_non_af_009,0,Logistic Regression,0.003956631397232405,0
mimic_perform_non_af_009,0,Logistic Regression,0.002562094759529045,0
mimic_perform_non_af_009,0,Logistic Regression,0.0025121067714725404,0
mimic_perform_non_af_009,0,Logistic Regression,0.002501344879399963,0
mimic_perform_non_af_009,0,Logistic Regression,0.0025089611086875035,0
mimic_perform_non_af_009,0,Logistic Regression,0.004305290197361822,0
mimic_perform_non_af_009,0,Logistic Regression,0.0064815340654568575,0
mimic_perform_non_af_009,0,Logistic Regression,0.0068211782791250414,0
mimic_perform_non_af_009,0,Logistic Regression,0.04677769515440974,0
mimic_perform_non_af_009,0,Logistic Regression,0.06440923398053547,0
mimic_perform_non_af_009,0,Logistic Regression,0.10316494711296452,0
mimic_perform_non_af_009,0,Logistic Regression,0.027395508767608833,0
mimic_perform_non_af_009,0,Logistic Regression,0.02510008587541031,0
mimic_perform_non_af_009,0,Logistic Regression,0.013339419490323808,0
mimic_perform_non_af_009,0,Logistic Regression,0.10263017076026625,0
mimic_perform_non_af_009,0,Logistic Regression,0.05717352810734219,0
mimic_perform_non_af_009,0,Logistic Regression,0.08474553049079224,0
mimic_perform_non_af_009,0,Logistic Regression,0.06222845848548438,0
mimic_perform_non_af_009,0,Logistic Regression,0.03226884232925868,0
mimic_perform_non_af_009,0,Logistic Regression,0.020133363866653653,0
mimic_perform_non_af_009,0,Logistic Regression,0.010317030220487258,0
mimic_perform_non_af_009,0,Logistic Regression,0.027647063075549268,0
mimic_perform_non_af_009,0,Logistic Regression,0.08482873430302362,0
mimic_perform_non_af_009,0,Logistic Regression,0.15536983188423117,0
mimic_perform_non_af_009,0,Logistic Regression,0.08224593877364436,0
mimic_perform_non_af_009,0,Logistic Regression,0.11474641307715423,0
mimic_perform_non_af_009,0,Logistic Regression,0.2141251664547877,0
mimic_perform_non_af_009,0,Logistic Regression,0.2075325019518055,0
mimic_perform_non_af_009,0,Logistic Regression,0.35106376310391524,0
mimic_perform_non_af_009,0,Logistic Regression,0.06028033455747615,0
mimic_perform_non_af_009,0,Logistic Regression,0.15809040456181753,0
mimic_perform_non_af_009,0,Logistic Regression,0.08294760439729969,0
mimic_perform_non_af_009,0,Logistic Regression,0.37582486197263676,0
mimic_perform_non_af_009,0,Logistic Regression,0.7316208924799475,1
mimic_perform_non_af_009,0,Logistic Regression,0.8392539243425955,1
mimic_perform_non_af_009,0,Logistic Regression,0.7635557719609999,1
mimic_perform_non_af_009,0,Logistic Regression,0.6925873259293878,1
mimic_perform_non_af_009,0,Logistic Regression,0.6922098335030287,1
mimic_perform_non_af_009,0,Logistic Regression,0.18911471508718627,0
mimic_perform_non_af_009,0,Logistic Regression,0.08729907195470492,0
mimic_perform_non_af_009,0,Logistic Regression,0.031142513184301272,0
mimic_perform_non_af_009,0,Logistic Regression,0.2229881978153891,0
mimic_perform_non_af_009,0,Logistic Regression,0.20289808112061095,0
mimic_perform_non_af_009,0,Logistic Regression,0.38076676298467266,0
mimic_perform_non_af_009,0,Logistic Regression,0.2664353955112135,0
mimic_perform_non_af_009,0,Logistic Regression,0.464544960834208,0
mimic_perform_non_af_009,0,Logistic Regression,0.4268208140663005,0
mimic_perform_non_af_009,0,Logistic Regression,0.11588158808836278,0
mimic_perform_non_af_009,0,Logistic Regression,0.060587380591587955,0
mimic_perform_non_af_009,0,Logistic Regression,0.031809477689256044,0
mimic_perform_non_af_009,0,Logistic Regression,0.030989800049672552,0
mimic_perform_non_af_009,0,Logistic Regression,0.030088361402846053,0
mimic_perform_non_af_009,0,Logistic Regression,0.25124366395590225,0
mimic_perform_non_af_009,0,Logistic Regression,0.8721728187890421,1
mimic_perform_non_af_010,0,Logistic Regression,0.3147554157700264,0
mimic_perform_non_af_010,0,Logistic Regression,0.08665516808585641,0
mimic_perform_non_af_010,0,Logistic Regression,0.015186894214290462,0
mimic_perform_non_af_010,0,Logistic Regression,0.01450439658258412,0
mimic_perform_non_af_010,0,Logistic Regression,0.030986970139567357,0
mimic_perform_non_af_010,0,Logistic Regression,0.1519718585569766,0
mimic_perform_non_af_010,0,Logistic Regression,0.14280111651525182,0
mimic_perform_non_af_010,0,Logistic Regression,0.04018108619555228,0
mimic_perform_non_af_010,0,Logistic Regression,0.07163092643865454,0
mimic_perform_non_af_010,0,Logistic Regression,0.11943377717100243,0
mimic_perform_non_af_010,0,Logistic Regression,0.3725122656842295,0
mimic_perform_non_af_010,0,Logistic Regression,0.19677501663802696,0
mimic_perform_non_af_010,0,Logistic Regression,0.2996455545408822,0
mimic_perform_non_af_010,0,Logistic Regression,0.08820810937982076,0
mimic_perform_non_af_010,0,Logistic Regression,0.0904835446751609,0
mimic_perform_non_af_010,0,Logistic Regression,0.1273278653172616,0
mimic_perform_non_af_010,0,Logistic Regression,0.6683549969189128,1
mimic_perform_non_af_010,0,Logistic Regression,0.9089038559253766,1
mimic_perform_non_af_010,0,Logistic Regression,0.7382551055160158,1
mimic_perform_non_af_010,0,Logistic Regression,0.7513856875163598,1
mimic_perform_non_af_010,0,Logistic Regression,0.5230360376580805,1
mimic_perform_non_af_010,0,Logistic Regression,0.13213335067673007,0
mimic_perform_non_af_010,0,Logistic Regression,0.029935321715085263,0
mimic_perform_non_af_010,0,Logistic Regression,0.044148498662284284,0
mimic_perform_non_af_010,0,Logistic Regression,0.14504924648342074,0
mimic_perform_non_af_010,0,Logistic Regression,0.32685167621155153,0
mimic_perform_non_af_010,0,Logistic Regression,0.05382569022843861,0
mimic_perform_non_af_010,0,Logistic Regression,0.02382198985631837,0
mimic_perform_non_af_010,0,Logistic Regression,0.02974240594084789,0
mimic_perform_non_af_010,0,Logistic Regression,0.10270033632001292,0
mimic_perform_non_af_010,0,Logistic Regression,0.38858782158170246,0
mimic_perform_non_af_010,0,Logistic Regression,0.222405794790877,0
mimic_perform_non_af_010,0,Logistic Regression,0.2509268032105669,0
mimic_perform_non_af_010,0,Logistic Regression,0.19924357654019692,0
mimic_perform_non_af_010,0,Logistic Regression,0.15586616018436378,0
mimic_perform_non_af_010,0,Logistic Regression,0.08898767070220655,0
mimic_perform_non_af_010,0,Logistic Regression,0.08222982597374726,0
mimic_perform_non_af_010,0,Logistic Regression,0.1712659523046497,0
mimic_perform_non_af_010,0,Logistic Regression,0.06423429146207822,0
mimic_perform_non_af_010,0,Logistic Regression,0.06310038215518168,0
mimic_perform_non_af_010,0,Logistic Regression,0.0975254205235166,0
mimic_perform_non_af_010,0,Logistic Regression,0.069586902589248,0
mimic_perform_non_af_010,0,Logistic Regression,0.017140345543585855,0
mimic_perform_non_af_010,0,Logistic Regression,0.01420820132197913,0
mimic_perform_non_af_010,0,Logistic Regression,0.03011447305341067,0
mimic_perform_non_af_010,0,Logistic Regression,0.03276395823676922,0
mimic_perform_non_af_010,0,Logistic Regression,0.02958709071614241,0
mimic_perform_non_af_010,0,Logistic Regression,0.015707835831896447,0
mimic_perform_non_af_010,0,Logistic Regression,0.015260041146162045,0
mimic_perform_non_af_010,0,Logistic Regression,0.010187791745938483,0
mimic_perform_non_af_010,0,Logistic Regression,0.010655149684171515,0
mimic_perform_non_af_010,0,Logistic Regression,0.010643365905122633,0
mimic_perform_non_af_010,0,Logistic Regression,0.01729610390298618,0
mimic_perform_non_af_010,0,Logistic Regression,0.017164868472810436,0
mimic_perform_non_af_010,0,Logistic Regression,0.010456740639317829,0
mimic_perform_non_af_010,0,Logistic Regression,0.013457995654312426,0
mimic_perform_non_af_010,0,Logistic Regression,0.016519413651765916,0
mimic_perform_non_af_010,0,Logistic Regression,0.013833113335532969,0
mimic_perform_non_af_010,0,Logistic Regression,0.013221161179977304,0
mimic_perform_non_af_010,0,Logistic Regression,0.010249729048540868,0
mimic_perform_non_af_010,0,Logistic Regression,0.010915976874199984,0
mimic_perform_non_af_010,0,Logistic Regression,0.013958041405457623,0
mimic_perform_non_af_010,0,Logistic Regression,0.018121838296425784,0
mimic_perform_non_af_010,0,Logistic Regression,0.016696045851697632,0
mimic_perform_non_af_010,0,Logistic Regression,0.01607282496879816,0
mimic_perform_non_af_010,0,Logistic Regression,0.012431837413139267,0
mimic_perform_non_af_010,0,Logistic Regression,0.021081627956279114,0
mimic_perform_non_af_010,0,Logistic Regression,0.03622065658943871,0
mimic_perform_non_af_010,0,Logistic Regression,0.03686789985351859,0
mimic_perform_non_af_010,0,Logistic Regression,0.10277659088695691,0
mimic_perform_non_af_010,0,Logistic Regression,0.058436148928212174,0
mimic_perform_non_af_010,0,Logistic Regression,0.04784025034271967,0
mimic_perform_non_af_010,0,Logistic Regression,0.012964931766187841,0
mimic_perform_non_af_010,0,Logistic Regression,0.03136328947631089,0
mimic_perform_non_af_010,0,Logistic Regression,0.01939663184764925,0
mimic_perform_non_af_010,0,Logistic Regression,0.01909604499834355,0
mimic_perform_non_af_010,0,Logistic Regression,0.006047892410556825,0
mimic_perform_non_af_010,0,Logistic Regression,0.007959793592148899,0
mimic_perform_non_af_010,0,Logistic Regression,0.010263433060241727,0
mimic_perform_non_af_010,0,Logistic Regression,0.01116881415513088,0
mimic_perform_non_af_010,0,Logistic Regression,0.011274218163335945,0
mimic_perform_non_af_010,0,Logistic Regression,0.011817260606749785,0
mimic_perform_non_af_010,0,Logistic Regression,0.013474559337573556,0
mimic_perform_non_af_010,0,Logistic Regression,0.02414832126377805,0
mimic_perform_non_af_010,0,Logistic Regression,0.02461862575531204,0
mimic_perform_non_af_010,0,Logistic Regression,0.01585694413007122,0
mimic_perform_non_af_010,0,Logistic Regression,0.021430012064470455,0
mimic_perform_non_af_010,0,Logistic Regression,0.12777438205355385,0
mimic_perform_non_af_010,0,Logistic Regression,0.635375326291289,1
mimic_perform_non_af_010,0,Logistic Regression,0.46292466643634345,0
mimic_perform_non_af_010,0,Logistic Regression,0.41377535244471125,0
mimic_perform_non_af_010,0,Logistic Regression,0.41113190646002856,0
mimic_perform_non_af_010,0,Logistic Regression,0.16429045486259364,0
mimic_perform_non_af_010,0,Logistic Regression,0.05002376726020614,0
mimic_perform_non_af_010,0,Logistic Regression,0.01706165608574677,0
mimic_perform_non_af_010,0,Logistic Regression,0.020023820897546403,0
mimic_perform_non_af_010,0,Logistic Regression,0.019715214189901464,0
mimic_perform_non_af_010,0,Logistic Regression,0.040323926479018675,0
mimic_perform_non_af_010,0,Logistic Regression,0.04571165686278708,0
mimic_perform_non_af_010,0,Logistic Regression,0.04332201695969434,0
mimic_perform_non_af_010,0,Logistic Regression,0.016795840505444172,0
mimic_perform_non_af_010,0,Logistic Regression,0.006107627224372692,0
mimic_perform_non_af_010,0,Logistic Regression,0.008382178659253182,0
mimic_perform_non_af_010,0,Logistic Regression,0.013167339937326673,0
mimic_perform_non_af_010,0,Logistic Regression,0.01163489595120088,0
mimic_perform_non_af_010,0,Logistic Regression,0.0016811103276661037,0
mimic_perform_non_af_010,0,Logistic Regression,0.004950684109164897,0
mimic_perform_non_af_010,0,Logistic Regression,0.004571162375819792,0
mimic_perform_non_af_010,0,Logistic Regression,0.007266891044594994,0
mimic_perform_non_af_010,0,Logistic Regression,0.027522109423168725,0
mimic_perform_non_af_010,0,Logistic Regression,0.0475052392403621,0
mimic_perform_non_af_010,0,Logistic Regression,0.09813006380699878,0
mimic_perform_non_af_010,0,Logistic Regression,0.053639167372464665,0
mimic_perform_non_af_010,0,Logistic Regression,0.020565385810697827,0
mimic_perform_non_af_010,0,Logistic Regression,0.012024480181157687,0
mimic_perform_non_af_010,0,Logistic Regression,0.006797198771607616,0
mimic_perform_non_af_010,0,Logistic Regression,0.0069225884207606515,0
mimic_perform_non_af_010,0,Logistic Regression,0.012887359332567658,0
mimic_perform_non_af_011,0,Logistic Regression,0.010059831018557265,0
mimic_perform_non_af_011,0,Logistic Regression,0.02661586138928054,0
mimic_perform_non_af_011,0,Logistic Regression,0.0414072124761156,0
mimic_perform_non_af_011,0,Logistic Regression,0.036637022866104395,0
mimic_perform_non_af_011,0,Logistic Regression,0.013060782266569808,0
mimic_perform_non_af_011,0,Logistic Regression,0.020018747909184044,0
mimic_perform_non_af_011,0,Logistic Regression,0.050620881090215654,0
mimic_perform_non_af_011,0,Logistic Regression,0.23614070550328783,0
mimic_perform_non_af_011,0,Logistic Regression,0.2487568215682531,0
mimic_perform_non_af_011,0,Logistic Regression,0.17828300790695759,0
mimic_perform_non_af_011,0,Logistic Regression,0.08426897292293475,0
mimic_perform_non_af_011,0,Logistic Regression,0.06901415205174302,0
mimic_perform_non_af_011,0,Logistic Regression,0.05986081701035052,0
mimic_perform_non_af_011,0,Logistic Regression,0.045913569803317775,0
mimic_perform_non_af_011,0,Logistic Regression,0.024189377477196596,0
mimic_perform_non_af_011,0,Logistic Regression,0.02224736481531099,0
mimic_perform_non_af_011,0,Logistic Regression,0.026527141546485344,0
mimic_perform_non_af_011,0,Logistic Regression,0.0380818289916821,0
mimic_perform_non_af_011,0,Logistic Regression,0.019310709088514885,0
mimic_perform_non_af_011,0,Logistic Regression,0.017794802672824794,0
mimic_perform_non_af_011,0,Logistic Regression,0.026235504326265754,0
mimic_perform_non_af_011,0,Logistic Regression,0.04206800094054144,0
mimic_perform_non_af_011,0,Logistic Regression,0.030747463378997312,0
mimic_perform_non_af_011,0,Logistic Regression,0.01607372112773766,0
mimic_perform_non_af_011,0,Logistic Regression,0.015955313819673248,0
mimic_perform_non_af_011,0,Logistic Regression,0.05915886531119395,0
mimic_perform_non_af_011,0,Logistic Regression,0.21101108672529434,0
mimic_perform_non_af_011,0,Logistic Regression,0.11494346155334904,0
mimic_perform_non_af_011,0,Logistic Regression,0.03246152683535397,0
mimic_perform_non_af_011,0,Logistic Regression,0.03507522185754681,0
mimic_perform_non_af_011,0,Logistic Regression,0.056222912854267455,0
mimic_perform_non_af_011,0,Logistic Regression,0.08377005369209853,0
mimic_perform_non_af_011,0,Logistic Regression,0.1007394513791505,0
mimic_perform_non_af_011,0,Logistic Regression,0.09446169761321223,0
mimic_perform_non_af_011,0,Logistic Regression,0.07723577556143575,0
mimic_perform_non_af_011,0,Logistic Regression,0.04691299328720037,0
mimic_perform_non_af_011,0,Logistic Regression,0.08581619837251989,0
mimic_perform_non_af_011,0,Logistic Regression,0.12513269520855108,0
mimic_perform_non_af_011,0,Logistic Regression,0.0637285903461607,0
mimic_perform_non_af_011,0,Logistic Regression,0.06169465517408643,0
mimic_perform_non_af_011,0,Logistic Regression,0.08563387071466892,0
mimic_perform_non_af_011,0,Logistic Regression,0.09965638767296119,0
mimic_perform_non_af_011,0,Logistic Regression,0.04536463300252807,0
mimic_perform_non_af_011,0,Logistic Regression,0.05223156587573527,0
mimic_perform_non_af_011,0,Logistic Regression,0.050802912792788577,0
mimic_perform_non_af_011,0,Logistic Regression,0.04786510875460144,0
mimic_perform_non_af_011,0,Logistic Regression,0.02291729272971302,0
mimic_perform_non_af_011,0,Logistic Regression,0.013966119650796121,0
mimic_perform_non_af_011,0,Logistic Regression,0.03595732086706229,0
mimic_perform_non_af_011,0,Logistic Regression,0.029917856227608345,0
mimic_perform_non_af_011,0,Logistic Regression,0.03486402088898696,0
mimic_perform_non_af_011,0,Logistic Regression,0.014948774366495403,0
mimic_perform_non_af_011,0,Logistic Regression,0.022954347487401043,0
mimic_perform_non_af_011,0,Logistic Regression,0.022996583893178473,0
mimic_perform_non_af_011,0,Logistic Regression,0.01664872739931733,0
mimic_perform_non_af_011,0,Logistic Regression,0.017217700045059472,0
mimic_perform_non_af_011,0,Logistic Regression,0.04030870133003221,0
mimic_perform_non_af_011,0,Logistic Regression,0.046600034360791166,0
mimic_perform_non_af_011,0,Logistic Regression,0.03623232594315911,0
mimic_perform_non_af_011,0,Logistic Regression,0.01328779714894778,0
mimic_perform_non_af_011,0,Logistic Regression,0.016811890133055306,0
mimic_perform_non_af_011,0,Logistic Regression,0.014749045581778013,0
mimic_perform_non_af_011,0,Logistic Regression,0.015054790190205704,0
mimic_perform_non_af_011,0,Logistic Regression,0.01473044418112287,0
mimic_perform_non_af_011,0,Logistic Regression,0.015985226819484954,0
mimic_perform_non_af_011,0,Logistic Regression,0.053711810277783996,0
mimic_perform_non_af_011,0,Logistic Regression,0.05128322739166679,0
mimic_perform_non_af_011,0,Logistic Regression,0.03001285354658723,0
mimic_perform_non_af_011,0,Logistic Regression,0.018527304888943694,0
mimic_perform_non_af_011,0,Logistic Regression,0.012045884037681127,0
mimic_perform_non_af_011,0,Logistic Regression,0.02498123465939696,0
mimic_perform_non_af_011,0,Logistic Regression,0.027369065502280833,0
mimic_perform_non_af_011,0,Logistic Regression,0.033186168665866406,0
mimic_perform_non_af_011,0,Logistic Regression,0.03250003802507725,0
mimic_perform_non_af_011,0,Logistic Regression,0.031487381850174766,0
mimic_perform_non_af_011,0,Logistic Regression,0.019147063799808645,0
mimic_perform_non_af_011,0,Logistic Regression,0.06768154802877983,0
mimic_perform_non_af_011,0,Logistic Regression,0.053667220287914506,0
mimic_perform_non_af_011,0,Logistic Regression,0.10034820713176372,0
mimic_perform_non_af_011,0,Logistic Regression,0.037256350475997235,0
mimic_perform_non_af_011,0,Logistic Regression,0.034389047076701935,0
mimic_perform_non_af_011,0,Logistic Regression,0.01817119343285451,0
mimic_perform_non_af_011,0,Logistic Regression,0.01459715857411493,0
mimic_perform_non_af_011,0,Logistic Regression,0.017167960278375794,0
mimic_perform_non_af_011,0,Logistic Regression,0.015167252991454563,0
mimic_perform_non_af_011,0,Logistic Regression,0.014474257178849745,0
mimic_perform_non_af_011,0,Logistic Regression,0.010783134738506934,0
mimic_perform_non_af_011,0,Logistic Regression,0.013816967245725474,0
mimic_perform_non_af_011,0,Logistic Regression,0.01558210683127216,0
mimic_perform_non_af_011,0,Logistic Regression,0.012962168278043966,0
mimic_perform_non_af_011,0,Logistic Regression,0.011836480510538417,0
mimic_perform_non_af_011,0,Logistic Regression,0.015836364236857647,0
mimic_perform_non_af_011,0,Logistic Regression,0.02422643769214974,0
mimic_perform_non_af_011,0,Logistic Regression,0.02412638294549931,0
mimic_perform_non_af_011,0,Logistic Regression,0.028468054948078535,0
mimic_perform_non_af_011,0,Logistic Regression,0.012528797608313234,0
mimic_perform_non_af_011,0,Logistic Regression,0.011275620309630651,0
mimic_perform_non_af_011,0,Logistic Regression,0.01642080495381387,0
mimic_perform_non_af_011,0,Logistic Regression,0.0190457216503439,0
mimic_perform_non_af_011,0,Logistic Regression,0.020896903382551197,0
mimic_perform_non_af_011,0,Logistic Regression,0.010103089263597296,0
mimic_perform_non_af_011,0,Logistic Regression,0.015050394609778743,0
mimic_perform_non_af_011,0,Logistic Regression,0.035483971582034896,0
mimic_perform_non_af_011,0,Logistic Regression,0.03492903052036986,0
mimic_perform_non_af_011,0,Logistic Regression,0.017746288872833627,0
mimic_perform_non_af_011,0,Logistic Regression,0.012724505551332976,0
mimic_perform_non_af_011,0,Logistic Regression,0.013134703501001039,0
mimic_perform_non_af_011,0,Logistic Regression,0.00979642283838592,0
mimic_perform_non_af_011,0,Logistic Regression,0.016592002433082616,0
mimic_perform_non_af_011,0,Logistic Regression,0.01704276496296086,0
mimic_perform_non_af_011,0,Logistic Regression,0.018596512641301865,0
mimic_perform_non_af_011,0,Logistic Regression,0.014616986879793232,0
mimic_perform_non_af_011,0,Logistic Regression,0.0188673884562699,0
mimic_perform_non_af_011,0,Logistic Regression,0.0190452518136394,0
mimic_perform_non_af_011,0,Logistic Regression,0.017697282708714436,0
mimic_perform_non_af_011,0,Logistic Regression,0.016960876820846023,0
mimic_perform_non_af_011,0,Logistic Regression,0.01707676591768805,0
mimic_perform_non_af_011,0,Logistic Regression,0.017713517101557066,0
mimic_perform_non_af_012,0,Logistic Regression,0.8906611971078158,1
mimic_perform_non_af_012,0,Logistic Regression,0.9316329496289857,1
mimic_perform_non_af_012,0,Logistic Regression,0.8563725904637963,1
mimic_perform_non_af_012,0,Logistic Regression,0.9953375294771641,1
mimic_perform_non_af_012,0,Logistic Regression,0.9949974889224943,1
mimic_perform_non_af_012,0,Logistic Regression,0.9991416912352877,1
mimic_perform_non_af_012,0,Logistic Regression,0.9995468544581096,1
mimic_perform_non_af_012,0,Logistic Regression,0.9989959080016938,1
mimic_perform_non_af_012,0,Logistic Regression,0.9978873013781544,1
mimic_perform_non_af_012,0,Logistic Regression,0.9907834950147331,1
mimic_perform_non_af_012,0,Logistic Regression,0.9773020433752027,1
mimic_perform_non_af_012,0,Logistic Regression,0.9955719546520948,1
mimic_perform_non_af_012,0,Logistic Regression,0.9940907419346116,1
mimic_perform_non_af_012,0,Logistic Regression,0.9986178080069716,1
mimic_perform_non_af_012,0,Logistic Regression,0.9999757179684011,1
mimic_perform_non_af_012,0,Logistic Regression,0.9999395901434208,1
mimic_perform_non_af_012,0,Logistic Regression,0.998705364785371,1
mimic_perform_non_af_012,0,Logistic Regression,0.9984638608367299,1
mimic_perform_non_af_012,0,Logistic Regression,0.9987757520405298,1
mimic_perform_non_af_012,0,Logistic Regression,0.9867107552103814,1
mimic_perform_non_af_012,0,Logistic Regression,0.9336446378336395,1
mimic_perform_non_af_012,0,Logistic Regression,0.9580049945992749,1
mimic_perform_non_af_012,0,Logistic Regression,0.9917633940525806,1
mimic_perform_non_af_012,0,Logistic Regression,0.9960776180472312,1
mimic_perform_non_af_012,0,Logistic Regression,0.998277908272614,1
mimic_perform_non_af_012,0,Logistic Regression,0.9970999559403048,1
mimic_perform_non_af_012,0,Logistic Regression,0.998005417505212,1
mimic_perform_non_af_012,0,Logistic Regression,0.997685998335602,1
mimic_perform_non_af_012,0,Logistic Regression,0.9828998000690276,1
mimic_perform_non_af_012,0,Logistic Regression,0.9827279892083305,1
mimic_perform_non_af_012,0,Logistic Regression,0.9598415797442165,1
mimic_perform_non_af_012,0,Logistic Regression,0.9957562473137659,1
mimic_perform_non_af_012,0,Logistic Regression,0.9991841040321839,1
mimic_perform_non_af_012,0,Logistic Regression,0.9992740863539322,1
mimic_perform_non_af_012,0,Logistic Regression,0.9989670675639181,1
mimic_perform_non_af_012,0,Logistic Regression,0.9961976891479668,1
mimic_perform_non_af_012,0,Logistic Regression,0.9961131975316553,1
mimic_perform_non_af_012,0,Logistic Regression,0.9953331872126209,1
mimic_perform_non_af_012,0,Logistic Regression,0.994623593740441,1
mimic_perform_non_af_012,0,Logistic Regression,0.9998338165745757,1
mimic_perform_non_af_012,0,Logistic Regression,0.9997656237403993,1
mimic_perform_non_af_012,0,Logistic Regression,0.9989562062932779,1
mimic_perform_non_af_012,0,Logistic Regression,0.9956309122911418,1
mimic_perform_non_af_012,0,Logistic Regression,0.9910985720783593,1
mimic_perform_non_af_012,0,Logistic Regression,0.9958975554179129,1
mimic_perform_non_af_012,0,Logistic Regression,0.9996223679428019,1
mimic_perform_non_af_012,0,Logistic Regression,0.9993326281922703,1
mimic_perform_non_af_012,0,Logistic Regression,0.998440172763149,1
mimic_perform_non_af_012,0,Logistic Regression,0.9995698414102416,1
mimic_perform_non_af_012,0,Logistic Regression,0.9981116976967026,1
mimic_perform_non_af_012,0,Logistic Regression,0.9946469149936091,1
mimic_perform_non_af_012,0,Logistic Regression,0.9986643618300628,1
mimic_perform_non_af_012,0,Logistic Regression,0.9969695061279661,1
mimic_perform_non_af_012,0,Logistic Regression,0.9953014601264406,1
mimic_perform_non_af_012,0,Logistic Regression,0.9974579876943909,1
mimic_perform_non_af_012,0,Logistic Regression,0.9863797868034613,1
mimic_perform_non_af_012,0,Logistic Regression,0.9821058436428841,1
mimic_perform_non_af_012,0,Logistic Regression,0.9742886044451469,1
mimic_perform_non_af_012,0,Logistic Regression,0.9787814640594302,1
mimic_perform_non_af_012,0,Logistic Regression,0.991791801861408,1
mimic_perform_non_af_012,0,Logistic Regression,0.9952225421415827,1
mimic_perform_non_af_012,0,Logistic Regression,0.9936962671225958,1
mimic_perform_non_af_012,0,Logistic Regression,0.989411705480149,1
mimic_perform_non_af_012,0,Logistic Regression,0.9604754311846335,1
mimic_perform_non_af_012,0,Logistic Regression,0.9650889184800852,1
mimic_perform_non_af_012,0,Logistic Regression,0.9874384683940913,1
mimic_perform_non_af_012,0,Logistic Regression,0.943087688374062,1
mimic_perform_non_af_012,0,Logistic Regression,0.9904772203609157,1
mimic_perform_non_af_012,0,Logistic Regression,0.9646524655975637,1
mimic_perform_non_af_012,0,Logistic Regression,0.945172077179474,1
mimic_perform_non_af_012,0,Logistic Regression,0.9432237132001479,1
mimic_perform_non_af_012,0,Logistic Regression,0.9789608585515819,1
mimic_perform_non_af_012,0,Logistic Regression,0.9973821348109171,1
mimic_perform_non_af_012,0,Logistic Regression,0.9959197525445976,1
mimic_perform_non_af_012,0,Logistic Regression,0.9642742031197599,1
mimic_perform_non_af_012,0,Logistic Regression,0.9172258091859633,1
mimic_perform_non_af_012,0,Logistic Regression,0.9450013376072296,1
mimic_perform_non_af_012,0,Logistic Regression,0.9838124620071854,1
mimic_perform_non_af_012,0,Logistic Regression,0.9813459926206917,1
mimic_perform_non_af_012,0,Logistic Regression,0.9771273207031708,1
mimic_perform_non_af_012,0,Logistic Regression,0.9956104825763751,1
mimic_perform_non_af_012,0,Logistic Regression,0.9905011137641372,1
mimic_perform_non_af_012,0,Logistic Regression,0.995715738511218,1
mimic_perform_non_af_012,0,Logistic Regression,0.9937171744795052,1
mimic_perform_non_af_012,0,Logistic Regression,0.998046857420166,1
mimic_perform_non_af_012,0,Logistic Regression,0.9990868221640345,1
mimic_perform_non_af_012,0,Logistic Regression,0.9994882404505793,1
mimic_perform_non_af_012,0,Logistic Regression,0.9995092833307355,1
mimic_perform_non_af_012,0,Logistic Regression,0.9982266869053433,1
mimic_perform_non_af_012,0,Logistic Regression,0.998827237749927,1
mimic_perform_non_af_012,0,Logistic Regression,0.9982630757823269,1
mimic_perform_non_af_012,0,Logistic Regression,0.9996169112612836,1
mimic_perform_non_af_012,0,Logistic Regression,0.9995589953949489,1
mimic_perform_non_af_012,0,Logistic Regression,0.9980794713324526,1
mimic_perform_non_af_012,0,Logistic Regression,0.9970683775231565,1
mimic_perform_non_af_012,0,Logistic Regression,0.9983113445659059,1
mimic_perform_non_af_012,0,Logistic Regression,0.9978278216955265,1
mimic_perform_non_af_012,0,Logistic Regression,0.9890381686073516,1
mimic_perform_non_af_012,0,Logistic Regression,0.997219822475892,1
mimic_perform_non_af_012,0,Logistic Regression,0.9995644481675314,1
mimic_perform_non_af_012,0,Logistic Regression,0.9997679116280621,1
mimic_perform_non_af_012,0,Logistic Regression,0.9991989848729548,1
mimic_perform_non_af_012,0,Logistic Regression,0.9952306483302374,1
mimic_perform_non_af_012,0,Logistic Regression,0.9910387712992199,1
mimic_perform_non_af_012,0,Logistic Regression,0.986188825619425,1
mimic_perform_non_af_012,0,Logistic Regression,0.9831386227559515,1
mimic_perform_non_af_012,0,Logistic Regression,0.9921956586581439,1
mimic_perform_non_af_012,0,Logistic Regression,0.9877285643708776,1
mimic_perform_non_af_012,0,Logistic Regression,0.9765098654109954,1
mimic_perform_non_af_012,0,Logistic Regression,0.9773679803370977,1
mimic_perform_non_af_012,0,Logistic Regression,0.9970592139363487,1
mimic_perform_non_af_012,0,Logistic Regression,0.9985021962983078,1
mimic_perform_non_af_012,0,Logistic Regression,0.9973990693300844,1
mimic_perform_non_af_012,0,Logistic Regression,0.9821034471182656,1
mimic_perform_non_af_012,0,Logistic Regression,0.9914533562888113,1
mimic_perform_non_af_012,0,Logistic Regression,0.9910598573412684,1
mimic_perform_non_af_012,0,Logistic Regression,0.9550819695774208,1
mimic_perform_non_af_012,0,Logistic Regression,0.9429195270731295,1
mimic_perform_non_af_013,0,Logistic Regression,0.03644936923710305,0
mimic_perform_non_af_013,0,Logistic Regression,0.04736513916214817,0
mimic_perform_non_af_013,0,Logistic Regression,0.02320046423807673,0
mimic_perform_non_af_013,0,Logistic Regression,0.022980011599505797,0
mimic_perform_non_af_013,0,Logistic Regression,0.018189172538016045,0
mimic_perform_non_af_013,0,Logistic Regression,0.017759413332047197,0
mimic_perform_non_af_013,0,Logistic Regression,0.01924212108401237,0
mimic_perform_non_af_013,0,Logistic Regression,0.017787364440211107,0
mimic_perform_non_af_013,0,Logistic Regression,0.01721114990546823,0
mimic_perform_non_af_013,0,Logistic Regression,0.010739481016631459,0
mimic_perform_non_af_013,0,Logistic Regression,0.011001678665288485,0
mimic_perform_non_af_013,0,Logistic Regression,0.010932202065434306,0
mimic_perform_non_af_013,0,Logistic Regression,0.017542595218349832,0
mimic_perform_non_af_013,0,Logistic Regression,0.016918690406717556,0
mimic_perform_non_af_013,0,Logistic Regression,0.04397593704087686,0
mimic_perform_non_af_013,0,Logistic Regression,0.04217241653662108,0
mimic_perform_non_af_013,0,Logistic Regression,0.043085171947974676,0
mimic_perform_non_af_013,0,Logistic Regression,0.01791604555098621,0
mimic_perform_non_af_013,0,Logistic Regression,0.017596414218111547,0
mimic_perform_non_af_013,0,Logistic Regression,0.018392301193701274,0
mimic_perform_non_af_013,0,Logistic Regression,0.018770663727950245,0
mimic_perform_non_af_013,0,Logistic Regression,0.023180784388257603,0
mimic_perform_non_af_013,0,Logistic Regression,0.02267969561751281,0
mimic_perform_non_af_013,0,Logistic Regression,0.02333060372710922,0
mimic_perform_non_af_013,0,Logistic Regression,0.018694624012650117,0
mimic_perform_non_af_013,0,Logistic Regression,0.017895736957286842,0
mimic_perform_non_af_013,0,Logistic Regression,0.01970841002507836,0
mimic_perform_non_af_013,0,Logistic Regression,0.03332906253333501,0
mimic_perform_non_af_013,0,Logistic Regression,0.024368781619929374,0
mimic_perform_non_af_013,0,Logistic Regression,0.010475921380539209,0
mimic_perform_non_af_013,0,Logistic Regression,0.010913184859258832,0
mimic_perform_non_af_013,0,Logistic Regression,0.012653533444891153,0
mimic_perform_non_af_013,0,Logistic Regression,0.006547361802606945,0
mimic_perform_non_af_013,0,Logistic Regression,0.018797109756477793,0
mimic_perform_non_af_013,0,Logistic Regression,0.01804252268601414,0
mimic_perform_non_af_013,0,Logistic Regression,0.018372114050016604,0
mimic_perform_non_af_013,0,Logistic Regression,0.017299858142077212,0
mimic_perform_non_af_013,0,Logistic Regression,0.03040021139941058,0
mimic_perform_non_af_013,0,Logistic Regression,0.03075206189968508,0
mimic_perform_non_af_013,0,Logistic Regression,0.03290185116497206,0
mimic_perform_non_af_013,0,Logistic Regression,0.016142067732341857,0
mimic_perform_non_af_013,0,Logistic Regression,0.016329465796304128,0
mimic_perform_non_af_013,0,Logistic Regression,0.015830792498331945,0
mimic_perform_non_af_013,0,Logistic Regression,0.01674367500583132,0
mimic_perform_non_af_013,0,Logistic Regression,0.015825092636108474,0
mimic_perform_non_af_013,0,Logistic Regression,0.016417891900130835,0
mimic_perform_non_af_013,0,Logistic Regression,0.01618782786950523,0
mimic_perform_non_af_013,0,Logistic Regression,0.016395560158655908,0
mimic_perform_non_af_013,0,Logistic Regression,0.017881736733676278,0
mimic_perform_non_af_013,0,Logistic Regression,0.018319813218506738,0
mimic_perform_non_af_013,0,Logistic Regression,0.017331178323287406,0
mimic_perform_non_af_013,0,Logistic Regression,0.01702427817927854,0
mimic_perform_non_af_013,0,Logistic Regression,0.01718164468697085,0
mimic_perform_non_af_013,0,Logistic Regression,0.017653051710561883,0
mimic_perform_non_af_013,0,Logistic Regression,0.018304472094349947,0
mimic_perform_non_af_013,0,Logistic Regression,0.018081645414558485,0
mimic_perform_non_af_013,0,Logistic Regression,0.02158406097572567,0
mimic_perform_non_af_013,0,Logistic Regression,0.021938243189683706,0
mimic_perform_non_af_013,0,Logistic Regression,0.022002083825653065,0
mimic_perform_non_af_013,0,Logistic Regression,0.02073143603128372,0
mimic_perform_non_af_013,0,Logistic Regression,0.019953463700384214,0
mimic_perform_non_af_013,0,Logistic Regression,0.019384392861048906,0
mimic_perform_non_af_013,0,Logistic Regression,0.018256049512859477,0
mimic_perform_non_af_013,0,Logistic Regression,0.017886331970970257,0
mimic_perform_non_af_013,0,Logistic Regression,0.018081323295359622,0
mimic_perform_non_af_013,0,Logistic Regression,0.017945401929569896,0
mimic_perform_non_af_013,0,Logistic Regression,0.018506661766560836,0
mimic_perform_non_af_013,0,Logistic Regression,0.01826799069236157,0
mimic_perform_non_af_013,0,Logistic Regression,0.019071433887304045,0
mimic_perform_non_af_013,0,Logistic Regression,0.0181856374151538,0
mimic_perform_non_af_013,0,Logistic Regression,0.018122619138772174,0
mimic_perform_non_af_013,0,Logistic Regression,0.016608385264990325,0
mimic_perform_non_af_013,0,Logistic Regression,0.017479283276902322,0
mimic_perform_non_af_013,0,Logistic Regression,0.022827142807542996,0
mimic_perform_non_af_013,0,Logistic Regression,0.023448814837970886,0
mimic_perform_non_af_013,0,Logistic Regression,0.023721332188851224,0
mimic_perform_non_af_013,0,Logistic Regression,0.018457489111080423,0
mimic_perform_non_af_013,0,Logistic Regression,0.017207093097551397,0
mimic_perform_non_af_013,0,Logistic Regression,0.017996747832141814,0
mimic_perform_non_af_013,0,Logistic Regression,0.019990421521715464,0
mimic_perform_non_af_013,0,Logistic Regression,0.021128948899226133,0
mimic_perform_non_af_013,0,Logistic Regression,0.019162516354378278,0
mimic_perform_non_af_013,0,Logistic Regression,0.018699878515171683,0
mimic_perform_non_af_013,0,Logistic Regression,0.017418620865034245,0
mimic_perform_non_af_013,0,Logistic Regression,0.016449293907289206,0
mimic_perform_non_af_013,0,Logistic Regression,0.016846028871630326,0
mimic_perform_non_af_013,0,Logistic Regression,0.017607740985082814,0
mimic_perform_non_af_013,0,Logistic Regression,0.01784446502682225,0
mimic_perform_non_af_013,0,Logistic Regression,0.01771534341469129,0
mimic_perform_non_af_013,0,Logistic Regression,0.017022960709976793,0
mimic_perform_non_af_013,0,Logistic Regression,0.017196846856809986,0
mimic_perform_non_af_013,0,Logistic Regression,0.017101700124164912,0
mimic_perform_non_af_013,0,Logistic Regression,0.017440211370465745,0
mimic_perform_non_af_013,0,Logistic Regression,0.02194695650697752,0
mimic_perform_non_af_013,0,Logistic Regression,0.021342353536208638,0
mimic_perform_non_af_013,0,Logistic Regression,0.022016758553680113,0
mimic_perform_non_af_013,0,Logistic Regression,0.017555450802963172,0
mimic_perform_non_af_013,0,Logistic Regression,0.016790734655168987,0
mimic_perform_non_af_013,0,Logistic Regression,0.03081087202466822,0
mimic_perform_non_af_013,0,Logistic Regression,0.04816844441668867,0
mimic_perform_non_af_013,0,Logistic Regression,0.06671348402537094,0
mimic_perform_non_af_013,0,Logistic Regression,0.054057414019270826,0
mimic_perform_non_af_013,0,Logistic Regression,0.04251175706045998,0
mimic_perform_non_af_013,0,Logistic Regression,0.03328157001001964,0
mimic_perform_non_af_013,0,Logistic Regression,0.018214537169521965,0
mimic_perform_non_af_013,0,Logistic Regression,0.01842628566917397,0
mimic_perform_non_af_013,0,Logistic Regression,0.017030925572719086,0
mimic_perform_non_af_013,0,Logistic Regression,0.011844376668699015,0
mimic_perform_non_af_013,0,Logistic Regression,0.014922663651410204,0
mimic_perform_non_af_013,0,Logistic Regression,0.015142490163019039,0
mimic_perform_non_af_013,0,Logistic Regression,0.018233183349562164,0
mimic_perform_non_af_013,0,Logistic Regression,0.01747313589574193,0
mimic_perform_non_af_013,0,Logistic Regression,0.017253088194878544,0
mimic_perform_non_af_013,0,Logistic Regression,0.018078435218637362,0
mimic_perform_non_af_013,0,Logistic Regression,0.018192353411005984,0
mimic_perform_non_af_013,0,Logistic Regression,0.01827877761666014,0
mimic_perform_non_af_013,0,Logistic Regression,0.01845003893656128,0
mimic_perform_non_af_013,0,Logistic Regression,0.018663702543007154,0
mimic_perform_non_af_014,0,Logistic Regression,0.9996050539871083,1
mimic_perform_non_af_014,0,Logistic Regression,0.9998754676920968,1
mimic_perform_non_af_014,0,Logistic Regression,0.9998819843244106,1
mimic_perform_non_af_014,0,Logistic Regression,0.99992699697063,1
mimic_perform_non_af_014,0,Logistic Regression,0.9998239205495345,1
mimic_perform_non_af_014,0,Logistic Regression,0.9997631453166745,1
mimic_perform_non_af_014,0,Logistic Regression,0.9998971802924332,1
mimic_perform_non_af_014,0,Logistic Regression,0.9999226388223947,1
mimic_perform_non_af_014,0,Logistic Regression,0.9996682083917021,1
mimic_perform_non_af_014,0,Logistic Regression,0.999491716595809,1
mimic_perform_non_af_014,0,Logistic Regression,0.9973794432403907,1
mimic_perform_non_af_014,0,Logistic Regression,0.999149377983292,1
mimic_perform_non_af_014,0,Logistic Regression,0.9985534179206834,1
mimic_perform_non_af_014,0,Logistic Regression,0.9995909150553961,1
mimic_perform_non_af_014,0,Logistic Regression,0.9993524821265325,1
mimic_perform_non_af_014,0,Logistic Regression,0.9998738688120518,1
mimic_perform_non_af_014,0,Logistic Regression,0.9997051837911679,1
mimic_perform_non_af_014,0,Logistic Regression,0.9997302224432852,1
mimic_perform_non_af_014,0,Logistic Regression,0.9990289057655529,1
mimic_perform_non_af_014,0,Logistic Regression,0.998527480638133,1
mimic_perform_non_af_014,0,Logistic Regression,0.9973582735682391,1
mimic_perform_non_af_014,0,Logistic Regression,0.998231579084014,1
mimic_perform_non_af_014,0,Logistic Regression,0.9998793746268596,1
mimic_perform_non_af_014,0,Logistic Regression,0.9999322460914524,1
mimic_perform_non_af_014,0,Logistic Regression,0.9999436569728024,1
mimic_perform_non_af_014,0,Logistic Regression,0.9997570161570964,1
mimic_perform_non_af_014,0,Logistic Regression,0.9999563253167862,1
mimic_perform_non_af_014,0,Logistic Regression,0.9999867078278355,1
mimic_perform_non_af_014,0,Logistic Regression,0.9999735703849939,1
mimic_perform_non_af_014,0,Logistic Regression,0.9998800281710734,1
mimic_perform_non_af_014,0,Logistic Regression,0.999506893996647,1
mimic_perform_non_af_014,0,Logistic Regression,0.9999434528250588,1
mimic_perform_non_af_014,0,Logistic Regression,0.9998843628313754,1
mimic_perform_non_af_014,0,Logistic Regression,0.9999766648084448,1
mimic_perform_non_af_014,0,Logistic Regression,0.9998705625654308,1
mimic_perform_non_af_014,0,Logistic Regression,0.9998715556994416,1
mimic_perform_non_af_014,0,Logistic Regression,0.9999550158401029,1
mimic_perform_non_af_014,0,Logistic Regression,0.9999663160822428,1
mimic_perform_non_af_014,0,Logistic Regression,0.9999324888908298,1
mimic_perform_non_af_014,0,Logistic Regression,0.9997692781986142,1
mimic_perform_non_af_014,0,Logistic Regression,0.9999444170411793,1
mimic_perform_non_af_014,0,Logistic Regression,0.9999853868477794,1
mimic_perform_non_af_014,0,Logistic Regression,0.9999980509624513,1
mimic_perform_non_af_014,0,Logistic Regression,0.9999851396240509,1
mimic_perform_non_af_014,0,Logistic Regression,0.9999906188267108,1
mimic_perform_non_af_014,0,Logistic Regression,0.9999909696194094,1
mimic_perform_non_af_014,0,Logistic Regression,0.9999949367237922,1
mimic_perform_non_af_014,0,Logistic Regression,0.9999754941804709,1
mimic_perform_non_af_014,0,Logistic Regression,0.9998199002614749,1
mimic_perform_non_af_014,0,Logistic Regression,0.9997980772748957,1
mimic_perform_non_af_014,0,Logistic Regression,0.9998144004693793,1
mimic_perform_non_af_014,0,Logistic Regression,0.999518402188765,1
mimic_perform_non_af_014,0,Logistic Regression,0.9966200833841468,1
mimic_perform_non_af_014,0,Logistic Regression,0.9881198112978529,1
mimic_perform_non_af_014,0,Logistic Regression,0.9967342612116098,1
mimic_perform_non_af_014,0,Logistic Regression,0.9998628683529925,1
mimic_perform_non_af_014,0,Logistic Regression,0.9999321899562185,1
mimic_perform_non_af_014,0,Logistic Regression,0.9995275552180303,1
mimic_perform_non_af_014,0,Logistic Regression,0.999933530100963,1
mimic_perform_non_af_014,0,Logistic Regression,0.9999723501981377,1
mimic_perform_non_af_014,0,Logistic Regression,0.9999957798198842,1
mimic_perform_non_af_014,0,Logistic Regression,0.9999765030492278,1
mimic_perform_non_af_014,0,Logistic Regression,0.9999535523259797,1
mimic_perform_non_af_014,0,Logistic Regression,0.9997753762389008,1
mimic_perform_non_af_014,0,Logistic Regression,0.9997860126827498,1
mimic_perform_non_af_014,0,Logistic Regression,0.9998471269190211,1
mimic_perform_non_af_014,0,Logistic Regression,0.9998541175187026,1
mimic_perform_non_af_014,0,Logistic Regression,0.9997794089488994,1
mimic_perform_non_af_014,0,Logistic Regression,0.9999670948179237,1
mimic_perform_non_af_014,0,Logistic Regression,0.9999921417745525,1
mimic_perform_non_af_014,0,Logistic Regression,0.9999972427024665,1
mimic_perform_non_af_014,0,Logistic Regression,0.999967585842871,1
mimic_perform_non_af_014,0,Logistic Regression,0.9994749610010358,1
mimic_perform_non_af_014,0,Logistic Regression,0.9995278678541499,1
mimic_perform_non_af_014,0,Logistic Regression,0.9997214947073885,1
mimic_perform_non_af_014,0,Logistic Regression,0.999488366344487,1
mimic_perform_non_af_014,0,Logistic Regression,0.9989964856015743,1
mimic_perform_non_af_014,0,Logistic Regression,0.9944776541764093,1
mimic_perform_non_af_014,0,Logistic Regression,0.9995224051559972,1
mimic_perform_non_af_014,0,Logistic Regression,0.9992296053377816,1
mimic_perform_non_af_014,0,Logistic Regression,0.999956644229379,1
mimic_perform_non_af_014,0,Logistic Regression,0.9999842376793341,1
mimic_perform_non_af_014,0,Logistic Regression,0.9999934342861376,1
mimic_perform_non_af_014,0,Logistic Regression,0.9999932018678793,1
mimic_perform_non_af_014,0,Logistic Regression,0.9996141512541651,1
mimic_perform_non_af_014,0,Logistic Regression,0.9973110816276851,1
mimic_perform_non_af_014,0,Logistic Regression,0.9858602974968611,1
mimic_perform_non_af_014,0,Logistic Regression,0.999402770221734,1
mimic_perform_non_af_014,0,Logistic Regression,0.9997689465854463,1
mimic_perform_non_af_014,0,Logistic Regression,0.9999405051755842,1
mimic_perform_non_af_014,0,Logistic Regression,0.9997746489012469,1
mimic_perform_non_af_014,0,Logistic Regression,0.9999195764570665,1
mimic_perform_non_af_014,0,Logistic Regression,0.9998027039289769,1
mimic_perform_non_af_014,0,Logistic Regression,0.999933238386224,1
mimic_perform_non_af_014,0,Logistic Regression,0.999937974624009,1
mimic_perform_non_af_014,0,Logistic Regression,0.9998504131726211,1
mimic_perform_non_af_014,0,Logistic Regression,0.9999633806031907,1
mimic_perform_non_af_014,0,Logistic Regression,0.9999578279370857,1
mimic_perform_non_af_014,0,Logistic Regression,0.999954564234319,1
mimic_perform_non_af_014,0,Logistic Regression,0.9999645356718303,1
mimic_perform_non_af_014,0,Logistic Regression,0.9997794711403343,1
mimic_perform_non_af_014,0,Logistic Regression,0.9997534830588151,1
mimic_perform_non_af_014,0,Logistic Regression,0.9993331871130962,1
mimic_perform_non_af_014,0,Logistic Regression,0.9999554460318059,1
mimic_perform_non_af_014,0,Logistic Regression,0.999996188179236,1
mimic_perform_non_af_014,0,Logistic Regression,0.9999974056782343,1
mimic_perform_non_af_014,0,Logistic Regression,0.9999894051580903,1
mimic_perform_non_af_014,0,Logistic Regression,0.9999524891251064,1
mimic_perform_non_af_014,0,Logistic Regression,0.9998760226277666,1
mimic_perform_non_af_014,0,Logistic Regression,0.9998598476627495,1
mimic_perform_non_af_014,0,Logistic Regression,0.9999776826253614,1
mimic_perform_non_af_014,0,Logistic Regression,0.9999585440310989,1
mimic_perform_non_af_014,0,Logistic Regression,0.9997904393102187,1
mimic_perform_non_af_014,0,Logistic Regression,0.9997132542754027,1
mimic_perform_non_af_014,0,Logistic Regression,0.9995287055131178,1
mimic_perform_non_af_014,0,Logistic Regression,0.9998964645534419,1
mimic_perform_non_af_014,0,Logistic Regression,0.9999272564262006,1
mimic_perform_non_af_014,0,Logistic Regression,0.9999936440035052,1
mimic_perform_non_af_015,0,Logistic Regression,0.18121306496537468,0
mimic_perform_non_af_015,0,Logistic Regression,0.5745072203667358,1
mimic_perform_non_af_015,0,Logistic Regression,0.2183557842213207,0
mimic_perform_non_af_015,0,Logistic Regression,0.07487178649969281,0
mimic_perform_non_af_015,0,Logistic Regression,0.032378280899447824,0
mimic_perform_non_af_015,0,Logistic Regression,0.3527435344587255,0
mimic_perform_non_af_015,0,Logistic Regression,0.4010044177412954,0
mimic_perform_non_af_015,0,Logistic Regression,0.5349147414592696,1
mimic_perform_non_af_015,0,Logistic Regression,0.08413534163376671,0
mimic_perform_non_af_015,0,Logistic Regression,0.09887511476822732,0
mimic_perform_non_af_015,0,Logistic Regression,0.07512983887522547,0
mimic_perform_non_af_015,0,Logistic Regression,0.07739628669491871,0
mimic_perform_non_af_015,0,Logistic Regression,0.0776577195753688,0
mimic_perform_non_af_015,0,Logistic Regression,0.09833284113282767,0
mimic_perform_non_af_015,0,Logistic Regression,0.15998225171250224,0
mimic_perform_non_af_015,0,Logistic Regression,0.0662194442768207,0
mimic_perform_non_af_015,0,Logistic Regression,0.02400784635479206,0
mimic_perform_non_af_015,0,Logistic Regression,0.03499163644909296,0
mimic_perform_non_af_015,0,Logistic Regression,0.1960699405279002,0
mimic_perform_non_af_015,0,Logistic Regression,0.2673378859665828,0
mimic_perform_non_af_015,0,Logistic Regression,0.29251686611345495,0
mimic_perform_non_af_015,0,Logistic Regression,0.17516130143855305,0
mimic_perform_non_af_015,0,Logistic Regression,0.28761484774794305,0
mimic_perform_non_af_015,0,Logistic Regression,0.3116628037138413,0
mimic_perform_non_af_015,0,Logistic Regression,0.14137796401043276,0
mimic_perform_non_af_015,0,Logistic Regression,0.024339131876103055,0
mimic_perform_non_af_015,0,Logistic Regression,0.0176283646647161,0
mimic_perform_non_af_015,0,Logistic Regression,0.02002826074156712,0
mimic_perform_non_af_015,0,Logistic Regression,0.12394065241447805,0
mimic_perform_non_af_015,0,Logistic Regression,0.20075787990170246,0
mimic_perform_non_af_015,0,Logistic Regression,0.09419949601692024,0
mimic_perform_non_af_015,0,Logistic Regression,0.013349755969600606,0
mimic_perform_non_af_015,0,Logistic Regression,0.026261911789895,0
mimic_perform_non_af_015,0,Logistic Regression,0.03205167742419045,0
mimic_perform_non_af_015,0,Logistic Regression,0.018316120164808717,0
mimic_perform_non_af_015,0,Logistic Regression,0.009762535305327644,0
mimic_perform_non_af_015,0,Logistic Regression,0.005152990739662147,0
mimic_perform_non_af_015,0,Logistic Regression,0.016270796586796702,0
mimic_perform_non_af_015,0,Logistic Regression,0.022815679051727926,0
mimic_perform_non_af_015,0,Logistic Regression,0.022545900829366895,0
mimic_perform_non_af_015,0,Logistic Regression,0.013514564107093107,0
mimic_perform_non_af_015,0,Logistic Regression,0.009658953742104081,0
mimic_perform_non_af_015,0,Logistic Regression,0.01045745577078817,0
mimic_perform_non_af_015,0,Logistic Regression,0.012975070142279258,0
mimic_perform_non_af_015,0,Logistic Regression,0.0171008115128059,0
mimic_perform_non_af_015,0,Logistic Regression,0.023904845328142334,0
mimic_perform_non_af_015,0,Logistic Regression,0.027427510877429315,0
mimic_perform_non_af_015,0,Logistic Regression,0.017922788916444977,0
mimic_perform_non_af_015,0,Logistic Regression,0.013265415602766631,0
mimic_perform_non_af_015,0,Logistic Regression,0.01716702149065626,0
mimic_perform_non_af_015,0,Logistic Regression,0.024925992980144175,0
mimic_perform_non_af_015,0,Logistic Regression,0.018088449726073482,0
mimic_perform_non_af_015,0,Logistic Regression,0.016872949495848392,0
mimic_perform_non_af_015,0,Logistic Regression,0.03636837265349972,0
mimic_perform_non_af_015,0,Logistic Regression,0.024161707881522367,0
mimic_perform_non_af_015,0,Logistic Regression,0.0615934462599547,0
mimic_perform_non_af_015,0,Logistic Regression,0.019909263944526783,0
mimic_perform_non_af_015,0,Logistic Regression,0.022661160513796488,0
mimic_perform_non_af_015,0,Logistic Regression,0.006518563992417494,0
mimic_perform_non_af_015,0,Logistic Regression,0.02456337109774202,0
mimic_perform_non_af_015,0,Logistic Regression,0.2798355675170534,0
mimic_perform_non_af_015,0,Logistic Regression,0.843118923540513,1
mimic_perform_non_af_015,0,Logistic Regression,0.5294149141990938,1
mimic_perform_non_af_015,0,Logistic Regression,0.13325760831921393,0
mimic_perform_non_af_015,0,Logistic Regression,0.018445626740776495,0
mimic_perform_non_af_015,0,Logistic Regression,0.02779766948067041,0
mimic_perform_non_af_015,0,Logistic Regression,0.01265770234689826,0
mimic_perform_non_af_015,0,Logistic Regression,0.006613478347707537,0
mimic_perform_non_af_015,0,Logistic Regression,0.009377603543247721,0
mimic_perform_non_af_015,0,Logistic Regression,0.009493025538755726,0
mimic_perform_non_af_015,0,Logistic Regression,0.009406874552086632,0
mimic_perform_non_af_015,0,Logistic Regression,0.004890872176888713,0
mimic_perform_non_af_015,0,Logistic Regression,0.005144544305247886,0
mimic_perform_non_af_015,0,Logistic Regression,0.0051160344912505006,0
mimic_perform_non_af_015,0,Logistic Regression,0.005177353384416358,0
mimic_perform_non_af_015,0,Logistic Regression,0.005342607572181358,0
mimic_perform_non_af_015,0,Logistic Regression,0.009992801112997395,0
mimic_perform_non_af_015,0,Logistic Regression,0.013087109252604307,0
mimic_perform_non_af_015,0,Logistic Regression,0.044492300661709526,0
mimic_perform_non_af_015,0,Logistic Regression,0.10439509631321889,0
mimic_perform_non_af_015,0,Logistic Regression,0.051575209218533306,0
mimic_perform_non_af_015,0,Logistic Regression,0.024256205137699684,0
mimic_perform_non_af_015,0,Logistic Regression,0.009297571218742846,0
mimic_perform_non_af_015,0,Logistic Regression,0.01875764850502876,0
mimic_perform_non_af_015,0,Logistic Regression,0.018416492259143297,0
mimic_perform_non_af_015,0,Logistic Regression,0.04870561535398028,0
mimic_perform_non_af_015,0,Logistic Regression,0.060271951446651505,0
mimic_perform_non_af_015,0,Logistic Regression,0.061291042665371956,0
mimic_perform_non_af_015,0,Logistic Regression,0.10837804743171059,0
mimic_perform_non_af_015,0,Logistic Regression,0.03296565985598316,0
mimic_perform_non_af_015,0,Logistic Regression,0.1098474211639883,0
mimic_perform_non_af_015,0,Logistic Regression,0.2955225582541233,0
mimic_perform_non_af_015,0,Logistic Regression,0.22535639954122158,0
mimic_perform_non_af_015,0,Logistic Regression,0.046200595119074275,0
mimic_perform_non_af_015,0,Logistic Regression,0.0070192357686832876,0
mimic_perform_non_af_015,0,Logistic Regression,0.006734950707019489,0
mimic_perform_non_af_015,0,Logistic Regression,0.020553675225326966,0
mimic_perform_non_af_015,0,Logistic Regression,0.08285136545286827,0
mimic_perform_non_af_015,0,Logistic Regression,0.1168461131090275,0
mimic_perform_non_af_015,0,Logistic Regression,0.04342084439134352,0
mimic_perform_non_af_015,0,Logistic Regression,0.13302193068759893,0
mimic_perform_non_af_015,0,Logistic Regression,0.10807693618076361,0
mimic_perform_non_af_015,0,Logistic Regression,0.306427668590706,0
mimic_perform_non_af_015,0,Logistic Regression,0.18825862260018783,0
mimic_perform_non_af_015,0,Logistic Regression,0.45505789510570277,0
mimic_perform_non_af_015,0,Logistic Regression,0.10916096991464186,0
mimic_perform_non_af_015,0,Logistic Regression,0.017535209197591856,0
mimic_perform_non_af_015,0,Logistic Regression,0.006918268900134507,0
mimic_perform_non_af_015,0,Logistic Regression,0.006777765999856453,0
mimic_perform_non_af_015,0,Logistic Regression,0.024176395597881466,0
mimic_perform_non_af_015,0,Logistic Regression,0.07902439248775339,0
mimic_perform_non_af_015,0,Logistic Regression,0.0785525645221608,0
mimic_perform_non_af_015,0,Logistic Regression,0.03189333335862064,0
mimic_perform_non_af_015,0,Logistic Regression,0.0463306967199226,0
mimic_perform_non_af_015,0,Logistic Regression,0.0286083955382031,0
mimic_perform_non_af_015,0,Logistic Regression,0.31247958487899136,0
mimic_perform_non_af_015,0,Logistic Regression,0.22687506682340933,0
mimic_perform_non_af_015,0,Logistic Regression,0.13428829789506608,0
mimic_perform_non_af_016,0,Logistic Regression,0.018831616247231155,0
mimic_perform_non_af_016,0,Logistic Regression,0.01821591123095492,0
mimic_perform_non_af_016,0,Logistic Regression,0.015350297980820275,0
mimic_perform_non_af_016,0,Logistic Regression,0.06192671566049802,0
mimic_perform_non_af_016,0,Logistic Regression,0.09900406681812908,0
mimic_perform_non_af_016,0,Logistic Regression,0.22451949189871803,0
mimic_perform_non_af_016,0,Logistic Regression,0.5237208730433163,1
mimic_perform_non_af_016,0,Logistic Regression,0.5349247304227753,1
mimic_perform_non_af_016,0,Logistic Regression,0.31434755494828437,0
mimic_perform_non_af_016,0,Logistic Regression,0.053578893091580745,0
mimic_perform_non_af_016,0,Logistic Regression,0.029911451488046102,0
mimic_perform_non_af_016,0,Logistic Regression,0.1385051109064201,0
mimic_perform_non_af_016,0,Logistic Regression,0.4677555358406732,0
mimic_perform_non_af_016,0,Logistic Regression,0.3629745934308129,0
mimic_perform_non_af_016,0,Logistic Regression,0.14385330283615436,0
mimic_perform_non_af_016,0,Logistic Regression,0.0250757279897815,0
mimic_perform_non_af_016,0,Logistic Regression,0.02434575983020808,0
mimic_perform_non_af_016,0,Logistic Regression,0.01914649908668285,0
mimic_perform_non_af_016,0,Logistic Regression,0.019900812398211395,0
mimic_perform_non_af_016,0,Logistic Regression,0.017074037182281857,0
mimic_perform_non_af_016,0,Logistic Regression,0.015331735283584067,0
mimic_perform_non_af_016,0,Logistic Regression,0.015119313156501224,0
mimic_perform_non_af_016,0,Logistic Regression,0.015426299328193824,0
mimic_perform_non_af_016,0,Logistic Regression,0.015016487527671934,0
mimic_perform_non_af_016,0,Logistic Regression,0.014561314590210227,0
mimic_perform_non_af_016,0,Logistic Regression,0.005523272424617649,0
mimic_perform_non_af_016,0,Logistic Regression,0.009433251497030578,0
mimic_perform_non_af_016,0,Logistic Regression,0.030225677446080512,0
mimic_perform_non_af_016,0,Logistic Regression,0.04000567607400421,0
mimic_perform_non_af_016,0,Logistic Regression,0.0614843812914909,0
mimic_perform_non_af_016,0,Logistic Regression,0.07434479288225974,0
mimic_perform_non_af_016,0,Logistic Regression,0.0626965141270989,0
mimic_perform_non_af_016,0,Logistic Regression,0.13120556987275547,0
mimic_perform_non_af_016,0,Logistic Regression,0.04799456711458967,0
mimic_perform_non_af_016,0,Logistic Regression,0.04589678336812963,0
mimic_perform_non_af_016,0,Logistic Regression,0.004915896497525516,0
mimic_perform_non_af_016,0,Logistic Regression,0.018702019255441966,0
mimic_perform_non_af_016,0,Logistic Regression,0.019420801627507468,0
mimic_perform_non_af_016,0,Logistic Regression,0.020152686583573606,0
mimic_perform_non_af_016,0,Logistic Regression,0.031007212912268146,0
mimic_perform_non_af_016,0,Logistic Regression,0.02727917362596848,0
mimic_perform_non_af_016,0,Logistic Regression,0.026375760185694423,0
mimic_perform_non_af_016,0,Logistic Regression,0.014437352145494093,0
mimic_perform_non_af_016,0,Logistic Regression,0.016947704352332643,0
mimic_perform_non_af_016,0,Logistic Regression,0.1611044613690774,0
mimic_perform_non_af_016,0,Logistic Regression,0.36850971504669533,0
mimic_perform_non_af_016,0,Logistic Regression,0.540529802528581,1
mimic_perform_non_af_016,0,Logistic Regression,0.10373656101226475,0
mimic_perform_non_af_016,0,Logistic Regression,0.042771523813591644,0
mimic_perform_non_af_016,0,Logistic Regression,0.015822526312120232,0
mimic_perform_non_af_016,0,Logistic Regression,0.014712720622429117,0
mimic_perform_non_af_016,0,Logistic Regression,0.015473429212395414,0
mimic_perform_non_af_016,0,Logistic Regression,0.02150443013156616,0
mimic_perform_non_af_016,0,Logistic Regression,0.020731133195980914,0
mimic_perform_non_af_016,0,Logistic Regression,0.019647967817422285,0
mimic_perform_non_af_016,0,Logistic Regression,0.012749315669094484,0
mimic_perform_non_af_016,0,Logistic Regression,0.014259898573363431,0
mimic_perform_non_af_016,0,Logistic Regression,0.014332835002625569,0
mimic_perform_non_af_016,0,Logistic Regression,0.0189466827530714,0
mimic_perform_non_af_016,0,Logistic Regression,0.029598575382488713,0
mimic_perform_non_af_016,0,Logistic Regression,0.10656559030224265,0
mimic_perform_non_af_016,0,Logistic Regression,0.08083902035951515,0
mimic_perform_non_af_016,0,Logistic Regression,0.05564366148895485,0
mimic_perform_non_af_016,0,Logistic Regression,0.045177516599617176,0
mimic_perform_non_af_016,0,Logistic Regression,0.041571599566571436,0
mimic_perform_non_af_016,0,Logistic Regression,0.010100550215549701,0
mimic_perform_non_af_016,0,Logistic Regression,0.003306644063613249,0
mimic_perform_non_af_016,0,Logistic Regression,0.0032515343489110337,0
mimic_perform_non_af_016,0,Logistic Regression,0.01474498851825333,0
mimic_perform_non_af_016,0,Logistic Regression,0.015328218263335183,0
mimic_perform_non_af_016,0,Logistic Regression,0.014936331556826011,0
mimic_perform_non_af_016,0,Logistic Regression,0.015349033075126155,0
mimic_perform_non_af_016,0,Logistic Regression,0.014248040519463472,0
mimic_perform_non_af_016,0,Logistic Regression,0.014109520123688348,0
mimic_perform_non_af_016,0,Logistic Regression,0.014282772545324961,0
mimic_perform_non_af_016,0,Logistic Regression,0.014661520557841347,0
mimic_perform_non_af_016,0,Logistic Regression,0.014193445539267541,0
mimic_perform_non_af_016,0,Logistic Regression,0.013769430916579777,0
mimic_perform_non_af_016,0,Logistic Regression,0.014277610132135991,0
mimic_perform_non_af_016,0,Logistic Regression,0.01473548016798696,0
mimic_perform_non_af_016,0,Logistic Regression,0.011533999507038449,0
mimic_perform_non_af_016,0,Logistic Regression,0.011581935891319336,0
mimic_perform_non_af_016,0,Logistic Regression,0.011514630382600406,0
mimic_perform_non_af_016,0,Logistic Regression,0.014847348119057052,0
mimic_perform_non_af_016,0,Logistic Regression,0.01462157409206235,0
mimic_perform_non_af_016,0,Logistic Regression,0.014208563354909009,0
mimic_perform_non_af_016,0,Logistic Regression,0.015064354254344202,0
mimic_perform_non_af_016,0,Logistic Regression,0.014665031001951904,0
mimic_perform_non_af_016,0,Logistic Regression,0.0135513016400691,0
mimic_perform_non_af_016,0,Logistic Regression,0.013525093582040014,0
mimic_perform_non_af_016,0,Logistic Regression,0.014413238154038171,0
mimic_perform_non_af_016,0,Logistic Regression,0.015195422752681592,0
mimic_perform_non_af_016,0,Logistic Regression,0.01496224361173097,0
mimic_perform_non_af_016,0,Logistic Regression,0.014099604898862033,0
mimic_perform_non_af_016,0,Logistic Regression,0.014323103033313961,0
mimic_perform_non_af_016,0,Logistic Regression,0.013490650765145525,0
mimic_perform_non_af_016,0,Logistic Regression,0.012852943488191434,0
mimic_perform_non_af_016,0,Logistic Regression,0.013246737725714297,0
mimic_perform_non_af_016,0,Logistic Regression,0.014520702137294882,0
mimic_perform_non_af_016,0,Logistic Regression,0.015231095424217867,0
mimic_perform_non_af_016,0,Logistic Regression,0.01611248564110982,0
mimic_perform_non_af_016,0,Logistic Regression,0.015005061292742424,0
mimic_perform_non_af_016,0,Logistic Regression,0.013999438067798487,0
mimic_perform_non_af_016,0,Logistic Regression,0.014070534473715727,0
mimic_perform_non_af_016,0,Logistic Regression,0.014858432857738304,0
mimic_perform_non_af_016,0,Logistic Regression,0.013984909154610975,0
mimic_perform_non_af_016,0,Logistic Regression,0.014039900607847577,0
mimic_perform_non_af_016,0,Logistic Regression,0.014009738180587959,0
mimic_perform_non_af_016,0,Logistic Regression,0.01441229369103058,0
mimic_perform_non_af_016,0,Logistic Regression,0.009531919646185627,0
mimic_perform_non_af_016,0,Logistic Regression,0.009553137201722316,0
mimic_perform_non_af_016,0,Logistic Regression,0.009607834007931325,0
mimic_perform_non_af_016,0,Logistic Regression,0.014231160723608955,0
mimic_perform_non_af_016,0,Logistic Regression,0.014721586790346507,0
mimic_perform_non_af_016,0,Logistic Regression,0.01389759357880542,0
mimic_perform_non_af_016,0,Logistic Regression,0.014734757827501756,0
mimic_perform_non_af_016,0,Logistic Regression,0.015922247807967416,0
mimic_perform_non_af_016,0,Logistic Regression,0.04242346022519934,0
mimic_perform_af_001,1,Random Forest,0.9971563749547654,1
mimic_perform_af_001,1,Random Forest,0.9971563749547654,1
mimic_perform_af_001,1,Random Forest,0.9956799299694609,1
mimic_perform_af_001,1,Random Forest,0.9949996336855846,1
mimic_perform_af_001,1,Random Forest,0.9959968071874011,1
mimic_perform_af_001,1,Random Forest,0.9951947964512491,1
mimic_perform_af_001,1,Random Forest,0.9953970023336021,1
mimic_perform_af_001,1,Random Forest,0.9955304910033702,1
mimic_perform_af_001,1,Random Forest,0.9974712107747927,1
mimic_perform_af_001,1,Random Forest,0.9974118048341987,1
mimic_perform_af_001,1,Random Forest,0.9970969690141714,1
mimic_perform_af_001,1,Random Forest,0.9974712107747927,1
mimic_perform_af_001,1,Random Forest,0.9757988565176667,1
mimic_perform_af_001,1,Random Forest,0.9962569496821533,1
mimic_perform_af_001,1,Random Forest,0.9942374345662378,1
mimic_perform_af_001,1,Random Forest,0.9953970023336021,1
mimic_perform_af_001,1,Random Forest,0.994950468431438,1
mimic_perform_af_001,1,Random Forest,0.9974182209751473,1
mimic_perform_af_001,1,Random Forest,0.9974712107747927,1
mimic_perform_af_001,1,Random Forest,0.9974712107747927,1
mimic_perform_af_001,1,Random Forest,0.995215655183343,1
mimic_perform_af_001,1,Random Forest,0.9965485209411518,1
mimic_perform_af_001,1,Random Forest,0.9874679916817674,1
mimic_perform_af_001,1,Random Forest,0.9768218291476412,1
mimic_perform_af_001,1,Random Forest,0.9853916822129628,1
mimic_perform_af_001,1,Random Forest,0.9964064281009528,1
mimic_perform_af_001,1,Random Forest,0.996465834041547,1
mimic_perform_af_001,1,Random Forest,0.9979759412653846,1
mimic_perform_af_001,1,Random Forest,0.9981015393515089,1
mimic_perform_af_001,1,Random Forest,0.9952026966202756,1
mimic_perform_af_001,1,Random Forest,0.9972200692222813,1
mimic_perform_af_001,1,Random Forest,0.9974712107747927,1
mimic_perform_af_001,1,Random Forest,0.9971563749547654,1
mimic_perform_af_001,1,Random Forest,0.9970624470610274,1
mimic_perform_af_001,1,Random Forest,0.9951947964512491,1
mimic_perform_af_001,1,Random Forest,0.9960408988981595,1
mimic_perform_af_001,1,Random Forest,0.9950942213821492,1
mimic_perform_af_001,1,Random Forest,0.9972200692222813,1
mimic_perform_af_001,1,Random Forest,0.9971563749547654,1
mimic_perform_af_001,1,Random Forest,0.9955304910033702,1
mimic_perform_af_001,1,Random Forest,0.9974712107747927,1
mimic_perform_af_001,1,Random Forest,0.9976409005716755,1
mimic_perform_af_001,1,Random Forest,0.9781459412476727,1
mimic_perform_af_001,1,Random Forest,0.9965663030963446,1
mimic_perform_af_001,1,Random Forest,0.9966299973638606,1
mimic_perform_af_001,1,Random Forest,0.9961045931656755,1
mimic_perform_af_001,1,Random Forest,0.9974712107747927,1
mimic_perform_af_001,1,Random Forest,0.9974012286217063,1
mimic_perform_af_001,1,Random Forest,0.9958571024618237,1
mimic_perform_af_001,1,Random Forest,0.9959734986023138,1
mimic_perform_af_001,1,Random Forest,0.9921569540367914,1
mimic_perform_af_001,1,Random Forest,0.9967468227801582,1
mimic_perform_af_001,1,Random Forest,0.9930918588257331,1
mimic_perform_af_001,1,Random Forest,0.994798212425092,1
mimic_perform_af_001,1,Random Forest,0.9944704084566146,1
mimic_perform_af_001,1,Random Forest,0.9842374345662378,1
mimic_perform_af_001,1,Random Forest,0.995215655183343,1
mimic_perform_af_001,1,Random Forest,0.9971563749547654,1
mimic_perform_af_001,1,Random Forest,0.9971563749547654,1
mimic_perform_af_001,1,Random Forest,0.9957027544930448,1
mimic_perform_af_001,1,Random Forest,0.9953970023336021,1
mimic_perform_af_001,1,Random Forest,0.9971563749547654,1
mimic_perform_af_001,1,Random Forest,0.9826271859210424,1
mimic_perform_af_001,1,Random Forest,0.6401987644204425,1
mimic_perform_af_001,1,Random Forest,0.8318660611883382,1
mimic_perform_af_001,1,Random Forest,0.9946726143389675,1
mimic_perform_af_001,1,Random Forest,0.9961648479097276,1
mimic_perform_af_001,1,Random Forest,0.9967468227801582,1
mimic_perform_af_001,1,Random Forest,0.9955543318833364,1
mimic_perform_af_001,1,Random Forest,0.9964679694851039,1
mimic_perform_af_001,1,Random Forest,0.9163190585116301,1
mimic_perform_af_001,1,Random Forest,0.9959968071874011,1
mimic_perform_af_001,1,Random Forest,0.9955900879270753,1
mimic_perform_af_001,1,Random Forest,0.9969541690724125,1
mimic_perform_af_001,1,Random Forest,0.996431986960131,1
mimic_perform_af_001,1,Random Forest,0.9966052818158793,1
mimic_perform_af_001,1,Random Forest,0.9873356547027968,1
mimic_perform_af_001,1,Random Forest,0.9965437313882485,1
mimic_perform_af_001,1,Random Forest,0.9969541690724125,1
mimic_perform_af_001,1,Random Forest,0.993595762210425,1
mimic_perform_af_001,1,Random Forest,0.9957922938094282,1
mimic_perform_af_001,1,Random Forest,0.9946979544609523,1
mimic_perform_af_001,1,Random Forest,0.9063948204147748,1
mimic_perform_af_001,1,Random Forest,0.9273828595007003,1
mimic_perform_af_001,1,Random Forest,0.9955900879270753,1
mimic_perform_af_001,1,Random Forest,0.9969541690724125,1
mimic_perform_af_001,1,Random Forest,0.9969541690724125,1
mimic_perform_af_001,1,Random Forest,0.9944172212120415,1
mimic_perform_af_001,1,Random Forest,0.9961024248226606,1
mimic_perform_af_001,1,Random Forest,0.9943049220735866,1
mimic_perform_af_001,1,Random Forest,0.9860408988981595,1
mimic_perform_af_001,1,Random Forest,0.9957435814904695,1
mimic_perform_af_001,1,Random Forest,0.9971606632816874,1
mimic_perform_af_001,1,Random Forest,0.9961707042515724,1
mimic_perform_af_001,1,Random Forest,0.9971563749547654,1
mimic_perform_af_001,1,Random Forest,0.9969541690724125,1
mimic_perform_af_001,1,Random Forest,0.9968947631318185,1
mimic_perform_af_001,1,Random Forest,0.9971563749547654,1
mimic_perform_af_001,1,Random Forest,0.9974712107747927,1
mimic_perform_af_001,1,Random Forest,0.9973456673084057,1
mimic_perform_af_001,1,Random Forest,0.9952793494508589,1
mimic_perform_af_001,1,Random Forest,0.9951947964512491,1
mimic_perform_af_001,1,Random Forest,0.9960408988981595,1
mimic_perform_af_001,1,Random Forest,0.9964931268288505,1
mimic_perform_af_001,1,Random Forest,0.996431986960131,1
mimic_perform_af_001,1,Random Forest,0.9972200692222813,1
mimic_perform_af_001,1,Random Forest,0.9954864397454757,1
mimic_perform_af_001,1,Random Forest,0.9965575850462554,1
mimic_perform_af_001,1,Random Forest,0.9945876956307846,1
mimic_perform_af_001,1,Random Forest,0.9953970023336021,1
mimic_perform_af_001,1,Random Forest,0.9969541690724125,1
mimic_perform_af_001,1,Random Forest,0.9967143632105266,1
mimic_perform_af_001,1,Random Forest,0.9967781004983363,1
mimic_perform_af_001,1,Random Forest,0.9968602411786743,1
mimic_perform_af_001,1,Random Forest,0.9972200692222813,1
mimic_perform_af_001,1,Random Forest,0.9971563749547654,1
mimic_perform_af_001,1,Random Forest,0.9867507268235046,1
mimic_perform_af_001,1,Random Forest,0.9965485209411518,1
mimic_perform_af_002,1,Random Forest,0.9866871610902054,1
mimic_perform_af_002,1,Random Forest,0.987336511739556,1
mimic_perform_af_002,1,Random Forest,0.9871301990648889,1
mimic_perform_af_002,1,Random Forest,0.9890416309829431,1
mimic_perform_af_002,1,Random Forest,0.9884150700045231,1
mimic_perform_af_002,1,Random Forest,0.9933170066918947,1
mimic_perform_af_002,1,Random Forest,0.9822771764816252,1
mimic_perform_af_002,1,Random Forest,0.9797431530926262,1
mimic_perform_af_002,1,Random Forest,0.9795904231139141,1
mimic_perform_af_002,1,Random Forest,0.9840204944235387,1
mimic_perform_af_002,1,Random Forest,0.9892569194296915,1
mimic_perform_af_002,1,Random Forest,0.9893737557783007,1
mimic_perform_af_002,1,Random Forest,0.9868727849344061,1
mimic_perform_af_002,1,Random Forest,0.9894813505979855,1
mimic_perform_af_002,1,Random Forest,0.9827735320045191,1
mimic_perform_af_002,1,Random Forest,0.9654187942846033,1
mimic_perform_af_002,1,Random Forest,0.9744765793989764,1
mimic_perform_af_002,1,Random Forest,0.947668108984562,1
mimic_perform_af_002,1,Random Forest,0.9736377668999933,1
mimic_perform_af_002,1,Random Forest,0.91771111237315,1
mimic_perform_af_002,1,Random Forest,0.9929490658521101,1
mimic_perform_af_002,1,Random Forest,0.995526204265397,1
mimic_perform_af_002,1,Random Forest,0.9949043583320288,1
mimic_perform_af_002,1,Random Forest,0.9956430406140061,1
mimic_perform_af_002,1,Random Forest,0.9684316545700014,1
mimic_perform_af_002,1,Random Forest,0.650707278017497,1
mimic_perform_af_002,1,Random Forest,0.9571381426429635,1
mimic_perform_af_002,1,Random Forest,0.9891994826595589,1
mimic_perform_af_002,1,Random Forest,0.9885734880528826,1
mimic_perform_af_002,1,Random Forest,0.9872196753909469,1
mimic_perform_af_002,1,Random Forest,0.9867398246234308,1
mimic_perform_af_002,1,Random Forest,0.9840204944235387,1
mimic_perform_af_002,1,Random Forest,0.9756768097706343,1
mimic_perform_af_002,1,Random Forest,0.9839515289062973,1
mimic_perform_af_002,1,Random Forest,0.9890826463109498,1
mimic_perform_af_002,1,Random Forest,0.9756643368412172,1
mimic_perform_af_002,1,Random Forest,0.9867957699984429,1
mimic_perform_af_002,1,Random Forest,0.7336699728297118,1
mimic_perform_af_002,1,Random Forest,0.9379428399384018,1
mimic_perform_af_002,1,Random Forest,0.8353499610246604,1
mimic_perform_af_002,1,Random Forest,0.9538708558150067,1
mimic_perform_af_002,1,Random Forest,0.9514118948251473,1
mimic_perform_af_002,1,Random Forest,0.9558787865342576,1
mimic_perform_af_002,1,Random Forest,0.9611332140696517,1
mimic_perform_af_002,1,Random Forest,0.9692812244259593,1
mimic_perform_af_002,1,Random Forest,0.9832706176521308,1
mimic_perform_af_002,1,Random Forest,0.9778947355828014,1
mimic_perform_af_002,1,Random Forest,0.9723748950226563,1
mimic_perform_af_002,1,Random Forest,0.9869972839391882,1
mimic_perform_af_002,1,Random Forest,0.9871415497903481,1
mimic_perform_af_002,1,Random Forest,0.9947227051394862,1
mimic_perform_af_002,1,Random Forest,0.9889214808490888,1
mimic_perform_af_002,1,Random Forest,0.9924068828843419,1
mimic_perform_af_002,1,Random Forest,0.9814499857246527,1
mimic_perform_af_002,1,Random Forest,0.9883963309256327,1
mimic_perform_af_002,1,Random Forest,0.9869524198901778,1
mimic_perform_af_002,1,Random Forest,0.9893121703348601,1
mimic_perform_af_002,1,Random Forest,0.9885319063531323,1
mimic_perform_af_002,1,Random Forest,0.9867143315517843,1
mimic_perform_af_002,1,Random Forest,0.9867268044812014,1
mimic_perform_af_002,1,Random Forest,0.9867268044812014,1
mimic_perform_af_002,1,Random Forest,0.9892955487321349,1
mimic_perform_af_002,1,Random Forest,0.9879748772636974,1
mimic_perform_af_002,1,Random Forest,0.979249004321655,1
mimic_perform_af_002,1,Random Forest,0.980991504721527,1
mimic_perform_af_002,1,Random Forest,0.9868959847443268,1
mimic_perform_af_002,1,Random Forest,0.9895552713371927,1
mimic_perform_af_002,1,Random Forest,0.9867957699984429,1
mimic_perform_af_002,1,Random Forest,0.9757191726725645,1
mimic_perform_af_002,1,Random Forest,0.9800037145395676,1
mimic_perform_af_002,1,Random Forest,0.9661840576461661,1
mimic_perform_af_002,1,Random Forest,0.9551399131377117,1
mimic_perform_af_002,1,Random Forest,0.9680701073299154,1
mimic_perform_af_002,1,Random Forest,0.9520899893009513,1
mimic_perform_af_002,1,Random Forest,0.9774426931465149,1
mimic_perform_af_002,1,Random Forest,0.9678226047050079,1
mimic_perform_af_002,1,Random Forest,0.9549380388793212,1
mimic_perform_af_002,1,Random Forest,0.9558481397014191,1
mimic_perform_af_002,1,Random Forest,0.9571441019706399,1
mimic_perform_af_002,1,Random Forest,0.977849245287003,1
mimic_perform_af_002,1,Random Forest,0.9743051463115462,1
mimic_perform_af_002,1,Random Forest,0.9855743488741986,1
mimic_perform_af_002,1,Random Forest,0.9532862269156847,1
mimic_perform_af_002,1,Random Forest,0.9750043326155395,1
mimic_perform_af_002,1,Random Forest,0.9679083145058979,1
mimic_perform_af_002,1,Random Forest,0.9850825326143398,1
mimic_perform_af_002,1,Random Forest,0.9821937247902893,1
mimic_perform_af_002,1,Random Forest,0.979615665490502,1
mimic_perform_af_002,1,Random Forest,0.9788284345331624,1
mimic_perform_af_002,1,Random Forest,0.9626384308010908,1
mimic_perform_af_002,1,Random Forest,0.9948586279589704,1
mimic_perform_af_002,1,Random Forest,0.9929490658521101,1
mimic_perform_af_002,1,Random Forest,0.9535089156423223,1
mimic_perform_af_002,1,Random Forest,0.9566664349566074,1
mimic_perform_af_002,1,Random Forest,0.9672365474726081,1
mimic_perform_af_002,1,Random Forest,0.9951833856109935,1
mimic_perform_af_002,1,Random Forest,0.9930731042528703,1
mimic_perform_af_002,1,Random Forest,0.9596162026542701,1
mimic_perform_af_002,1,Random Forest,0.9510330198585528,1
mimic_perform_af_002,1,Random Forest,0.9787443112252986,1
mimic_perform_af_002,1,Random Forest,0.9515504041905245,1
mimic_perform_af_002,1,Random Forest,0.9723657340594071,1
mimic_perform_af_002,1,Random Forest,0.973062261839106,1
mimic_perform_af_002,1,Random Forest,0.9752640616036122,1
mimic_perform_af_002,1,Random Forest,0.9714392592525449,1
mimic_perform_af_002,1,Random Forest,0.9552000393809726,1
mimic_perform_af_002,1,Random Forest,0.967545704422335,1
mimic_perform_af_002,1,Random Forest,0.9874810601730879,1
mimic_perform_af_002,1,Random Forest,0.9865055078976629,1
mimic_perform_af_002,1,Random Forest,0.974853827756872,1
mimic_perform_af_002,1,Random Forest,0.9928801003348687,1
mimic_perform_af_002,1,Random Forest,0.9333637458752991,1
mimic_perform_af_002,1,Random Forest,0.9555978828043185,1
mimic_perform_af_002,1,Random Forest,0.9831498185327595,1
mimic_perform_af_002,1,Random Forest,0.9911157325187767,1
mimic_perform_af_002,1,Random Forest,0.9911157325187767,1
mimic_perform_af_002,1,Random Forest,0.9262123462450815,1
mimic_perform_af_002,1,Random Forest,0.9867957699984429,1
mimic_perform_af_003,1,Random Forest,0.9769564451181764,1
mimic_perform_af_003,1,Random Forest,0.979585597376299,1
mimic_perform_af_003,1,Random Forest,0.9777139144759067,1
mimic_perform_af_003,1,Random Forest,0.9798029886806467,1
mimic_perform_af_003,1,Random Forest,0.9404721062427034,1
mimic_perform_af_003,1,Random Forest,0.949929596199976,1
mimic_perform_af_003,1,Random Forest,0.947283278379989,1
mimic_perform_af_003,1,Random Forest,0.984258228310275,1
mimic_perform_af_003,1,Random Forest,0.9328895809812403,1
mimic_perform_af_003,1,Random Forest,0.9621698883833066,1
mimic_perform_af_003,1,Random Forest,0.9728029481426494,1
mimic_perform_af_003,1,Random Forest,0.970764062918679,1
mimic_perform_af_003,1,Random Forest,0.918617869631787,1
mimic_perform_af_003,1,Random Forest,0.9303816550674817,1
mimic_perform_af_003,1,Random Forest,0.9346152031766138,1
mimic_perform_af_003,1,Random Forest,0.9688845401235553,1
mimic_perform_af_003,1,Random Forest,0.9181441623354806,1
mimic_perform_af_003,1,Random Forest,0.9375167698825382,1
mimic_perform_af_003,1,Random Forest,0.9419859292057847,1
mimic_perform_af_003,1,Random Forest,0.9520763593102862,1
mimic_perform_af_003,1,Random Forest,0.9476135310587256,1
mimic_perform_af_003,1,Random Forest,0.9553713996380155,1
mimic_perform_af_003,1,Random Forest,0.9652242150116119,1
mimic_perform_af_003,1,Random Forest,0.978036495121068,1
mimic_perform_af_003,1,Random Forest,0.9798029886806467,1
mimic_perform_af_003,1,Random Forest,0.9727538639330068,1
mimic_perform_af_003,1,Random Forest,0.9744440623259395,1
mimic_perform_af_003,1,Random Forest,0.9421437182859174,1
mimic_perform_af_003,1,Random Forest,0.8465485145303272,1
mimic_perform_af_003,1,Random Forest,0.7897820420426993,1
mimic_perform_af_003,1,Random Forest,0.8711632412844803,1
mimic_perform_af_003,1,Random Forest,0.9431042400822455,1
mimic_perform_af_003,1,Random Forest,0.9903241627957137,1
mimic_perform_af_003,1,Random Forest,0.9528401348582417,1
mimic_perform_af_003,1,Random Forest,0.9257598061645058,1
mimic_perform_af_003,1,Random Forest,0.8603387504055732,1
mimic_perform_af_003,1,Random Forest,0.9571427141705294,1
mimic_perform_af_003,1,Random Forest,0.9724452267833764,1
mimic_perform_af_003,1,Random Forest,0.9348103458044963,1
mimic_perform_af_003,1,Random Forest,0.9303506200250845,1
mimic_perform_af_003,1,Random Forest,0.8098713980243464,1
mimic_perform_af_003,1,Random Forest,0.9369759659042244,1
mimic_perform_af_003,1,Random Forest,0.9321266113500858,1
mimic_perform_af_003,1,Random Forest,0.9618220720650641,1
mimic_perform_af_003,1,Random Forest,0.9533009012551261,1
mimic_perform_af_003,1,Random Forest,0.970764062918679,1
mimic_perform_af_003,1,Random Forest,0.9247805974083033,1
mimic_perform_af_003,1,Random Forest,0.9429173683159068,1
mimic_perform_af_003,1,Random Forest,0.9339813149675344,1
mimic_perform_af_003,1,Random Forest,0.97225956735506,1
mimic_perform_af_003,1,Random Forest,0.9533663296028042,1
mimic_perform_af_003,1,Random Forest,0.9364044079725983,1
mimic_perform_af_003,1,Random Forest,0.9366386328159817,1
mimic_perform_af_003,1,Random Forest,0.9532417874196203,1
mimic_perform_af_003,1,Random Forest,0.9526883947630956,1
mimic_perform_af_003,1,Random Forest,0.9412309487918864,1
mimic_perform_af_003,1,Random Forest,0.856597338895011,1
mimic_perform_af_003,1,Random Forest,0.9544109166860976,1
mimic_perform_af_003,1,Random Forest,0.9170066285741342,1
mimic_perform_af_003,1,Random Forest,0.9361345353745653,1
mimic_perform_af_003,1,Random Forest,0.9253086334748011,1
mimic_perform_af_003,1,Random Forest,0.9517460662661277,1
mimic_perform_af_003,1,Random Forest,0.9416056849922989,1
mimic_perform_af_003,1,Random Forest,0.9358651192364837,1
mimic_perform_af_003,1,Random Forest,0.951300751295926,1
mimic_perform_af_003,1,Random Forest,0.9440478030985154,1
mimic_perform_af_003,1,Random Forest,0.9322073311302931,1
mimic_perform_af_003,1,Random Forest,0.9230026769360273,1
mimic_perform_af_003,1,Random Forest,0.9163513190174862,1
mimic_perform_af_003,1,Random Forest,0.9386278809936494,1
mimic_perform_af_003,1,Random Forest,0.9444879078737811,1
mimic_perform_af_003,1,Random Forest,0.9241639386253623,1
mimic_perform_af_003,1,Random Forest,0.9232352744892396,1
mimic_perform_af_003,1,Random Forest,0.9443951904708999,1
mimic_perform_af_003,1,Random Forest,0.9414922544125526,1
mimic_perform_af_003,1,Random Forest,0.9457070076970214,1
mimic_perform_af_003,1,Random Forest,0.9611373943150658,1
mimic_perform_af_003,1,Random Forest,0.9211114294816912,1
mimic_perform_af_003,1,Random Forest,0.9359920583252384,1
mimic_perform_af_003,1,Random Forest,0.9401351345500791,1
mimic_perform_af_003,1,Random Forest,0.9716289002527642,1
mimic_perform_af_003,1,Random Forest,0.9676374044559243,1
mimic_perform_af_003,1,Random Forest,0.9512924453985099,1
mimic_perform_af_003,1,Random Forest,0.9485373488570066,1
mimic_perform_af_003,1,Random Forest,0.9374510207432141,1
mimic_perform_af_003,1,Random Forest,0.9753839692678692,1
mimic_perform_af_003,1,Random Forest,0.9528139070552699,1
mimic_perform_af_003,1,Random Forest,0.9304294441350746,1
mimic_perform_af_003,1,Random Forest,0.9402208502793994,1
mimic_perform_af_003,1,Random Forest,0.8639951528931177,1
mimic_perform_af_003,1,Random Forest,0.8354516633822467,1
mimic_perform_af_003,1,Random Forest,0.7738711691457536,1
mimic_perform_af_003,1,Random Forest,0.9307854276398255,1
mimic_perform_af_003,1,Random Forest,0.9298153831048652,1
mimic_perform_af_003,1,Random Forest,0.920400532532096,1
mimic_perform_af_003,1,Random Forest,0.9474693778366635,1
mimic_perform_af_003,1,Random Forest,0.9181825184288098,1
mimic_perform_af_003,1,Random Forest,0.9164172384557813,1
mimic_perform_af_003,1,Random Forest,0.9401005088277355,1
mimic_perform_af_003,1,Random Forest,0.8622655684091682,1
mimic_perform_af_003,1,Random Forest,0.8665885525041027,1
mimic_perform_af_003,1,Random Forest,0.9424314240516298,1
mimic_perform_af_003,1,Random Forest,0.9477605943990778,1
mimic_perform_af_003,1,Random Forest,0.9301942416556652,1
mimic_perform_af_003,1,Random Forest,0.9330459989725821,1
mimic_perform_af_003,1,Random Forest,0.8724279212580852,1
mimic_perform_af_003,1,Random Forest,0.9138304708067474,1
mimic_perform_af_003,1,Random Forest,0.923352025979732,1
mimic_perform_af_003,1,Random Forest,0.9541092869766236,1
mimic_perform_af_003,1,Random Forest,0.9684179928636172,1
mimic_perform_af_003,1,Random Forest,0.9661665355814741,1
mimic_perform_af_003,1,Random Forest,0.9712576453105517,1
mimic_perform_af_003,1,Random Forest,0.9474751571362543,1
mimic_perform_af_003,1,Random Forest,0.9135651871326925,1
mimic_perform_af_003,1,Random Forest,0.9151775090201653,1
mimic_perform_af_003,1,Random Forest,0.9680892341028448,1
mimic_perform_af_003,1,Random Forest,0.9626188520197475,1
mimic_perform_af_003,1,Random Forest,0.9336347448481135,1
mimic_perform_af_004,1,Random Forest,0.9997789113494059,1
mimic_perform_af_004,1,Random Forest,0.9402711717708336,1
mimic_perform_af_004,1,Random Forest,0.21692759743459863,0
mimic_perform_af_004,1,Random Forest,0.8369887538823618,1
mimic_perform_af_004,1,Random Forest,0.8441673746885409,1
mimic_perform_af_004,1,Random Forest,0.846957380931344,1
mimic_perform_af_004,1,Random Forest,0.685787058276315,1
mimic_perform_af_004,1,Random Forest,0.3387471255769296,0
mimic_perform_af_004,1,Random Forest,0.5289698809497513,1
mimic_perform_af_004,1,Random Forest,0.7896927260261648,1
mimic_perform_af_004,1,Random Forest,0.9669724683632687,1
mimic_perform_af_004,1,Random Forest,0.9305499168865377,1
mimic_perform_af_004,1,Random Forest,0.9542345668037965,1
mimic_perform_af_004,1,Random Forest,0.9847080951199743,1
mimic_perform_af_004,1,Random Forest,0.4113537203537203,0
mimic_perform_af_004,1,Random Forest,0.6952319406244897,1
mimic_perform_af_004,1,Random Forest,0.6343066893079519,1
mimic_perform_af_004,1,Random Forest,0.6939308129401698,1
mimic_perform_af_004,1,Random Forest,0.44605050505050503,0
mimic_perform_af_004,1,Random Forest,0.6068367802293293,1
mimic_perform_af_004,1,Random Forest,0.3952783235283235,0
mimic_perform_af_004,1,Random Forest,0.9993112697231489,1
mimic_perform_af_004,1,Random Forest,0.999981548661641,1
mimic_perform_af_004,1,Random Forest,0.999981548661641,1
mimic_perform_af_004,1,Random Forest,0.999981548661641,1
mimic_perform_af_004,1,Random Forest,0.9998627724171918,1
mimic_perform_af_004,1,Random Forest,0.999981548661641,1
mimic_perform_af_004,1,Random Forest,0.999981548661641,1
mimic_perform_af_004,1,Random Forest,0.9382975537051818,1
mimic_perform_af_004,1,Random Forest,0.9540517145251328,1
mimic_perform_af_004,1,Random Forest,0.9472661591902003,1
mimic_perform_af_004,1,Random Forest,0.3693005356570527,0
mimic_perform_af_004,1,Random Forest,0.9996348103828753,1
mimic_perform_af_004,1,Random Forest,0.9995364871069818,1
mimic_perform_af_004,1,Random Forest,0.9997391244192166,1
mimic_perform_af_004,1,Random Forest,0.999981548661641,1
mimic_perform_af_004,1,Random Forest,0.9998093726379441,1
mimic_perform_af_004,1,Random Forest,0.9991466031838382,1
mimic_perform_af_004,1,Random Forest,0.9997391244192166,1
mimic_perform_af_004,1,Random Forest,0.9995501727361712,1
mimic_perform_af_004,1,Random Forest,0.9999113732230444,1
mimic_perform_af_004,1,Random Forest,0.9999877272220362,1
mimic_perform_af_004,1,Random Forest,0.9998093726379441,1
mimic_perform_af_004,1,Random Forest,0.999981548661641,1
mimic_perform_af_004,1,Random Forest,0.999981548661641,1
mimic_perform_af_004,1,Random Forest,0.999981548661641,1
mimic_perform_af_004,1,Random Forest,0.999981548661641,1
mimic_perform_af_004,1,Random Forest,0.9999877272220362,1
mimic_perform_af_004,1,Random Forest,0.9991466031838382,1
mimic_perform_af_004,1,Random Forest,0.999981548661641,1
mimic_perform_af_004,1,Random Forest,0.6072317558147595,1
mimic_perform_af_004,1,Random Forest,0.4777707377173476,0
mimic_perform_af_004,1,Random Forest,0.5292610358138897,1
mimic_perform_af_004,1,Random Forest,0.993140883257369,1
mimic_perform_af_004,1,Random Forest,0.9998075499240356,1
mimic_perform_af_004,1,Random Forest,0.9999877272220362,1
mimic_perform_af_004,1,Random Forest,0.9425456861908981,1
mimic_perform_af_004,1,Random Forest,0.9925721392883664,1
mimic_perform_af_004,1,Random Forest,0.9925735946743688,1
mimic_perform_af_004,1,Random Forest,0.9999113732230444,1
mimic_perform_af_004,1,Random Forest,0.9977557492286941,1
mimic_perform_af_004,1,Random Forest,0.9993050911627535,1
mimic_perform_af_004,1,Random Forest,0.9996753589815633,1
mimic_perform_af_004,1,Random Forest,0.9078320644050334,1
mimic_perform_af_004,1,Random Forest,0.8853915862932589,1
mimic_perform_af_004,1,Random Forest,0.8324602174178397,1
mimic_perform_af_004,1,Random Forest,0.8733274841963504,1
mimic_perform_af_004,1,Random Forest,0.8794073435668044,1
mimic_perform_af_004,1,Random Forest,0.8136262183634445,1
mimic_perform_af_004,1,Random Forest,0.5783327130325204,1
mimic_perform_af_004,1,Random Forest,0.9713210976545364,1
mimic_perform_af_004,1,Random Forest,0.9652342730919353,1
mimic_perform_af_004,1,Random Forest,0.9998964388129247,1
mimic_perform_af_004,1,Random Forest,0.9997642478704524,1
mimic_perform_af_004,1,Random Forest,0.9675877397000076,1
mimic_perform_af_004,1,Random Forest,0.9998075499240356,1
mimic_perform_af_004,1,Random Forest,0.9998490867880026,1
mimic_perform_af_004,1,Random Forest,0.999981548661641,1
mimic_perform_af_004,1,Random Forest,0.9998093726379441,1
mimic_perform_af_004,1,Random Forest,0.999981548661641,1
mimic_perform_af_004,1,Random Forest,0.9999877272220362,1
mimic_perform_af_004,1,Random Forest,0.999981548661641,1
mimic_perform_af_004,1,Random Forest,0.999981548661641,1
mimic_perform_af_004,1,Random Forest,0.9998789845590769,1
mimic_perform_af_004,1,Random Forest,0.9998093726379441,1
mimic_perform_af_004,1,Random Forest,0.9998093726379441,1
mimic_perform_af_004,1,Random Forest,0.9998148148148148,1
mimic_perform_af_004,1,Random Forest,0.999981548661641,1
mimic_perform_af_004,1,Random Forest,0.9999869908385115,1
mimic_perform_af_004,1,Random Forest,0.9999877272220362,1
mimic_perform_af_004,1,Random Forest,0.9999877272220362,1
mimic_perform_af_004,1,Random Forest,0.9999877272220362,1
mimic_perform_af_004,1,Random Forest,0.999981548661641,1
mimic_perform_af_004,1,Random Forest,0.999981548661641,1
mimic_perform_af_004,1,Random Forest,0.9999869908385115,1
mimic_perform_af_004,1,Random Forest,0.9997445665960876,1
mimic_perform_af_004,1,Random Forest,0.9997391244192166,1
mimic_perform_af_004,1,Random Forest,0.999981548661641,1
mimic_perform_af_004,1,Random Forest,0.999981548661641,1
mimic_perform_af_004,1,Random Forest,0.999981548661641,1
mimic_perform_af_004,1,Random Forest,0.999981548661641,1
mimic_perform_af_004,1,Random Forest,0.999981548661641,1
mimic_perform_af_004,1,Random Forest,0.9998075499240356,1
mimic_perform_af_004,1,Random Forest,0.9998075499240356,1
mimic_perform_af_004,1,Random Forest,0.9996753589815633,1
mimic_perform_af_004,1,Random Forest,0.9968914642860587,1
mimic_perform_af_004,1,Random Forest,0.9575925846216755,1
mimic_perform_af_004,1,Random Forest,0.9466482153283077,1
mimic_perform_af_004,1,Random Forest,0.9998627724171918,1
mimic_perform_af_004,1,Random Forest,0.9998627724171918,1
mimic_perform_af_004,1,Random Forest,0.999981548661641,1
mimic_perform_af_004,1,Random Forest,0.999981548661641,1
mimic_perform_af_004,1,Random Forest,0.9997391244192166,1
mimic_perform_af_004,1,Random Forest,0.999981548661641,1
mimic_perform_af_004,1,Random Forest,0.999981548661641,1
mimic_perform_af_004,1,Random Forest,0.9998075499240356,1
mimic_perform_af_004,1,Random Forest,0.999981548661641,1
mimic_perform_af_004,1,Random Forest,0.9930022823139535,1
mimic_perform_af_005,1,Random Forest,0.27157284515636915,0
mimic_perform_af_005,1,Random Forest,0.6989940437933369,1
mimic_perform_af_005,1,Random Forest,0.9393787947503781,1
mimic_perform_af_005,1,Random Forest,0.9194087348701386,1
mimic_perform_af_005,1,Random Forest,0.6994722119587211,1
mimic_perform_af_005,1,Random Forest,0.513398137884647,1
mimic_perform_af_005,1,Random Forest,0.3253363890205995,0
mimic_perform_af_005,1,Random Forest,0.9845800935325881,1
mimic_perform_af_005,1,Random Forest,0.9320596248782994,1
mimic_perform_af_005,1,Random Forest,0.9721656739797928,1
mimic_perform_af_005,1,Random Forest,0.9455210823683138,1
mimic_perform_af_005,1,Random Forest,0.9388544157016471,1
mimic_perform_af_005,1,Random Forest,0.6528378876371806,1
mimic_perform_af_005,1,Random Forest,0.20468374135237177,0
mimic_perform_af_005,1,Random Forest,0.27309941520467834,0
mimic_perform_af_005,1,Random Forest,0.1780170746857051,0
mimic_perform_af_005,1,Random Forest,0.5328055452920544,1
mimic_perform_af_005,1,Random Forest,0.918854415701647,1
mimic_perform_af_005,1,Random Forest,0.3071381991768217,0
mimic_perform_af_005,1,Random Forest,0.9712132930274119,1
mimic_perform_af_005,1,Random Forest,0.996776949890166,1
mimic_perform_af_005,1,Random Forest,0.9992011923144084,1
mimic_perform_af_005,1,Random Forest,0.9831369147912684,1
mimic_perform_af_005,1,Random Forest,0.9614875733920337,1
mimic_perform_af_005,1,Random Forest,0.9664567009589677,1
mimic_perform_af_005,1,Random Forest,0.9987732805882339,1
mimic_perform_af_005,1,Random Forest,0.9826033928589235,1
mimic_perform_af_005,1,Random Forest,0.9774774125098866,1
mimic_perform_af_005,1,Random Forest,0.9772217097872967,1
mimic_perform_af_005,1,Random Forest,0.6618563832686736,1
mimic_perform_af_005,1,Random Forest,0.6619082639431224,1
mimic_perform_af_005,1,Random Forest,0.9512885767018135,1
mimic_perform_af_005,1,Random Forest,0.949836369853601,1
mimic_perform_af_005,1,Random Forest,0.9678783852701239,1
mimic_perform_af_005,1,Random Forest,0.9531609627838287,1
mimic_perform_af_005,1,Random Forest,0.9784745492146208,1
mimic_perform_af_005,1,Random Forest,0.996587914405636,1
mimic_perform_af_005,1,Random Forest,0.9963058016231582,1
mimic_perform_af_005,1,Random Forest,0.9840791094853997,1
mimic_perform_af_005,1,Random Forest,0.9708328208984077,1
mimic_perform_af_005,1,Random Forest,0.9782038117606379,1
mimic_perform_af_005,1,Random Forest,0.9580802739124603,1
mimic_perform_af_005,1,Random Forest,0.9854283326483931,1
mimic_perform_af_005,1,Random Forest,0.6994017824054656,1
mimic_perform_af_005,1,Random Forest,0.5527845436832028,1
mimic_perform_af_005,1,Random Forest,0.3842955033263031,0
mimic_perform_af_005,1,Random Forest,0.45961723748059513,0
mimic_perform_af_005,1,Random Forest,0.5466893002413102,1
mimic_perform_af_005,1,Random Forest,0.3694697855750487,0
mimic_perform_af_005,1,Random Forest,0.4201364522417154,0
mimic_perform_af_005,1,Random Forest,0.8455278781678747,1
mimic_perform_af_005,1,Random Forest,0.971559220149159,1
mimic_perform_af_005,1,Random Forest,0.8650662110740556,1
mimic_perform_af_005,1,Random Forest,0.9312353680825994,1
mimic_perform_af_005,1,Random Forest,0.9055957421303172,1
mimic_perform_af_005,1,Random Forest,0.9255510224880741,1
mimic_perform_af_005,1,Random Forest,0.9255510224880741,1
mimic_perform_af_005,1,Random Forest,0.7123321153403636,1
mimic_perform_af_005,1,Random Forest,0.6794722119587211,1
mimic_perform_af_005,1,Random Forest,0.50084412185237,1
mimic_perform_af_005,1,Random Forest,0.6463321153403636,1
mimic_perform_af_005,1,Random Forest,0.612907457806117,1
mimic_perform_af_005,1,Random Forest,0.6994970875806116,1
mimic_perform_af_005,1,Random Forest,0.8127653541895816,1
mimic_perform_af_005,1,Random Forest,0.9846707199270888,1
mimic_perform_af_005,1,Random Forest,0.939250664106951,1
mimic_perform_af_005,1,Random Forest,0.9892855797599935,1
mimic_perform_af_005,1,Random Forest,0.25976608187134503,0
mimic_perform_af_005,1,Random Forest,0.21976608187134503,0
mimic_perform_af_005,1,Random Forest,0.4995191682910981,0
mimic_perform_af_005,1,Random Forest,0.9441744135483168,1
mimic_perform_af_005,1,Random Forest,0.9652527878287394,1
mimic_perform_af_005,1,Random Forest,0.9658449344348732,1
mimic_perform_af_005,1,Random Forest,0.9984524530114013,1
mimic_perform_af_005,1,Random Forest,0.9990054137693893,1
mimic_perform_af_005,1,Random Forest,0.9918078613999222,1
mimic_perform_af_005,1,Random Forest,0.6861388786253877,1
mimic_perform_af_005,1,Random Forest,0.805802445079999,1
mimic_perform_af_005,1,Random Forest,0.9255510224880741,1
mimic_perform_af_005,1,Random Forest,0.7726730561390158,1
mimic_perform_af_005,1,Random Forest,0.30643274853801167,0
mimic_perform_af_005,1,Random Forest,0.12381250133881712,0
mimic_perform_af_005,1,Random Forest,0.2666285157337789,0
mimic_perform_af_005,1,Random Forest,0.598278765648599,1
mimic_perform_af_005,1,Random Forest,0.562808355744989,1
mimic_perform_af_005,1,Random Forest,0.9778719195681489,1
mimic_perform_af_005,1,Random Forest,0.9678857314498281,1
mimic_perform_af_005,1,Random Forest,0.9688346029990966,1
mimic_perform_af_005,1,Random Forest,0.6136308573856953,1
mimic_perform_af_005,1,Random Forest,0.26509941520467833,0
mimic_perform_af_005,1,Random Forest,0.4989987820070303,0
mimic_perform_af_005,1,Random Forest,0.6367302318347904,1
mimic_perform_af_005,1,Random Forest,0.7443112329511494,1
mimic_perform_af_005,1,Random Forest,0.9445574510023628,1
mimic_perform_af_005,1,Random Forest,0.9125932399888719,1
mimic_perform_af_005,1,Random Forest,0.8235430158423088,1
mimic_perform_af_005,1,Random Forest,0.6729987820070302,1
mimic_perform_af_005,1,Random Forest,0.6996903242955874,1
mimic_perform_af_005,1,Random Forest,0.6819424528082589,1
mimic_perform_af_005,1,Random Forest,0.6308260688941044,1
mimic_perform_af_005,1,Random Forest,0.6888205991751729,1
mimic_perform_af_005,1,Random Forest,0.5530569047130764,1
mimic_perform_af_005,1,Random Forest,0.6871582790240852,1
mimic_perform_af_005,1,Random Forest,0.41274361282365923,0
mimic_perform_af_005,1,Random Forest,0.26509941520467833,0
mimic_perform_af_005,1,Random Forest,0.6795950191204414,1
mimic_perform_af_005,1,Random Forest,0.6059496990636983,1
mimic_perform_af_005,1,Random Forest,0.6236022340377877,1
mimic_perform_af_005,1,Random Forest,0.8205418513732773,1
mimic_perform_af_005,1,Random Forest,0.42243274853801166,0
mimic_perform_af_005,1,Random Forest,0.37976608187134503,0
mimic_perform_af_005,1,Random Forest,0.359766081871345,0
mimic_perform_af_005,1,Random Forest,0.5341469301551783,1
mimic_perform_af_005,1,Random Forest,0.6529987820070302,1
mimic_perform_af_005,1,Random Forest,0.6596654486736969,1
mimic_perform_af_005,1,Random Forest,0.6863569909622541,1
mimic_perform_af_005,1,Random Forest,0.6728055452920544,1
mimic_perform_af_005,1,Random Forest,0.7699527932286009,1
mimic_perform_af_006,1,Random Forest,0.9977534686474153,1
mimic_perform_af_006,1,Random Forest,0.997664763543811,1
mimic_perform_af_006,1,Random Forest,0.9899285772899958,1
mimic_perform_af_006,1,Random Forest,0.9973997033028471,1
mimic_perform_af_006,1,Random Forest,0.9980049459318391,1
mimic_perform_af_006,1,Random Forest,0.9978265098160741,1
mimic_perform_af_006,1,Random Forest,0.9974927084473298,1
mimic_perform_af_006,1,Random Forest,0.9455807646358126,1
mimic_perform_af_006,1,Random Forest,0.911914298585939,1
mimic_perform_af_006,1,Random Forest,0.9722210486595547,1
mimic_perform_af_006,1,Random Forest,0.9588877153262213,1
mimic_perform_af_006,1,Random Forest,0.9989798765954678,1
mimic_perform_af_006,1,Random Forest,0.9897433381263098,1
mimic_perform_af_006,1,Random Forest,0.9977702368702586,1
mimic_perform_af_006,1,Random Forest,0.997922944189704,1
mimic_perform_af_006,1,Random Forest,0.9975917223751526,1
mimic_perform_af_006,1,Random Forest,0.9973155989389201,1
mimic_perform_af_006,1,Random Forest,0.9978265098160741,1
mimic_perform_af_006,1,Random Forest,0.9979503232579057,1
mimic_perform_af_006,1,Random Forest,0.9976650655649517,1
mimic_perform_af_006,1,Random Forest,0.9976093678680382,1
mimic_perform_af_006,1,Random Forest,0.9973997033028471,1
mimic_perform_af_006,1,Random Forest,0.9975917223751526,1
mimic_perform_af_006,1,Random Forest,0.9973266621341887,1
mimic_perform_af_006,1,Random Forest,0.997664763543811,1
mimic_perform_af_006,1,Random Forest,0.9941358249448937,1
mimic_perform_af_006,1,Random Forest,0.9958060745053546,1
mimic_perform_af_006,1,Random Forest,0.9957330333366959,1
mimic_perform_af_006,1,Random Forest,0.997664763543811,1
mimic_perform_af_006,1,Random Forest,0.9975917223751526,1
mimic_perform_af_006,1,Random Forest,0.997664763543811,1
mimic_perform_af_006,1,Random Forest,0.759550550777222,1
mimic_perform_af_006,1,Random Forest,0.8056514870766837,1
mimic_perform_af_006,1,Random Forest,0.9979759140385324,1
mimic_perform_af_006,1,Random Forest,0.9979878740755644,1
mimic_perform_af_006,1,Random Forest,0.9980371248892764,1
mimic_perform_af_006,1,Random Forest,0.9974302781240298,1
mimic_perform_af_006,1,Random Forest,0.9912170973010429,1
mimic_perform_af_006,1,Random Forest,0.958165084391581,1
mimic_perform_af_006,1,Random Forest,0.9979959853583623,1
mimic_perform_af_006,1,Random Forest,0.3441626050326901,0
mimic_perform_af_006,1,Random Forest,0.6884831299256815,1
mimic_perform_af_006,1,Random Forest,0.37256102516567796,0
mimic_perform_af_006,1,Random Forest,0.3173347176234996,0
mimic_perform_af_006,1,Random Forest,0.8550399361973088,1
mimic_perform_af_006,1,Random Forest,0.8317855471502688,1
mimic_perform_af_006,1,Random Forest,0.4926530108069101,0
mimic_perform_af_006,1,Random Forest,0.8644753359462004,1
mimic_perform_af_006,1,Random Forest,0.9314571029142057,1
mimic_perform_af_006,1,Random Forest,0.9975917223751526,1
mimic_perform_af_006,1,Random Forest,0.995760412404898,1
mimic_perform_af_006,1,Random Forest,0.9966826652529316,1
mimic_perform_af_006,1,Random Forest,0.90867342622813,1
mimic_perform_af_006,1,Random Forest,0.8527683226479987,1
mimic_perform_af_006,1,Random Forest,0.9804257816432249,1
mimic_perform_af_006,1,Random Forest,0.9975917223751526,1
mimic_perform_af_006,1,Random Forest,0.9978872024799982,1
mimic_perform_af_006,1,Random Forest,0.9908376344122164,1
mimic_perform_af_006,1,Random Forest,0.991468007841597,1
mimic_perform_af_006,1,Random Forest,0.9976191014433543,1
mimic_perform_af_006,1,Random Forest,0.9977808477156174,1
mimic_perform_af_006,1,Random Forest,0.9975917223751526,1
mimic_perform_af_006,1,Random Forest,0.9852846361235472,1
mimic_perform_af_006,1,Random Forest,0.9973997033028471,1
mimic_perform_af_006,1,Random Forest,0.9956873712362392,1
mimic_perform_af_006,1,Random Forest,0.9958060745053546,1
mimic_perform_af_006,1,Random Forest,0.9672349638543157,1
mimic_perform_af_006,1,Random Forest,0.9628794597228472,1
mimic_perform_af_006,1,Random Forest,0.9742661561367576,1
mimic_perform_af_006,1,Random Forest,0.9956873712362392,1
mimic_perform_af_006,1,Random Forest,0.997664763543811,1
mimic_perform_af_006,1,Random Forest,0.997664763543811,1
mimic_perform_af_006,1,Random Forest,0.9975917223751526,1
mimic_perform_af_006,1,Random Forest,0.9977808477156174,1
mimic_perform_af_006,1,Random Forest,0.9979801824729708,1
mimic_perform_af_006,1,Random Forest,0.9912205358133311,1
mimic_perform_af_006,1,Random Forest,0.997886242662724,1
mimic_perform_af_006,1,Random Forest,0.9972810000337321,1
mimic_perform_af_006,1,Random Forest,0.9976191014433543,1
mimic_perform_af_006,1,Random Forest,0.9977078065469586,1
mimic_perform_af_006,1,Random Forest,0.997664763543811,1
mimic_perform_af_006,1,Random Forest,0.9973540412023905,1
mimic_perform_af_006,1,Random Forest,0.9873613942319955,1
mimic_perform_af_006,1,Random Forest,0.9912009717376854,1
mimic_perform_af_006,1,Random Forest,0.8980040695071871,1
mimic_perform_af_006,1,Random Forest,0.7727251925834825,1
mimic_perform_af_006,1,Random Forest,0.7382743690413266,1
mimic_perform_af_006,1,Random Forest,0.9906456153399114,1
mimic_perform_af_006,1,Random Forest,0.995760412404898,1
mimic_perform_af_006,1,Random Forest,0.9970505386979562,1
mimic_perform_af_006,1,Random Forest,0.9905032075571008,1
mimic_perform_af_006,1,Random Forest,0.9941022327670305,1
mimic_perform_af_006,1,Random Forest,0.9973997033028471,1
mimic_perform_af_006,1,Random Forest,0.997664763543811,1
mimic_perform_af_006,1,Random Forest,0.9979592838313823,1
mimic_perform_af_006,1,Random Forest,0.997664763543811,1
mimic_perform_af_006,1,Random Forest,0.9979959853583623,1
mimic_perform_af_006,1,Random Forest,0.9980049459318391,1
mimic_perform_af_006,1,Random Forest,0.9887898797433949,1
mimic_perform_af_006,1,Random Forest,0.9899105995575773,1
mimic_perform_af_006,1,Random Forest,0.8968245637118567,1
mimic_perform_af_006,1,Random Forest,0.8773182781522502,1
mimic_perform_af_006,1,Random Forest,0.7494103749968083,1
mimic_perform_af_006,1,Random Forest,0.7030150100066775,1
mimic_perform_af_006,1,Random Forest,0.22376699480982462,0
mimic_perform_af_006,1,Random Forest,0.8701823673741321,1
mimic_perform_af_006,1,Random Forest,0.9975917223751526,1
mimic_perform_af_006,1,Random Forest,0.9973155989389201,1
mimic_perform_af_006,1,Random Forest,0.9975917223751526,1
mimic_perform_af_006,1,Random Forest,0.9949132817544601,1
mimic_perform_af_006,1,Random Forest,0.3246954569045792,0
mimic_perform_af_006,1,Random Forest,0.8621994935300756,1
mimic_perform_af_006,1,Random Forest,0.88807157929998,1
mimic_perform_af_006,1,Random Forest,0.8145876086480685,1
mimic_perform_af_006,1,Random Forest,0.9842231582465994,1
mimic_perform_af_006,1,Random Forest,0.9971250049526793,1
mimic_perform_af_006,1,Random Forest,0.9974773452111831,1
mimic_perform_af_006,1,Random Forest,0.9979959853583623,1
mimic_perform_af_007,1,Random Forest,0.5142566551497452,1
mimic_perform_af_007,1,Random Forest,0.4903974268643833,0
mimic_perform_af_007,1,Random Forest,0.9142895506247047,1
mimic_perform_af_007,1,Random Forest,0.9832969556822756,1
mimic_perform_af_007,1,Random Forest,0.9955341210752138,1
mimic_perform_af_007,1,Random Forest,0.9955341210752138,1
mimic_perform_af_007,1,Random Forest,0.9903739750616803,1
mimic_perform_af_007,1,Random Forest,0.9955138370995544,1
mimic_perform_af_007,1,Random Forest,0.9955138370995544,1
mimic_perform_af_007,1,Random Forest,0.9956301034197458,1
mimic_perform_af_007,1,Random Forest,0.9828429640801335,1
mimic_perform_af_007,1,Random Forest,0.9852668819959456,1
mimic_perform_af_007,1,Random Forest,0.9843678438790421,1
mimic_perform_af_007,1,Random Forest,0.9947344093435544,1
mimic_perform_af_007,1,Random Forest,0.9941760636533964,1
mimic_perform_af_007,1,Random Forest,0.9938983291556817,1
mimic_perform_af_007,1,Random Forest,0.994141614250067,1
mimic_perform_af_007,1,Random Forest,0.9943678438790421,1
mimic_perform_af_007,1,Random Forest,0.9943678438790421,1
mimic_perform_af_007,1,Random Forest,0.9863469353181723,1
mimic_perform_af_007,1,Random Forest,0.9943678438790421,1
mimic_perform_af_007,1,Random Forest,0.9943475599033829,1
mimic_perform_af_007,1,Random Forest,0.9955487516531217,1
mimic_perform_af_007,1,Random Forest,0.9955487516531217,1
mimic_perform_af_007,1,Random Forest,0.9957674388595688,1
mimic_perform_af_007,1,Random Forest,0.981925022060342,1
mimic_perform_af_007,1,Random Forest,0.9819376880941089,1
mimic_perform_af_007,1,Random Forest,0.947394264579794,1
mimic_perform_af_007,1,Random Forest,0.985008102127155,1
mimic_perform_af_007,1,Random Forest,0.9958508738580882,1
mimic_perform_af_007,1,Random Forest,0.9943532133011342,1
mimic_perform_af_007,1,Random Forest,0.9947344093435544,1
mimic_perform_af_007,1,Random Forest,0.9949776944379397,1
mimic_perform_af_007,1,Random Forest,0.9943678438790421,1
mimic_perform_af_007,1,Random Forest,0.9943532133011342,1
mimic_perform_af_007,1,Random Forest,0.9873819009268258,1
mimic_perform_af_007,1,Random Forest,0.9783600610050854,1
mimic_perform_af_007,1,Random Forest,0.9823792748272528,1
mimic_perform_af_007,1,Random Forest,0.9955341210752138,1
mimic_perform_af_007,1,Random Forest,0.9955487516531217,1
mimic_perform_af_007,1,Random Forest,0.9946411918965713,1
mimic_perform_af_007,1,Random Forest,0.993963255662927,1
mimic_perform_af_007,1,Random Forest,0.986762273347708,1
mimic_perform_af_007,1,Random Forest,0.9859608305784531,1
mimic_perform_af_007,1,Random Forest,0.9920255188779196,1
mimic_perform_af_007,1,Random Forest,0.9928041300314628,1
mimic_perform_af_007,1,Random Forest,0.9951201104919405,1
mimic_perform_af_007,1,Random Forest,0.9933115466344676,1
mimic_perform_af_007,1,Random Forest,0.9955284676774623,1
mimic_perform_af_007,1,Random Forest,0.9950021518879886,1
mimic_perform_af_007,1,Random Forest,0.9936058269743926,1
mimic_perform_af_007,1,Random Forest,0.981925022060342,1
mimic_perform_af_007,1,Random Forest,0.9848413286810482,1
mimic_perform_af_007,1,Random Forest,0.9827278616975218,1
mimic_perform_af_007,1,Random Forest,0.9953318543716528,1
mimic_perform_af_007,1,Random Forest,0.9953318543716528,1
mimic_perform_af_007,1,Random Forest,0.9253077210292625,1
mimic_perform_af_007,1,Random Forest,0.9831038047755605,1
mimic_perform_af_007,1,Random Forest,0.9733052751498298,1
mimic_perform_af_007,1,Random Forest,0.9955341210752138,1
mimic_perform_af_007,1,Random Forest,0.9941621874532802,1
mimic_perform_af_007,1,Random Forest,0.9943678438790421,1
mimic_perform_af_007,1,Random Forest,0.9942581697978121,1
mimic_perform_af_007,1,Random Forest,0.9929756262814493,1
mimic_perform_af_007,1,Random Forest,0.9910038503110732,1
mimic_perform_af_007,1,Random Forest,0.9941621874532802,1
mimic_perform_af_007,1,Random Forest,0.9929959102571085,1
mimic_perform_af_007,1,Random Forest,0.9955341210752138,1
mimic_perform_af_007,1,Random Forest,0.9943532133011342,1
mimic_perform_af_007,1,Random Forest,0.9923023749670776,1
mimic_perform_af_007,1,Random Forest,0.9781735997378364,1
mimic_perform_af_007,1,Random Forest,0.9946244327404952,1
mimic_perform_af_007,1,Random Forest,0.9943532133011342,1
mimic_perform_af_007,1,Random Forest,0.9942554203375619,1
mimic_perform_af_007,1,Random Forest,0.9941621874532802,1
mimic_perform_af_007,1,Random Forest,0.9929812796792007,1
mimic_perform_af_007,1,Random Forest,0.9955138370995544,1
mimic_perform_af_007,1,Random Forest,0.9406087127224303,1
mimic_perform_af_007,1,Random Forest,0.9941419034776209,1
mimic_perform_af_007,1,Random Forest,0.9934744428089023,1
mimic_perform_af_007,1,Random Forest,0.9942554203375619,1
mimic_perform_af_007,1,Random Forest,0.9943532133011342,1
mimic_perform_af_007,1,Random Forest,0.9950121438412691,1
mimic_perform_af_007,1,Random Forest,0.9941621874532802,1
mimic_perform_af_007,1,Random Forest,0.9941621874532802,1
mimic_perform_af_007,1,Random Forest,0.9783884171932516,1
mimic_perform_af_007,1,Random Forest,0.9770120105654725,1
mimic_perform_af_007,1,Random Forest,0.978967664207461,1
mimic_perform_af_007,1,Random Forest,0.9913359519706434,1
mimic_perform_af_007,1,Random Forest,0.9848140992732879,1
mimic_perform_af_007,1,Random Forest,0.9827006322897615,1
mimic_perform_af_007,1,Random Forest,0.9940433744213206,1
mimic_perform_af_007,1,Random Forest,0.9944422446689195,1
mimic_perform_af_007,1,Random Forest,0.9883113566173795,1
mimic_perform_af_007,1,Random Forest,0.9883113566173795,1
mimic_perform_af_007,1,Random Forest,0.993150871134898,1
mimic_perform_af_007,1,Random Forest,0.9929812796792007,1
mimic_perform_af_007,1,Random Forest,0.9941760636533964,1
mimic_perform_af_007,1,Random Forest,0.9729233493500042,1
mimic_perform_af_007,1,Random Forest,0.8024624213132338,1
mimic_perform_af_007,1,Random Forest,0.6143420459992446,1
mimic_perform_af_007,1,Random Forest,0.714584637276934,1
mimic_perform_af_007,1,Random Forest,0.9316823695168306,1
mimic_perform_af_007,1,Random Forest,0.6656167531999244,1
mimic_perform_af_007,1,Random Forest,0.2123291341201138,0
mimic_perform_af_007,1,Random Forest,0.10027412716108369,0
mimic_perform_af_007,1,Random Forest,0.0029659619448557566,0
mimic_perform_af_007,1,Random Forest,0.03159974043669696,0
mimic_perform_af_007,1,Random Forest,0.001676080362108091,0
mimic_perform_af_007,1,Random Forest,0.29604412259325025,0
mimic_perform_af_007,1,Random Forest,0.3747800132488201,0
mimic_perform_af_007,1,Random Forest,0.282377138090865,0
mimic_perform_af_007,1,Random Forest,0.11145743418555093,0
mimic_perform_af_007,1,Random Forest,0.240212978332086,0
mimic_perform_af_007,1,Random Forest,0.09425225691246926,0
mimic_perform_af_007,1,Random Forest,0.005349464744737866,0
mimic_perform_af_007,1,Random Forest,0.02398279516522103,0
mimic_perform_af_007,1,Random Forest,0.12472652283467464,0
mimic_perform_af_008,1,Random Forest,0.9976229888392453,1
mimic_perform_af_008,1,Random Forest,0.9966312598449321,1
mimic_perform_af_008,1,Random Forest,0.9764956186435819,1
mimic_perform_af_008,1,Random Forest,0.9046562233832901,1
mimic_perform_af_008,1,Random Forest,0.9517003862918131,1
mimic_perform_af_008,1,Random Forest,0.9976229888392453,1
mimic_perform_af_008,1,Random Forest,0.9464645836145428,1
mimic_perform_af_008,1,Random Forest,0.791333550941635,1
mimic_perform_af_008,1,Random Forest,0.8696554325688991,1
mimic_perform_af_008,1,Random Forest,0.861855133679616,1
mimic_perform_af_008,1,Random Forest,0.8528077464684765,1
mimic_perform_af_008,1,Random Forest,0.9516622294938971,1
mimic_perform_af_008,1,Random Forest,0.9964437823800542,1
mimic_perform_af_008,1,Random Forest,0.9971593966774164,1
mimic_perform_af_008,1,Random Forest,0.9919087098202755,1
mimic_perform_af_008,1,Random Forest,0.987594398530589,1
mimic_perform_af_008,1,Random Forest,0.8351678190862732,1
mimic_perform_af_008,1,Random Forest,0.7475584784941103,1
mimic_perform_af_008,1,Random Forest,0.8187819383260824,1
mimic_perform_af_008,1,Random Forest,0.7793333179325048,1
mimic_perform_af_008,1,Random Forest,0.9458054761386077,1
mimic_perform_af_008,1,Random Forest,0.9567790241356166,1
mimic_perform_af_008,1,Random Forest,0.9974089077296417,1
mimic_perform_af_008,1,Random Forest,0.9710330816226612,1
mimic_perform_af_008,1,Random Forest,0.9959933306827575,1
mimic_perform_af_008,1,Random Forest,0.9895290595007511,1
mimic_perform_af_008,1,Random Forest,0.9795716920951338,1
mimic_perform_af_008,1,Random Forest,0.9799584324781059,1
mimic_perform_af_008,1,Random Forest,0.9282166457193219,1
mimic_perform_af_008,1,Random Forest,0.984795657661092,1
mimic_perform_af_008,1,Random Forest,0.8642665975840763,1
mimic_perform_af_008,1,Random Forest,0.9180869706654045,1
mimic_perform_af_008,1,Random Forest,0.9378956537146476,1
mimic_perform_af_008,1,Random Forest,0.9417459799409549,1
mimic_perform_af_008,1,Random Forest,0.9186988491624779,1
mimic_perform_af_008,1,Random Forest,0.7854025638639089,1
mimic_perform_af_008,1,Random Forest,0.8259218551750732,1
mimic_perform_af_008,1,Random Forest,0.8412594310718441,1
mimic_perform_af_008,1,Random Forest,0.8474353366517847,1
mimic_perform_af_008,1,Random Forest,0.8536816538032332,1
mimic_perform_af_008,1,Random Forest,0.5419364279365544,1
mimic_perform_af_008,1,Random Forest,0.785767617476495,1
mimic_perform_af_008,1,Random Forest,0.8034568802162134,1
mimic_perform_af_008,1,Random Forest,0.8196913073838277,1
mimic_perform_af_008,1,Random Forest,0.9859287196891107,1
mimic_perform_af_008,1,Random Forest,0.9976123716084083,1
mimic_perform_af_008,1,Random Forest,0.9905146921980686,1
mimic_perform_af_008,1,Random Forest,0.827963881153894,1
mimic_perform_af_008,1,Random Forest,0.8255379976751837,1
mimic_perform_af_008,1,Random Forest,0.7639107723851064,1
mimic_perform_af_008,1,Random Forest,0.8758258501706835,1
mimic_perform_af_008,1,Random Forest,0.9771824797651815,1
mimic_perform_af_008,1,Random Forest,0.9616830845077646,1
mimic_perform_af_008,1,Random Forest,0.9609863397727848,1
mimic_perform_af_008,1,Random Forest,0.9646229990205444,1
mimic_perform_af_008,1,Random Forest,0.9550347151027265,1
mimic_perform_af_008,1,Random Forest,0.8681317782467995,1
mimic_perform_af_008,1,Random Forest,0.8450319882116497,1
mimic_perform_af_008,1,Random Forest,0.7826027268850292,1
mimic_perform_af_008,1,Random Forest,0.8521215471280721,1
mimic_perform_af_008,1,Random Forest,0.8703253454919209,1
mimic_perform_af_008,1,Random Forest,0.8671390906621358,1
mimic_perform_af_008,1,Random Forest,0.9568964653945594,1
mimic_perform_af_008,1,Random Forest,0.9880701775764419,1
mimic_perform_af_008,1,Random Forest,0.9708957936841989,1
mimic_perform_af_008,1,Random Forest,0.9970175242661228,1
mimic_perform_af_008,1,Random Forest,0.987748975812184,1
mimic_perform_af_008,1,Random Forest,0.9783108135717572,1
mimic_perform_af_008,1,Random Forest,0.9517478220818971,1
mimic_perform_af_008,1,Random Forest,0.9520114807339856,1
mimic_perform_af_008,1,Random Forest,0.8830251181989771,1
mimic_perform_af_008,1,Random Forest,0.7729572868094576,1
mimic_perform_af_008,1,Random Forest,0.8164893642386941,1
mimic_perform_af_008,1,Random Forest,0.9570498706822241,1
mimic_perform_af_008,1,Random Forest,0.9629707604633622,1
mimic_perform_af_008,1,Random Forest,0.7468973122821041,1
mimic_perform_af_008,1,Random Forest,0.9821933111952228,1
mimic_perform_af_008,1,Random Forest,0.9080628682870986,1
mimic_perform_af_008,1,Random Forest,0.8683225416340423,1
mimic_perform_af_008,1,Random Forest,0.8591582477132401,1
mimic_perform_af_008,1,Random Forest,0.9753181647739393,1
mimic_perform_af_008,1,Random Forest,0.995126422978326,1
mimic_perform_af_008,1,Random Forest,0.9837866344815935,1
mimic_perform_af_008,1,Random Forest,0.989236542129535,1
mimic_perform_af_008,1,Random Forest,0.9871577356430267,1
mimic_perform_af_008,1,Random Forest,0.9905485807328159,1
mimic_perform_af_008,1,Random Forest,0.897881028261791,1
mimic_perform_af_008,1,Random Forest,0.9768774456950392,1
mimic_perform_af_008,1,Random Forest,0.7315599904269365,1
mimic_perform_af_008,1,Random Forest,0.7568157280347148,1
mimic_perform_af_008,1,Random Forest,0.9651956595893192,1
mimic_perform_af_008,1,Random Forest,0.9902188671188356,1
mimic_perform_af_008,1,Random Forest,0.9933229555465481,1
mimic_perform_af_008,1,Random Forest,0.9971668155870094,1
mimic_perform_af_008,1,Random Forest,0.993911727778192,1
mimic_perform_af_008,1,Random Forest,0.9975125806272616,1
mimic_perform_af_008,1,Random Forest,0.9938585587614258,1
mimic_perform_af_008,1,Random Forest,0.9716213584061562,1
mimic_perform_af_008,1,Random Forest,0.8981096967974558,1
mimic_perform_af_008,1,Random Forest,0.7085061883783553,1
mimic_perform_af_008,1,Random Forest,0.9602464875368725,1
mimic_perform_af_008,1,Random Forest,0.9612720392891791,1
mimic_perform_af_008,1,Random Forest,0.9435513453318798,1
mimic_perform_af_008,1,Random Forest,0.7531752197314975,1
mimic_perform_af_008,1,Random Forest,0.6177403844589735,1
mimic_perform_af_008,1,Random Forest,0.9366953252755956,1
mimic_perform_af_008,1,Random Forest,0.8343665447779837,1
mimic_perform_af_008,1,Random Forest,0.9458864596857033,1
mimic_perform_af_008,1,Random Forest,0.7535002047004794,1
mimic_perform_af_008,1,Random Forest,0.8226803882753041,1
mimic_perform_af_008,1,Random Forest,0.810306853952093,1
mimic_perform_af_008,1,Random Forest,0.3296893915726285,0
mimic_perform_af_008,1,Random Forest,0.6180966431938827,1
mimic_perform_af_008,1,Random Forest,0.7113456929039134,1
mimic_perform_af_008,1,Random Forest,0.9633301338940803,1
mimic_perform_af_008,1,Random Forest,0.9683348935396972,1
mimic_perform_af_008,1,Random Forest,0.9673226121832518,1
mimic_perform_af_008,1,Random Forest,0.9679595272084002,1
mimic_perform_af_009,1,Random Forest,0.7490809849279949,1
mimic_perform_af_009,1,Random Forest,0.8891592579153481,1
mimic_perform_af_009,1,Random Forest,0.2759799641124142,0
mimic_perform_af_009,1,Random Forest,0.5710055114832703,1
mimic_perform_af_009,1,Random Forest,0.8777421369274655,1
mimic_perform_af_009,1,Random Forest,0.9971924866614282,1
mimic_perform_af_009,1,Random Forest,0.988485291344424,1
mimic_perform_af_009,1,Random Forest,0.9968136516856254,1
mimic_perform_af_009,1,Random Forest,0.9984239853480122,1
mimic_perform_af_009,1,Random Forest,0.9984239853480122,1
mimic_perform_af_009,1,Random Forest,0.9983278736760887,1
mimic_perform_af_009,1,Random Forest,0.9981633102663663,1
mimic_perform_af_009,1,Random Forest,0.9976267093020909,1
mimic_perform_af_009,1,Random Forest,0.9983278736760887,1
mimic_perform_af_009,1,Random Forest,0.9984239853480122,1
mimic_perform_af_009,1,Random Forest,0.9983850274712167,1
mimic_perform_af_009,1,Random Forest,0.9983850274712167,1
mimic_perform_af_009,1,Random Forest,0.9983278736760887,1
mimic_perform_af_009,1,Random Forest,0.9983278736760887,1
mimic_perform_af_009,1,Random Forest,0.9981748160829734,1
mimic_perform_af_009,1,Random Forest,0.9986766579413002,1
mimic_perform_af_009,1,Random Forest,0.9987078105892753,1
mimic_perform_af_009,1,Random Forest,0.995374477255942,1
mimic_perform_af_009,1,Random Forest,0.997697013453338,1
mimic_perform_af_009,1,Random Forest,0.923924924452629,1
mimic_perform_af_009,1,Random Forest,0.9501898682993875,1
mimic_perform_af_009,1,Random Forest,0.9391110273267429,1
mimic_perform_af_009,1,Random Forest,0.9536280778969928,1
mimic_perform_af_009,1,Random Forest,0.9715879382716904,1
mimic_perform_af_009,1,Random Forest,0.9983278736760887,1
mimic_perform_af_009,1,Random Forest,0.7626034573744701,1
mimic_perform_af_009,1,Random Forest,0.8445602926242173,1
mimic_perform_af_009,1,Random Forest,0.773457743881225,1
mimic_perform_af_009,1,Random Forest,0.9987120813558777,1
mimic_perform_af_009,1,Random Forest,0.996438918552037,1
mimic_perform_af_009,1,Random Forest,0.9984396023790479,1
mimic_perform_af_009,1,Random Forest,0.9913417968785306,1
mimic_perform_af_009,1,Random Forest,0.8980981157979551,1
mimic_perform_af_009,1,Random Forest,0.8982270742989946,1
mimic_perform_af_009,1,Random Forest,0.5232654207503196,1
mimic_perform_af_009,1,Random Forest,0.9980435029645921,1
mimic_perform_af_009,1,Random Forest,0.9980435029645921,1
mimic_perform_af_009,1,Random Forest,0.9873910395068598,1
mimic_perform_af_009,1,Random Forest,0.9983278736760887,1
mimic_perform_af_009,1,Random Forest,0.9818478603238894,1
mimic_perform_af_009,1,Random Forest,0.9975467771494332,1
mimic_perform_af_009,1,Random Forest,0.9983278736760887,1
mimic_perform_af_009,1,Random Forest,0.998031130442021,1
mimic_perform_af_009,1,Random Forest,0.9981748160829734,1
mimic_perform_af_009,1,Random Forest,0.9981790868495761,1
mimic_perform_af_009,1,Random Forest,0.9981748160829734,1
mimic_perform_af_009,1,Random Forest,0.9322162768914846,1
mimic_perform_af_009,1,Random Forest,0.8712165916634241,1
mimic_perform_af_009,1,Random Forest,0.7122966606889096,1
mimic_perform_af_009,1,Random Forest,0.7799411201219497,1
mimic_perform_af_009,1,Random Forest,0.9964085071909261,1
mimic_perform_af_009,1,Random Forest,0.9983850274712167,1
mimic_perform_af_009,1,Random Forest,0.9984239853480122,1
mimic_perform_af_009,1,Random Forest,0.9984239853480122,1
mimic_perform_af_009,1,Random Forest,0.998516377093929,1
mimic_perform_af_009,1,Random Forest,0.9983850274712167,1
mimic_perform_af_009,1,Random Forest,0.9983278736760887,1
mimic_perform_af_009,1,Random Forest,0.9983278736760887,1
mimic_perform_af_009,1,Random Forest,0.9984438731456504,1
mimic_perform_af_009,1,Random Forest,0.9984186891112641,1
mimic_perform_af_009,1,Random Forest,0.9981661951878089,1
mimic_perform_af_009,1,Random Forest,0.9984282561146148,1
mimic_perform_af_009,1,Random Forest,0.9983278736760887,1
mimic_perform_af_009,1,Random Forest,0.9984239853480122,1
mimic_perform_af_009,1,Random Forest,0.9983278736760887,1
mimic_perform_af_009,1,Random Forest,0.9982865447859327,1
mimic_perform_af_009,1,Random Forest,0.9981748160829734,1
mimic_perform_af_009,1,Random Forest,0.9981748160829734,1
mimic_perform_af_009,1,Random Forest,0.9983278736760887,1
mimic_perform_af_009,1,Random Forest,0.9984396023790479,1
mimic_perform_af_009,1,Random Forest,0.9949381920101359,1
mimic_perform_af_009,1,Random Forest,0.9949381920101359,1
mimic_perform_af_009,1,Random Forest,0.9953433246079669,1
mimic_perform_af_009,1,Random Forest,0.9984239853480122,1
mimic_perform_af_009,1,Random Forest,0.9960314119605743,1
mimic_perform_af_009,1,Random Forest,0.9981748160829734,1
mimic_perform_af_009,1,Random Forest,0.998031130442021,1
mimic_perform_af_009,1,Random Forest,0.9981748160829734,1
mimic_perform_af_009,1,Random Forest,0.9981748160829734,1
mimic_perform_af_009,1,Random Forest,0.9983278736760887,1
mimic_perform_af_009,1,Random Forest,0.9983278736760887,1
mimic_perform_af_009,1,Random Forest,0.9983278736760887,1
mimic_perform_af_009,1,Random Forest,0.9960314119605743,1
mimic_perform_af_009,1,Random Forest,0.9973096819860101,1
mimic_perform_af_009,1,Random Forest,0.9983278736760887,1
mimic_perform_af_009,1,Random Forest,0.9912810335409679,1
mimic_perform_af_009,1,Random Forest,0.9983278736760887,1
mimic_perform_af_009,1,Random Forest,0.9983278736760887,1
mimic_perform_af_009,1,Random Forest,0.9984186891112641,1
mimic_perform_af_009,1,Random Forest,0.998407342846831,1
mimic_perform_af_009,1,Random Forest,0.9983850274712167,1
mimic_perform_af_009,1,Random Forest,0.9983278736760887,1
mimic_perform_af_009,1,Random Forest,0.9983278736760887,1
mimic_perform_af_009,1,Random Forest,0.9971776643808286,1
mimic_perform_af_009,1,Random Forest,0.9799473181661998,1
mimic_perform_af_009,1,Random Forest,0.9247106530323763,1
mimic_perform_af_009,1,Random Forest,0.9983278736760887,1
mimic_perform_af_009,1,Random Forest,0.9983278736760887,1
mimic_perform_af_009,1,Random Forest,0.9975467771494332,1
mimic_perform_af_009,1,Random Forest,0.9983278736760887,1
mimic_perform_af_009,1,Random Forest,0.9982319698781015,1
mimic_perform_af_009,1,Random Forest,0.9958892993887449,1
mimic_perform_af_009,1,Random Forest,0.9894438605277632,1
mimic_perform_af_009,1,Random Forest,0.9830098871883657,1
mimic_perform_af_009,1,Random Forest,0.9877324540500328,1
mimic_perform_af_009,1,Random Forest,0.8866681896383062,1
mimic_perform_af_009,1,Random Forest,0.9503416622518535,1
mimic_perform_af_009,1,Random Forest,0.9296776922098143,1
mimic_perform_af_009,1,Random Forest,0.9827329670048596,1
mimic_perform_af_009,1,Random Forest,0.963954821708194,1
mimic_perform_af_009,1,Random Forest,0.8937635173128604,1
mimic_perform_af_009,1,Random Forest,0.8390852051674064,1
mimic_perform_af_009,1,Random Forest,0.9339663491858372,1
mimic_perform_af_010,1,Random Forest,0.9507426914791691,1
mimic_perform_af_010,1,Random Forest,0.9964319465362184,1
mimic_perform_af_010,1,Random Forest,0.980090370046109,1
mimic_perform_af_010,1,Random Forest,0.9520639883365463,1
mimic_perform_af_010,1,Random Forest,0.953527300853288,1
mimic_perform_af_010,1,Random Forest,0.9716019193036642,1
mimic_perform_af_010,1,Random Forest,0.9658389463219692,1
mimic_perform_af_010,1,Random Forest,0.9703165958512373,1
mimic_perform_af_010,1,Random Forest,0.9644782760326511,1
mimic_perform_af_010,1,Random Forest,0.9811550435255317,1
mimic_perform_af_010,1,Random Forest,0.9741930462727251,1
mimic_perform_af_010,1,Random Forest,0.9925101666395119,1
mimic_perform_af_010,1,Random Forest,0.9850304699873612,1
mimic_perform_af_010,1,Random Forest,0.9709492456928227,1
mimic_perform_af_010,1,Random Forest,0.9638599548435256,1
mimic_perform_af_010,1,Random Forest,0.9723841582535726,1
mimic_perform_af_010,1,Random Forest,0.9703190587811714,1
mimic_perform_af_010,1,Random Forest,0.9753689949458605,1
mimic_perform_af_010,1,Random Forest,0.9634011775349457,1
mimic_perform_af_010,1,Random Forest,0.9604198523671954,1
mimic_perform_af_010,1,Random Forest,0.9571978223027381,1
mimic_perform_af_010,1,Random Forest,0.910066158968356,1
mimic_perform_af_010,1,Random Forest,0.965035444642736,1
mimic_perform_af_010,1,Random Forest,0.9146603491992444,1
mimic_perform_af_010,1,Random Forest,0.9738583552765481,1
mimic_perform_af_010,1,Random Forest,0.8669172351228481,1
mimic_perform_af_010,1,Random Forest,0.8870518039438311,1
mimic_perform_af_010,1,Random Forest,0.86142004638848,1
mimic_perform_af_010,1,Random Forest,0.8422591877179664,1
mimic_perform_af_010,1,Random Forest,0.9108510883306997,1
mimic_perform_af_010,1,Random Forest,0.902943989296961,1
mimic_perform_af_010,1,Random Forest,0.9039684892497829,1
mimic_perform_af_010,1,Random Forest,0.8591387040629728,1
mimic_perform_af_010,1,Random Forest,0.870465101114932,1
mimic_perform_af_010,1,Random Forest,0.81607734877243,1
mimic_perform_af_010,1,Random Forest,0.9705602174355579,1
mimic_perform_af_010,1,Random Forest,0.9640915592816586,1
mimic_perform_af_010,1,Random Forest,0.9677973036858717,1
mimic_perform_af_010,1,Random Forest,0.9475114671073281,1
mimic_perform_af_010,1,Random Forest,0.9594552317487048,1
mimic_perform_af_010,1,Random Forest,0.45963411190897246,0
mimic_perform_af_010,1,Random Forest,0.5933878506637649,1
mimic_perform_af_010,1,Random Forest,0.713928950016862,1
mimic_perform_af_010,1,Random Forest,0.12799606421940926,0
mimic_perform_af_010,1,Random Forest,0.14784639494129576,0
mimic_perform_af_010,1,Random Forest,0.7577310216981633,1
mimic_perform_af_010,1,Random Forest,0.9402667652251137,1
mimic_perform_af_010,1,Random Forest,0.9704979172042578,1
mimic_perform_af_010,1,Random Forest,0.951290757129704,1
mimic_perform_af_010,1,Random Forest,0.9820659795901928,1
mimic_perform_af_010,1,Random Forest,0.9848361362949529,1
mimic_perform_af_010,1,Random Forest,0.9465601117026173,1
mimic_perform_af_010,1,Random Forest,0.8685473490431995,1
mimic_perform_af_010,1,Random Forest,0.8798987709836403,1
mimic_perform_af_010,1,Random Forest,0.9348849071809754,1
mimic_perform_af_010,1,Random Forest,0.9424448054806172,1
mimic_perform_af_010,1,Random Forest,0.9482907225099244,1
mimic_perform_af_010,1,Random Forest,0.955218250860953,1
mimic_perform_af_010,1,Random Forest,0.9831844402204244,1
mimic_perform_af_010,1,Random Forest,0.9818425135647533,1
mimic_perform_af_010,1,Random Forest,0.9951696232879848,1
mimic_perform_af_010,1,Random Forest,0.9686347009006937,1
mimic_perform_af_010,1,Random Forest,0.9677062091653584,1
mimic_perform_af_010,1,Random Forest,0.9496843403092764,1
mimic_perform_af_010,1,Random Forest,0.9846694766792534,1
mimic_perform_af_010,1,Random Forest,0.9531871002871338,1
mimic_perform_af_010,1,Random Forest,0.9842992025726238,1
mimic_perform_af_010,1,Random Forest,0.9821095184173625,1
mimic_perform_af_010,1,Random Forest,0.9842864570758211,1
mimic_perform_af_010,1,Random Forest,0.9769727864553494,1
mimic_perform_af_010,1,Random Forest,0.9635391163875849,1
mimic_perform_af_010,1,Random Forest,0.9685091139397791,1
mimic_perform_af_010,1,Random Forest,0.957265148961318,1
mimic_perform_af_010,1,Random Forest,0.9574644687303533,1
mimic_perform_af_010,1,Random Forest,0.9717894443647443,1
mimic_perform_af_010,1,Random Forest,0.9835944132172497,1
mimic_perform_af_010,1,Random Forest,0.9821445975413661,1
mimic_perform_af_010,1,Random Forest,0.947303590610432,1
mimic_perform_af_010,1,Random Forest,0.9503698954399744,1
mimic_perform_af_010,1,Random Forest,0.9665358111056505,1
mimic_perform_af_010,1,Random Forest,0.9820268089172504,1
mimic_perform_af_010,1,Random Forest,0.9833243659747788,1
mimic_perform_af_010,1,Random Forest,0.9588602882912447,1
mimic_perform_af_010,1,Random Forest,0.9395066959644819,1
mimic_perform_af_010,1,Random Forest,0.9942794238455699,1
mimic_perform_af_010,1,Random Forest,0.9865782168420758,1
mimic_perform_af_010,1,Random Forest,0.9835155905794494,1
mimic_perform_af_010,1,Random Forest,0.9822388112486613,1
mimic_perform_af_010,1,Random Forest,0.9758780580563033,1
mimic_perform_af_010,1,Random Forest,0.9734601492533776,1
mimic_perform_af_010,1,Random Forest,0.9529937544851577,1
mimic_perform_af_010,1,Random Forest,0.9721293755863506,1
mimic_perform_af_010,1,Random Forest,0.9614534698047992,1
mimic_perform_af_010,1,Random Forest,0.9723358388491206,1
mimic_perform_af_010,1,Random Forest,0.9603624326976978,1
mimic_perform_af_010,1,Random Forest,0.9214097654369765,1
mimic_perform_af_010,1,Random Forest,0.8663041453458495,1
mimic_perform_af_010,1,Random Forest,0.4697798761696044,0
mimic_perform_af_010,1,Random Forest,0.4064022891327997,0
mimic_perform_af_010,1,Random Forest,0.14359185148263806,0
mimic_perform_af_010,1,Random Forest,0.6342799611858144,1
mimic_perform_af_010,1,Random Forest,0.8111297061401892,1
mimic_perform_af_010,1,Random Forest,0.20812977781827335,0
mimic_perform_af_010,1,Random Forest,0.23233718522568073,0
mimic_perform_af_010,1,Random Forest,0.19092088335546545,0
mimic_perform_af_010,1,Random Forest,0.7823157552488241,1
mimic_perform_af_010,1,Random Forest,0.8919221569380065,1
mimic_perform_af_010,1,Random Forest,0.9704963148840089,1
mimic_perform_af_010,1,Random Forest,0.9536809950011562,1
mimic_perform_af_010,1,Random Forest,0.9795650222631076,1
mimic_perform_af_010,1,Random Forest,0.9759164822517714,1
mimic_perform_af_010,1,Random Forest,0.9648855909941405,1
mimic_perform_af_010,1,Random Forest,0.9441769971564179,1
mimic_perform_af_010,1,Random Forest,0.953691203610298,1
mimic_perform_af_010,1,Random Forest,0.8982951722610153,1
mimic_perform_af_010,1,Random Forest,0.9349252950426152,1
mimic_perform_af_010,1,Random Forest,0.974680635773971,1
mimic_perform_af_010,1,Random Forest,0.9859238519401812,1
mimic_perform_af_011,1,Random Forest,0.9832805598392592,1
mimic_perform_af_011,1,Random Forest,0.9937981484714102,1
mimic_perform_af_011,1,Random Forest,0.9941201367425907,1
mimic_perform_af_011,1,Random Forest,0.9981085865864161,1
mimic_perform_af_011,1,Random Forest,0.8273244120127251,1
mimic_perform_af_011,1,Random Forest,0.9263744935114774,1
mimic_perform_af_011,1,Random Forest,0.8532253591054838,1
mimic_perform_af_011,1,Random Forest,0.9292358797333675,1
mimic_perform_af_011,1,Random Forest,0.9963400107159761,1
mimic_perform_af_011,1,Random Forest,0.9416812375662248,1
mimic_perform_af_011,1,Random Forest,0.9869486381044268,1
mimic_perform_af_011,1,Random Forest,0.9672772709319527,1
mimic_perform_af_011,1,Random Forest,0.9963832977951455,1
mimic_perform_af_011,1,Random Forest,0.9676840113746072,1
mimic_perform_af_011,1,Random Forest,0.9984979562600707,1
mimic_perform_af_011,1,Random Forest,0.9977726563309558,1
mimic_perform_af_011,1,Random Forest,0.9976504851123557,1
mimic_perform_af_011,1,Random Forest,0.9856879212807165,1
mimic_perform_af_011,1,Random Forest,0.9985314747129439,1
mimic_perform_af_011,1,Random Forest,0.9985314747129439,1
mimic_perform_af_011,1,Random Forest,0.9944673124890057,1
mimic_perform_af_011,1,Random Forest,0.9945167090796448,1
mimic_perform_af_011,1,Random Forest,0.9938675432086712,1
mimic_perform_af_011,1,Random Forest,0.9985051589234701,1
mimic_perform_af_011,1,Random Forest,0.998093516287897,1
mimic_perform_af_011,1,Random Forest,0.9667507097532538,1
mimic_perform_af_011,1,Random Forest,0.8016830457705701,1
mimic_perform_af_011,1,Random Forest,0.8683261683088945,1
mimic_perform_af_011,1,Random Forest,0.8663045510672324,1
mimic_perform_af_011,1,Random Forest,0.8980861283322588,1
mimic_perform_af_011,1,Random Forest,0.9838507712656057,1
mimic_perform_af_011,1,Random Forest,0.9945430248691186,1
mimic_perform_af_011,1,Random Forest,0.9985314747129439,1
mimic_perform_af_011,1,Random Forest,0.9985051589234701,1
mimic_perform_af_011,1,Random Forest,0.9985051589234701,1
mimic_perform_af_011,1,Random Forest,0.9944831906267716,1
mimic_perform_af_011,1,Random Forest,0.9421458379744145,1
mimic_perform_af_011,1,Random Forest,0.950398416452086,1
mimic_perform_af_011,1,Random Forest,0.9598733355048594,1
mimic_perform_af_011,1,Random Forest,0.7539947704273962,1
mimic_perform_af_011,1,Random Forest,0.4896989597612461,0
mimic_perform_af_011,1,Random Forest,0.6683716919372354,1
mimic_perform_af_011,1,Random Forest,0.9984979562600707,1
mimic_perform_af_011,1,Random Forest,0.9985314747129439,1
mimic_perform_af_011,1,Random Forest,0.9985314747129439,1
mimic_perform_af_011,1,Random Forest,0.9984981413796106,1
mimic_perform_af_011,1,Random Forest,0.9984981413796106,1
mimic_perform_af_011,1,Random Forest,0.9984979562600707,1
mimic_perform_af_011,1,Random Forest,0.9985314747129439,1
mimic_perform_af_011,1,Random Forest,0.9985220526456128,1
mimic_perform_af_011,1,Random Forest,0.9982777674673344,1
mimic_perform_af_011,1,Random Forest,0.9983089180482284,1
mimic_perform_af_011,1,Random Forest,0.9975233042270178,1
mimic_perform_af_011,1,Random Forest,0.9947104786418365,1
mimic_perform_af_011,1,Random Forest,0.9976836759783795,1
mimic_perform_af_011,1,Random Forest,0.99816922866801,1
mimic_perform_af_011,1,Random Forest,0.9984463683299651,1
mimic_perform_af_011,1,Random Forest,0.9921551247918342,1
mimic_perform_af_011,1,Random Forest,0.998131028406292,1
mimic_perform_af_011,1,Random Forest,0.6851019365197414,1
mimic_perform_af_011,1,Random Forest,0.8773193169549656,1
mimic_perform_af_011,1,Random Forest,0.8849132558793228,1
mimic_perform_af_011,1,Random Forest,0.9984224289994976,1
mimic_perform_af_011,1,Random Forest,0.9981598066006788,1
mimic_perform_af_011,1,Random Forest,0.9976501575255062,1
mimic_perform_af_011,1,Random Forest,0.9419803945026536,1
mimic_perform_af_011,1,Random Forest,0.9487265235388168,1
mimic_perform_af_011,1,Random Forest,0.9141817158975886,1
mimic_perform_af_011,1,Random Forest,0.9941472603713113,1
mimic_perform_af_011,1,Random Forest,0.993893858998145,1
mimic_perform_af_011,1,Random Forest,0.9980694199023549,1
mimic_perform_af_011,1,Random Forest,0.9710529927188379,1
mimic_perform_af_011,1,Random Forest,0.9817425948745213,1
mimic_perform_af_011,1,Random Forest,0.9629307226540409,1
mimic_perform_af_011,1,Random Forest,0.9839828427812478,1
mimic_perform_af_011,1,Random Forest,0.9981013839230165,1
mimic_perform_af_011,1,Random Forest,0.9985314747129439,1
mimic_perform_af_011,1,Random Forest,0.9985314747129439,1
mimic_perform_af_011,1,Random Forest,0.9985314747129439,1
mimic_perform_af_011,1,Random Forest,0.9963616556864566,1
mimic_perform_af_011,1,Random Forest,0.9176326436567455,1
mimic_perform_af_011,1,Random Forest,0.8784268833996145,1
mimic_perform_af_011,1,Random Forest,0.8936809700555095,1
mimic_perform_af_011,1,Random Forest,0.9979025441048855,1
mimic_perform_af_011,1,Random Forest,0.9985314747129439,1
mimic_perform_af_011,1,Random Forest,0.9984981413796106,1
mimic_perform_af_011,1,Random Forest,0.9962860930108718,1
mimic_perform_af_011,1,Random Forest,0.97995615060054,1
mimic_perform_af_011,1,Random Forest,0.9633091500781376,1
mimic_perform_af_011,1,Random Forest,0.9825102156859,1
mimic_perform_af_011,1,Random Forest,0.9985314747129439,1
mimic_perform_af_011,1,Random Forest,0.9945430248691186,1
mimic_perform_af_011,1,Random Forest,0.8864632513791559,1
mimic_perform_af_011,1,Random Forest,0.8900020383129729,1
mimic_perform_af_011,1,Random Forest,0.8858979646535632,1
mimic_perform_af_011,1,Random Forest,0.9829118862247341,1
mimic_perform_af_011,1,Random Forest,0.9981013839230165,1
mimic_perform_af_011,1,Random Forest,0.9975288121393298,1
mimic_perform_af_011,1,Random Forest,0.9982994959808973,1
mimic_perform_af_011,1,Random Forest,0.9985314747129439,1
mimic_perform_af_011,1,Random Forest,0.9158591357876079,1
mimic_perform_af_011,1,Random Forest,0.9143273916057741,1
mimic_perform_af_011,1,Random Forest,0.9140295662198353,1
mimic_perform_af_011,1,Random Forest,0.994877708579249,1
mimic_perform_af_011,1,Random Forest,0.9420731954460208,1
mimic_perform_af_011,1,Random Forest,0.9558328068199724,1
mimic_perform_af_011,1,Random Forest,0.9812098142077368,1
mimic_perform_af_011,1,Random Forest,0.9985220526456128,1
mimic_perform_af_011,1,Random Forest,0.998455762332831,1
mimic_perform_af_011,1,Random Forest,0.9843194420637315,1
mimic_perform_af_011,1,Random Forest,0.9860696940645002,1
mimic_perform_af_011,1,Random Forest,0.9888108243605044,1
mimic_perform_af_011,1,Random Forest,0.9985314747129439,1
mimic_perform_af_011,1,Random Forest,0.998555571098486,1
mimic_perform_af_011,1,Random Forest,0.9945430248691186,1
mimic_perform_af_011,1,Random Forest,0.8270169297343389,1
mimic_perform_af_011,1,Random Forest,0.8727436927591132,1
mimic_perform_af_011,1,Random Forest,0.8899351654050329,1
mimic_perform_af_012,1,Random Forest,0.9944273612814315,1
mimic_perform_af_012,1,Random Forest,0.9958846106922892,1
mimic_perform_af_012,1,Random Forest,0.9983616993939196,1
mimic_perform_af_012,1,Random Forest,0.9983616993939196,1
mimic_perform_af_012,1,Random Forest,0.9983616993939196,1
mimic_perform_af_012,1,Random Forest,0.9983616993939196,1
mimic_perform_af_012,1,Random Forest,0.9983616993939196,1
mimic_perform_af_012,1,Random Forest,0.9978108597723024,1
mimic_perform_af_012,1,Random Forest,0.9983616993939196,1
mimic_perform_af_012,1,Random Forest,0.9599820139391697,1
mimic_perform_af_012,1,Random Forest,0.8962756276608518,1
mimic_perform_af_012,1,Random Forest,0.9156420214682821,1
mimic_perform_af_012,1,Random Forest,0.9749566019708431,1
mimic_perform_af_012,1,Random Forest,0.998273980095674,1
mimic_perform_af_012,1,Random Forest,0.9971058054487288,1
mimic_perform_af_012,1,Random Forest,0.9768094549989393,1
mimic_perform_af_012,1,Random Forest,0.9498974525881206,1
mimic_perform_af_012,1,Random Forest,0.9983616993939196,1
mimic_perform_af_012,1,Random Forest,0.9927184471924186,1
mimic_perform_af_012,1,Random Forest,0.9964419636419489,1
mimic_perform_af_012,1,Random Forest,0.9964419636419489,1
mimic_perform_af_012,1,Random Forest,0.9964419636419489,1
mimic_perform_af_012,1,Random Forest,0.9859801815994266,1
mimic_perform_af_012,1,Random Forest,0.9608695297495157,1
mimic_perform_af_012,1,Random Forest,0.7960360586815483,1
mimic_perform_af_012,1,Random Forest,0.9057148350364379,1
mimic_perform_af_012,1,Random Forest,0.9983359593681795,1
mimic_perform_af_012,1,Random Forest,0.9983359593681795,1
mimic_perform_af_012,1,Random Forest,0.9983616993939196,1
mimic_perform_af_012,1,Random Forest,0.9979256573771371,1
mimic_perform_af_012,1,Random Forest,0.9968522506598017,1
mimic_perform_af_012,1,Random Forest,0.9661372509107236,1
mimic_perform_af_012,1,Random Forest,0.9706738415762449,1
mimic_perform_af_012,1,Random Forest,0.9983616993939196,1
mimic_perform_af_012,1,Random Forest,0.9983616993939196,1
mimic_perform_af_012,1,Random Forest,0.9983616993939196,1
mimic_perform_af_012,1,Random Forest,0.9982417974096108,1
mimic_perform_af_012,1,Random Forest,0.9983616993939196,1
mimic_perform_af_012,1,Random Forest,0.9983359593681795,1
mimic_perform_af_012,1,Random Forest,0.9983359593681795,1
mimic_perform_af_012,1,Random Forest,0.9880998518301624,1
mimic_perform_af_012,1,Random Forest,0.998273980095674,1
mimic_perform_af_012,1,Random Forest,0.997958172203477,1
mimic_perform_af_012,1,Random Forest,0.9983616993939196,1
mimic_perform_af_012,1,Random Forest,0.9983616993939196,1
mimic_perform_af_012,1,Random Forest,0.9983616993939196,1
mimic_perform_af_012,1,Random Forest,0.9983616993939196,1
mimic_perform_af_012,1,Random Forest,0.9983616993939196,1
mimic_perform_af_012,1,Random Forest,0.9983616993939196,1
mimic_perform_af_012,1,Random Forest,0.9983616993939196,1
mimic_perform_af_012,1,Random Forest,0.9980565141806355,1
mimic_perform_af_012,1,Random Forest,0.996342509748706,1
mimic_perform_af_012,1,Random Forest,0.9944531013071716,1
mimic_perform_af_012,1,Random Forest,0.9944531013071716,1
mimic_perform_af_012,1,Random Forest,0.9983616993939196,1
mimic_perform_af_012,1,Random Forest,0.9983616993939196,1
mimic_perform_af_012,1,Random Forest,0.9981068329145114,1
mimic_perform_af_012,1,Random Forest,0.9983616993939196,1
mimic_perform_af_012,1,Random Forest,0.9887786562343527,1
mimic_perform_af_012,1,Random Forest,0.9892922294727937,1
mimic_perform_af_012,1,Random Forest,0.9983616993939196,1
mimic_perform_af_012,1,Random Forest,0.9960579270870931,1
mimic_perform_af_012,1,Random Forest,0.9939325335296857,1
mimic_perform_af_012,1,Random Forest,0.9963565946437221,1
mimic_perform_af_012,1,Random Forest,0.9976652829103806,1
mimic_perform_af_012,1,Random Forest,0.9976238321331785,1
mimic_perform_af_012,1,Random Forest,0.998096697061248,1
mimic_perform_af_012,1,Random Forest,0.9965855635734477,1
mimic_perform_af_012,1,Random Forest,0.9983109379725998,1
mimic_perform_af_012,1,Random Forest,0.9980146207159895,1
mimic_perform_af_012,1,Random Forest,0.9983616993939196,1
mimic_perform_af_012,1,Random Forest,0.9979256573771371,1
mimic_perform_af_012,1,Random Forest,0.9950913508457472,1
mimic_perform_af_012,1,Random Forest,0.9979256573771371,1
mimic_perform_af_012,1,Random Forest,0.9983616993939196,1
mimic_perform_af_012,1,Random Forest,0.9983101530021671,1
mimic_perform_af_012,1,Random Forest,0.9944531013071716,1
mimic_perform_af_012,1,Random Forest,0.9944531013071716,1
mimic_perform_af_012,1,Random Forest,0.9979256573771371,1
mimic_perform_af_012,1,Random Forest,0.9978108597723024,1
mimic_perform_af_012,1,Random Forest,0.9965855635734477,1
mimic_perform_af_012,1,Random Forest,0.9963308401740288,1
mimic_perform_af_012,1,Random Forest,0.9983359593681795,1
mimic_perform_af_012,1,Random Forest,0.9983616993939196,1
mimic_perform_af_012,1,Random Forest,0.9983616993939196,1
mimic_perform_af_012,1,Random Forest,0.9983616993939196,1
mimic_perform_af_012,1,Random Forest,0.9983616993939196,1
mimic_perform_af_012,1,Random Forest,0.9983616993939196,1
mimic_perform_af_012,1,Random Forest,0.9981068329145114,1
mimic_perform_af_012,1,Random Forest,0.9980653821373093,1
mimic_perform_af_012,1,Random Forest,0.9980560714931915,1
mimic_perform_af_012,1,Random Forest,0.9980560714931915,1
mimic_perform_af_012,1,Random Forest,0.9986869713742175,1
mimic_perform_af_012,1,Random Forest,0.9980560714931915,1
mimic_perform_af_012,1,Random Forest,0.9982859418181621,1
mimic_perform_af_012,1,Random Forest,0.9983616993939196,1
mimic_perform_af_012,1,Random Forest,0.9983616993939196,1
mimic_perform_af_012,1,Random Forest,0.9944531013071716,1
mimic_perform_af_012,1,Random Forest,0.995843159915087,1
mimic_perform_af_012,1,Random Forest,0.9983109379725998,1
mimic_perform_af_012,1,Random Forest,0.998096697061248,1
mimic_perform_af_012,1,Random Forest,0.9983616993939196,1
mimic_perform_af_012,1,Random Forest,0.9983616993939196,1
mimic_perform_af_012,1,Random Forest,0.9978915147819418,1
mimic_perform_af_012,1,Random Forest,0.998273980095674,1
mimic_perform_af_012,1,Random Forest,0.9978704529052314,1
mimic_perform_af_012,1,Random Forest,0.998096697061248,1
mimic_perform_af_012,1,Random Forest,0.9983616993939196,1
mimic_perform_af_012,1,Random Forest,0.9941861095637577,1
mimic_perform_af_012,1,Random Forest,0.9983616993939196,1
mimic_perform_af_012,1,Random Forest,0.994187400009094,1
mimic_perform_af_012,1,Random Forest,0.998273980095674,1
mimic_perform_af_012,1,Random Forest,0.998273980095674,1
mimic_perform_af_012,1,Random Forest,0.9921844470223883,1
mimic_perform_af_012,1,Random Forest,0.8038888359865309,1
mimic_perform_af_012,1,Random Forest,0.6329103105301922,1
mimic_perform_af_012,1,Random Forest,0.831660021845922,1
mimic_perform_af_012,1,Random Forest,0.9882132088713729,1
mimic_perform_af_013,1,Random Forest,0.9429687972048059,1
mimic_perform_af_013,1,Random Forest,0.9967560275912352,1
mimic_perform_af_013,1,Random Forest,0.99982537128156,1
mimic_perform_af_013,1,Random Forest,0.998713847746633,1
mimic_perform_af_013,1,Random Forest,0.9788728583473397,1
mimic_perform_af_013,1,Random Forest,0.9986521594349447,1
mimic_perform_af_013,1,Random Forest,0.9668699213427953,1
mimic_perform_af_013,1,Random Forest,0.8298085665676667,1
mimic_perform_af_013,1,Random Forest,0.6462492152862498,1
mimic_perform_af_013,1,Random Forest,0.6622748157194616,1
mimic_perform_af_013,1,Random Forest,0.9017047824177037,1
mimic_perform_af_013,1,Random Forest,0.9126431625510789,1
mimic_perform_af_013,1,Random Forest,0.9776389698467282,1
mimic_perform_af_013,1,Random Forest,0.9174512107400835,1
mimic_perform_af_013,1,Random Forest,0.9685823965396012,1
mimic_perform_af_013,1,Random Forest,0.964139688485452,1
mimic_perform_af_013,1,Random Forest,0.977231013906436,1
mimic_perform_af_013,1,Random Forest,0.7934790938499084,1
mimic_perform_af_013,1,Random Forest,0.8848298210666328,1
mimic_perform_af_013,1,Random Forest,0.8374029679046525,1
mimic_perform_af_013,1,Random Forest,0.7346003688165277,1
mimic_perform_af_013,1,Random Forest,0.9747909825079685,1
mimic_perform_af_013,1,Random Forest,0.8369039498417572,1
mimic_perform_af_013,1,Random Forest,0.8521678611795545,1
mimic_perform_af_013,1,Random Forest,0.8942596015763721,1
mimic_perform_af_013,1,Random Forest,0.8735088512736101,1
mimic_perform_af_013,1,Random Forest,0.748922149750597,1
mimic_perform_af_013,1,Random Forest,0.7721351750160789,1
mimic_perform_af_013,1,Random Forest,0.8517153069878347,1
mimic_perform_af_013,1,Random Forest,0.8842725183496001,1
mimic_perform_af_013,1,Random Forest,0.7698377327650107,1
mimic_perform_af_013,1,Random Forest,0.8250194540348389,1
mimic_perform_af_013,1,Random Forest,0.729422794253657,1
mimic_perform_af_013,1,Random Forest,0.9712463724410719,1
mimic_perform_af_013,1,Random Forest,0.929621760558292,1
mimic_perform_af_013,1,Random Forest,0.7291319215317595,1
mimic_perform_af_013,1,Random Forest,0.949594489967557,1
mimic_perform_af_013,1,Random Forest,0.9307153041859175,1
mimic_perform_af_013,1,Random Forest,0.827084709338028,1
mimic_perform_af_013,1,Random Forest,0.7238923808867078,1
mimic_perform_af_013,1,Random Forest,0.797524366518311,1
mimic_perform_af_013,1,Random Forest,0.8797968492182037,1
mimic_perform_af_013,1,Random Forest,0.974534061694013,1
mimic_perform_af_013,1,Random Forest,0.8991060824665866,1
mimic_perform_af_013,1,Random Forest,0.9149766519430965,1
mimic_perform_af_013,1,Random Forest,0.9875244413952261,1
mimic_perform_af_013,1,Random Forest,0.9994087046148933,1
mimic_perform_af_013,1,Random Forest,0.9993638433444366,1
mimic_perform_af_013,1,Random Forest,0.9131005372924025,1
mimic_perform_af_013,1,Random Forest,0.851914401241433,1
mimic_perform_af_013,1,Random Forest,0.6884112534596212,1
mimic_perform_af_013,1,Random Forest,0.6044715099100515,1
mimic_perform_af_013,1,Random Forest,0.592468495207933,1
mimic_perform_af_013,1,Random Forest,0.8620585773394892,1
mimic_perform_af_013,1,Random Forest,0.6728999495513144,1
mimic_perform_af_013,1,Random Forest,0.9302505725940271,1
mimic_perform_af_013,1,Random Forest,0.999245435798847,1
mimic_perform_af_013,1,Random Forest,0.9963591247639245,1
mimic_perform_af_013,1,Random Forest,0.9882858772781671,1
mimic_perform_af_013,1,Random Forest,0.7506019840943938,1
mimic_perform_af_013,1,Random Forest,0.9112680101312225,1
mimic_perform_af_013,1,Random Forest,0.9891525976993027,1
mimic_perform_af_013,1,Random Forest,0.9999390076451964,1
mimic_perform_af_013,1,Random Forest,0.9999390076451964,1
mimic_perform_af_013,1,Random Forest,0.780526544897105,1
mimic_perform_af_013,1,Random Forest,0.6778815071019645,1
mimic_perform_af_013,1,Random Forest,0.7476297763157522,1
mimic_perform_af_013,1,Random Forest,0.43570094438235,0
mimic_perform_af_013,1,Random Forest,0.8469418974552538,1
mimic_perform_af_013,1,Random Forest,0.7637616303584355,1
mimic_perform_af_013,1,Random Forest,0.7035679382006689,1
mimic_perform_af_013,1,Random Forest,0.9236826535575754,1
mimic_perform_af_013,1,Random Forest,0.7421190168703298,1
mimic_perform_af_013,1,Random Forest,0.7975042754611431,1
mimic_perform_af_013,1,Random Forest,0.7001047184351631,1
mimic_perform_af_013,1,Random Forest,0.6918078185535677,1
mimic_perform_af_013,1,Random Forest,0.7080733111320172,1
mimic_perform_af_013,1,Random Forest,0.8932940450748563,1
mimic_perform_af_013,1,Random Forest,0.7875844711740974,1
mimic_perform_af_013,1,Random Forest,0.9242702550654022,1
mimic_perform_af_013,1,Random Forest,0.9971893567153289,1
mimic_perform_af_013,1,Random Forest,0.9649108477963493,1
mimic_perform_af_013,1,Random Forest,0.91364645375735,1
mimic_perform_af_013,1,Random Forest,0.8666651245901285,1
mimic_perform_af_013,1,Random Forest,0.7110613858503553,1
mimic_perform_af_013,1,Random Forest,0.7751053838366394,1
mimic_perform_af_013,1,Random Forest,0.8989536345606993,1
mimic_perform_af_013,1,Random Forest,0.9482546339151167,1
mimic_perform_af_013,1,Random Forest,0.9987517265345117,1
mimic_perform_af_013,1,Random Forest,0.9975321083415836,1
mimic_perform_af_013,1,Random Forest,0.9236405476646624,1
mimic_perform_af_013,1,Random Forest,0.9436664239792347,1
mimic_perform_af_013,1,Random Forest,0.9040717321068001,1
mimic_perform_af_013,1,Random Forest,0.5704221075227652,1
mimic_perform_af_013,1,Random Forest,0.9901816127658918,1
mimic_perform_af_013,1,Random Forest,0.9942594089583312,1
mimic_perform_af_013,1,Random Forest,0.9924930369048773,1
mimic_perform_af_013,1,Random Forest,0.7917272532639624,1
mimic_perform_af_013,1,Random Forest,0.8745897577476718,1
mimic_perform_af_013,1,Random Forest,0.8137447733653335,1
mimic_perform_af_013,1,Random Forest,0.7897961879524622,1
mimic_perform_af_013,1,Random Forest,0.8303365404571007,1
mimic_perform_af_013,1,Random Forest,0.7688674654942207,1
mimic_perform_af_013,1,Random Forest,0.8401558696236203,1
mimic_perform_af_013,1,Random Forest,0.8751609065671809,1
mimic_perform_af_013,1,Random Forest,0.9375121091161719,1
mimic_perform_af_013,1,Random Forest,0.9999390076451964,1
mimic_perform_af_013,1,Random Forest,0.99982537128156,1
mimic_perform_af_013,1,Random Forest,0.9831708413872704,1
mimic_perform_af_013,1,Random Forest,0.946000293412533,1
mimic_perform_af_013,1,Random Forest,0.7757654035547803,1
mimic_perform_af_013,1,Random Forest,0.7719242068862765,1
mimic_perform_af_013,1,Random Forest,0.8474351345655531,1
mimic_perform_af_013,1,Random Forest,0.8779728977680257,1
mimic_perform_af_013,1,Random Forest,0.8535405728876685,1
mimic_perform_af_013,1,Random Forest,0.8950666730340296,1
mimic_perform_af_013,1,Random Forest,0.7755493341685709,1
mimic_perform_af_013,1,Random Forest,0.727308362572149,1
mimic_perform_af_014,1,Random Forest,0.9981672070211567,1
mimic_perform_af_014,1,Random Forest,0.9981672070211567,1
mimic_perform_af_014,1,Random Forest,0.9981672070211567,1
mimic_perform_af_014,1,Random Forest,0.997775037952119,1
mimic_perform_af_014,1,Random Forest,0.9962333262678505,1
mimic_perform_af_014,1,Random Forest,0.9938854274918834,1
mimic_perform_af_014,1,Random Forest,0.992797958453138,1
mimic_perform_af_014,1,Random Forest,0.9967368273049092,1
mimic_perform_af_014,1,Random Forest,0.997775037952119,1
mimic_perform_af_014,1,Random Forest,0.9981672070211567,1
mimic_perform_af_014,1,Random Forest,0.9980762979302478,1
mimic_perform_af_014,1,Random Forest,0.9981672070211567,1
mimic_perform_af_014,1,Random Forest,0.9980762979302478,1
mimic_perform_af_014,1,Random Forest,0.9923999401230261,1
mimic_perform_af_014,1,Random Forest,0.9983800487489254,1
mimic_perform_af_014,1,Random Forest,0.996330561059203,1
mimic_perform_af_014,1,Random Forest,0.9977868026580013,1
mimic_perform_af_014,1,Random Forest,0.995577614007012,1
mimic_perform_af_014,1,Random Forest,0.9975232594662005,1
mimic_perform_af_014,1,Random Forest,0.9975232594662005,1
mimic_perform_af_014,1,Random Forest,0.9975232594662005,1
mimic_perform_af_014,1,Random Forest,0.9974205856694092,1
mimic_perform_af_014,1,Random Forest,0.9975232594662005,1
mimic_perform_af_014,1,Random Forest,0.9955893787128943,1
mimic_perform_af_014,1,Random Forest,0.9954589869195436,1
mimic_perform_af_014,1,Random Forest,0.9972717148411719,1
mimic_perform_af_014,1,Random Forest,0.9971808057502629,1
mimic_perform_af_014,1,Random Forest,0.9975232594662005,1
mimic_perform_af_014,1,Random Forest,0.9962450909737329,1
mimic_perform_af_014,1,Random Forest,0.9981672070211567,1
mimic_perform_af_014,1,Random Forest,0.9981672070211567,1
mimic_perform_af_014,1,Random Forest,0.9962333262678505,1
mimic_perform_af_014,1,Random Forest,0.9943006277074709,1
mimic_perform_af_014,1,Random Forest,0.9981789717270391,1
mimic_perform_af_014,1,Random Forest,0.9982526771066269,1
mimic_perform_af_014,1,Random Forest,0.9981672070211567,1
mimic_perform_af_014,1,Random Forest,0.9981672070211567,1
mimic_perform_af_014,1,Random Forest,0.9979391918078929,1
mimic_perform_af_014,1,Random Forest,0.9969156943493123,1
mimic_perform_af_014,1,Random Forest,0.9981789717270391,1
mimic_perform_af_014,1,Random Forest,0.9981789717270391,1
mimic_perform_af_014,1,Random Forest,0.9844613675214411,1
mimic_perform_af_014,1,Random Forest,0.9879400484844224,1
mimic_perform_af_014,1,Random Forest,0.9892242663423546,1
mimic_perform_af_014,1,Random Forest,0.9975114947603181,1
mimic_perform_af_014,1,Random Forest,0.9980762979302478,1
mimic_perform_af_014,1,Random Forest,0.9959081845468444,1
mimic_perform_af_014,1,Random Forest,0.9964611812696523,1
mimic_perform_af_014,1,Random Forest,0.9981672070211567,1
mimic_perform_af_014,1,Random Forest,0.9982526771066269,1
mimic_perform_af_014,1,Random Forest,0.9981672070211567,1
mimic_perform_af_014,1,Random Forest,0.9976841288612099,1
mimic_perform_af_014,1,Random Forest,0.9958054690088137,1
mimic_perform_af_014,1,Random Forest,0.9968536000234761,1
mimic_perform_af_014,1,Random Forest,0.997775037952119,1
mimic_perform_af_014,1,Random Forest,0.9889875136046187,1
mimic_perform_af_014,1,Random Forest,0.9981789717270391,1
mimic_perform_af_014,1,Random Forest,0.9941687113783793,1
mimic_perform_af_014,1,Random Forest,0.9975232594662005,1
mimic_perform_af_014,1,Random Forest,0.9878152103519391,1
mimic_perform_af_014,1,Random Forest,0.9955893787128943,1
mimic_perform_af_014,1,Random Forest,0.985852921904695,1
mimic_perform_af_014,1,Random Forest,0.9960820385938771,1
mimic_perform_af_014,1,Random Forest,0.9977162932681551,1
mimic_perform_af_014,1,Random Forest,0.99627894797783,1
mimic_perform_af_014,1,Random Forest,0.9981672070211567,1
mimic_perform_af_014,1,Random Forest,0.9981672070211567,1
mimic_perform_af_014,1,Random Forest,0.9843228454296994,1
mimic_perform_af_014,1,Random Forest,0.9955082750323143,1
mimic_perform_af_014,1,Random Forest,0.9394626467053396,1
mimic_perform_af_014,1,Random Forest,0.9945660602062687,1
mimic_perform_af_014,1,Random Forest,0.995577614007012,1
mimic_perform_af_014,1,Random Forest,0.9972224915066399,1
mimic_perform_af_014,1,Random Forest,0.9972834795470543,1
mimic_perform_af_014,1,Random Forest,0.9975232594662005,1
mimic_perform_af_014,1,Random Forest,0.9955893787128943,1
mimic_perform_af_014,1,Random Forest,0.9975232594662005,1
mimic_perform_af_014,1,Random Forest,0.9977868026580013,1
mimic_perform_af_014,1,Random Forest,0.997604569366179,1
mimic_perform_af_014,1,Random Forest,0.9976958935670923,1
mimic_perform_af_014,1,Random Forest,0.9977868026580013,1
mimic_perform_af_014,1,Random Forest,0.9977868026580013,1
mimic_perform_af_014,1,Random Forest,0.9981789717270391,1
mimic_perform_af_014,1,Random Forest,0.9880043993819996,1
mimic_perform_af_014,1,Random Forest,0.896743415472388,1
mimic_perform_af_014,1,Random Forest,0.869893124441321,1
mimic_perform_af_014,1,Random Forest,0.9150098274628243,1
mimic_perform_af_014,1,Random Forest,0.8994443941067436,1
mimic_perform_af_014,1,Random Forest,0.9093595353276966,1
mimic_perform_af_014,1,Random Forest,0.9975928046602967,1
mimic_perform_af_014,1,Random Forest,0.9896647720247803,1
mimic_perform_af_014,1,Random Forest,0.9983167376512904,1
mimic_perform_af_014,1,Random Forest,0.9017169761170085,1
mimic_perform_af_014,1,Random Forest,0.9138091771840956,1
mimic_perform_af_014,1,Random Forest,0.9011666894305428,1
mimic_perform_af_014,1,Random Forest,0.9975232594662005,1
mimic_perform_af_014,1,Random Forest,0.9981789717270391,1
mimic_perform_af_014,1,Random Forest,0.9955521539451345,1
mimic_perform_af_014,1,Random Forest,0.9977868026580013,1
mimic_perform_af_014,1,Random Forest,0.9946345858270048,1
mimic_perform_af_014,1,Random Forest,0.9961380862248082,1
mimic_perform_af_014,1,Random Forest,0.9973493927944626,1
mimic_perform_af_014,1,Random Forest,0.9975657061405669,1
mimic_perform_af_014,1,Random Forest,0.9958411571988128,1
mimic_perform_af_014,1,Random Forest,0.9955893787128943,1
mimic_perform_af_014,1,Random Forest,0.9958529219046952,1
mimic_perform_af_014,1,Random Forest,0.9976958935670923,1
mimic_perform_af_014,1,Random Forest,0.9909676801290851,1
mimic_perform_af_014,1,Random Forest,0.9975470227388551,1
mimic_perform_af_014,1,Random Forest,0.9958529219046952,1
mimic_perform_af_014,1,Random Forest,0.9944032594662005,1
mimic_perform_af_014,1,Random Forest,0.9897088358628748,1
mimic_perform_af_014,1,Random Forest,0.9775728183752688,1
mimic_perform_af_014,1,Random Forest,0.9864256120261174,1
mimic_perform_af_014,1,Random Forest,0.9958411571988128,1
mimic_perform_af_014,1,Random Forest,0.9981672070211567,1
mimic_perform_af_014,1,Random Forest,0.9978758807102579,1
mimic_perform_af_014,1,Random Forest,0.9865004812071271,1
mimic_perform_af_015,1,Random Forest,0.9637680246155107,1
mimic_perform_af_015,1,Random Forest,0.9921839269660098,1
mimic_perform_af_015,1,Random Forest,0.9678540634576781,1
mimic_perform_af_015,1,Random Forest,0.9599910637956822,1
mimic_perform_af_015,1,Random Forest,0.9549213568495716,1
mimic_perform_af_015,1,Random Forest,0.9244739053376361,1
mimic_perform_af_015,1,Random Forest,0.9866780535704112,1
mimic_perform_af_015,1,Random Forest,0.9888900562617303,1
mimic_perform_af_015,1,Random Forest,0.9759242968024882,1
mimic_perform_af_015,1,Random Forest,0.964418610947655,1
mimic_perform_af_015,1,Random Forest,0.9633800153948622,1
mimic_perform_af_015,1,Random Forest,0.9592956399800978,1
mimic_perform_af_015,1,Random Forest,0.95566441041848,1
mimic_perform_af_015,1,Random Forest,0.9780827928961184,1
mimic_perform_af_015,1,Random Forest,0.9700262887009994,1
mimic_perform_af_015,1,Random Forest,0.9514654527376014,1
mimic_perform_af_015,1,Random Forest,0.9602252974620007,1
mimic_perform_af_015,1,Random Forest,0.9612047522432077,1
mimic_perform_af_015,1,Random Forest,0.962693102743672,1
mimic_perform_af_015,1,Random Forest,0.9541919718011858,1
mimic_perform_af_015,1,Random Forest,0.9542113192101275,1
mimic_perform_af_015,1,Random Forest,0.9497916692614153,1
mimic_perform_af_015,1,Random Forest,0.9584151376934836,1
mimic_perform_af_015,1,Random Forest,0.9680731797476487,1
mimic_perform_af_015,1,Random Forest,0.975809293108385,1
mimic_perform_af_015,1,Random Forest,0.9848137703737518,1
mimic_perform_af_015,1,Random Forest,0.9626305729749828,1
mimic_perform_af_015,1,Random Forest,0.9576610157667367,1
mimic_perform_af_015,1,Random Forest,0.9133073343254836,1
mimic_perform_af_015,1,Random Forest,0.9523789671875801,1
mimic_perform_af_015,1,Random Forest,0.9590325564357269,1
mimic_perform_af_015,1,Random Forest,0.9787573535776894,1
mimic_perform_af_015,1,Random Forest,0.9862158741561144,1
mimic_perform_af_015,1,Random Forest,0.9896934210969299,1
mimic_perform_af_015,1,Random Forest,0.9765656153147638,1
mimic_perform_af_015,1,Random Forest,0.9376210760286057,1
mimic_perform_af_015,1,Random Forest,0.9773878399651301,1
mimic_perform_af_015,1,Random Forest,0.9609586151095414,1
mimic_perform_af_015,1,Random Forest,0.9793878399651301,1
mimic_perform_af_015,1,Random Forest,0.986304052283034,1
mimic_perform_af_015,1,Random Forest,0.9820234878541468,1
mimic_perform_af_015,1,Random Forest,0.3394722728893369,0
mimic_perform_af_015,1,Random Forest,0.5198927146620371,1
mimic_perform_af_015,1,Random Forest,0.9464118843615499,1
mimic_perform_af_015,1,Random Forest,0.8986781798315927,1
mimic_perform_af_015,1,Random Forest,0.946428283266374,1
mimic_perform_af_015,1,Random Forest,0.9795368629535244,1
mimic_perform_af_015,1,Random Forest,0.985754487048941,1
mimic_perform_af_015,1,Random Forest,0.991674252741635,1
mimic_perform_af_015,1,Random Forest,0.9644325058544664,1
mimic_perform_af_015,1,Random Forest,0.9623451706026082,1
mimic_perform_af_015,1,Random Forest,0.962998648360588,1
mimic_perform_af_015,1,Random Forest,0.975927297583093,1
mimic_perform_af_015,1,Random Forest,0.9682728512582541,1
mimic_perform_af_015,1,Random Forest,0.9407854154701952,1
mimic_perform_af_015,1,Random Forest,0.9852158741561144,1
mimic_perform_af_015,1,Random Forest,0.1744495198504638,0
mimic_perform_af_015,1,Random Forest,0.3671184726997885,0
mimic_perform_af_015,1,Random Forest,0.967075969197451,1
mimic_perform_af_015,1,Random Forest,0.9627734302274661,1
mimic_perform_af_015,1,Random Forest,0.9335547247985319,1
mimic_perform_af_015,1,Random Forest,0.9596824279868507,1
mimic_perform_af_015,1,Random Forest,0.9556665231606573,1
mimic_perform_af_015,1,Random Forest,0.9609323912474097,1
mimic_perform_af_015,1,Random Forest,0.9742594097724167,1
mimic_perform_af_015,1,Random Forest,0.9953503404229227,1
mimic_perform_af_015,1,Random Forest,0.9925489727262626,1
mimic_perform_af_015,1,Random Forest,0.8914007880788837,1
mimic_perform_af_015,1,Random Forest,0.9437713113107019,1
mimic_perform_af_015,1,Random Forest,0.9662539367756264,1
mimic_perform_af_015,1,Random Forest,0.9621873940725688,1
mimic_perform_af_015,1,Random Forest,0.9677727887060561,1
mimic_perform_af_015,1,Random Forest,0.9605606970709358,1
mimic_perform_af_015,1,Random Forest,0.9603056054054914,1
mimic_perform_af_015,1,Random Forest,0.9622073260841382,1
mimic_perform_af_015,1,Random Forest,0.9890914098444473,1
mimic_perform_af_015,1,Random Forest,0.9768652568075151,1
mimic_perform_af_015,1,Random Forest,0.9677727887060561,1
mimic_perform_af_015,1,Random Forest,0.9566087855842423,1
mimic_perform_af_015,1,Random Forest,0.9599635480513075,1
mimic_perform_af_015,1,Random Forest,0.9496888755582148,1
mimic_perform_af_015,1,Random Forest,0.9541593654272067,1
mimic_perform_af_015,1,Random Forest,0.9883298247109847,1
mimic_perform_af_015,1,Random Forest,0.9612047522432077,1
mimic_perform_af_015,1,Random Forest,0.9679130355513234,1
mimic_perform_af_015,1,Random Forest,0.9282206738939283,1
mimic_perform_af_015,1,Random Forest,0.9217261492718595,1
mimic_perform_af_015,1,Random Forest,0.9609835487694809,1
mimic_perform_af_015,1,Random Forest,0.9635946910741437,1
mimic_perform_af_015,1,Random Forest,0.952099594429514,1
mimic_perform_af_015,1,Random Forest,0.9740136744295165,1
mimic_perform_af_015,1,Random Forest,0.9856069227722994,1
mimic_perform_af_015,1,Random Forest,0.9617367748018151,1
mimic_perform_af_015,1,Random Forest,0.9638433064654229,1
mimic_perform_af_015,1,Random Forest,0.9553141637056143,1
mimic_perform_af_015,1,Random Forest,0.9918365099307235,1
mimic_perform_af_015,1,Random Forest,0.9771517753042093,1
mimic_perform_af_015,1,Random Forest,0.976275763997922,1
mimic_perform_af_015,1,Random Forest,0.9269138987738552,1
mimic_perform_af_015,1,Random Forest,0.9794380819270809,1
mimic_perform_af_015,1,Random Forest,0.977975385577574,1
mimic_perform_af_015,1,Random Forest,0.9852911871825882,1
mimic_perform_af_015,1,Random Forest,0.9730282254094658,1
mimic_perform_af_015,1,Random Forest,0.9612047522432077,1
mimic_perform_af_015,1,Random Forest,0.9762158741561144,1
mimic_perform_af_015,1,Random Forest,0.5612345355901285,1
mimic_perform_af_015,1,Random Forest,0.0003243401061866402,0
mimic_perform_af_015,1,Random Forest,0.25756418603720577,0
mimic_perform_af_015,1,Random Forest,0.7966169384799267,1
mimic_perform_af_015,1,Random Forest,0.9533027909750439,1
mimic_perform_af_015,1,Random Forest,0.9580257415125943,1
mimic_perform_af_015,1,Random Forest,0.9916466954224111,1
mimic_perform_af_015,1,Random Forest,0.9916466954224111,1
mimic_perform_af_015,1,Random Forest,0.9964345359343895,1
mimic_perform_af_015,1,Random Forest,0.994842843430542,1
mimic_perform_af_015,1,Random Forest,0.9733295087866435,1
mimic_perform_af_015,1,Random Forest,0.9686484806978994,1
mimic_perform_af_015,1,Random Forest,0.9781906829890227,1
mimic_perform_af_016,1,Random Forest,0.9798132434008788,1
mimic_perform_af_016,1,Random Forest,0.9899267335143689,1
mimic_perform_af_016,1,Random Forest,0.9999267335143689,1
mimic_perform_af_016,1,Random Forest,0.9999038762793918,1
mimic_perform_af_016,1,Random Forest,0.9999038762793918,1
mimic_perform_af_016,1,Random Forest,0.9999038762793918,1
mimic_perform_af_016,1,Random Forest,0.9882500000000001,1
mimic_perform_af_016,1,Random Forest,0.9699718425911011,1
mimic_perform_af_016,1,Random Forest,0.9999718425911012,1
mimic_perform_af_016,1,Random Forest,0.9999431135307489,1
mimic_perform_af_016,1,Random Forest,0.9999245374364166,1
mimic_perform_af_016,1,Random Forest,0.9999245374364166,1
mimic_perform_af_016,1,Random Forest,0.9997800065040054,1
mimic_perform_af_016,1,Random Forest,0.9595569455521868,1
mimic_perform_af_016,1,Random Forest,0.8094505195385854,1
mimic_perform_af_016,1,Random Forest,0.0,0
mimic_perform_af_016,1,Random Forest,0.0,0
mimic_perform_af_016,1,Random Forest,0.0,0
mimic_perform_af_016,1,Random Forest,0.40642794041932384,0
mimic_perform_af_016,1,Random Forest,0.7303028903404377,1
mimic_perform_af_016,1,Random Forest,0.9993099006868514,1
mimic_perform_af_016,1,Random Forest,0.9771908866995074,1
mimic_perform_af_016,1,Random Forest,0.9299718425911011,1
mimic_perform_af_016,1,Random Forest,0.959771842591101,1
mimic_perform_af_016,1,Random Forest,0.999918306293822,1
mimic_perform_af_016,1,Random Forest,0.9999038762793918,1
mimic_perform_af_016,1,Random Forest,0.9999245374364166,1
mimic_perform_af_016,1,Random Forest,0.9999245374364166,1
mimic_perform_af_016,1,Random Forest,0.8995833333333333,1
mimic_perform_af_016,1,Random Forest,0.6595833333333333,1
mimic_perform_af_016,1,Random Forest,0.36166666666666664,0
mimic_perform_af_016,1,Random Forest,0.9767722660048856,1
mimic_perform_af_016,1,Random Forest,0.9999192372624948,1
mimic_perform_af_016,1,Random Forest,0.9999245374364166,1
mimic_perform_af_016,1,Random Forest,0.9976776826659246,1
mimic_perform_af_016,1,Random Forest,0.9882118246858237,1
mimic_perform_af_016,1,Random Forest,0.7995833333333333,1
mimic_perform_af_016,1,Random Forest,0.999918306293822,1
mimic_perform_af_016,1,Random Forest,0.9999038762793918,1
mimic_perform_af_016,1,Random Forest,0.997897676161919,1
mimic_perform_af_016,1,Random Forest,0.8695525544688611,1
mimic_perform_af_016,1,Random Forest,0.9593633398373389,1
mimic_perform_af_016,1,Random Forest,0.9976776826659246,1
mimic_perform_af_016,1,Random Forest,0.9995226905532681,1
mimic_perform_af_016,1,Random Forest,0.9949118514294688,1
mimic_perform_af_016,1,Random Forest,0.9749682592798389,1
mimic_perform_af_016,1,Random Forest,0.9999115919396001,1
mimic_perform_af_016,1,Random Forest,0.969934686310202,1
mimic_perform_af_016,1,Random Forest,0.9999038762793918,1
mimic_perform_af_016,1,Random Forest,0.9797718425911011,1
mimic_perform_af_016,1,Random Forest,0.9999644461413969,1
mimic_perform_af_016,1,Random Forest,0.9371833904476332,1
mimic_perform_af_016,1,Random Forest,0.8195833333333333,1
mimic_perform_af_016,1,Random Forest,0.8171908866995072,1
mimic_perform_af_016,1,Random Forest,0.8395833333333332,1
mimic_perform_af_016,1,Random Forest,0.9499718425911011,1
mimic_perform_af_016,1,Random Forest,0.8275357142857142,1
mimic_perform_af_016,1,Random Forest,0.9571908866995074,1
mimic_perform_af_016,1,Random Forest,0.9979051724137932,1
mimic_perform_af_016,1,Random Forest,0.9999398984195196,1
mimic_perform_af_016,1,Random Forest,0.9997800065040054,1
mimic_perform_af_016,1,Random Forest,0.9997725102521313,1
mimic_perform_af_016,1,Random Forest,0.9899718425911012,1
mimic_perform_af_016,1,Random Forest,0.999949085158294,1
mimic_perform_af_016,1,Random Forest,0.969771842591101,1
mimic_perform_af_016,1,Random Forest,0.9999718425911012,1
mimic_perform_af_016,1,Random Forest,0.9897718425911011,1
mimic_perform_af_016,1,Random Forest,0.9999718425911012,1
mimic_perform_af_016,1,Random Forest,0.9897718425911011,1
mimic_perform_af_016,1,Random Forest,0.9897718425911011,1
mimic_perform_af_016,1,Random Forest,0.9999718425911012,1
mimic_perform_af_016,1,Random Forest,0.999918306293822,1
mimic_perform_af_016,1,Random Forest,0.979934686310202,1
mimic_perform_af_016,1,Random Forest,0.999918306293822,1
mimic_perform_af_016,1,Random Forest,0.9999245374364166,1
mimic_perform_af_016,1,Random Forest,0.9999115919396001,1
mimic_perform_af_016,1,Random Forest,0.9999245374364166,1
mimic_perform_af_016,1,Random Forest,0.9999038762793918,1
mimic_perform_af_016,1,Random Forest,0.9899038762793918,1
mimic_perform_af_016,1,Random Forest,0.9999336672769249,1
mimic_perform_af_016,1,Random Forest,0.9999038762793918,1
mimic_perform_af_016,1,Random Forest,0.9999245374364166,1
mimic_perform_af_016,1,Random Forest,0.9999245374364166,1
mimic_perform_af_016,1,Random Forest,0.9395833333333334,1
mimic_perform_af_016,1,Random Forest,0.8595833333333333,1
mimic_perform_af_016,1,Random Forest,0.9971908866995074,1
mimic_perform_af_016,1,Random Forest,0.9999192372624948,1
mimic_perform_af_016,1,Random Forest,0.957897775964089,1
mimic_perform_af_016,1,Random Forest,0.9778976761619191,1
mimic_perform_af_016,1,Random Forest,0.9171833904476333,1
mimic_perform_af_016,1,Random Forest,0.9137945531258466,1
mimic_perform_af_016,1,Random Forest,0.7271919925313765,1
mimic_perform_af_016,1,Random Forest,0.906283809190647,1
mimic_perform_af_016,1,Random Forest,0.925314250844297,1
mimic_perform_af_016,1,Random Forest,0.8861677823741602,1
mimic_perform_af_016,1,Random Forest,0.8856112048932459,1
mimic_perform_af_016,1,Random Forest,0.9999245374364166,1
mimic_perform_af_016,1,Random Forest,0.9999245374364166,1
mimic_perform_af_016,1,Random Forest,0.9961955768690116,1
mimic_perform_af_016,1,Random Forest,0.7374639701224619,1
mimic_perform_af_016,1,Random Forest,0.8634383882539859,1
mimic_perform_af_016,1,Random Forest,0.853039768321344,1
mimic_perform_af_016,1,Random Forest,0.6616813375052288,1
mimic_perform_af_016,1,Random Forest,0.9999245374364166,1
mimic_perform_af_016,1,Random Forest,0.999918306293822,1
mimic_perform_af_016,1,Random Forest,0.9999038762793918,1
mimic_perform_af_016,1,Random Forest,0.9999245374364166,1
mimic_perform_af_016,1,Random Forest,0.9999245374364166,1
mimic_perform_af_016,1,Random Forest,0.3889628435618875,0
mimic_perform_af_016,1,Random Forest,0.8967521536263721,1
mimic_perform_af_016,1,Random Forest,0.9704311623850035,1
mimic_perform_af_016,1,Random Forest,0.9999192372624948,1
mimic_perform_af_016,1,Random Forest,0.9999038762793918,1
mimic_perform_af_016,1,Random Forest,0.9999245374364166,1
mimic_perform_af_016,1,Random Forest,0.9999473946713937,1
mimic_perform_af_016,1,Random Forest,0.9999473946713937,1
mimic_perform_af_016,1,Random Forest,0.9999245374364166,1
mimic_perform_af_016,1,Random Forest,0.9999038762793918,1
mimic_perform_af_017,1,Random Forest,0.9980563406504516,1
mimic_perform_af_017,1,Random Forest,0.9990907429165474,1
mimic_perform_af_017,1,Random Forest,0.9958642294093392,1
mimic_perform_af_017,1,Random Forest,0.9561017074141135,1
mimic_perform_af_017,1,Random Forest,0.9992053262498807,1
mimic_perform_af_017,1,Random Forest,0.9991859810117855,1
mimic_perform_af_017,1,Random Forest,0.9865476683584744,1
mimic_perform_af_017,1,Random Forest,0.9894962234534518,1
mimic_perform_af_017,1,Random Forest,0.9995932031721663,1
mimic_perform_af_017,1,Random Forest,0.99970257439537,1
mimic_perform_af_017,1,Random Forest,0.9992053262498807,1
mimic_perform_af_017,1,Random Forest,0.9992927756829887,1
mimic_perform_af_017,1,Random Forest,0.9994094196334653,1
mimic_perform_af_017,1,Random Forest,0.9381846633958908,1
mimic_perform_af_017,1,Random Forest,0.8707418055400525,1
mimic_perform_af_017,1,Random Forest,0.9895413960319381,1
mimic_perform_af_017,1,Random Forest,0.9993704937139956,1
mimic_perform_af_017,1,Random Forest,0.9993882059904834,1
mimic_perform_af_017,1,Random Forest,0.9993541383345884,1
mimic_perform_af_017,1,Random Forest,0.999765999342516,1
mimic_perform_af_017,1,Random Forest,0.999765999342516,1
mimic_perform_af_017,1,Random Forest,0.9997347425296012,1
mimic_perform_af_017,1,Random Forest,0.9999148114272236,1
mimic_perform_af_017,1,Random Forest,0.9993704937139956,1
mimic_perform_af_017,1,Random Forest,0.9786284304573362,1
mimic_perform_af_017,1,Random Forest,0.8734314889730906,1
mimic_perform_af_017,1,Random Forest,0.9985489368964805,1
mimic_perform_af_017,1,Random Forest,0.9986187170037089,1
mimic_perform_af_017,1,Random Forest,0.9996477860078621,1
mimic_perform_af_017,1,Random Forest,0.9999148114272236,1
mimic_perform_af_017,1,Random Forest,0.9315648114963392,1
mimic_perform_af_017,1,Random Forest,0.9946796210305286,1
mimic_perform_af_017,1,Random Forest,0.994078675256647,1
mimic_perform_af_017,1,Random Forest,0.9994493764298266,1
mimic_perform_af_017,1,Random Forest,0.9993704937139956,1
mimic_perform_af_017,1,Random Forest,0.9958353628799174,1
mimic_perform_af_017,1,Random Forest,0.9991992984825315,1
mimic_perform_af_017,1,Random Forest,0.9762260077954368,1
mimic_perform_af_017,1,Random Forest,0.975187212961544,1
mimic_perform_af_017,1,Random Forest,0.9907658429849291,1
mimic_perform_af_017,1,Random Forest,0.9743765863230475,1
mimic_perform_af_017,1,Random Forest,0.9909411849349877,1
mimic_perform_af_017,1,Random Forest,0.9993541383345884,1
mimic_perform_af_017,1,Random Forest,0.9999148114272236,1
mimic_perform_af_017,1,Random Forest,0.9999148114272236,1
mimic_perform_af_017,1,Random Forest,0.9999148114272236,1
mimic_perform_af_017,1,Random Forest,0.9957754246035385,1
mimic_perform_af_017,1,Random Forest,0.9920295352551044,1
mimic_perform_af_017,1,Random Forest,0.9917863051497972,1
mimic_perform_af_017,1,Random Forest,0.9992774156374916,1
mimic_perform_af_017,1,Random Forest,0.9976836539689412,1
mimic_perform_af_017,1,Random Forest,0.9990907429165474,1
mimic_perform_af_017,1,Random Forest,0.99970257439537,1
mimic_perform_af_017,1,Random Forest,0.9994434803936788,1
mimic_perform_af_017,1,Random Forest,0.9996477860078621,1
mimic_perform_af_017,1,Random Forest,0.999765999342516,1
mimic_perform_af_017,1,Random Forest,0.9997347425296012,1
mimic_perform_af_017,1,Random Forest,0.9988354487908793,1
mimic_perform_af_017,1,Random Forest,0.999128603552784,1
mimic_perform_af_017,1,Random Forest,0.9990140202194507,1
mimic_perform_af_017,1,Random Forest,0.9997909843462766,1
mimic_perform_af_017,1,Random Forest,0.9997732720697887,1
mimic_perform_af_017,1,Random Forest,0.9899681250428823,1
mimic_perform_af_017,1,Random Forest,0.9999148114272236,1
mimic_perform_af_017,1,Random Forest,0.9995859304448935,1
mimic_perform_af_017,1,Random Forest,0.999128603552784,1
mimic_perform_af_017,1,Random Forest,0.9984731220720172,1
mimic_perform_af_017,1,Random Forest,0.999407359016322,1
mimic_perform_af_017,1,Random Forest,0.9994989739231543,1
mimic_perform_af_017,1,Random Forest,0.999765999342516,1
mimic_perform_af_017,1,Random Forest,0.999320402494583,1
mimic_perform_af_017,1,Random Forest,0.9992927756829887,1
mimic_perform_af_017,1,Random Forest,0.9997020441267395,1
mimic_perform_af_017,1,Random Forest,0.9997275593991307,1
mimic_perform_af_017,1,Random Forest,0.999765999342516,1
mimic_perform_af_017,1,Random Forest,0.9995874279139444,1
mimic_perform_af_017,1,Random Forest,0.999765999342516,1
mimic_perform_af_017,1,Random Forest,0.999765999342516,1
mimic_perform_af_017,1,Random Forest,0.999765999342516,1
mimic_perform_af_017,1,Random Forest,0.9994989739231543,1
mimic_perform_af_017,1,Random Forest,0.9999148114272236,1
mimic_perform_af_017,1,Random Forest,0.999765999342516,1
mimic_perform_af_017,1,Random Forest,0.999765999342516,1
mimic_perform_af_017,1,Random Forest,0.99970257439537,1
mimic_perform_af_017,1,Random Forest,0.9959672310117855,1
mimic_perform_af_017,1,Random Forest,0.999765999342516,1
mimic_perform_af_017,1,Random Forest,0.999765999342516,1
mimic_perform_af_017,1,Random Forest,0.9999148114272236,1
mimic_perform_af_017,1,Random Forest,0.9378151403669672,1
mimic_perform_af_017,1,Random Forest,0.8917415987340445,1
mimic_perform_af_017,1,Random Forest,0.84895278768116,1
mimic_perform_af_017,1,Random Forest,0.9905733825790207,1
mimic_perform_af_017,1,Random Forest,0.9991859810117855,1
mimic_perform_af_017,1,Random Forest,0.9999148114272236,1
mimic_perform_af_017,1,Random Forest,0.9999148114272236,1
mimic_perform_af_017,1,Random Forest,0.9999148114272236,1
mimic_perform_af_017,1,Random Forest,0.9999220841544963,1
mimic_perform_af_017,1,Random Forest,0.9998513864800778,1
mimic_perform_af_017,1,Random Forest,0.9992053262498807,1
mimic_perform_af_017,1,Random Forest,0.9990059121141631,1
mimic_perform_af_017,1,Random Forest,0.9954879557257661,1
mimic_perform_af_017,1,Random Forest,0.9957683295575418,1
mimic_perform_af_017,1,Random Forest,0.9828738905643069,1
mimic_perform_af_017,1,Random Forest,0.99849569683168,1
mimic_perform_af_017,1,Random Forest,0.9942279982054651,1
mimic_perform_af_017,1,Random Forest,0.999607336300132,1
mimic_perform_af_017,1,Random Forest,0.9948927176305279,1
mimic_perform_af_017,1,Random Forest,0.9981952693425024,1
mimic_perform_af_017,1,Random Forest,0.8938344283793834,1
mimic_perform_af_017,1,Random Forest,0.9758567322897772,1
mimic_perform_af_017,1,Random Forest,0.8821901741093303,1
mimic_perform_af_017,1,Random Forest,0.7892397520731704,1
mimic_perform_af_017,1,Random Forest,0.9992774156374916,1
mimic_perform_af_017,1,Random Forest,0.06,0
mimic_perform_af_017,1,Random Forest,0.0,0
mimic_perform_af_017,1,Random Forest,0.0,0
mimic_perform_af_017,1,Random Forest,0.0,0
mimic_perform_af_017,1,Random Forest,0.0,0
mimic_perform_af_018,1,Random Forest,0.9967891368365512,1
mimic_perform_af_018,1,Random Forest,0.9957008460677659,1
mimic_perform_af_018,1,Random Forest,0.9947296853758536,1
mimic_perform_af_018,1,Random Forest,0.9962192093882917,1
mimic_perform_af_018,1,Random Forest,0.9940506677959189,1
mimic_perform_af_018,1,Random Forest,0.9972764872657387,1
mimic_perform_af_018,1,Random Forest,0.9973101572994088,1
mimic_perform_af_018,1,Random Forest,0.9973101572994088,1
mimic_perform_af_018,1,Random Forest,0.9973101572994088,1
mimic_perform_af_018,1,Random Forest,0.9972764872657387,1
mimic_perform_af_018,1,Random Forest,0.9972764872657387,1
mimic_perform_af_018,1,Random Forest,0.9966776262293248,1
mimic_perform_af_018,1,Random Forest,0.9966776262293248,1
mimic_perform_af_018,1,Random Forest,0.9972764872657387,1
mimic_perform_af_018,1,Random Forest,0.9964789906094186,1
mimic_perform_af_018,1,Random Forest,0.9934218453014618,1
mimic_perform_af_018,1,Random Forest,0.9973101572994088,1
mimic_perform_af_018,1,Random Forest,0.9973101572994088,1
mimic_perform_af_018,1,Random Forest,0.9973101572994088,1
mimic_perform_af_018,1,Random Forest,0.9965844848237363,1
mimic_perform_af_018,1,Random Forest,0.9972764872657387,1
mimic_perform_af_018,1,Random Forest,0.9972764872657387,1
mimic_perform_af_018,1,Random Forest,0.9940506677959189,1
mimic_perform_af_018,1,Random Forest,0.9941736352097567,1
mimic_perform_af_018,1,Random Forest,0.9965321807207715,1
mimic_perform_af_018,1,Random Forest,0.9819309013277057,1
mimic_perform_af_018,1,Random Forest,0.9181331726682147,1
mimic_perform_af_018,1,Random Forest,0.7232246681169013,1
mimic_perform_af_018,1,Random Forest,0.9336642722367156,1
mimic_perform_af_018,1,Random Forest,0.9384050527026047,1
mimic_perform_af_018,1,Random Forest,0.9964233845054261,1
mimic_perform_af_018,1,Random Forest,0.9973101572994088,1
mimic_perform_af_018,1,Random Forest,0.9972764872657387,1
mimic_perform_af_018,1,Random Forest,0.9972764872657387,1
mimic_perform_af_018,1,Random Forest,0.9973101572994088,1
mimic_perform_af_018,1,Random Forest,0.9973101572994088,1
mimic_perform_af_018,1,Random Forest,0.9942636875516692,1
mimic_perform_af_018,1,Random Forest,0.9973101572994088,1
mimic_perform_af_018,1,Random Forest,0.9973101572994088,1
mimic_perform_af_018,1,Random Forest,0.9973101572994088,1
mimic_perform_af_018,1,Random Forest,0.9966181548574063,1
mimic_perform_af_018,1,Random Forest,0.9951736352097568,1
mimic_perform_af_018,1,Random Forest,0.9973101572994088,1
mimic_perform_af_018,1,Random Forest,0.9951736352097568,1
mimic_perform_af_018,1,Random Forest,0.9973101572994088,1
mimic_perform_af_018,1,Random Forest,0.9941736352097567,1
mimic_perform_af_018,1,Random Forest,0.9951736352097568,1
mimic_perform_af_018,1,Random Forest,0.9972764872657387,1
mimic_perform_af_018,1,Random Forest,0.9849182016036956,1
mimic_perform_af_018,1,Random Forest,0.9882965368843589,1
mimic_perform_af_018,1,Random Forest,0.9969123978643333,1
mimic_perform_af_018,1,Random Forest,0.9972764872657387,1
mimic_perform_af_018,1,Random Forest,0.9973101572994088,1
mimic_perform_af_018,1,Random Forest,0.9972764872657387,1
mimic_perform_af_018,1,Random Forest,0.9942300175179991,1
mimic_perform_af_018,1,Random Forest,0.9967359467251983,1
mimic_perform_af_018,1,Random Forest,0.9965844848237363,1
mimic_perform_af_018,1,Random Forest,0.9973101572994088,1
mimic_perform_af_018,1,Random Forest,0.9969496488619772,1
mimic_perform_af_018,1,Random Forest,0.9833108071454782,1
mimic_perform_af_018,1,Random Forest,0.5876478004629435,1
mimic_perform_af_018,1,Random Forest,0.7891594229028324,1
mimic_perform_af_018,1,Random Forest,0.6996261177285378,1
mimic_perform_af_018,1,Random Forest,0.992064190099639,1
mimic_perform_af_018,1,Random Forest,0.9922332271442407,1
mimic_perform_af_018,1,Random Forest,0.9972764872657387,1
mimic_perform_af_018,1,Random Forest,0.9953236796031287,1
mimic_perform_af_018,1,Random Forest,0.9953236796031287,1
mimic_perform_af_018,1,Random Forest,0.9973101572994088,1
mimic_perform_af_018,1,Random Forest,0.9973101572994088,1
mimic_perform_af_018,1,Random Forest,0.9972764872657387,1
mimic_perform_af_018,1,Random Forest,0.997019531149959,1
mimic_perform_af_018,1,Random Forest,0.9952900095694587,1
mimic_perform_af_018,1,Random Forest,0.9941736352097567,1
mimic_perform_af_018,1,Random Forest,0.9439430943949365,1
mimic_perform_af_018,1,Random Forest,0.9823551386078999,1
mimic_perform_af_018,1,Random Forest,0.9972764872657387,1
mimic_perform_af_018,1,Random Forest,0.9972764872657387,1
mimic_perform_af_018,1,Random Forest,0.9972764872657387,1
mimic_perform_af_018,1,Random Forest,0.9972764872657387,1
mimic_perform_af_018,1,Random Forest,0.9972764872657387,1
mimic_perform_af_018,1,Random Forest,0.997019531149959,1
mimic_perform_af_018,1,Random Forest,0.9963745261076409,1
mimic_perform_af_018,1,Random Forest,0.993916679093977,1
mimic_perform_af_018,1,Random Forest,0.9858749095869248,1
mimic_perform_af_018,1,Random Forest,0.9763571457498617,1
mimic_perform_af_018,1,Random Forest,0.9969159788283072,1
mimic_perform_af_018,1,Random Forest,0.9849182016036956,1
mimic_perform_af_018,1,Random Forest,0.9965844848237363,1
mimic_perform_af_018,1,Random Forest,0.9941399651760867,1
mimic_perform_af_018,1,Random Forest,0.9964929131580582,1
mimic_perform_af_018,1,Random Forest,0.9972764872657387,1
mimic_perform_af_018,1,Random Forest,0.9973101572994088,1
mimic_perform_af_018,1,Random Forest,0.9972764872657387,1
mimic_perform_af_018,1,Random Forest,0.9972764872657387,1
mimic_perform_af_018,1,Random Forest,0.9972764872657387,1
mimic_perform_af_018,1,Random Forest,0.9947199853667368,1
mimic_perform_af_018,1,Random Forest,0.9951736352097568,1
mimic_perform_af_018,1,Random Forest,0.9971153869474285,1
mimic_perform_af_018,1,Random Forest,0.9973101572994088,1
mimic_perform_af_018,1,Random Forest,0.9972764872657387,1
mimic_perform_af_018,1,Random Forest,0.9972764872657387,1
mimic_perform_af_018,1,Random Forest,0.9969496488619772,1
mimic_perform_af_018,1,Random Forest,0.9942300175179991,1
mimic_perform_af_018,1,Random Forest,0.9951399651760867,1
mimic_perform_af_018,1,Random Forest,0.9972764872657387,1
mimic_perform_af_018,1,Random Forest,0.9973101572994088,1
mimic_perform_af_018,1,Random Forest,0.9969159788283072,1
mimic_perform_af_018,1,Random Forest,0.9972764872657387,1
mimic_perform_af_018,1,Random Forest,0.9969123978643333,1
mimic_perform_af_018,1,Random Forest,0.9972764872657387,1
mimic_perform_af_018,1,Random Forest,0.9957388262125008,1
mimic_perform_af_018,1,Random Forest,0.9978784342167191,1
mimic_perform_af_018,1,Random Forest,0.9972764872657387,1
mimic_perform_af_018,1,Random Forest,0.9972764872657387,1
mimic_perform_af_018,1,Random Forest,0.9926923564647613,1
mimic_perform_af_018,1,Random Forest,0.9950468237704984,1
mimic_perform_af_018,1,Random Forest,0.9973101572994088,1
mimic_perform_af_019,1,Random Forest,0.9537082041240733,1
mimic_perform_af_019,1,Random Forest,0.9453943109273572,1
mimic_perform_af_019,1,Random Forest,0.9753420625044713,1
mimic_perform_af_019,1,Random Forest,0.9963499010107397,1
mimic_perform_af_019,1,Random Forest,0.9962786343816163,1
mimic_perform_af_019,1,Random Forest,0.9961769903479155,1
mimic_perform_af_019,1,Random Forest,0.99623441779109,1
mimic_perform_af_019,1,Random Forest,0.9960816852572539,1
mimic_perform_af_019,1,Random Forest,0.9962103793295516,1
mimic_perform_af_019,1,Random Forest,0.99623441779109,1
mimic_perform_af_019,1,Random Forest,0.9970122688311508,1
mimic_perform_af_019,1,Random Forest,0.9968633966298651,1
mimic_perform_af_019,1,Random Forest,0.9969788798495148,1
mimic_perform_af_019,1,Random Forest,0.9743016543565868,1
mimic_perform_af_019,1,Random Forest,0.9972731333777358,1
mimic_perform_af_019,1,Random Forest,0.9975883176194891,1
mimic_perform_af_019,1,Random Forest,0.9971709699161974,1
mimic_perform_af_019,1,Random Forest,0.9894776969178344,1
mimic_perform_af_019,1,Random Forest,0.9932081467120912,1
mimic_perform_af_019,1,Random Forest,0.9936705152742793,1
mimic_perform_af_019,1,Random Forest,0.9936567683402296,1
mimic_perform_af_019,1,Random Forest,0.9936226945011961,1
mimic_perform_af_019,1,Random Forest,0.9938190777630215,1
mimic_perform_af_019,1,Random Forest,0.9941994314457887,1
mimic_perform_af_019,1,Random Forest,0.994324424928442,1
mimic_perform_af_019,1,Random Forest,0.995774765742819,1
mimic_perform_af_019,1,Random Forest,0.9964063643102017,1
mimic_perform_af_019,1,Random Forest,0.9970327751213032,1
mimic_perform_af_019,1,Random Forest,0.910353082729418,1
mimic_perform_af_019,1,Random Forest,0.8906023084632974,1
mimic_perform_af_019,1,Random Forest,0.8727022153392282,1
mimic_perform_af_019,1,Random Forest,0.9956460716705212,1
mimic_perform_af_019,1,Random Forest,0.9951769854079674,1
mimic_perform_af_019,1,Random Forest,0.9536712033235777,1
mimic_perform_af_019,1,Random Forest,0.7761396830117971,1
mimic_perform_af_019,1,Random Forest,0.84230127799823,1
mimic_perform_af_019,1,Random Forest,0.7717305851089126,1
mimic_perform_af_019,1,Random Forest,0.9556775956789939,1
mimic_perform_af_019,1,Random Forest,0.9867068375246352,1
mimic_perform_af_019,1,Random Forest,0.9951108114384216,1
mimic_perform_af_019,1,Random Forest,0.9969465975508998,1
mimic_perform_af_019,1,Random Forest,0.9976217066011251,1
mimic_perform_af_019,1,Random Forest,0.684289886860783,1
mimic_perform_af_019,1,Random Forest,0.89178321817681,1
mimic_perform_af_019,1,Random Forest,0.8717903214571844,1
mimic_perform_af_019,1,Random Forest,0.8536734715071392,1
mimic_perform_af_019,1,Random Forest,0.9960325225413978,1
mimic_perform_af_019,1,Random Forest,0.9968441652736081,1
mimic_perform_af_019,1,Random Forest,0.9939249996749308,1
mimic_perform_af_019,1,Random Forest,0.9960899499845723,1
mimic_perform_af_019,1,Random Forest,0.9968998067483489,1
mimic_perform_af_019,1,Random Forest,0.9960565610029363,1
mimic_perform_af_019,1,Random Forest,0.996933195729985,1
mimic_perform_af_019,1,Random Forest,0.9959467503392012,1
mimic_perform_af_019,1,Random Forest,0.995774765742819,1
mimic_perform_af_019,1,Random Forest,0.9943915215124712,1
mimic_perform_af_019,1,Random Forest,0.9944155599740097,1
mimic_perform_af_019,1,Random Forest,0.9956126826888851,1
mimic_perform_af_019,1,Random Forest,0.9953389354508164,1
mimic_perform_af_019,1,Random Forest,0.995932157080998,1
mimic_perform_af_019,1,Random Forest,0.972378984337153,1
mimic_perform_af_019,1,Random Forest,0.9414851542364208,1
mimic_perform_af_019,1,Random Forest,0.9615033002964765,1
mimic_perform_af_019,1,Random Forest,0.9960325225413978,1
mimic_perform_af_019,1,Random Forest,0.9943782808119461,1
mimic_perform_af_019,1,Random Forest,0.9968724938855061,1
mimic_perform_af_019,1,Random Forest,0.9971302392076606,1
mimic_perform_af_019,1,Random Forest,0.9951418899038731,1
mimic_perform_af_019,1,Random Forest,0.9975642791579508,1
mimic_perform_af_019,1,Random Forest,0.9975883176194891,1
mimic_perform_af_019,1,Random Forest,0.9975883176194891,1
mimic_perform_af_019,1,Random Forest,0.909608612774645,1
mimic_perform_af_019,1,Random Forest,0.9048539615010757,1
mimic_perform_af_019,1,Random Forest,0.7891896311827763,1
mimic_perform_af_019,1,Random Forest,0.9943451224852676,1
mimic_perform_af_019,1,Random Forest,0.9938827539230795,1
mimic_perform_af_019,1,Random Forest,0.9890153283556462,1
mimic_perform_af_019,1,Random Forest,0.9890934533556462,1
mimic_perform_af_019,1,Random Forest,0.9956392132996446,1
mimic_perform_af_019,1,Random Forest,0.9963653256785154,1
mimic_perform_af_019,1,Random Forest,0.9972283973593719,1
mimic_perform_af_019,1,Random Forest,0.9972490949161974,1
mimic_perform_af_019,1,Random Forest,0.9954435910615759,1
mimic_perform_af_019,1,Random Forest,0.9955886442273467,1
mimic_perform_af_019,1,Random Forest,0.9956460716705212,1
mimic_perform_af_019,1,Random Forest,0.9845903851488349,1
mimic_perform_af_019,1,Random Forest,0.9956726022812806,1
mimic_perform_af_019,1,Random Forest,0.9942669974852676,1
mimic_perform_af_019,1,Random Forest,0.9942669974852676,1
mimic_perform_af_019,1,Random Forest,0.9971709699161974,1
mimic_perform_af_019,1,Random Forest,0.9970363072926892,1
mimic_perform_af_019,1,Random Forest,0.9823422277248126,1
mimic_perform_af_019,1,Random Forest,0.9608235043051903,1
mimic_perform_af_019,1,Random Forest,0.9970363072926892,1
mimic_perform_af_019,1,Random Forest,0.9901967890898321,1
mimic_perform_af_019,1,Random Forest,0.9972898789474536,1
mimic_perform_af_019,1,Random Forest,0.9972062806118838,1
mimic_perform_af_019,1,Random Forest,0.9544393044678956,1
mimic_perform_af_019,1,Random Forest,0.897343792158919,1
mimic_perform_af_019,1,Random Forest,0.864499237187147,1
mimic_perform_af_019,1,Random Forest,0.8262482473317913,1
mimic_perform_af_019,1,Random Forest,0.869587053348746,1
mimic_perform_af_019,1,Random Forest,0.9964508560318548,1
mimic_perform_af_019,1,Random Forest,0.9955202939646692,1
mimic_perform_af_019,1,Random Forest,0.9972283973593719,1
mimic_perform_af_019,1,Random Forest,0.974593743542347,1
mimic_perform_af_019,1,Random Forest,0.9868796168035979,1
mimic_perform_af_019,1,Random Forest,0.9970320140975466,1
mimic_perform_af_019,1,Random Forest,0.9971992985280954,1
mimic_perform_af_019,1,Random Forest,0.9971950083777358,1
mimic_perform_af_019,1,Random Forest,0.9971950083777358,1
mimic_perform_af_019,1,Random Forest,0.994223469907327,1
mimic_perform_af_019,1,Random Forest,0.9467722884456671,1
mimic_perform_af_019,1,Random Forest,0.880199471800168,1
mimic_perform_af_019,1,Random Forest,0.8993043783641613,1
mimic_perform_af_019,1,Random Forest,0.9963161934083467,1
mimic_perform_af_019,1,Random Forest,0.9840756785551033,1
mimic_perform_af_019,1,Random Forest,0.993579921011279,1
mimic_perform_non_af_001,0,Random Forest,5.288042802040562e-05,0
mimic_perform_non_af_001,0,Random Forest,2.364066193853428e-05,0
mimic_perform_non_af_001,0,Random Forest,0.0006538558861684832,0
mimic_perform_non_af_001,0,Random Forest,0.0011317808071681708,0
mimic_perform_non_af_001,0,Random Forest,0.000273972602739726,0
mimic_perform_non_af_001,0,Random Forest,0.000273972602739726,0
mimic_perform_non_af_001,0,Random Forest,0.0,0
mimic_perform_non_af_001,0,Random Forest,0.0,0
mimic_perform_non_af_001,0,Random Forest,0.0,0
mimic_perform_non_af_001,0,Random Forest,0.0,0
mimic_perform_non_af_001,0,Random Forest,0.0001287096873380737,0
mimic_perform_non_af_001,0,Random Forest,0.030449379443190025,0
mimic_perform_non_af_001,0,Random Forest,0.4759773871672857,0
mimic_perform_non_af_001,0,Random Forest,0.03092427956080193,0
mimic_perform_non_af_001,0,Random Forest,0.001474142789730936,0
mimic_perform_non_af_001,0,Random Forest,0.000544927536231884,0
mimic_perform_non_af_001,0,Random Forest,0.000273972602739726,0
mimic_perform_non_af_001,0,Random Forest,0.0006066346083377615,0
mimic_perform_non_af_001,0,Random Forest,0.0016701549669402912,0
mimic_perform_non_af_001,0,Random Forest,0.00045331990565184317,0
mimic_perform_non_af_001,0,Random Forest,0.0006538558861684832,0
mimic_perform_non_af_001,0,Random Forest,0.000273972602739726,0
mimic_perform_non_af_001,0,Random Forest,0.0008189001389716101,0
mimic_perform_non_af_001,0,Random Forest,0.0005308053490200934,0
mimic_perform_non_af_001,0,Random Forest,0.0005308053490200934,0
mimic_perform_non_af_001,0,Random Forest,0.0005308053490200934,0
mimic_perform_non_af_001,0,Random Forest,0.000273972602739726,0
mimic_perform_non_af_001,0,Random Forest,0.000273972602739726,0
mimic_perform_non_af_001,0,Random Forest,0.000273972602739726,0
mimic_perform_non_af_001,0,Random Forest,0.000273972602739726,0
mimic_perform_non_af_001,0,Random Forest,2.364066193853428e-05,0
mimic_perform_non_af_001,0,Random Forest,0.0008189001389716101,0
mimic_perform_non_af_001,0,Random Forest,0.0,0
mimic_perform_non_af_001,0,Random Forest,0.00044746361395759255,0
mimic_perform_non_af_001,0,Random Forest,0.013592131409530805,0
mimic_perform_non_af_001,0,Random Forest,0.05085943508618544,0
mimic_perform_non_af_001,0,Random Forest,0.8500208936229595,1
mimic_perform_non_af_001,0,Random Forest,0.9318269568683796,1
mimic_perform_non_af_001,0,Random Forest,0.8959723679460291,1
mimic_perform_non_af_001,0,Random Forest,0.45750273453222673,0
mimic_perform_non_af_001,0,Random Forest,0.504978743645352,1
mimic_perform_non_af_001,0,Random Forest,0.17620759566339683,0
mimic_perform_non_af_001,0,Random Forest,0.026142994312066743,0
mimic_perform_non_af_001,0,Random Forest,0.00035536675252886537,0
mimic_perform_non_af_001,0,Random Forest,0.030320270694752738,0
mimic_perform_non_af_001,0,Random Forest,0.0002702702702702703,0
mimic_perform_non_af_001,0,Random Forest,0.0,0
mimic_perform_non_af_001,0,Random Forest,0.0,0
mimic_perform_non_af_001,0,Random Forest,0.0008932495813507922,0
mimic_perform_non_af_001,0,Random Forest,0.001979831561470963,0
mimic_perform_non_af_001,0,Random Forest,0.0009163553977504428,0
mimic_perform_non_af_001,0,Random Forest,0.001637837613502026,0
mimic_perform_non_af_001,0,Random Forest,0.0013720255799198253,0
mimic_perform_non_af_001,0,Random Forest,0.000544927536231884,0
mimic_perform_non_af_001,0,Random Forest,0.0008189001389716101,0
mimic_perform_non_af_001,0,Random Forest,0.0008189001389716101,0
mimic_perform_non_af_001,0,Random Forest,0.0008189001389716101,0
mimic_perform_non_af_001,0,Random Forest,0.000544927536231884,0
mimic_perform_non_af_001,0,Random Forest,0.0008189001389716101,0
mimic_perform_non_af_001,0,Random Forest,0.000544927536231884,0
mimic_perform_non_af_001,0,Random Forest,0.0,0
mimic_perform_non_af_001,0,Random Forest,0.0,0
mimic_perform_non_af_001,0,Random Forest,0.0,0
mimic_perform_non_af_001,0,Random Forest,0.0,0
mimic_perform_non_af_001,0,Random Forest,0.0221540045250306,0
mimic_perform_non_af_001,0,Random Forest,0.030621793236293472,0
mimic_perform_non_af_001,0,Random Forest,0.283037113532253,0
mimic_perform_non_af_001,0,Random Forest,0.03190135415393216,0
mimic_perform_non_af_001,0,Random Forest,0.000871054522678878,0
mimic_perform_non_af_001,0,Random Forest,0.0,0
mimic_perform_non_af_001,0,Random Forest,0.0,0
mimic_perform_non_af_001,0,Random Forest,0.0,0
mimic_perform_non_af_001,0,Random Forest,0.0,0
mimic_perform_non_af_001,0,Random Forest,0.000544927536231884,0
mimic_perform_non_af_001,0,Random Forest,0.000273972602739726,0
mimic_perform_non_af_001,0,Random Forest,0.000273972602739726,0
mimic_perform_non_af_001,0,Random Forest,0.0008189001389716101,0
mimic_perform_non_af_001,0,Random Forest,0.0,0
mimic_perform_non_af_001,0,Random Forest,0.000273972602739726,0
mimic_perform_non_af_001,0,Random Forest,0.000273972602739726,0
mimic_perform_non_af_001,0,Random Forest,0.000273972602739726,0
mimic_perform_non_af_001,0,Random Forest,0.0,0
mimic_perform_non_af_001,0,Random Forest,0.0,0
mimic_perform_non_af_001,0,Random Forest,0.000544927536231884,0
mimic_perform_non_af_001,0,Random Forest,0.000273972602739726,0
mimic_perform_non_af_001,0,Random Forest,0.000273972602739726,0
mimic_perform_non_af_001,0,Random Forest,0.0,0
mimic_perform_non_af_001,0,Random Forest,0.0002702702702702703,0
mimic_perform_non_af_001,0,Random Forest,0.0,0
mimic_perform_non_af_001,0,Random Forest,0.0,0
mimic_perform_non_af_001,0,Random Forest,0.0,0
mimic_perform_non_af_001,0,Random Forest,0.0002702702702702703,0
mimic_perform_non_af_001,0,Random Forest,0.0,0
mimic_perform_non_af_001,0,Random Forest,0.06062045962933918,0
mimic_perform_non_af_001,0,Random Forest,0.00333417450371683,0
mimic_perform_non_af_001,0,Random Forest,0.0005656155000755787,0
mimic_perform_non_af_001,0,Random Forest,0.012195984240909435,0
mimic_perform_non_af_001,0,Random Forest,0.34354474243679584,0
mimic_perform_non_af_001,0,Random Forest,0.21096879829410536,0
mimic_perform_non_af_001,0,Random Forest,0.012031956639591312,0
mimic_perform_non_af_001,0,Random Forest,0.014608772968756073,0
mimic_perform_non_af_001,0,Random Forest,0.06473646229590144,0
mimic_perform_non_af_001,0,Random Forest,0.06491964547908462,0
mimic_perform_non_af_001,0,Random Forest,0.06491964547908462,0
mimic_perform_non_af_001,0,Random Forest,0.0,0
mimic_perform_non_af_001,0,Random Forest,0.04285505803679069,0
mimic_perform_non_af_001,0,Random Forest,0.04285505803679069,0
mimic_perform_non_af_001,0,Random Forest,0.03306339137012402,0
mimic_perform_non_af_001,0,Random Forest,0.000326126986446994,0
mimic_perform_non_af_001,0,Random Forest,0.03190135415393216,0
mimic_perform_non_af_001,0,Random Forest,0.10504776836344216,0
mimic_perform_non_af_001,0,Random Forest,0.4125221301246198,0
mimic_perform_non_af_001,0,Random Forest,0.8659506328981914,1
mimic_perform_non_af_001,0,Random Forest,0.845713441614552,1
mimic_perform_non_af_001,0,Random Forest,0.734068270932154,1
mimic_perform_non_af_001,0,Random Forest,0.9464653552243955,1
mimic_perform_non_af_001,0,Random Forest,0.8454761837850288,1
mimic_perform_non_af_001,0,Random Forest,0.010795313853620783,0
mimic_perform_non_af_002,0,Random Forest,0.09172697446951403,0
mimic_perform_non_af_002,0,Random Forest,0.04210235992004131,0
mimic_perform_non_af_002,0,Random Forest,0.022132556243548422,0
mimic_perform_non_af_002,0,Random Forest,0.030822683900228943,0
mimic_perform_non_af_002,0,Random Forest,0.0408221569822475,0
mimic_perform_non_af_002,0,Random Forest,0.0203488382687972,0
mimic_perform_non_af_002,0,Random Forest,0.04127367487010438,0
mimic_perform_non_af_002,0,Random Forest,0.030904393824352748,0
mimic_perform_non_af_002,0,Random Forest,0.02071811931454883,0
mimic_perform_non_af_002,0,Random Forest,0.030904393824352748,0
mimic_perform_non_af_002,0,Random Forest,0.020354742047215386,0
mimic_perform_non_af_002,0,Random Forest,0.020354742047215386,0
mimic_perform_non_af_002,0,Random Forest,0.020169085212395993,0
mimic_perform_non_af_002,0,Random Forest,0.030223992035838726,0
mimic_perform_non_af_002,0,Random Forest,0.030246951219512198,0
mimic_perform_non_af_002,0,Random Forest,0.030169085212395995,0
mimic_perform_non_af_002,0,Random Forest,0.020362141233304917,0
mimic_perform_non_af_002,0,Random Forest,0.020354742047215386,0
mimic_perform_non_af_002,0,Random Forest,0.030354742047215385,0
mimic_perform_non_af_002,0,Random Forest,0.030354742047215385,0
mimic_perform_non_af_002,0,Random Forest,0.020354742047215386,0
mimic_perform_non_af_002,0,Random Forest,0.030166062801932368,0
mimic_perform_non_af_002,0,Random Forest,0.020169085212395993,0
mimic_perform_non_af_002,0,Random Forest,0.020169085212395993,0
mimic_perform_non_af_002,0,Random Forest,0.020169085212395993,0
mimic_perform_non_af_002,0,Random Forest,0.04120909714815212,0
mimic_perform_non_af_002,0,Random Forest,0.03222414193521435,0
mimic_perform_non_af_002,0,Random Forest,0.02219012832977217,0
mimic_perform_non_af_002,0,Random Forest,0.01,0
mimic_perform_non_af_002,0,Random Forest,0.02406549487038818,0
mimic_perform_non_af_002,0,Random Forest,0.061639944542486516,0
mimic_perform_non_af_002,0,Random Forest,0.030883560491019417,0
mimic_perform_non_af_002,0,Random Forest,0.030354742047215385,0
mimic_perform_non_af_002,0,Random Forest,0.020354742047215386,0
mimic_perform_non_af_002,0,Random Forest,0.022071935942796547,0
mimic_perform_non_af_002,0,Random Forest,0.04054516272192262,0
mimic_perform_non_af_002,0,Random Forest,0.030169085212395995,0
mimic_perform_non_af_002,0,Random Forest,0.0606244866010461,0
mimic_perform_non_af_002,0,Random Forest,0.012819678622509245,0
mimic_perform_non_af_002,0,Random Forest,0.030932094655377686,0
mimic_perform_non_af_002,0,Random Forest,0.012145519073147846,0
mimic_perform_non_af_002,0,Random Forest,0.022257592777615937,0
mimic_perform_non_af_002,0,Random Forest,0.021273674870104387,0
mimic_perform_non_af_002,0,Random Forest,0.010904393824352756,0
mimic_perform_non_af_002,0,Random Forest,0.02071811931454883,0
mimic_perform_non_af_002,0,Random Forest,0.020904393824352753,0
mimic_perform_non_af_002,0,Random Forest,0.030904393824352755,0
mimic_perform_non_af_002,0,Random Forest,0.030354742047215385,0
mimic_perform_non_af_002,0,Random Forest,0.020354742047215386,0
mimic_perform_non_af_002,0,Random Forest,0.030354742047215385,0
mimic_perform_non_af_002,0,Random Forest,0.020354742047215386,0
mimic_perform_non_af_002,0,Random Forest,0.020411261322044353,0
mimic_perform_non_af_002,0,Random Forest,0.022816656212045615,0
mimic_perform_non_af_002,0,Random Forest,0.011306062825286458,0
mimic_perform_non_af_002,0,Random Forest,0.020752841536771052,0
mimic_perform_non_af_002,0,Random Forest,0.011306062825286458,0
mimic_perform_non_af_002,0,Random Forest,0.010752841536771054,0
mimic_perform_non_af_002,0,Random Forest,0.02058513420407813,0
mimic_perform_non_af_002,0,Random Forest,0.04035474204721538,0
mimic_perform_non_af_002,0,Random Forest,0.0402158531583265,0
mimic_perform_non_af_002,0,Random Forest,0.03038356049101942,0
mimic_perform_non_af_002,0,Random Forest,0.0402158531583265,0
mimic_perform_non_af_002,0,Random Forest,0.020215853158326497,0
mimic_perform_non_af_002,0,Random Forest,0.030354742047215385,0
mimic_perform_non_af_002,0,Random Forest,0.020354742047215386,0
mimic_perform_non_af_002,0,Random Forest,0.020169085212395993,0
mimic_perform_non_af_002,0,Random Forest,0.020169085212395993,0
mimic_perform_non_af_002,0,Random Forest,0.030166062801932368,0
mimic_perform_non_af_002,0,Random Forest,0.030166062801932368,0
mimic_perform_non_af_002,0,Random Forest,0.030166062801932368,0
mimic_perform_non_af_002,0,Random Forest,0.020169085212395993,0
mimic_perform_non_af_002,0,Random Forest,0.010365163643768542,0
mimic_perform_non_af_002,0,Random Forest,0.02161214123330492,0
mimic_perform_non_af_002,0,Random Forest,0.020169085212395993,0
mimic_perform_non_af_002,0,Random Forest,0.020169085212395993,0
mimic_perform_non_af_002,0,Random Forest,0.030166062801932368,0
mimic_perform_non_af_002,0,Random Forest,0.020169085212395993,0
mimic_perform_non_af_002,0,Random Forest,0.03054818513238625,0
mimic_perform_non_af_002,0,Random Forest,0.040383560491019425,0
mimic_perform_non_af_002,0,Random Forest,0.09606312398308291,0
mimic_perform_non_af_002,0,Random Forest,0.020752841536771052,0
mimic_perform_non_af_002,0,Random Forest,0.030624486601046094,0
mimic_perform_non_af_002,0,Random Forest,0.020992714956129564,0
mimic_perform_non_af_002,0,Random Forest,0.12084614373984542,0
mimic_perform_non_af_002,0,Random Forest,0.11889373373374416,0
mimic_perform_non_af_002,0,Random Forest,0.030904393824352755,0
mimic_perform_non_af_002,0,Random Forest,0.012328634674920978,0
mimic_perform_non_af_002,0,Random Forest,0.03222414193521435,0
mimic_perform_non_af_002,0,Random Forest,0.01,0
mimic_perform_non_af_002,0,Random Forest,0.01,0
mimic_perform_non_af_002,0,Random Forest,0.01287075891533973,0
mimic_perform_non_af_002,0,Random Forest,0.04952025585582754,0
mimic_perform_non_af_002,0,Random Forest,0.04034883826879719,0
mimic_perform_non_af_002,0,Random Forest,0.0302158531583265,0
mimic_perform_non_af_002,0,Random Forest,0.021206141136180707,0
mimic_perform_non_af_002,0,Random Forest,0.030169085212395995,0
mimic_perform_non_af_002,0,Random Forest,0.02070039112480405,0
mimic_perform_non_af_002,0,Random Forest,0.020169085212395993,0
mimic_perform_non_af_002,0,Random Forest,0.020354742047215386,0
mimic_perform_non_af_002,0,Random Forest,0.02071811931454883,0
mimic_perform_non_af_002,0,Random Forest,0.0402158531583265,0
mimic_perform_non_af_002,0,Random Forest,0.0402158531583265,0
mimic_perform_non_af_002,0,Random Forest,0.0402158531583265,0
mimic_perform_non_af_002,0,Random Forest,0.020215853158326497,0
mimic_perform_non_af_002,0,Random Forest,0.020244671602130532,0
mimic_perform_non_af_002,0,Random Forest,0.020244671602130532,0
mimic_perform_non_af_002,0,Random Forest,0.04024467160213053,0
mimic_perform_non_af_002,0,Random Forest,0.03024467160213053,0
mimic_perform_non_af_002,0,Random Forest,0.04034883826879719,0
mimic_perform_non_af_002,0,Random Forest,0.020383560491019425,0
mimic_perform_non_af_002,0,Random Forest,0.020613952647882162,0
mimic_perform_non_af_002,0,Random Forest,0.0402158531583265,0
mimic_perform_non_af_002,0,Random Forest,0.020265269151138715,0
mimic_perform_non_af_002,0,Random Forest,0.050027173913043475,0
mimic_perform_non_af_002,0,Random Forest,0.030174232736572888,0
mimic_perform_non_af_002,0,Random Forest,0.08032001982499316,0
mimic_perform_non_af_002,0,Random Forest,0.04036291198185591,0
mimic_perform_non_af_002,0,Random Forest,0.02058513420407813,0
mimic_perform_non_af_003,0,Random Forest,0.0007089873943360728,0
mimic_perform_non_af_003,0,Random Forest,0.0008816232526825947,0
mimic_perform_non_af_003,0,Random Forest,0.0007382271604179442,0
mimic_perform_non_af_003,0,Random Forest,0.0007382271604179442,0
mimic_perform_non_af_003,0,Random Forest,0.0007089873943360728,0
mimic_perform_non_af_003,0,Random Forest,0.03135271013276807,0
mimic_perform_non_af_003,0,Random Forest,0.03377071850617158,0
mimic_perform_non_af_003,0,Random Forest,0.033027186842852496,0
mimic_perform_non_af_003,0,Random Forest,0.016981282297343102,0
mimic_perform_non_af_003,0,Random Forest,0.00810770417883118,0
mimic_perform_non_af_003,0,Random Forest,0.001064474158433017,0
mimic_perform_non_af_003,0,Random Forest,0.0012078702506976675,0
mimic_perform_non_af_003,0,Random Forest,0.0007089873943360728,0
mimic_perform_non_af_003,0,Random Forest,0.0007089873943360728,0
mimic_perform_non_af_003,0,Random Forest,0.0007089873943360728,0
mimic_perform_non_af_003,0,Random Forest,0.012916043216497275,0
mimic_perform_non_af_003,0,Random Forest,0.012916043216497275,0
mimic_perform_non_af_003,0,Random Forest,0.015670017613990304,0
mimic_perform_non_af_003,0,Random Forest,0.0011376384239520036,0
mimic_perform_non_af_003,0,Random Forest,0.0011376384239520036,0
mimic_perform_non_af_003,0,Random Forest,0.0007089873943360728,0
mimic_perform_non_af_003,0,Random Forest,0.0007089873943360728,0
mimic_perform_non_af_003,0,Random Forest,0.0007089873943360728,0
mimic_perform_non_af_003,0,Random Forest,0.0007089873943360728,0
mimic_perform_non_af_003,0,Random Forest,0.0008523834866007233,0
mimic_perform_non_af_003,0,Random Forest,0.0008523834866007233,0
mimic_perform_non_af_003,0,Random Forest,0.0007089873943360728,0
mimic_perform_non_af_003,0,Random Forest,0.0007089873943360728,0
mimic_perform_non_af_003,0,Random Forest,0.0015823333283073956,0
mimic_perform_non_af_003,0,Random Forest,0.0029030819480894534,0
mimic_perform_non_af_003,0,Random Forest,0.0028647184683417664,0
mimic_perform_non_af_003,0,Random Forest,0.004221123697398201,0
mimic_perform_non_af_003,0,Random Forest,0.004788844299638246,0
mimic_perform_non_af_003,0,Random Forest,0.004140174306033864,0
mimic_perform_non_af_003,0,Random Forest,0.004852695189047294,0
mimic_perform_non_af_003,0,Random Forest,0.004630383341849004,0
mimic_perform_non_af_003,0,Random Forest,0.0015823333283073956,0
mimic_perform_non_af_003,0,Random Forest,0.0007089873943360728,0
mimic_perform_non_af_003,0,Random Forest,0.0007089873943360728,0
mimic_perform_non_af_003,0,Random Forest,0.0008523834866007233,0
mimic_perform_non_af_003,0,Random Forest,0.0007089873943360728,0
mimic_perform_non_af_003,0,Random Forest,0.0008523834866007233,0
mimic_perform_non_af_003,0,Random Forest,0.0007089873943360728,0
mimic_perform_non_af_003,0,Random Forest,0.0008523834866007233,0
mimic_perform_non_af_003,0,Random Forest,0.0007089873943360728,0
mimic_perform_non_af_003,0,Random Forest,0.0007089873943360728,0
mimic_perform_non_af_003,0,Random Forest,0.011497183573780722,0
mimic_perform_non_af_003,0,Random Forest,0.011497183573780722,0
mimic_perform_non_af_003,0,Random Forest,0.01676348963391057,0
mimic_perform_non_af_003,0,Random Forest,0.03329457041542609,0
mimic_perform_non_af_003,0,Random Forest,0.03329457041542609,0
mimic_perform_non_af_003,0,Random Forest,0.04007590568092398,0
mimic_perform_non_af_003,0,Random Forest,0.012257910704297608,0
mimic_perform_non_af_003,0,Random Forest,0.01772833119202716,0
mimic_perform_non_af_003,0,Random Forest,0.01772833119202716,0
mimic_perform_non_af_003,0,Random Forest,0.029711193014403982,0
mimic_perform_non_af_003,0,Random Forest,0.0007089873943360728,0
mimic_perform_non_af_003,0,Random Forest,0.0007089873943360728,0
mimic_perform_non_af_003,0,Random Forest,0.0009942423316873527,0
mimic_perform_non_af_003,0,Random Forest,0.017210530562290653,0
mimic_perform_non_af_003,0,Random Forest,0.017210530562290653,0
mimic_perform_non_af_003,0,Random Forest,0.020729631742463915,0
mimic_perform_non_af_003,0,Random Forest,0.0007089873943360728,0
mimic_perform_non_af_003,0,Random Forest,0.0007089873943360728,0
mimic_perform_non_af_003,0,Random Forest,0.017113629947052025,0
mimic_perform_non_af_003,0,Random Forest,0.012886492309602178,0
mimic_perform_non_af_003,0,Random Forest,0.02321777347094128,0
mimic_perform_non_af_003,0,Random Forest,0.016637370823322818,0
mimic_perform_non_af_003,0,Random Forest,0.028992182039522526,0
mimic_perform_non_af_003,0,Random Forest,0.03524929471079074,0
mimic_perform_non_af_003,0,Random Forest,0.02902797191324004,0
mimic_perform_non_af_003,0,Random Forest,0.04007590568092398,0
mimic_perform_non_af_003,0,Random Forest,0.004380681277314616,0
mimic_perform_non_af_003,0,Random Forest,0.0028456465563605504,0
mimic_perform_non_af_003,0,Random Forest,0.01875294965090396,0
mimic_perform_non_af_003,0,Random Forest,0.013575300011144058,0
mimic_perform_non_af_003,0,Random Forest,0.021715443104758765,0
mimic_perform_non_af_003,0,Random Forest,0.0534848505079982,0
mimic_perform_non_af_003,0,Random Forest,0.0011616452892184688,0
mimic_perform_non_af_003,0,Random Forest,0.0007382271604179442,0
mimic_perform_non_af_003,0,Random Forest,0.0007089873943360728,0
mimic_perform_non_af_003,0,Random Forest,0.0007089873943360728,0
mimic_perform_non_af_003,0,Random Forest,0.0007089873943360728,0
mimic_perform_non_af_003,0,Random Forest,0.0007089873943360728,0
mimic_perform_non_af_003,0,Random Forest,0.0030662347916546677,0
mimic_perform_non_af_003,0,Random Forest,0.0030662347916546677,0
mimic_perform_non_af_003,0,Random Forest,0.0030662347916546677,0
mimic_perform_non_af_003,0,Random Forest,0.004479054642610635,0
mimic_perform_non_af_003,0,Random Forest,0.0031391646901850843,0
mimic_perform_non_af_003,0,Random Forest,0.0031391646901850843,0
mimic_perform_non_af_003,0,Random Forest,0.0008523834866007233,0
mimic_perform_non_af_003,0,Random Forest,0.008834004380740458,0
mimic_perform_non_af_003,0,Random Forest,0.008834004380740458,0
mimic_perform_non_af_003,0,Random Forest,0.0009942423316873527,0
mimic_perform_non_af_003,0,Random Forest,0.004560578316156007,0
mimic_perform_non_af_003,0,Random Forest,0.004560578316156007,0
mimic_perform_non_af_003,0,Random Forest,0.004560578316156007,0
mimic_perform_non_af_003,0,Random Forest,0.0007089873943360728,0
mimic_perform_non_af_003,0,Random Forest,0.0007089873943360728,0
mimic_perform_non_af_003,0,Random Forest,0.011582333328307397,0
mimic_perform_non_af_003,0,Random Forest,0.0029030819480894534,0
mimic_perform_non_af_003,0,Random Forest,0.004917902408882796,0
mimic_perform_non_af_003,0,Random Forest,0.006632710035320084,0
mimic_perform_non_af_003,0,Random Forest,0.006216510222061445,0
mimic_perform_non_af_003,0,Random Forest,0.014462539365979753,0
mimic_perform_non_af_003,0,Random Forest,0.0007089873943360728,0
mimic_perform_non_af_003,0,Random Forest,0.0007089873943360728,0
mimic_perform_non_af_003,0,Random Forest,0.0008523834866007233,0
mimic_perform_non_af_003,0,Random Forest,0.0008523834866007233,0
mimic_perform_non_af_003,0,Random Forest,0.0007089873943360728,0
mimic_perform_non_af_003,0,Random Forest,0.0008523834866007233,0
mimic_perform_non_af_003,0,Random Forest,0.0007382271604179442,0
mimic_perform_non_af_003,0,Random Forest,0.0007382271604179442,0
mimic_perform_non_af_003,0,Random Forest,0.001064474158433017,0
mimic_perform_non_af_003,0,Random Forest,0.0016525651550530597,0
mimic_perform_non_af_003,0,Random Forest,0.0016525651550530597,0
mimic_perform_non_af_003,0,Random Forest,0.0007382271604179442,0
mimic_perform_non_af_003,0,Random Forest,0.0007089873943360728,0
mimic_perform_non_af_004,0,Random Forest,0.28,0
mimic_perform_non_af_004,0,Random Forest,0.26,0
mimic_perform_non_af_004,0,Random Forest,0.14,0
mimic_perform_non_af_004,0,Random Forest,0.23,0
mimic_perform_non_af_004,0,Random Forest,0.23,0
mimic_perform_non_af_004,0,Random Forest,0.23,0
mimic_perform_non_af_004,0,Random Forest,0.28,0
mimic_perform_non_af_004,0,Random Forest,0.14,0
mimic_perform_non_af_004,0,Random Forest,0.14,0
mimic_perform_non_af_004,0,Random Forest,0.14,0
mimic_perform_non_af_004,0,Random Forest,0.14,0
mimic_perform_non_af_004,0,Random Forest,0.14,0
mimic_perform_non_af_004,0,Random Forest,0.14,0
mimic_perform_non_af_004,0,Random Forest,0.14,0
mimic_perform_non_af_004,0,Random Forest,0.29,0
mimic_perform_non_af_004,0,Random Forest,0.3,0
mimic_perform_non_af_004,0,Random Forest,0.27,0
mimic_perform_non_af_004,0,Random Forest,0.13,0
mimic_perform_non_af_004,0,Random Forest,0.13,0
mimic_perform_non_af_004,0,Random Forest,0.13,0
mimic_perform_non_af_004,0,Random Forest,0.13,0
mimic_perform_non_af_004,0,Random Forest,0.13,0
mimic_perform_non_af_004,0,Random Forest,0.13,0
mimic_perform_non_af_004,0,Random Forest,0.13,0
mimic_perform_non_af_004,0,Random Forest,0.13,0
mimic_perform_non_af_004,0,Random Forest,0.14,0
mimic_perform_non_af_004,0,Random Forest,0.18,0
mimic_perform_non_af_004,0,Random Forest,0.3,0
mimic_perform_non_af_004,0,Random Forest,0.25,0
mimic_perform_non_af_004,0,Random Forest,0.2,0
mimic_perform_non_af_004,0,Random Forest,0.22,0
mimic_perform_non_af_004,0,Random Forest,0.14,0
mimic_perform_non_af_004,0,Random Forest,0.14,0
mimic_perform_non_af_004,0,Random Forest,0.14,0
mimic_perform_non_af_004,0,Random Forest,0.14,0
mimic_perform_non_af_004,0,Random Forest,0.18,0
mimic_perform_non_af_004,0,Random Forest,0.14,0
mimic_perform_non_af_004,0,Random Forest,0.13,0
mimic_perform_non_af_004,0,Random Forest,0.19,0
mimic_perform_non_af_004,0,Random Forest,0.19,0
mimic_perform_non_af_004,0,Random Forest,0.2,0
mimic_perform_non_af_004,0,Random Forest,0.13,0
mimic_perform_non_af_004,0,Random Forest,0.14,0
mimic_perform_non_af_004,0,Random Forest,0.13,0
mimic_perform_non_af_004,0,Random Forest,0.13,0
mimic_perform_non_af_004,0,Random Forest,0.14,0
mimic_perform_non_af_004,0,Random Forest,0.19,0
mimic_perform_non_af_004,0,Random Forest,0.21,0
mimic_perform_non_af_004,0,Random Forest,0.21,0
mimic_perform_non_af_004,0,Random Forest,0.15,0
mimic_perform_non_af_004,0,Random Forest,0.15,0
mimic_perform_non_af_004,0,Random Forest,0.15,0
mimic_perform_non_af_004,0,Random Forest,0.2,0
mimic_perform_non_af_004,0,Random Forest,0.26,0
mimic_perform_non_af_004,0,Random Forest,0.25,0
mimic_perform_non_af_004,0,Random Forest,0.21,0
mimic_perform_non_af_004,0,Random Forest,0.16,0
mimic_perform_non_af_004,0,Random Forest,0.14,0
mimic_perform_non_af_004,0,Random Forest,0.14,0
mimic_perform_non_af_004,0,Random Forest,0.14,0
mimic_perform_non_af_004,0,Random Forest,0.14,0
mimic_perform_non_af_004,0,Random Forest,0.14,0
mimic_perform_non_af_004,0,Random Forest,0.15,0
mimic_perform_non_af_004,0,Random Forest,0.14,0
mimic_perform_non_af_004,0,Random Forest,0.14,0
mimic_perform_non_af_004,0,Random Forest,0.14,0
mimic_perform_non_af_004,0,Random Forest,0.14,0
mimic_perform_non_af_004,0,Random Forest,0.14,0
mimic_perform_non_af_004,0,Random Forest,0.14,0
mimic_perform_non_af_004,0,Random Forest,0.14,0
mimic_perform_non_af_004,0,Random Forest,0.25,0
mimic_perform_non_af_004,0,Random Forest,0.26,0
mimic_perform_non_af_004,0,Random Forest,0.26,0
mimic_perform_non_af_004,0,Random Forest,0.14,0
mimic_perform_non_af_004,0,Random Forest,0.14,0
mimic_perform_non_af_004,0,Random Forest,0.14,0
mimic_perform_non_af_004,0,Random Forest,0.14,0
mimic_perform_non_af_004,0,Random Forest,0.14,0
mimic_perform_non_af_004,0,Random Forest,0.14,0
mimic_perform_non_af_004,0,Random Forest,0.14,0
mimic_perform_non_af_004,0,Random Forest,0.3,0
mimic_perform_non_af_004,0,Random Forest,0.23,0
mimic_perform_non_af_004,0,Random Forest,0.23,0
mimic_perform_non_af_004,0,Random Forest,0.21,0
mimic_perform_non_af_004,0,Random Forest,0.14,0
mimic_perform_non_af_004,0,Random Forest,0.29,0
mimic_perform_non_af_004,0,Random Forest,0.29,0
mimic_perform_non_af_004,0,Random Forest,0.28,0
mimic_perform_non_af_004,0,Random Forest,0.14,0
mimic_perform_non_af_004,0,Random Forest,0.14,0
mimic_perform_non_af_004,0,Random Forest,0.14,0
mimic_perform_non_af_004,0,Random Forest,0.14,0
mimic_perform_non_af_004,0,Random Forest,0.14,0
mimic_perform_non_af_004,0,Random Forest,0.14,0
mimic_perform_non_af_004,0,Random Forest,0.14,0
mimic_perform_non_af_004,0,Random Forest,0.14,0
mimic_perform_non_af_004,0,Random Forest,0.14,0
mimic_perform_non_af_004,0,Random Forest,0.14,0
mimic_perform_non_af_004,0,Random Forest,0.15,0
mimic_perform_non_af_004,0,Random Forest,0.15,0
mimic_perform_non_af_004,0,Random Forest,0.15,0
mimic_perform_non_af_004,0,Random Forest,0.19,0
mimic_perform_non_af_004,0,Random Forest,0.27,0
mimic_perform_non_af_004,0,Random Forest,0.29,0
mimic_perform_non_af_004,0,Random Forest,0.26,0
mimic_perform_non_af_004,0,Random Forest,0.14,0
mimic_perform_non_af_004,0,Random Forest,0.14,0
mimic_perform_non_af_004,0,Random Forest,0.14,0
mimic_perform_non_af_004,0,Random Forest,0.3,0
mimic_perform_non_af_004,0,Random Forest,0.28,0
mimic_perform_non_af_004,0,Random Forest,0.29,0
mimic_perform_non_af_004,0,Random Forest,0.14,0
mimic_perform_non_af_004,0,Random Forest,0.23,0
mimic_perform_non_af_004,0,Random Forest,0.23,0
mimic_perform_non_af_004,0,Random Forest,0.37,0
mimic_perform_non_af_004,0,Random Forest,0.21,0
mimic_perform_non_af_004,0,Random Forest,0.2,0
mimic_perform_non_af_004,0,Random Forest,0.2,0
mimic_perform_non_af_005,0,Random Forest,0.0,0
mimic_perform_non_af_005,0,Random Forest,0.0,0
mimic_perform_non_af_005,0,Random Forest,0.0,0
mimic_perform_non_af_005,0,Random Forest,0.0,0
mimic_perform_non_af_005,0,Random Forest,0.0,0
mimic_perform_non_af_005,0,Random Forest,0.0,0
mimic_perform_non_af_005,0,Random Forest,0.0,0
mimic_perform_non_af_005,0,Random Forest,0.0,0
mimic_perform_non_af_005,0,Random Forest,0.0,0
mimic_perform_non_af_005,0,Random Forest,0.0,0
mimic_perform_non_af_005,0,Random Forest,0.0,0
mimic_perform_non_af_005,0,Random Forest,0.0,0
mimic_perform_non_af_005,0,Random Forest,0.0,0
mimic_perform_non_af_005,0,Random Forest,0.0,0
mimic_perform_non_af_005,0,Random Forest,0.0,0
mimic_perform_non_af_005,0,Random Forest,0.0,0
mimic_perform_non_af_005,0,Random Forest,0.0,0
mimic_perform_non_af_005,0,Random Forest,0.0,0
mimic_perform_non_af_005,0,Random Forest,0.0,0
mimic_perform_non_af_005,0,Random Forest,0.0,0
mimic_perform_non_af_005,0,Random Forest,0.0,0
mimic_perform_non_af_005,0,Random Forest,0.0,0
mimic_perform_non_af_005,0,Random Forest,0.0,0
mimic_perform_non_af_005,0,Random Forest,0.0,0
mimic_perform_non_af_005,0,Random Forest,0.0,0
mimic_perform_non_af_005,0,Random Forest,0.0,0
mimic_perform_non_af_005,0,Random Forest,0.0,0
mimic_perform_non_af_005,0,Random Forest,0.0,0
mimic_perform_non_af_005,0,Random Forest,0.0,0
mimic_perform_non_af_005,0,Random Forest,0.0,0
mimic_perform_non_af_005,0,Random Forest,0.0,0
mimic_perform_non_af_005,0,Random Forest,0.0,0
mimic_perform_non_af_005,0,Random Forest,0.0,0
mimic_perform_non_af_005,0,Random Forest,0.0,0
mimic_perform_non_af_005,0,Random Forest,0.0,0
mimic_perform_non_af_005,0,Random Forest,0.0,0
mimic_perform_non_af_005,0,Random Forest,0.0,0
mimic_perform_non_af_005,0,Random Forest,0.0,0
mimic_perform_non_af_005,0,Random Forest,0.0,0
mimic_perform_non_af_005,0,Random Forest,0.0,0
mimic_perform_non_af_005,0,Random Forest,0.0,0
mimic_perform_non_af_005,0,Random Forest,0.0,0
mimic_perform_non_af_005,0,Random Forest,0.0,0
mimic_perform_non_af_005,0,Random Forest,0.0,0
mimic_perform_non_af_005,0,Random Forest,0.0,0
mimic_perform_non_af_005,0,Random Forest,0.0,0
mimic_perform_non_af_005,0,Random Forest,0.0,0
mimic_perform_non_af_005,0,Random Forest,0.0,0
mimic_perform_non_af_005,0,Random Forest,0.0,0
mimic_perform_non_af_005,0,Random Forest,0.0,0
mimic_perform_non_af_005,0,Random Forest,0.0,0
mimic_perform_non_af_005,0,Random Forest,0.0,0
mimic_perform_non_af_005,0,Random Forest,0.0,0
mimic_perform_non_af_005,0,Random Forest,0.0,0
mimic_perform_non_af_005,0,Random Forest,0.0,0
mimic_perform_non_af_005,0,Random Forest,0.0,0
mimic_perform_non_af_005,0,Random Forest,0.0,0
mimic_perform_non_af_005,0,Random Forest,0.0,0
mimic_perform_non_af_005,0,Random Forest,0.0,0
mimic_perform_non_af_005,0,Random Forest,0.0,0
mimic_perform_non_af_005,0,Random Forest,0.0,0
mimic_perform_non_af_005,0,Random Forest,0.0,0
mimic_perform_non_af_005,0,Random Forest,0.0,0
mimic_perform_non_af_005,0,Random Forest,0.0,0
mimic_perform_non_af_005,0,Random Forest,0.0,0
mimic_perform_non_af_005,0,Random Forest,0.0,0
mimic_perform_non_af_005,0,Random Forest,0.0,0
mimic_perform_non_af_005,0,Random Forest,0.0,0
mimic_perform_non_af_005,0,Random Forest,0.0,0
mimic_perform_non_af_005,0,Random Forest,0.0,0
mimic_perform_non_af_005,0,Random Forest,0.0,0
mimic_perform_non_af_005,0,Random Forest,0.0,0
mimic_perform_non_af_005,0,Random Forest,0.0,0
mimic_perform_non_af_005,0,Random Forest,0.0,0
mimic_perform_non_af_005,0,Random Forest,0.0,0
mimic_perform_non_af_005,0,Random Forest,0.0,0
mimic_perform_non_af_005,0,Random Forest,0.0,0
mimic_perform_non_af_005,0,Random Forest,0.0,0
mimic_perform_non_af_005,0,Random Forest,0.0,0
mimic_perform_non_af_005,0,Random Forest,0.0,0
mimic_perform_non_af_005,0,Random Forest,0.0,0
mimic_perform_non_af_005,0,Random Forest,0.0,0
mimic_perform_non_af_005,0,Random Forest,0.0,0
mimic_perform_non_af_005,0,Random Forest,0.0,0
mimic_perform_non_af_005,0,Random Forest,0.0,0
mimic_perform_non_af_005,0,Random Forest,0.0,0
mimic_perform_non_af_005,0,Random Forest,0.0,0
mimic_perform_non_af_005,0,Random Forest,0.0,0
mimic_perform_non_af_005,0,Random Forest,0.0,0
mimic_perform_non_af_005,0,Random Forest,0.0,0
mimic_perform_non_af_005,0,Random Forest,0.0,0
mimic_perform_non_af_005,0,Random Forest,0.0,0
mimic_perform_non_af_005,0,Random Forest,0.0,0
mimic_perform_non_af_005,0,Random Forest,0.0,0
mimic_perform_non_af_005,0,Random Forest,0.0,0
mimic_perform_non_af_005,0,Random Forest,0.0,0
mimic_perform_non_af_005,0,Random Forest,0.0,0
mimic_perform_non_af_005,0,Random Forest,0.0,0
mimic_perform_non_af_005,0,Random Forest,0.0,0
mimic_perform_non_af_005,0,Random Forest,0.0,0
mimic_perform_non_af_005,0,Random Forest,0.0,0
mimic_perform_non_af_005,0,Random Forest,0.0,0
mimic_perform_non_af_005,0,Random Forest,0.0,0
mimic_perform_non_af_005,0,Random Forest,0.0,0
mimic_perform_non_af_005,0,Random Forest,0.0,0
mimic_perform_non_af_005,0,Random Forest,0.0,0
mimic_perform_non_af_005,0,Random Forest,0.0,0
mimic_perform_non_af_005,0,Random Forest,0.0,0
mimic_perform_non_af_005,0,Random Forest,0.0,0
mimic_perform_non_af_005,0,Random Forest,0.0,0
mimic_perform_non_af_005,0,Random Forest,0.0,0
mimic_perform_non_af_005,0,Random Forest,0.0,0
mimic_perform_non_af_005,0,Random Forest,0.0,0
mimic_perform_non_af_005,0,Random Forest,0.0,0
mimic_perform_non_af_005,0,Random Forest,0.0,0
mimic_perform_non_af_005,0,Random Forest,0.0,0
mimic_perform_non_af_005,0,Random Forest,0.0,0
mimic_perform_non_af_005,0,Random Forest,0.0,0
mimic_perform_non_af_006,0,Random Forest,0.06275873698224335,0
mimic_perform_non_af_006,0,Random Forest,0.04819535639362876,0
mimic_perform_non_af_006,0,Random Forest,0.04673980780767004,0
mimic_perform_non_af_006,0,Random Forest,0.000819490345182698,0
mimic_perform_non_af_006,0,Random Forest,0.0006174300179895094,0
mimic_perform_non_af_006,0,Random Forest,0.000819490345182698,0
mimic_perform_non_af_006,0,Random Forest,0.000556205528193591,0
mimic_perform_non_af_006,0,Random Forest,0.000556205528193591,0
mimic_perform_non_af_006,0,Random Forest,0.000556205528193591,0
mimic_perform_non_af_006,0,Random Forest,0.000556205528193591,0
mimic_perform_non_af_006,0,Random Forest,0.000819490345182698,0
mimic_perform_non_af_006,0,Random Forest,0.0015556132282898757,0
mimic_perform_non_af_006,0,Random Forest,0.089826714300511,0
mimic_perform_non_af_006,0,Random Forest,0.08021049356472508,0
mimic_perform_non_af_006,0,Random Forest,0.08575473793061106,0
mimic_perform_non_af_006,0,Random Forest,0.0036316040611736366,0
mimic_perform_non_af_006,0,Random Forest,0.0744620764603483,0
mimic_perform_non_af_006,0,Random Forest,0.0032284127520757957,0
mimic_perform_non_af_006,0,Random Forest,0.0019975198652808822,0
mimic_perform_non_af_006,0,Random Forest,0.0010292974388161915,0
mimic_perform_non_af_006,0,Random Forest,0.0010292974388161915,0
mimic_perform_non_af_006,0,Random Forest,0.0010292974388161915,0
mimic_perform_non_af_006,0,Random Forest,0.000556205528193591,0
mimic_perform_non_af_006,0,Random Forest,0.0034029400413695178,0
mimic_perform_non_af_006,0,Random Forest,0.0034029400413695178,0
mimic_perform_non_af_006,0,Random Forest,0.003462187949623013,0
mimic_perform_non_af_006,0,Random Forest,0.0019975198652808822,0
mimic_perform_non_af_006,0,Random Forest,0.05896931567750205,0
mimic_perform_non_af_006,0,Random Forest,0.062415448841534625,0
mimic_perform_non_af_006,0,Random Forest,0.06901365230122632,0
mimic_perform_non_af_006,0,Random Forest,0.0619276289920244,0
mimic_perform_non_af_006,0,Random Forest,0.46202282649035825,0
mimic_perform_non_af_006,0,Random Forest,0.07193543656843797,0
mimic_perform_non_af_006,0,Random Forest,0.08861187014794374,0
mimic_perform_non_af_006,0,Random Forest,0.05427690801868947,0
mimic_perform_non_af_006,0,Random Forest,0.0035596616151304717,0
mimic_perform_non_af_006,0,Random Forest,0.000662612839988891,0
mimic_perform_non_af_006,0,Random Forest,0.003982676233269191,0
mimic_perform_non_af_006,0,Random Forest,0.01054551158811785,0
mimic_perform_non_af_006,0,Random Forest,0.010767733810340073,0
mimic_perform_non_af_006,0,Random Forest,0.0034029400413695178,0
mimic_perform_non_af_006,0,Random Forest,0.003236274387295921,0
mimic_perform_non_af_006,0,Random Forest,0.0034029400413695178,0
mimic_perform_non_af_006,0,Random Forest,0.053951540542327585,0
mimic_perform_non_af_006,0,Random Forest,0.06122169405905008,0
mimic_perform_non_af_006,0,Random Forest,0.033029140978425235,0
mimic_perform_non_af_006,0,Random Forest,0.0034029400413695178,0
mimic_perform_non_af_006,0,Random Forest,0.006013346560359678,0
mimic_perform_non_af_006,0,Random Forest,0.011283469905129535,0
mimic_perform_non_af_006,0,Random Forest,0.6303568075220657,1
mimic_perform_non_af_006,0,Random Forest,0.11715088533488668,0
mimic_perform_non_af_006,0,Random Forest,0.05049584172808753,0
mimic_perform_non_af_006,0,Random Forest,0.005541917988931107,0
mimic_perform_non_af_006,0,Random Forest,0.0034563604437955076,0
mimic_perform_non_af_006,0,Random Forest,0.0034106457451567895,0
mimic_perform_non_af_006,0,Random Forest,0.01451207457093821,0
mimic_perform_non_af_006,0,Random Forest,0.006381740475460098,0
mimic_perform_non_af_006,0,Random Forest,0.01347488248741268,0
mimic_perform_non_af_006,0,Random Forest,0.0035596616151304717,0
mimic_perform_non_af_006,0,Random Forest,0.0034149905432456595,0
mimic_perform_non_af_006,0,Random Forest,0.003236274387295921,0
mimic_perform_non_af_006,0,Random Forest,0.022402977704297868,0
mimic_perform_non_af_006,0,Random Forest,0.0010292974388161915,0
mimic_perform_non_af_006,0,Random Forest,0.0010292974388161915,0
mimic_perform_non_af_006,0,Random Forest,0.0010292974388161915,0
mimic_perform_non_af_006,0,Random Forest,0.0035153249914061948,0
mimic_perform_non_af_006,0,Random Forest,0.0036316040611736366,0
mimic_perform_non_af_006,0,Random Forest,0.0034029400413695178,0
mimic_perform_non_af_006,0,Random Forest,0.003236274387295921,0
mimic_perform_non_af_006,0,Random Forest,0.0032284127520757957,0
mimic_perform_non_af_006,0,Random Forest,0.011745786407004214,0
mimic_perform_non_af_006,0,Random Forest,0.1113299911158721,0
mimic_perform_non_af_006,0,Random Forest,0.1310048507517806,0
mimic_perform_non_af_006,0,Random Forest,0.013217933991767534,0
mimic_perform_non_af_006,0,Random Forest,0.005586826300029649,0
mimic_perform_non_af_006,0,Random Forest,0.0006704744752090168,0
mimic_perform_non_af_006,0,Random Forest,0.0069080562649337825,0
mimic_perform_non_af_006,0,Random Forest,0.0034593271669699365,0
mimic_perform_non_af_006,0,Random Forest,0.06391035112989135,0
mimic_perform_non_af_006,0,Random Forest,0.0035153249914061948,0
mimic_perform_non_af_006,0,Random Forest,0.0034029400413695178,0
mimic_perform_non_af_006,0,Random Forest,0.0034563604437955076,0
mimic_perform_non_af_006,0,Random Forest,0.005120678467042101,0
mimic_perform_non_af_006,0,Random Forest,0.004264634510998146,0
mimic_perform_non_af_006,0,Random Forest,0.05585300896877203,0
mimic_perform_non_af_006,0,Random Forest,0.004736063082426718,0
mimic_perform_non_af_006,0,Random Forest,0.005013514323446044,0
mimic_perform_non_af_006,0,Random Forest,0.0035438126809958738,0
mimic_perform_non_af_006,0,Random Forest,0.004270867472865035,0
mimic_perform_non_af_006,0,Random Forest,0.005765668792763048,0
mimic_perform_non_af_006,0,Random Forest,0.0034029400413695178,0
mimic_perform_non_af_006,0,Random Forest,0.0046357286342661825,0
mimic_perform_non_af_006,0,Random Forest,0.0669205281192445,0
mimic_perform_non_af_006,0,Random Forest,0.004736063082426718,0
mimic_perform_non_af_006,0,Random Forest,0.01398248188101943,0
mimic_perform_non_af_006,0,Random Forest,0.0034593271669699365,0
mimic_perform_non_af_006,0,Random Forest,0.0034433825453630295,0
mimic_perform_non_af_006,0,Random Forest,0.0034029400413695178,0
mimic_perform_non_af_006,0,Random Forest,0.004041640780879879,0
mimic_perform_non_af_006,0,Random Forest,0.004041640780879879,0
mimic_perform_non_af_006,0,Random Forest,0.000556205528193591,0
mimic_perform_non_af_006,0,Random Forest,0.00047946768266432684,0
mimic_perform_non_af_006,0,Random Forest,0.000688601194577614,0
mimic_perform_non_af_006,0,Random Forest,0.000688601194577614,0
mimic_perform_non_af_006,0,Random Forest,0.0037496259584544477,0
mimic_perform_non_af_006,0,Random Forest,0.08157389876896337,0
mimic_perform_non_af_006,0,Random Forest,0.0008376170645512951,0
mimic_perform_non_af_006,0,Random Forest,0.002804702993494485,0
mimic_perform_non_af_006,0,Random Forest,0.0032112596671046213,0
mimic_perform_non_af_006,0,Random Forest,0.004349552089149903,0
mimic_perform_non_af_006,0,Random Forest,0.0010813801003074083,0
mimic_perform_non_af_006,0,Random Forest,0.001350710578574932,0
mimic_perform_non_af_006,0,Random Forest,0.0001969149289467556,0
mimic_perform_non_af_006,0,Random Forest,0.0001969149289467556,0
mimic_perform_non_af_006,0,Random Forest,0.0005472026756135983,0
mimic_perform_non_af_006,0,Random Forest,0.000555064310833724,0
mimic_perform_non_af_006,0,Random Forest,0.007126866412602526,0
mimic_perform_non_af_006,0,Random Forest,0.0001969149289467556,0
mimic_perform_non_af_007,0,Random Forest,0.0014520243041982173,0
mimic_perform_non_af_007,0,Random Forest,0.025266217527928098,0
mimic_perform_non_af_007,0,Random Forest,0.0,0
mimic_perform_non_af_007,0,Random Forest,0.0,0
mimic_perform_non_af_007,0,Random Forest,0.00028169014084507044,0
mimic_perform_non_af_007,0,Random Forest,0.01222713999310701,0
mimic_perform_non_af_007,0,Random Forest,0.10391288662088882,0
mimic_perform_non_af_007,0,Random Forest,0.0133552090043877,0
mimic_perform_non_af_007,0,Random Forest,0.0010799064173222165,0
mimic_perform_non_af_007,0,Random Forest,0.0,0
mimic_perform_non_af_007,0,Random Forest,0.0,0
mimic_perform_non_af_007,0,Random Forest,0.0,0
mimic_perform_non_af_007,0,Random Forest,0.0,0
mimic_perform_non_af_007,0,Random Forest,0.00028169014084507044,0
mimic_perform_non_af_007,0,Random Forest,0.00028169014084507044,0
mimic_perform_non_af_007,0,Random Forest,0.00033133765275157877,0
mimic_perform_non_af_007,0,Random Forest,0.000536906834264011,0
mimic_perform_non_af_007,0,Random Forest,0.0,0
mimic_perform_non_af_007,0,Random Forest,0.0,0
mimic_perform_non_af_007,0,Random Forest,0.0,0
mimic_perform_non_af_007,0,Random Forest,0.0,0
mimic_perform_non_af_007,0,Random Forest,0.0,0
mimic_perform_non_af_007,0,Random Forest,0.0,0
mimic_perform_non_af_007,0,Random Forest,0.0,0
mimic_perform_non_af_007,0,Random Forest,0.00028169014084507044,0
mimic_perform_non_af_007,0,Random Forest,0.0003603231599979556,0
mimic_perform_non_af_007,0,Random Forest,0.010431024992497541,0
mimic_perform_non_af_007,0,Random Forest,0.0011453107067832553,0
mimic_perform_non_af_007,0,Random Forest,0.002012854278821295,0
mimic_perform_non_af_007,0,Random Forest,0.0011311342721111958,0
mimic_perform_non_af_007,0,Random Forest,8.88657467673349e-05,0
mimic_perform_non_af_007,0,Random Forest,0.003339913622663754,0
mimic_perform_non_af_007,0,Random Forest,0.001001972500441953,0
mimic_perform_non_af_007,0,Random Forest,0.0,0
mimic_perform_non_af_007,0,Random Forest,0.000536906834264011,0
mimic_perform_non_af_007,0,Random Forest,0.0,0
mimic_perform_non_af_007,0,Random Forest,0.0,0
mimic_perform_non_af_007,0,Random Forest,0.01571397008788313,0
mimic_perform_non_af_007,0,Random Forest,0.21394964398268906,0
mimic_perform_non_af_007,0,Random Forest,0.029488603202051343,0
mimic_perform_non_af_007,0,Random Forest,0.3607004640637792,0
mimic_perform_non_af_007,0,Random Forest,0.01711397008788313,0
mimic_perform_non_af_007,0,Random Forest,0.0,0
mimic_perform_non_af_007,0,Random Forest,0.0,0
mimic_perform_non_af_007,0,Random Forest,0.0,0
mimic_perform_non_af_007,0,Random Forest,0.0,0
mimic_perform_non_af_007,0,Random Forest,0.05071837600423181,0
mimic_perform_non_af_007,0,Random Forest,0.017939244813157854,0
mimic_perform_non_af_007,0,Random Forest,0.7755269607624555,1
mimic_perform_non_af_007,0,Random Forest,0.923257690960823,1
mimic_perform_non_af_007,0,Random Forest,0.8970979412731165,1
mimic_perform_non_af_007,0,Random Forest,0.9572924256508402,1
mimic_perform_non_af_007,0,Random Forest,0.951001716995222,1
mimic_perform_non_af_007,0,Random Forest,0.21993185257172843,0
mimic_perform_non_af_007,0,Random Forest,0.850556795365943,1
mimic_perform_non_af_007,0,Random Forest,0.7328647384831918,1
mimic_perform_non_af_007,0,Random Forest,0.005869483157189303,0
mimic_perform_non_af_007,0,Random Forest,0.0003603231599979556,0
mimic_perform_non_af_007,0,Random Forest,0.000878712291847241,0
mimic_perform_non_af_007,0,Random Forest,0.0029714839296956087,0
mimic_perform_non_af_007,0,Random Forest,0.01297148392969561,0
mimic_perform_non_af_007,0,Random Forest,0.015548970336676482,0
mimic_perform_non_af_007,0,Random Forest,0.0002120468903077599,0
mimic_perform_non_af_007,0,Random Forest,0.07178315941721261,0
mimic_perform_non_af_007,0,Random Forest,0.015015990751376343,0
mimic_perform_non_af_007,0,Random Forest,0.015015990751376343,0
mimic_perform_non_af_007,0,Random Forest,0.01603755038408006,0
mimic_perform_non_af_007,0,Random Forest,0.0018314578929304415,0
mimic_perform_non_af_007,0,Random Forest,0.0016124797907406602,0
mimic_perform_non_af_007,0,Random Forest,0.0014520243041982173,0
mimic_perform_non_af_007,0,Random Forest,0.004502767775384409,0
mimic_perform_non_af_007,0,Random Forest,0.004502767775384409,0
mimic_perform_non_af_007,0,Random Forest,0.02048376887147502,0
mimic_perform_non_af_007,0,Random Forest,0.0076551974429035895,0
mimic_perform_non_af_007,0,Random Forest,0.055586296757214576,0
mimic_perform_non_af_007,0,Random Forest,0.05805298422560085,0
mimic_perform_non_af_007,0,Random Forest,0.011045380223641092,0
mimic_perform_non_af_007,0,Random Forest,0.01524562491824155,0
mimic_perform_non_af_007,0,Random Forest,0.0002120468903077599,0
mimic_perform_non_af_007,0,Random Forest,0.008431339203955836,0
mimic_perform_non_af_007,0,Random Forest,0.002042842193719696,0
mimic_perform_non_af_007,0,Random Forest,0.09049950437212101,0
mimic_perform_non_af_007,0,Random Forest,0.0031027677753844084,0
mimic_perform_non_af_007,0,Random Forest,0.10812701283284111,0
mimic_perform_non_af_007,0,Random Forest,0.04055540642931947,0
mimic_perform_non_af_007,0,Random Forest,0.013821597754334326,0
mimic_perform_non_af_007,0,Random Forest,0.007582101956015001,0
mimic_perform_non_af_007,0,Random Forest,0.0015948814470553602,0
mimic_perform_non_af_007,0,Random Forest,0.0,0
mimic_perform_non_af_007,0,Random Forest,0.019204217050746725,0
mimic_perform_non_af_007,0,Random Forest,0.0031027677753844084,0
mimic_perform_non_af_007,0,Random Forest,0.0031027677753844084,0
mimic_perform_non_af_007,0,Random Forest,0.0014520243041982173,0
mimic_perform_non_af_007,0,Random Forest,0.0,0
mimic_perform_non_af_007,0,Random Forest,0.00014134505780817456,0
mimic_perform_non_af_007,0,Random Forest,0.002612359550561798,0
mimic_perform_non_af_007,0,Random Forest,0.0,0
mimic_perform_non_af_007,0,Random Forest,0.0,0
mimic_perform_non_af_007,0,Random Forest,0.0,0
mimic_perform_non_af_007,0,Random Forest,0.002675961967415704,0
mimic_perform_non_af_007,0,Random Forest,0.013012340300046445,0
mimic_perform_non_af_007,0,Random Forest,0.033386815145638675,0
mimic_perform_non_af_007,0,Random Forest,0.22548703030097664,0
mimic_perform_non_af_007,0,Random Forest,0.10018471004353356,0
mimic_perform_non_af_007,0,Random Forest,0.0031027677753844084,0
mimic_perform_non_af_007,0,Random Forest,0.0006173659032217095,0
mimic_perform_non_af_007,0,Random Forest,0.00030295598121685076,0
mimic_perform_non_af_007,0,Random Forest,0.00030295598121685076,0
mimic_perform_non_af_007,0,Random Forest,0.011262890911599117,0
mimic_perform_non_af_007,0,Random Forest,0.017582101956014996,0
mimic_perform_non_af_007,0,Random Forest,0.033821597754334326,0
mimic_perform_non_af_007,0,Random Forest,0.5927544896586092,1
mimic_perform_non_af_007,0,Random Forest,0.018769434442051074,0
mimic_perform_non_af_007,0,Random Forest,0.01450276777538441,0
mimic_perform_non_af_007,0,Random Forest,0.03938776683429651,0
mimic_perform_non_af_007,0,Random Forest,0.1797893700619867,0
mimic_perform_non_af_007,0,Random Forest,0.28408159651946674,0
mimic_perform_non_af_007,0,Random Forest,0.24118419070745697,0
mimic_perform_non_af_008,0,Random Forest,0.022560713107973952,0
mimic_perform_non_af_008,0,Random Forest,0.029242996842101122,0
mimic_perform_non_af_008,0,Random Forest,0.6796280331432386,1
mimic_perform_non_af_008,0,Random Forest,0.5304015700177803,1
mimic_perform_non_af_008,0,Random Forest,0.039410382048150686,0
mimic_perform_non_af_008,0,Random Forest,0.10551901838576233,0
mimic_perform_non_af_008,0,Random Forest,0.00754935178749687,0
mimic_perform_non_af_008,0,Random Forest,0.00856934686532216,0
mimic_perform_non_af_008,0,Random Forest,0.0004331628068425089,0
mimic_perform_non_af_008,0,Random Forest,0.0004331628068425089,0
mimic_perform_non_af_008,0,Random Forest,0.00036517513133836686,0
mimic_perform_non_af_008,0,Random Forest,0.00012424911894043193,0
mimic_perform_non_af_008,0,Random Forest,0.00012424911894043193,0
mimic_perform_non_af_008,0,Random Forest,0.00012424911894043193,0
mimic_perform_non_af_008,0,Random Forest,0.0002430610847070798,0
mimic_perform_non_af_008,0,Random Forest,0.00012424911894043193,0
mimic_perform_non_af_008,0,Random Forest,0.025243538662617887,0
mimic_perform_non_af_008,0,Random Forest,0.02747960242969549,0
mimic_perform_non_af_008,0,Random Forest,0.0297341868137757,0
mimic_perform_non_af_008,0,Random Forest,0.021421946608633103,0
mimic_perform_non_af_008,0,Random Forest,0.013931356043033603,0
mimic_perform_non_af_008,0,Random Forest,0.008442740667287391,0
mimic_perform_non_af_008,0,Random Forest,0.008288894513441237,0
mimic_perform_non_af_008,0,Random Forest,0.006055792768061689,0
mimic_perform_non_af_008,0,Random Forest,0.006055792768061689,0
mimic_perform_non_af_008,0,Random Forest,0.00012424911894043193,0
mimic_perform_non_af_008,0,Random Forest,0.018814817214176986,0
mimic_perform_non_af_008,0,Random Forest,0.018695664052717366,0
mimic_perform_non_af_008,0,Random Forest,0.009533350787619587,0
mimic_perform_non_af_008,0,Random Forest,0.0002430610847070798,0
mimic_perform_non_af_008,0,Random Forest,0.00012424911894043193,0
mimic_perform_non_af_008,0,Random Forest,0.0002508553169752014,0
mimic_perform_non_af_008,0,Random Forest,0.0004253685745743873,0
mimic_perform_non_af_008,0,Random Forest,0.005800261886385305,0
mimic_perform_non_af_008,0,Random Forest,0.006608229518394305,0
mimic_perform_non_af_008,0,Random Forest,0.016198737228675417,0
mimic_perform_non_af_008,0,Random Forest,0.00992164200900048,0
mimic_perform_non_af_008,0,Random Forest,0.009018919512521414,0
mimic_perform_non_af_008,0,Random Forest,0.0002430610847070798,0
mimic_perform_non_af_008,0,Random Forest,0.0002430610847070798,0
mimic_perform_non_af_008,0,Random Forest,0.0002430610847070798,0
mimic_perform_non_af_008,0,Random Forest,0.0002508553169752014,0
mimic_perform_non_af_008,0,Random Forest,0.00012424911894043193,0
mimic_perform_non_af_008,0,Random Forest,0.00012424911894043193,0
mimic_perform_non_af_008,0,Random Forest,0.00012424911894043193,0
mimic_perform_non_af_008,0,Random Forest,0.0002508553169752014,0
mimic_perform_non_af_008,0,Random Forest,0.003111707524428377,0
mimic_perform_non_af_008,0,Random Forest,0.004227167644592405,0
mimic_perform_non_af_008,0,Random Forest,0.0038478651083605204,0
mimic_perform_non_af_008,0,Random Forest,0.0025529562580304727,0
mimic_perform_non_af_008,0,Random Forest,0.0026504114344330183,0
mimic_perform_non_af_008,0,Random Forest,0.00972060364897731,0
mimic_perform_non_af_008,0,Random Forest,0.0041707766671487964,0
mimic_perform_non_af_008,0,Random Forest,0.0035649154097836633,0
mimic_perform_non_af_008,0,Random Forest,0.00012424911894043193,0
mimic_perform_non_af_008,0,Random Forest,0.0002508553169752014,0
mimic_perform_non_af_008,0,Random Forest,0.0002508553169752014,0
mimic_perform_non_af_008,0,Random Forest,0.0002430610847070798,0
mimic_perform_non_af_008,0,Random Forest,0.054573325517280086,0
mimic_perform_non_af_008,0,Random Forest,0.004766106153435751,0
mimic_perform_non_af_008,0,Random Forest,0.004480016194452218,0
mimic_perform_non_af_008,0,Random Forest,0.021475522642548123,0
mimic_perform_non_af_008,0,Random Forest,0.0014755226425481258,0
mimic_perform_non_af_008,0,Random Forest,0.00012424911894043193,0
mimic_perform_non_af_008,0,Random Forest,0.002190438997681256,0
mimic_perform_non_af_008,0,Random Forest,0.004333123493833454,0
mimic_perform_non_af_008,0,Random Forest,0.002713995217422002,0
mimic_perform_non_af_008,0,Random Forest,0.0004706315699811601,0
mimic_perform_non_af_008,0,Random Forest,0.031475522642548125,0
mimic_perform_non_af_008,0,Random Forest,0.0002430610847070798,0
mimic_perform_non_af_008,0,Random Forest,0.00012424911894043193,0
mimic_perform_non_af_008,0,Random Forest,0.014082240108360518,0
mimic_perform_non_af_008,0,Random Forest,0.004227167644592405,0
mimic_perform_non_af_008,0,Random Forest,0.0032486674286512614,0
mimic_perform_non_af_008,0,Random Forest,0.0002430610847070798,0
mimic_perform_non_af_008,0,Random Forest,0.011475522642548124,0
mimic_perform_non_af_008,0,Random Forest,0.0002508553169752014,0
mimic_perform_non_af_008,0,Random Forest,0.0002508553169752014,0
mimic_perform_non_af_008,0,Random Forest,0.0003573808990702453,0
mimic_perform_non_af_008,0,Random Forest,0.0004253685745743873,0
mimic_perform_non_af_008,0,Random Forest,0.00012424911894043193,0
mimic_perform_non_af_008,0,Random Forest,0.00012424911894043193,0
mimic_perform_non_af_008,0,Random Forest,0.00012424911894043193,0
mimic_perform_non_af_008,0,Random Forest,0.00012424911894043193,0
mimic_perform_non_af_008,0,Random Forest,0.00012424911894043193,0
mimic_perform_non_af_008,0,Random Forest,0.03157352924320819,0
mimic_perform_non_af_008,0,Random Forest,0.00023856893330359745,0
mimic_perform_non_af_008,0,Random Forest,0.00023856893330359745,0
mimic_perform_non_af_008,0,Random Forest,0.00012424911894043193,0
mimic_perform_non_af_008,0,Random Forest,0.00012424911894043193,0
mimic_perform_non_af_008,0,Random Forest,0.00012424911894043193,0
mimic_perform_non_af_008,0,Random Forest,0.00012424911894043193,0
mimic_perform_non_af_008,0,Random Forest,0.00012424911894043193,0
mimic_perform_non_af_008,0,Random Forest,0.00012424911894043193,0
mimic_perform_non_af_008,0,Random Forest,0.0026600637257184058,0
mimic_perform_non_af_008,0,Random Forest,0.002551119670297542,0
mimic_perform_non_af_008,0,Random Forest,0.0019328784504603965,0
mimic_perform_non_af_008,0,Random Forest,0.0002430610847070798,0
mimic_perform_non_af_008,0,Random Forest,0.0002430610847070798,0
mimic_perform_non_af_008,0,Random Forest,0.0002508553169752014,0
mimic_perform_non_af_008,0,Random Forest,0.0002508553169752014,0
mimic_perform_non_af_008,0,Random Forest,0.00012424911894043193,0
mimic_perform_non_af_008,0,Random Forest,0.00012424911894043193,0
mimic_perform_non_af_008,0,Random Forest,0.0002508553169752014,0
mimic_perform_non_af_008,0,Random Forest,0.0002508553169752014,0
mimic_perform_non_af_008,0,Random Forest,0.017497647411833173,0
mimic_perform_non_af_008,0,Random Forest,0.007728643829487576,0
mimic_perform_non_af_008,0,Random Forest,0.03665173142304175,0
mimic_perform_non_af_008,0,Random Forest,0.0169626413690233,0
mimic_perform_non_af_008,0,Random Forest,0.01791298291312141,0
mimic_perform_non_af_008,0,Random Forest,0.0180580383173075,0
mimic_perform_non_af_008,0,Random Forest,0.004827469243399964,0
mimic_perform_non_af_008,0,Random Forest,0.005037476549097818,0
mimic_perform_non_af_008,0,Random Forest,0.010200830494615025,0
mimic_perform_non_af_008,0,Random Forest,0.01857837181515185,0
mimic_perform_non_af_008,0,Random Forest,0.13353973517010526,0
mimic_perform_non_af_008,0,Random Forest,0.08800624815751984,0
mimic_perform_non_af_008,0,Random Forest,0.03368673621088216,0
mimic_perform_non_af_009,0,Random Forest,0.00031863634572815955,0
mimic_perform_non_af_009,0,Random Forest,0.0002318669423670862,0
mimic_perform_non_af_009,0,Random Forest,0.0002318669423670862,0
mimic_perform_non_af_009,0,Random Forest,0.00031863634572815955,0
mimic_perform_non_af_009,0,Random Forest,0.0002318669423670862,0
mimic_perform_non_af_009,0,Random Forest,0.0002318669423670862,0
mimic_perform_non_af_009,0,Random Forest,0.0002318669423670862,0
mimic_perform_non_af_009,0,Random Forest,0.04900602522188674,0
mimic_perform_non_af_009,0,Random Forest,0.049502417318587615,0
mimic_perform_non_af_009,0,Random Forest,0.06058813049673551,0
mimic_perform_non_af_009,0,Random Forest,0.00032650416634184956,0
mimic_perform_non_af_009,0,Random Forest,0.00032650416634184956,0
mimic_perform_non_af_009,0,Random Forest,0.00032650416634184956,0
mimic_perform_non_af_009,0,Random Forest,0.00032650416634184956,0
mimic_perform_non_af_009,0,Random Forest,0.00032650416634184956,0
mimic_perform_non_af_009,0,Random Forest,0.00032650416634184956,0
mimic_perform_non_af_009,0,Random Forest,0.00031863634572815955,0
mimic_perform_non_af_009,0,Random Forest,0.0020566156451805213,0
mimic_perform_non_af_009,0,Random Forest,0.0033364324280600027,0
mimic_perform_non_af_009,0,Random Forest,0.003027023640390345,0
mimic_perform_non_af_009,0,Random Forest,0.0030738077742298916,0
mimic_perform_non_af_009,0,Random Forest,0.0031136242403100554,0
mimic_perform_non_af_009,0,Random Forest,0.0031136242403100554,0
mimic_perform_non_af_009,0,Random Forest,0.0002318669423670862,0
mimic_perform_non_af_009,0,Random Forest,0.0002318669423670862,0
mimic_perform_non_af_009,0,Random Forest,0.0002318669423670862,0
mimic_perform_non_af_009,0,Random Forest,0.0002318669423670862,0
mimic_perform_non_af_009,0,Random Forest,0.0002318669423670862,0
mimic_perform_non_af_009,0,Random Forest,0.00128452275104432,0
mimic_perform_non_af_009,0,Random Forest,0.00128452275104432,0
mimic_perform_non_af_009,0,Random Forest,0.00128452275104432,0
mimic_perform_non_af_009,0,Random Forest,0.00032650416634184956,0
mimic_perform_non_af_009,0,Random Forest,0.0002318669423670862,0
mimic_perform_non_af_009,0,Random Forest,0.0002318669423670862,0
mimic_perform_non_af_009,0,Random Forest,0.0002318669423670862,0
mimic_perform_non_af_009,0,Random Forest,0.00031863634572815955,0
mimic_perform_non_af_009,0,Random Forest,0.00032650416634184956,0
mimic_perform_non_af_009,0,Random Forest,0.0002318669423670862,0
mimic_perform_non_af_009,0,Random Forest,0.00031863634572815955,0
mimic_perform_non_af_009,0,Random Forest,0.00032650416634184956,0
mimic_perform_non_af_009,0,Random Forest,0.00032650416634184956,0
mimic_perform_non_af_009,0,Random Forest,0.0002318669423670862,0
mimic_perform_non_af_009,0,Random Forest,0.00031863634572815955,0
mimic_perform_non_af_009,0,Random Forest,0.00031863634572815955,0
mimic_perform_non_af_009,0,Random Forest,0.0002318669423670862,0
mimic_perform_non_af_009,0,Random Forest,0.0011245931005878353,0
mimic_perform_non_af_009,0,Random Forest,0.0009394079154026501,0
mimic_perform_non_af_009,0,Random Forest,0.0008983205977591824,0
mimic_perform_non_af_009,0,Random Forest,0.00032650416634184956,0
mimic_perform_non_af_009,0,Random Forest,0.0002318669423670862,0
mimic_perform_non_af_009,0,Random Forest,0.00031863634572815955,0
mimic_perform_non_af_009,0,Random Forest,0.00031863634572815955,0
mimic_perform_non_af_009,0,Random Forest,0.00031863634572815955,0
mimic_perform_non_af_009,0,Random Forest,0.000833650131040823,0
mimic_perform_non_af_009,0,Random Forest,0.000833650131040823,0
mimic_perform_non_af_009,0,Random Forest,0.00032650416634184956,0
mimic_perform_non_af_009,0,Random Forest,0.00032650416634184956,0
mimic_perform_non_af_009,0,Random Forest,0.00032650416634184956,0
mimic_perform_non_af_009,0,Random Forest,0.0002318669423670862,0
mimic_perform_non_af_009,0,Random Forest,0.00032650416634184956,0
mimic_perform_non_af_009,0,Random Forest,0.00029426272423223597,0
mimic_perform_non_af_009,0,Random Forest,0.0002318669423670862,0
mimic_perform_non_af_009,0,Random Forest,0.00031863634572815955,0
mimic_perform_non_af_009,0,Random Forest,0.0002318669423670862,0
mimic_perform_non_af_009,0,Random Forest,0.00032650416634184956,0
mimic_perform_non_af_009,0,Random Forest,0.0002318669423670862,0
mimic_perform_non_af_009,0,Random Forest,0.0002318669423670862,0
mimic_perform_non_af_009,0,Random Forest,0.0002318669423670862,0
mimic_perform_non_af_009,0,Random Forest,0.0002318669423670862,0
mimic_perform_non_af_009,0,Random Forest,0.00031863634572815955,0
mimic_perform_non_af_009,0,Random Forest,0.0002318669423670862,0
mimic_perform_non_af_009,0,Random Forest,0.0002318669423670862,0
mimic_perform_non_af_009,0,Random Forest,0.0009762109150986935,0
mimic_perform_non_af_009,0,Random Forest,0.0009762109150986935,0
mimic_perform_non_af_009,0,Random Forest,0.0008815736911239301,0
mimic_perform_non_af_009,0,Random Forest,0.0007631473174553049,0
mimic_perform_non_af_009,0,Random Forest,0.0006963885059387449,0
mimic_perform_non_af_009,0,Random Forest,0.0013376566982312237,0
mimic_perform_non_af_009,0,Random Forest,0.000975869193870137,0
mimic_perform_non_af_009,0,Random Forest,0.0006963885059387449,0
mimic_perform_non_af_009,0,Random Forest,0.0009762109150986935,0
mimic_perform_non_af_009,0,Random Forest,0.0009762109150986935,0
mimic_perform_non_af_009,0,Random Forest,0.0008577845414300683,0
mimic_perform_non_af_009,0,Random Forest,0.0011245931005878353,0
mimic_perform_non_af_009,0,Random Forest,0.0003292926197449237,0
mimic_perform_non_af_009,0,Random Forest,0.0008815736911239301,0
mimic_perform_non_af_009,0,Random Forest,0.0009762109150986935,0
mimic_perform_non_af_009,0,Random Forest,0.0009762109150986935,0
mimic_perform_non_af_009,0,Random Forest,0.0009762109150986935,0
mimic_perform_non_af_009,0,Random Forest,0.0008815736911239301,0
mimic_perform_non_af_009,0,Random Forest,0.0008815736911239301,0
mimic_perform_non_af_009,0,Random Forest,0.0008815736911239301,0
mimic_perform_non_af_009,0,Random Forest,0.000557870014495418,0
mimic_perform_non_af_009,0,Random Forest,0.0006963885059387449,0
mimic_perform_non_af_009,0,Random Forest,0.0006963885059387449,0
mimic_perform_non_af_009,0,Random Forest,0.0006963885059387449,0
mimic_perform_non_af_009,0,Random Forest,0.010557870014495416,0
mimic_perform_non_af_009,0,Random Forest,0.08941669628708696,0
mimic_perform_non_af_009,0,Random Forest,0.1383938451667614,0
mimic_perform_non_af_009,0,Random Forest,0.11557193521551389,0
mimic_perform_non_af_009,0,Random Forest,0.07023074663012262,0
mimic_perform_non_af_009,0,Random Forest,0.09804414726747909,0
mimic_perform_non_af_009,0,Random Forest,0.0010099988867029014,0
mimic_perform_non_af_009,0,Random Forest,0.0009762109150986935,0
mimic_perform_non_af_009,0,Random Forest,0.0006963885059387449,0
mimic_perform_non_af_009,0,Random Forest,0.0011761068392245628,0
mimic_perform_non_af_009,0,Random Forest,0.0008248137015177164,0
mimic_perform_non_af_009,0,Random Forest,0.000557870014495418,0
mimic_perform_non_af_009,0,Random Forest,0.0011761068392245628,0
mimic_perform_non_af_009,0,Random Forest,0.007970164004489712,0
mimic_perform_non_af_009,0,Random Forest,0.0008376924236553667,0
mimic_perform_non_af_009,0,Random Forest,0.0009762109150986935,0
mimic_perform_non_af_009,0,Random Forest,0.0009762109150986935,0
mimic_perform_non_af_009,0,Random Forest,0.0006963885059387449,0
mimic_perform_non_af_009,0,Random Forest,0.0006963885059387449,0
mimic_perform_non_af_009,0,Random Forest,0.0006963885059387449,0
mimic_perform_non_af_009,0,Random Forest,0.0011761068392245628,0
mimic_perform_non_af_009,0,Random Forest,0.26790816888292,0
mimic_perform_non_af_010,0,Random Forest,0.018281941660545437,0
mimic_perform_non_af_010,0,Random Forest,0.0007599528936243014,0
mimic_perform_non_af_010,0,Random Forest,0.00041169717288480916,0
mimic_perform_non_af_010,0,Random Forest,0.0004193894805771169,0
mimic_perform_non_af_010,0,Random Forest,0.0008064348347922297,0
mimic_perform_non_af_010,0,Random Forest,0.0007599528936243014,0
mimic_perform_non_af_010,0,Random Forest,0.0008535396687037263,0
mimic_perform_non_af_010,0,Random Forest,0.0006732600700893727,0
mimic_perform_non_af_010,0,Random Forest,0.0012166089606529989,0
mimic_perform_non_af_010,0,Random Forest,0.0012166089606529989,0
mimic_perform_non_af_010,0,Random Forest,0.12581144873740407,0
mimic_perform_non_af_010,0,Random Forest,0.016556704064237288,0
mimic_perform_non_af_010,0,Random Forest,0.08932930017717355,0
mimic_perform_non_af_010,0,Random Forest,0.0007599528936243014,0
mimic_perform_non_af_010,0,Random Forest,0.0007599528936243014,0
mimic_perform_non_af_010,0,Random Forest,0.08646938523488129,0
mimic_perform_non_af_010,0,Random Forest,0.8722400406824435,1
mimic_perform_non_af_010,0,Random Forest,0.8511527661641343,1
mimic_perform_non_af_010,0,Random Forest,0.9404764402381189,1
mimic_perform_non_af_010,0,Random Forest,0.9921133802566162,1
mimic_perform_non_af_010,0,Random Forest,0.027059441596146996,0
mimic_perform_non_af_010,0,Random Forest,0.0008535396687037263,0
mimic_perform_non_af_010,0,Random Forest,0.0011261970618013104,0
mimic_perform_non_af_010,0,Random Forest,0.013646693809557391,0
mimic_perform_non_af_010,0,Random Forest,0.01790512389442303,0
mimic_perform_non_af_010,0,Random Forest,0.23358970351896352,0
mimic_perform_non_af_010,0,Random Forest,0.01754161860003172,0
mimic_perform_non_af_010,0,Random Forest,0.01790123058049142,0
mimic_perform_non_af_010,0,Random Forest,0.0006732600700893727,0
mimic_perform_non_af_010,0,Random Forest,0.0008535396687037263,0
mimic_perform_non_af_010,0,Random Forest,0.0022347452567216507,0
mimic_perform_non_af_010,0,Random Forest,0.0016226957357324237,0
mimic_perform_non_af_010,0,Random Forest,0.032564712354948316,0
mimic_perform_non_af_010,0,Random Forest,0.025762705592922347,0
mimic_perform_non_af_010,0,Random Forest,0.01576270559292234,0
mimic_perform_non_af_010,0,Random Forest,0.022137690423954384,0
mimic_perform_non_af_010,0,Random Forest,0.02303878953972489,0
mimic_perform_non_af_010,0,Random Forest,0.024624872492204304,0
mimic_perform_non_af_010,0,Random Forest,0.001820803833149303,0
mimic_perform_non_af_010,0,Random Forest,0.0007599528936243014,0
mimic_perform_non_af_010,0,Random Forest,0.024802508652368084,0
mimic_perform_non_af_010,0,Random Forest,0.014503001034069105,0
mimic_perform_non_af_010,0,Random Forest,0.005984266769173519,0
mimic_perform_non_af_010,0,Random Forest,0.0001458835966986028,0
mimic_perform_non_af_010,0,Random Forest,0.0007659983543878677,0
mimic_perform_non_af_010,0,Random Forest,0.0010395042382663818,0
mimic_perform_non_af_010,0,Random Forest,0.0015727245471387397,0
mimic_perform_non_af_010,0,Random Forest,0.00041169717288480916,0
mimic_perform_non_af_010,0,Random Forest,0.0004193894805771169,0
mimic_perform_non_af_010,0,Random Forest,0.0001458835966986028,0
mimic_perform_non_af_010,0,Random Forest,0.0001458835966986028,0
mimic_perform_non_af_010,0,Random Forest,0.002617980405940532,0
mimic_perform_non_af_010,0,Random Forest,0.00523667752080531,0
mimic_perform_non_af_010,0,Random Forest,0.004934942614490251,0
mimic_perform_non_af_010,0,Random Forest,0.0049009535548118896,0
mimic_perform_non_af_010,0,Random Forest,0.00041169717288480916,0
mimic_perform_non_af_010,0,Random Forest,0.00041169717288480916,0
mimic_perform_non_af_010,0,Random Forest,0.0001458835966986028,0
mimic_perform_non_af_010,0,Random Forest,0.0001458835966986028,0
mimic_perform_non_af_010,0,Random Forest,0.0001458835966986028,0
mimic_perform_non_af_010,0,Random Forest,0.0004193894805771169,0
mimic_perform_non_af_010,0,Random Forest,0.0013396551436645875,0
mimic_perform_non_af_010,0,Random Forest,0.0013396551436645875,0
mimic_perform_non_af_010,0,Random Forest,0.00041169717288480916,0
mimic_perform_non_af_010,0,Random Forest,0.00041169717288480916,0
mimic_perform_non_af_010,0,Random Forest,0.00041169717288480916,0
mimic_perform_non_af_010,0,Random Forest,0.00041169717288480916,0
mimic_perform_non_af_010,0,Random Forest,0.0007987425270999219,0
mimic_perform_non_af_010,0,Random Forest,0.0007599528936243014,0
mimic_perform_non_af_010,0,Random Forest,0.0008535396687037263,0
mimic_perform_non_af_010,0,Random Forest,0.011210283249368354,0
mimic_perform_non_af_010,0,Random Forest,0.006749042877738691,0
mimic_perform_non_af_010,0,Random Forest,0.0001458835966986028,0
mimic_perform_non_af_010,0,Random Forest,0.0004401906666152206,0
mimic_perform_non_af_010,0,Random Forest,0.014621047202149757,0
mimic_perform_non_af_010,0,Random Forest,0.04646337026036009,0
mimic_perform_non_af_010,0,Random Forest,0.0001458835966986028,0
mimic_perform_non_af_010,0,Random Forest,0.0001458835966986028,0
mimic_perform_non_af_010,0,Random Forest,0.0001458835966986028,0
mimic_perform_non_af_010,0,Random Forest,0.0004193894805771169,0
mimic_perform_non_af_010,0,Random Forest,0.0004193894805771169,0
mimic_perform_non_af_010,0,Random Forest,0.0004193894805771169,0
mimic_perform_non_af_010,0,Random Forest,0.0001458835966986028,0
mimic_perform_non_af_010,0,Random Forest,0.0013396551436645875,0
mimic_perform_non_af_010,0,Random Forest,0.0013396551436645875,0
mimic_perform_non_af_010,0,Random Forest,0.02132380728312576,0
mimic_perform_non_af_010,0,Random Forest,0.02326099114069185,0
mimic_perform_non_af_010,0,Random Forest,0.0863614698944078,0
mimic_perform_non_af_010,0,Random Forest,0.9644988913464322,1
mimic_perform_non_af_010,0,Random Forest,0.4464569111372157,0
mimic_perform_non_af_010,0,Random Forest,0.6623467201298614,1
mimic_perform_non_af_010,0,Random Forest,0.7652515253859313,1
mimic_perform_non_af_010,0,Random Forest,0.08287535103400051,0
mimic_perform_non_af_010,0,Random Forest,0.009401020337920136,0
mimic_perform_non_af_010,0,Random Forest,0.0001458835966986028,0
mimic_perform_non_af_010,0,Random Forest,0.002767036451298111,0
mimic_perform_non_af_010,0,Random Forest,0.002767036451298111,0
mimic_perform_non_af_010,0,Random Forest,0.003480929822855387,0
mimic_perform_non_af_010,0,Random Forest,0.0013101957357324237,0
mimic_perform_non_af_010,0,Random Forest,0.0025580308148044867,0
mimic_perform_non_af_010,0,Random Forest,0.00041169717288480916,0
mimic_perform_non_af_010,0,Random Forest,0.0001458835966986028,0
mimic_perform_non_af_010,0,Random Forest,0.0001458835966986028,0
mimic_perform_non_af_010,0,Random Forest,0.0013396551436645875,0
mimic_perform_non_af_010,0,Random Forest,0.0004193894805771169,0
mimic_perform_non_af_010,0,Random Forest,0.018783535167514343,0
mimic_perform_non_af_010,0,Random Forest,0.06886357973479082,0
mimic_perform_non_af_010,0,Random Forest,0.08327547116090024,0
mimic_perform_non_af_010,0,Random Forest,0.022971280850981556,0
mimic_perform_non_af_010,0,Random Forest,0.0006732600700893727,0
mimic_perform_non_af_010,0,Random Forest,0.0007599528936243014,0
mimic_perform_non_af_010,0,Random Forest,0.016137571635200944,0
mimic_perform_non_af_010,0,Random Forest,0.011477573483216265,0
mimic_perform_non_af_010,0,Random Forest,0.011409546272331912,0
mimic_perform_non_af_010,0,Random Forest,0.00041169717288480916,0
mimic_perform_non_af_010,0,Random Forest,0.0001458835966986028,0
mimic_perform_non_af_010,0,Random Forest,0.0001458835966986028,0
mimic_perform_non_af_010,0,Random Forest,0.004312985364418162,0
mimic_perform_non_af_011,0,Random Forest,0.00017700029364795339,0
mimic_perform_non_af_011,0,Random Forest,0.00043247237499198163,0
mimic_perform_non_af_011,0,Random Forest,0.002348083377522806,0
mimic_perform_non_af_011,0,Random Forest,0.0006892475644191781,0
mimic_perform_non_af_011,0,Random Forest,0.012606878471216441,0
mimic_perform_non_af_011,0,Random Forest,0.025744652066660892,0
mimic_perform_non_af_011,0,Random Forest,0.0007377548301995833,0
mimic_perform_non_af_011,0,Random Forest,0.0012034578211137811,0
mimic_perform_non_af_011,0,Random Forest,0.0031350453611990532,0
mimic_perform_non_af_011,0,Random Forest,0.026271628472223578,0
mimic_perform_non_af_011,0,Random Forest,0.02650993157652738,0
mimic_perform_non_af_011,0,Random Forest,0.027815853168609798,0
mimic_perform_non_af_011,0,Random Forest,0.020848035736093635,0
mimic_perform_non_af_011,0,Random Forest,0.0029205390435771044,0
mimic_perform_non_af_011,0,Random Forest,0.025442454575506077,0
mimic_perform_non_af_011,0,Random Forest,0.026006196423817435,0
mimic_perform_non_af_011,0,Random Forest,0.025442454575506077,0
mimic_perform_non_af_011,0,Random Forest,0.027113501958524192,0
mimic_perform_non_af_011,0,Random Forest,0.024390246487017164,0
mimic_perform_non_af_011,0,Random Forest,0.026006196423817435,0
mimic_perform_non_af_011,0,Random Forest,0.04231163987550819,0
mimic_perform_non_af_011,0,Random Forest,0.04221517685300016,0
mimic_perform_non_af_011,0,Random Forest,0.04199045775187656,0
mimic_perform_non_af_011,0,Random Forest,0.026006196423817435,0
mimic_perform_non_af_011,0,Random Forest,0.011942755164309767,0
mimic_perform_non_af_011,0,Random Forest,0.011295174632262086,0
mimic_perform_non_af_011,0,Random Forest,0.008191697468643741,0
mimic_perform_non_af_011,0,Random Forest,0.017565170769924532,0
mimic_perform_non_af_011,0,Random Forest,0.025261384959684906,0
mimic_perform_non_af_011,0,Random Forest,0.025522929316841456,0
mimic_perform_non_af_011,0,Random Forest,0.025934253590497735,0
mimic_perform_non_af_011,0,Random Forest,0.03272330088308107,0
mimic_perform_non_af_011,0,Random Forest,0.026279459325786618,0
mimic_perform_non_af_011,0,Random Forest,0.006941073496692862,0
mimic_perform_non_af_011,0,Random Forest,0.008793190495532144,0
mimic_perform_non_af_011,0,Random Forest,0.027443100905511733,0
mimic_perform_non_af_011,0,Random Forest,0.0029205390435771044,0
mimic_perform_non_af_011,0,Random Forest,0.007604334696369087,0
mimic_perform_non_af_011,0,Random Forest,0.0029205390435771044,0
mimic_perform_non_af_011,0,Random Forest,0.007604334696369087,0
mimic_perform_non_af_011,0,Random Forest,0.013408861958263994,0
mimic_perform_non_af_011,0,Random Forest,0.003172358794034874,0
mimic_perform_non_af_011,0,Random Forest,0.01299085126331475,0
mimic_perform_non_af_011,0,Random Forest,0.0007377548301995833,0
mimic_perform_non_af_011,0,Random Forest,0.0007377548301995833,0
mimic_perform_non_af_011,0,Random Forest,0.0007377548301995833,0
mimic_perform_non_af_011,0,Random Forest,0.0006451563717474664,0
mimic_perform_non_af_011,0,Random Forest,0.00017700029364795339,0
mimic_perform_non_af_011,0,Random Forest,0.011550948878810679,0
mimic_perform_non_af_011,0,Random Forest,0.0014659389691760274,0
mimic_perform_non_af_011,0,Random Forest,0.0024214062305594392,0
mimic_perform_non_af_011,0,Random Forest,0.0004282943290134767,0
mimic_perform_non_af_011,0,Random Forest,0.0043606225314138216,0
mimic_perform_non_af_011,0,Random Forest,0.0008622931534159214,0
mimic_perform_non_af_011,0,Random Forest,0.0004337754830751497,0
mimic_perform_non_af_011,0,Random Forest,0.0004337754830751497,0
mimic_perform_non_af_011,0,Random Forest,0.0007377548301995833,0
mimic_perform_non_af_011,0,Random Forest,0.007949162282575983,0
mimic_perform_non_af_011,0,Random Forest,0.02697260771956895,0
mimic_perform_non_af_011,0,Random Forest,0.00045308050238016906,0
mimic_perform_non_af_011,0,Random Forest,0.022313616836520743,0
mimic_perform_non_af_011,0,Random Forest,0.0004337754830751497,0
mimic_perform_non_af_011,0,Random Forest,0.01045308050238017,0
mimic_perform_non_af_011,0,Random Forest,0.0004337754830751497,0
mimic_perform_non_af_011,0,Random Forest,0.0004337754830751497,0
mimic_perform_non_af_011,0,Random Forest,0.004245706152368195,0
mimic_perform_non_af_011,0,Random Forest,0.0007377548301995833,0
mimic_perform_non_af_011,0,Random Forest,0.009055131945166274,0
mimic_perform_non_af_011,0,Random Forest,0.00042594462951211137,0
mimic_perform_non_af_011,0,Random Forest,0.00017700029364795339,0
mimic_perform_non_af_011,0,Random Forest,0.00042594462951211137,0
mimic_perform_non_af_011,0,Random Forest,0.0004337754830751497,0
mimic_perform_non_af_011,0,Random Forest,0.0006699425451141585,0
mimic_perform_non_af_011,0,Random Forest,0.0004131673556869623,0
mimic_perform_non_af_011,0,Random Forest,0.0004131673556869623,0
mimic_perform_non_af_011,0,Random Forest,0.00017700029364795339,0
mimic_perform_non_af_011,0,Random Forest,0.0016542529713407554,0
mimic_perform_non_af_011,0,Random Forest,0.003309696302129892,0
mimic_perform_non_af_011,0,Random Forest,0.0049099685513612715,0
mimic_perform_non_af_011,0,Random Forest,0.012018830155723107,0
mimic_perform_non_af_011,0,Random Forest,0.006565481560584516,0
mimic_perform_non_af_011,0,Random Forest,0.003012103668876015,0
mimic_perform_non_af_011,0,Random Forest,0.0021197471690468355,0
mimic_perform_non_af_011,0,Random Forest,0.009809380964224564,0
mimic_perform_non_af_011,0,Random Forest,0.01364136122983713,0
mimic_perform_non_af_011,0,Random Forest,0.00017700029364795339,0
mimic_perform_non_af_011,0,Random Forest,0.00017700029364795339,0
mimic_perform_non_af_011,0,Random Forest,0.00045308050238016906,0
mimic_perform_non_af_011,0,Random Forest,0.0021197471690468355,0
mimic_perform_non_af_011,0,Random Forest,0.0001963053129529727,0
mimic_perform_non_af_011,0,Random Forest,0.00017700029364795339,0
mimic_perform_non_af_011,0,Random Forest,0.0021119163154837968,0
mimic_perform_non_af_011,0,Random Forest,0.008973501283065139,0
mimic_perform_non_af_011,0,Random Forest,0.008973501283065139,0
mimic_perform_non_af_011,0,Random Forest,0.04531133798932387,0
mimic_perform_non_af_011,0,Random Forest,0.013876724603077066,0
mimic_perform_non_af_011,0,Random Forest,0.013587217993800632,0
mimic_perform_non_af_011,0,Random Forest,0.004361271881746373,0
mimic_perform_non_af_011,0,Random Forest,0.004299957344831284,0
mimic_perform_non_af_011,0,Random Forest,0.0031045390271952633,0
mimic_perform_non_af_011,0,Random Forest,0.0001963053129529727,0
mimic_perform_non_af_011,0,Random Forest,0.0001963053129529727,0
mimic_perform_non_af_011,0,Random Forest,0.025522929316841456,0
mimic_perform_non_af_011,0,Random Forest,0.003197312039953005,0
mimic_perform_non_af_011,0,Random Forest,0.01630234217225386,0
mimic_perform_non_af_011,0,Random Forest,0.0004337754830751497,0
mimic_perform_non_af_011,0,Random Forest,0.0004337754830751497,0
mimic_perform_non_af_011,0,Random Forest,0.0001963053129529727,0
mimic_perform_non_af_011,0,Random Forest,0.0021197471690468355,0
mimic_perform_non_af_011,0,Random Forest,0.0021119163154837968,0
mimic_perform_non_af_011,0,Random Forest,0.0021119163154837968,0
mimic_perform_non_af_011,0,Random Forest,0.0001963053129529727,0
mimic_perform_non_af_011,0,Random Forest,0.0021119163154837968,0
mimic_perform_non_af_011,0,Random Forest,0.0021119163154837968,0
mimic_perform_non_af_011,0,Random Forest,0.0021119163154837968,0
mimic_perform_non_af_011,0,Random Forest,0.0021119163154837968,0
mimic_perform_non_af_011,0,Random Forest,0.0021119163154837968,0
mimic_perform_non_af_011,0,Random Forest,0.0021119163154837968,0
mimic_perform_non_af_012,0,Random Forest,0.822581966475002,1
mimic_perform_non_af_012,0,Random Forest,0.920532495150058,1
mimic_perform_non_af_012,0,Random Forest,0.9169425561502025,1
mimic_perform_non_af_012,0,Random Forest,0.8158952116111715,1
mimic_perform_non_af_012,0,Random Forest,0.7925388199098135,1
mimic_perform_non_af_012,0,Random Forest,0.8121586549348417,1
mimic_perform_non_af_012,0,Random Forest,0.7561032831145605,1
mimic_perform_non_af_012,0,Random Forest,0.8060459786045429,1
mimic_perform_non_af_012,0,Random Forest,0.6917863879287445,1
mimic_perform_non_af_012,0,Random Forest,0.8465204251948645,1
mimic_perform_non_af_012,0,Random Forest,0.7549198141181415,1
mimic_perform_non_af_012,0,Random Forest,0.760959856519263,1
mimic_perform_non_af_012,0,Random Forest,0.8393313442547473,1
mimic_perform_non_af_012,0,Random Forest,0.8409890970239364,1
mimic_perform_non_af_012,0,Random Forest,0.8173494485993467,1
mimic_perform_non_af_012,0,Random Forest,0.8082132309737671,1
mimic_perform_non_af_012,0,Random Forest,0.7585911203762796,1
mimic_perform_non_af_012,0,Random Forest,0.8764450447352228,1
mimic_perform_non_af_012,0,Random Forest,0.8439147897640826,1
mimic_perform_non_af_012,0,Random Forest,0.9097093342631476,1
mimic_perform_non_af_012,0,Random Forest,0.929290350915243,1
mimic_perform_non_af_012,0,Random Forest,0.9291413359966831,1
mimic_perform_non_af_012,0,Random Forest,0.8721715891124466,1
mimic_perform_non_af_012,0,Random Forest,0.816737753466933,1
mimic_perform_non_af_012,0,Random Forest,0.749593639481278,1
mimic_perform_non_af_012,0,Random Forest,0.740077375713315,1
mimic_perform_non_af_012,0,Random Forest,0.8047395068845039,1
mimic_perform_non_af_012,0,Random Forest,0.7973089930984425,1
mimic_perform_non_af_012,0,Random Forest,0.7614608904953267,1
mimic_perform_non_af_012,0,Random Forest,0.8215579853284418,1
mimic_perform_non_af_012,0,Random Forest,0.8281818080734251,1
mimic_perform_non_af_012,0,Random Forest,0.8414706312336093,1
mimic_perform_non_af_012,0,Random Forest,0.750814145736666,1
mimic_perform_non_af_012,0,Random Forest,0.9007978965258677,1
mimic_perform_non_af_012,0,Random Forest,0.911465514364971,1
mimic_perform_non_af_012,0,Random Forest,0.9007978965258677,1
mimic_perform_non_af_012,0,Random Forest,0.7244547015597378,1
mimic_perform_non_af_012,0,Random Forest,0.7121015116348208,1
mimic_perform_non_af_012,0,Random Forest,0.8303933840116443,1
mimic_perform_non_af_012,0,Random Forest,0.8720294598628132,1
mimic_perform_non_af_012,0,Random Forest,0.8661260736444851,1
mimic_perform_non_af_012,0,Random Forest,0.8109498399507845,1
mimic_perform_non_af_012,0,Random Forest,0.6947072369326526,1
mimic_perform_non_af_012,0,Random Forest,0.7420428179734155,1
mimic_perform_non_af_012,0,Random Forest,0.7203117486667686,1
mimic_perform_non_af_012,0,Random Forest,0.8459563587981058,1
mimic_perform_non_af_012,0,Random Forest,0.9147244470843627,1
mimic_perform_non_af_012,0,Random Forest,0.9147244470843627,1
mimic_perform_non_af_012,0,Random Forest,0.8094825127254309,1
mimic_perform_non_af_012,0,Random Forest,0.8760994407292049,1
mimic_perform_non_af_012,0,Random Forest,0.8690893891388657,1
mimic_perform_non_af_012,0,Random Forest,0.8652596297450557,1
mimic_perform_non_af_012,0,Random Forest,0.8597779609740759,1
mimic_perform_non_af_012,0,Random Forest,0.9103730773901811,1
mimic_perform_non_af_012,0,Random Forest,0.8296069631901065,1
mimic_perform_non_af_012,0,Random Forest,0.772035357288852,1
mimic_perform_non_af_012,0,Random Forest,0.8021169790302218,1
mimic_perform_non_af_012,0,Random Forest,0.8021169790302218,1
mimic_perform_non_af_012,0,Random Forest,0.9058195101095728,1
mimic_perform_non_af_012,0,Random Forest,0.9249326141713378,1
mimic_perform_non_af_012,0,Random Forest,0.8573491223990647,1
mimic_perform_non_af_012,0,Random Forest,0.853815759210529,1
mimic_perform_non_af_012,0,Random Forest,0.8583693798084181,1
mimic_perform_non_af_012,0,Random Forest,0.8680791747699119,1
mimic_perform_non_af_012,0,Random Forest,0.9197446921285325,1
mimic_perform_non_af_012,0,Random Forest,0.92914453403186,1
mimic_perform_non_af_012,0,Random Forest,0.92914453403186,1
mimic_perform_non_af_012,0,Random Forest,0.9197446921285325,1
mimic_perform_non_af_012,0,Random Forest,0.9301174654886624,1
mimic_perform_non_af_012,0,Random Forest,0.7880633151647958,1
mimic_perform_non_af_012,0,Random Forest,0.8077721635460355,1
mimic_perform_non_af_012,0,Random Forest,0.8868270867013401,1
mimic_perform_non_af_012,0,Random Forest,0.8669172177914413,1
mimic_perform_non_af_012,0,Random Forest,0.9297579321276511,1
mimic_perform_non_af_012,0,Random Forest,0.9297431192183623,1
mimic_perform_non_af_012,0,Random Forest,0.8085050671598141,1
mimic_perform_non_af_012,0,Random Forest,0.8077721635460355,1
mimic_perform_non_af_012,0,Random Forest,0.8915263549412219,1
mimic_perform_non_af_012,0,Random Forest,0.7925388199098135,1
mimic_perform_non_af_012,0,Random Forest,0.795477205961078,1
mimic_perform_non_af_012,0,Random Forest,0.7952726702526544,1
mimic_perform_non_af_012,0,Random Forest,0.7593723507407917,1
mimic_perform_non_af_012,0,Random Forest,0.7136630915639387,1
mimic_perform_non_af_012,0,Random Forest,0.7684815800904872,1
mimic_perform_non_af_012,0,Random Forest,0.8962422344567809,1
mimic_perform_non_af_012,0,Random Forest,0.8962422344567809,1
mimic_perform_non_af_012,0,Random Forest,0.891370518782619,1
mimic_perform_non_af_012,0,Random Forest,0.6995091994293251,1
mimic_perform_non_af_012,0,Random Forest,0.7092314216515474,1
mimic_perform_non_af_012,0,Random Forest,0.8404553011121378,1
mimic_perform_non_af_012,0,Random Forest,0.7980299163298769,1
mimic_perform_non_af_012,0,Random Forest,0.7811034301620835,1
mimic_perform_non_af_012,0,Random Forest,0.7293421375352074,1
mimic_perform_non_af_012,0,Random Forest,0.8199291898392437,1
mimic_perform_non_af_012,0,Random Forest,0.7792931898525963,1
mimic_perform_non_af_012,0,Random Forest,0.8077124742779698,1
mimic_perform_non_af_012,0,Random Forest,0.8305848303421761,1
mimic_perform_non_af_012,0,Random Forest,0.8875031548481067,1
mimic_perform_non_af_012,0,Random Forest,0.7176449621151781,1
mimic_perform_non_af_012,0,Random Forest,0.8865200122345587,1
mimic_perform_non_af_012,0,Random Forest,0.750814145736666,1
mimic_perform_non_af_012,0,Random Forest,0.8796906548481067,1
mimic_perform_non_af_012,0,Random Forest,0.8711986576556443,1
mimic_perform_non_af_012,0,Random Forest,0.9116835443801038,1
mimic_perform_non_af_012,0,Random Forest,0.9234893495160463,1
mimic_perform_non_af_012,0,Random Forest,0.9147244470843627,1
mimic_perform_non_af_012,0,Random Forest,0.9069119470843627,1
mimic_perform_non_af_012,0,Random Forest,0.9244622809728488,1
mimic_perform_non_af_012,0,Random Forest,0.7745956306489822,1
mimic_perform_non_af_012,0,Random Forest,0.7745956306489822,1
mimic_perform_non_af_012,0,Random Forest,0.8667737841671941,1
mimic_perform_non_af_012,0,Random Forest,0.8465693516706329,1
mimic_perform_non_af_012,0,Random Forest,0.8404237812295372,1
mimic_perform_non_af_012,0,Random Forest,0.9197446921285325,1
mimic_perform_non_af_012,0,Random Forest,0.9092390010646585,1
mimic_perform_non_af_012,0,Random Forest,0.764222857288852,1
mimic_perform_non_af_012,0,Random Forest,0.7932817872516238,1
mimic_perform_non_af_012,0,Random Forest,0.9144405367086479,1
mimic_perform_non_af_013,0,Random Forest,0.00036722762758211976,0
mimic_perform_non_af_013,0,Random Forest,0.0002678075778720949,0
mimic_perform_non_af_013,0,Random Forest,0.00023650867333375374,0
mimic_perform_non_af_013,0,Random Forest,0.00023650867333375374,0
mimic_perform_non_af_013,0,Random Forest,0.00023650867333375374,0
mimic_perform_non_af_013,0,Random Forest,0.00023650867333375374,0
mimic_perform_non_af_013,0,Random Forest,0.00023650867333375374,0
mimic_perform_non_af_013,0,Random Forest,0.00023650867333375374,0
mimic_perform_non_af_013,0,Random Forest,0.00023650867333375374,0
mimic_perform_non_af_013,0,Random Forest,0.0012599663328477862,0
mimic_perform_non_af_013,0,Random Forest,0.0012599663328477862,0
mimic_perform_non_af_013,0,Random Forest,0.0012599663328477862,0
mimic_perform_non_af_013,0,Random Forest,0.00023650867333375374,0
mimic_perform_non_af_013,0,Random Forest,0.00023650867333375374,0
mimic_perform_non_af_013,0,Random Forest,0.0002678075778720949,0
mimic_perform_non_af_013,0,Random Forest,0.0002678075778720949,0
mimic_perform_non_af_013,0,Random Forest,0.0002678075778720949,0
mimic_perform_non_af_013,0,Random Forest,0.00023650867333375374,0
mimic_perform_non_af_013,0,Random Forest,0.00023650867333375374,0
mimic_perform_non_af_013,0,Random Forest,0.00023650867333375374,0
mimic_perform_non_af_013,0,Random Forest,0.00023650867333375374,0
mimic_perform_non_af_013,0,Random Forest,0.00023650867333375374,0
mimic_perform_non_af_013,0,Random Forest,0.00023650867333375374,0
mimic_perform_non_af_013,0,Random Forest,0.00023650867333375374,0
mimic_perform_non_af_013,0,Random Forest,0.00023650867333375374,0
mimic_perform_non_af_013,0,Random Forest,0.00023650867333375374,0
mimic_perform_non_af_013,0,Random Forest,0.008921836564533766,0
mimic_perform_non_af_013,0,Random Forest,0.008921836564533766,0
mimic_perform_non_af_013,0,Random Forest,0.08891204929416084,0
mimic_perform_non_af_013,0,Random Forest,0.010559116376582621,0
mimic_perform_non_af_013,0,Random Forest,0.09218102781806457,0
mimic_perform_non_af_013,0,Random Forest,0.01722039792916852,0
mimic_perform_non_af_013,0,Random Forest,0.005413159794506079,0
mimic_perform_non_af_013,0,Random Forest,0.00023650867333375374,0
mimic_perform_non_af_013,0,Random Forest,0.00023650867333375374,0
mimic_perform_non_af_013,0,Random Forest,0.00023650867333375374,0
mimic_perform_non_af_013,0,Random Forest,0.00023650867333375374,0
mimic_perform_non_af_013,0,Random Forest,0.00023650867333375374,0
mimic_perform_non_af_013,0,Random Forest,0.00023650867333375374,0
mimic_perform_non_af_013,0,Random Forest,0.00023650867333375374,0
mimic_perform_non_af_013,0,Random Forest,0.00023650867333375374,0
mimic_perform_non_af_013,0,Random Forest,0.00023650867333375374,0
mimic_perform_non_af_013,0,Random Forest,0.00023650867333375374,0
mimic_perform_non_af_013,0,Random Forest,0.00023650867333375374,0
mimic_perform_non_af_013,0,Random Forest,0.00023650867333375374,0
mimic_perform_non_af_013,0,Random Forest,0.004892484570355398,0
mimic_perform_non_af_013,0,Random Forest,0.004892484570355398,0
mimic_perform_non_af_013,0,Random Forest,0.004777542041619766,0
mimic_perform_non_af_013,0,Random Forest,0.00023650867333375374,0
mimic_perform_non_af_013,0,Random Forest,0.00023650867333375374,0
mimic_perform_non_af_013,0,Random Forest,0.00023650867333375374,0
mimic_perform_non_af_013,0,Random Forest,0.00023650867333375374,0
mimic_perform_non_af_013,0,Random Forest,0.00023650867333375374,0
mimic_perform_non_af_013,0,Random Forest,0.00023650867333375374,0
mimic_perform_non_af_013,0,Random Forest,0.00023650867333375374,0
mimic_perform_non_af_013,0,Random Forest,0.00023650867333375374,0
mimic_perform_non_af_013,0,Random Forest,0.00023650867333375374,0
mimic_perform_non_af_013,0,Random Forest,0.00023650867333375374,0
mimic_perform_non_af_013,0,Random Forest,0.00023650867333375374,0
mimic_perform_non_af_013,0,Random Forest,0.00023650867333375374,0
mimic_perform_non_af_013,0,Random Forest,0.00023650867333375374,0
mimic_perform_non_af_013,0,Random Forest,0.00023650867333375374,0
mimic_perform_non_af_013,0,Random Forest,0.00023650867333375374,0
mimic_perform_non_af_013,0,Random Forest,0.00023650867333375374,0
mimic_perform_non_af_013,0,Random Forest,0.00023650867333375374,0
mimic_perform_non_af_013,0,Random Forest,0.00023650867333375374,0
mimic_perform_non_af_013,0,Random Forest,0.00023650867333375374,0
mimic_perform_non_af_013,0,Random Forest,0.00023650867333375374,0
mimic_perform_non_af_013,0,Random Forest,0.00023650867333375374,0
mimic_perform_non_af_013,0,Random Forest,0.00023650867333375374,0
mimic_perform_non_af_013,0,Random Forest,0.00023650867333375374,0
mimic_perform_non_af_013,0,Random Forest,0.00023650867333375374,0
mimic_perform_non_af_013,0,Random Forest,0.00023650867333375374,0
mimic_perform_non_af_013,0,Random Forest,0.006436172122919272,0
mimic_perform_non_af_013,0,Random Forest,0.006436172122919272,0
mimic_perform_non_af_013,0,Random Forest,0.006436172122919272,0
mimic_perform_non_af_013,0,Random Forest,0.00023650867333375374,0
mimic_perform_non_af_013,0,Random Forest,0.00023650867333375374,0
mimic_perform_non_af_013,0,Random Forest,0.00023650867333375374,0
mimic_perform_non_af_013,0,Random Forest,0.00023650867333375374,0
mimic_perform_non_af_013,0,Random Forest,0.00023650867333375374,0
mimic_perform_non_af_013,0,Random Forest,0.00023650867333375374,0
mimic_perform_non_af_013,0,Random Forest,0.00023650867333375374,0
mimic_perform_non_af_013,0,Random Forest,0.00023650867333375374,0
mimic_perform_non_af_013,0,Random Forest,0.00023650867333375374,0
mimic_perform_non_af_013,0,Random Forest,0.00023650867333375374,0
mimic_perform_non_af_013,0,Random Forest,0.00023650867333375374,0
mimic_perform_non_af_013,0,Random Forest,0.00023650867333375374,0
mimic_perform_non_af_013,0,Random Forest,0.00023650867333375374,0
mimic_perform_non_af_013,0,Random Forest,0.00023650867333375374,0
mimic_perform_non_af_013,0,Random Forest,0.00023650867333375374,0
mimic_perform_non_af_013,0,Random Forest,0.00023650867333375374,0
mimic_perform_non_af_013,0,Random Forest,0.00023650867333375374,0
mimic_perform_non_af_013,0,Random Forest,0.00023650867333375374,0
mimic_perform_non_af_013,0,Random Forest,0.00023650867333375374,0
mimic_perform_non_af_013,0,Random Forest,0.00023650867333375374,0
mimic_perform_non_af_013,0,Random Forest,0.00023650867333375374,0
mimic_perform_non_af_013,0,Random Forest,0.00023650867333375374,0
mimic_perform_non_af_013,0,Random Forest,0.00023650867333375374,0
mimic_perform_non_af_013,0,Random Forest,0.01045347127774768,0
mimic_perform_non_af_013,0,Random Forest,0.01045347127774768,0
mimic_perform_non_af_013,0,Random Forest,0.003786804611081014,0
mimic_perform_non_af_013,0,Random Forest,0.0002678075778720949,0
mimic_perform_non_af_013,0,Random Forest,0.00023650867333375374,0
mimic_perform_non_af_013,0,Random Forest,0.00023650867333375374,0
mimic_perform_non_af_013,0,Random Forest,0.00023650867333375374,0
mimic_perform_non_af_013,0,Random Forest,0.00023650867333375374,0
mimic_perform_non_af_013,0,Random Forest,0.024209682173039506,0
mimic_perform_non_af_013,0,Random Forest,0.004777542041619766,0
mimic_perform_non_af_013,0,Random Forest,0.004725048603299556,0
mimic_perform_non_af_013,0,Random Forest,0.00023650867333375374,0
mimic_perform_non_af_013,0,Random Forest,0.00023650867333375374,0
mimic_perform_non_af_013,0,Random Forest,0.00023650867333375374,0
mimic_perform_non_af_013,0,Random Forest,0.00023650867333375374,0
mimic_perform_non_af_013,0,Random Forest,0.00023650867333375374,0
mimic_perform_non_af_013,0,Random Forest,0.00023650867333375374,0
mimic_perform_non_af_013,0,Random Forest,0.00023650867333375374,0
mimic_perform_non_af_013,0,Random Forest,0.00023650867333375374,0
mimic_perform_non_af_014,0,Random Forest,0.985075568241162,1
mimic_perform_non_af_014,0,Random Forest,0.9895267314500509,1
mimic_perform_non_af_014,0,Random Forest,0.9887219902490371,1
mimic_perform_non_af_014,0,Random Forest,0.9891920606397143,1
mimic_perform_non_af_014,0,Random Forest,0.9924507515935781,1
mimic_perform_non_af_014,0,Random Forest,0.9924507515935781,1
mimic_perform_non_af_014,0,Random Forest,0.9933089983247568,1
mimic_perform_non_af_014,0,Random Forest,0.994315389793766,1
mimic_perform_non_af_014,0,Random Forest,0.9920425837893498,1
mimic_perform_non_af_014,0,Random Forest,0.9939278262356279,1
mimic_perform_non_af_014,0,Random Forest,0.9944362357152161,1
mimic_perform_non_af_014,0,Random Forest,0.9925715975150282,1
mimic_perform_non_af_014,0,Random Forest,0.9944362357152161,1
mimic_perform_non_af_014,0,Random Forest,0.9944362357152161,1
mimic_perform_non_af_014,0,Random Forest,0.9944362357152161,1
mimic_perform_non_af_014,0,Random Forest,0.9944362357152161,1
mimic_perform_non_af_014,0,Random Forest,0.9944362357152161,1
mimic_perform_non_af_014,0,Random Forest,0.9944362357152161,1
mimic_perform_non_af_014,0,Random Forest,0.994315389793766,1
mimic_perform_non_af_014,0,Random Forest,0.9940028973804975,1
mimic_perform_non_af_014,0,Random Forest,0.9924507515935781,1
mimic_perform_non_af_014,0,Random Forest,0.9865849717762498,1
mimic_perform_non_af_014,0,Random Forest,0.9890348256864339,1
mimic_perform_non_af_014,0,Random Forest,0.9889139797649836,1
mimic_perform_non_af_014,0,Random Forest,0.9920982962360736,1
mimic_perform_non_af_014,0,Random Forest,0.9730409018804975,1
mimic_perform_non_af_014,0,Random Forest,0.9849547223197119,1
mimic_perform_non_af_014,0,Random Forest,0.9920982962360736,1
mimic_perform_non_af_014,0,Random Forest,0.9924507515935781,1
mimic_perform_non_af_014,0,Random Forest,0.9924507515935781,1
mimic_perform_non_af_014,0,Random Forest,0.9887587296094981,1
mimic_perform_non_af_014,0,Random Forest,0.9925715975150282,1
mimic_perform_non_af_014,0,Random Forest,0.9921963012529394,1
mimic_perform_non_af_014,0,Random Forest,0.9901176477621783,1
mimic_perform_non_af_014,0,Random Forest,0.9894391790724826,1
mimic_perform_non_af_014,0,Random Forest,0.9925715975150282,1
mimic_perform_non_af_014,0,Random Forest,0.9925715975150282,1
mimic_perform_non_af_014,0,Random Forest,0.9925715975150282,1
mimic_perform_non_af_014,0,Random Forest,0.9849547223197119,1
mimic_perform_non_af_014,0,Random Forest,0.9940028973804975,1
mimic_perform_non_af_014,0,Random Forest,0.993711950914263,1
mimic_perform_non_af_014,0,Random Forest,0.993711950914263,1
mimic_perform_non_af_014,0,Random Forest,0.9808495150190226,1
mimic_perform_non_af_014,0,Random Forest,0.9899968018407281,1
mimic_perform_non_af_014,0,Random Forest,0.9899968018407281,1
mimic_perform_non_af_014,0,Random Forest,0.9920982962360736,1
mimic_perform_non_af_014,0,Random Forest,0.9808495150190226,1
mimic_perform_non_af_014,0,Random Forest,0.9899968018407281,1
mimic_perform_non_af_014,0,Random Forest,0.9924507515935781,1
mimic_perform_non_af_014,0,Random Forest,0.9944362357152161,1
mimic_perform_non_af_014,0,Random Forest,0.9944362357152161,1
mimic_perform_non_af_014,0,Random Forest,0.9921015271243511,1
mimic_perform_non_af_014,0,Random Forest,0.9866546402884977,1
mimic_perform_non_af_014,0,Random Forest,0.9938069803141778,1
mimic_perform_non_af_014,0,Random Forest,0.9905989712283605,1
mimic_perform_non_af_014,0,Random Forest,0.9924507515935781,1
mimic_perform_non_af_014,0,Random Forest,0.9840518446089564,1
mimic_perform_non_af_014,0,Random Forest,0.9841321965715301,1
mimic_perform_non_af_014,0,Random Forest,0.9916282258453964,1
mimic_perform_non_af_014,0,Random Forest,0.9870137890650976,1
mimic_perform_non_af_014,0,Random Forest,0.9920754553314893,1
mimic_perform_non_af_014,0,Random Forest,0.9924507515935781,1
mimic_perform_non_af_014,0,Random Forest,0.9919423421139899,1
mimic_perform_non_af_014,0,Random Forest,0.9924507515935781,1
mimic_perform_non_af_014,0,Random Forest,0.9925715975150282,1
mimic_perform_non_af_014,0,Random Forest,0.9944362357152161,1
mimic_perform_non_af_014,0,Random Forest,0.9944362357152161,1
mimic_perform_non_af_014,0,Random Forest,0.994315389793766,1
mimic_perform_non_af_014,0,Random Forest,0.9924507515935781,1
mimic_perform_non_af_014,0,Random Forest,0.9838016510168436,1
mimic_perform_non_af_014,0,Random Forest,0.9922191421575238,1
mimic_perform_non_af_014,0,Random Forest,0.9922191421575238,1
mimic_perform_non_af_014,0,Random Forest,0.9891920606397143,1
mimic_perform_non_af_014,0,Random Forest,0.9899968018407281,1
mimic_perform_non_af_014,0,Random Forest,0.9891920606397143,1
mimic_perform_non_af_014,0,Random Forest,0.9899968018407281,1
mimic_perform_non_af_014,0,Random Forest,0.9886487075442862,1
mimic_perform_non_af_014,0,Random Forest,0.9899968018407281,1
mimic_perform_non_af_014,0,Random Forest,0.9894534487453001,1
mimic_perform_non_af_014,0,Random Forest,0.9933994585009945,1
mimic_perform_non_af_014,0,Random Forest,0.9938327968357131,1
mimic_perform_non_af_014,0,Random Forest,0.9922191421575238,1
mimic_perform_non_af_014,0,Random Forest,0.9808495150190226,1
mimic_perform_non_af_014,0,Random Forest,0.9850652680950618,1
mimic_perform_non_af_014,0,Random Forest,0.9899968018407281,1
mimic_perform_non_af_014,0,Random Forest,0.9924507515935781,1
mimic_perform_non_af_014,0,Random Forest,0.9922191421575238,1
mimic_perform_non_af_014,0,Random Forest,0.9938327968357131,1
mimic_perform_non_af_014,0,Random Forest,0.9938327968357131,1
mimic_perform_non_af_014,0,Random Forest,0.9944362357152161,1
mimic_perform_non_af_014,0,Random Forest,0.9938327968357131,1
mimic_perform_non_af_014,0,Random Forest,0.993429844246207,1
mimic_perform_non_af_014,0,Random Forest,0.9938327968357131,1
mimic_perform_non_af_014,0,Random Forest,0.993711950914263,1
mimic_perform_non_af_014,0,Random Forest,0.9920982962360736,1
mimic_perform_non_af_014,0,Random Forest,0.9827315417976312,1
mimic_perform_non_af_014,0,Random Forest,0.9891920606397143,1
mimic_perform_non_af_014,0,Random Forest,0.9808495150190226,1
mimic_perform_non_af_014,0,Random Forest,0.9922191421575238,1
mimic_perform_non_af_014,0,Random Forest,0.9925715975150282,1
mimic_perform_non_af_014,0,Random Forest,0.9808495150190226,1
mimic_perform_non_af_014,0,Random Forest,0.9899968018407281,1
mimic_perform_non_af_014,0,Random Forest,0.9920982962360736,1
mimic_perform_non_af_014,0,Random Forest,0.9846022669622074,1
mimic_perform_non_af_014,0,Random Forest,0.9924507515935781,1
mimic_perform_non_af_014,0,Random Forest,0.9944362357152161,1
mimic_perform_non_af_014,0,Random Forest,0.9944362357152161,1
mimic_perform_non_af_014,0,Random Forest,0.9920982962360736,1
mimic_perform_non_af_014,0,Random Forest,0.9895267314500509,1
mimic_perform_non_af_014,0,Random Forest,0.9881092385639698,1
mimic_perform_non_af_014,0,Random Forest,0.984431459766417,1
mimic_perform_non_af_014,0,Random Forest,0.9872905660502029,1
mimic_perform_non_af_014,0,Random Forest,0.9924507515935781,1
mimic_perform_non_af_014,0,Random Forest,0.9924507515935781,1
mimic_perform_non_af_014,0,Random Forest,0.9899968018407281,1
mimic_perform_non_af_014,0,Random Forest,0.9899968018407281,1
mimic_perform_non_af_014,0,Random Forest,0.9858318602852172,1
mimic_perform_non_af_014,0,Random Forest,0.9880550408072979,1
mimic_perform_non_af_015,0,Random Forest,0.06430609471006156,0
mimic_perform_non_af_015,0,Random Forest,0.46869137735866934,0
mimic_perform_non_af_015,0,Random Forest,0.04496139314416306,0
mimic_perform_non_af_015,0,Random Forest,0.01,0
mimic_perform_non_af_015,0,Random Forest,0.0,0
mimic_perform_non_af_015,0,Random Forest,0.13262513008740948,0
mimic_perform_non_af_015,0,Random Forest,0.5644214974891137,1
mimic_perform_non_af_015,0,Random Forest,0.7421336158833052,1
mimic_perform_non_af_015,0,Random Forest,0.0008270343916113165,0
mimic_perform_non_af_015,0,Random Forest,0.0,0
mimic_perform_non_af_015,0,Random Forest,0.0,0
mimic_perform_non_af_015,0,Random Forest,0.0,0
mimic_perform_non_af_015,0,Random Forest,0.0,0
mimic_perform_non_af_015,0,Random Forest,0.0,0
mimic_perform_non_af_015,0,Random Forest,0.03973648886266687,0
mimic_perform_non_af_015,0,Random Forest,0.06140315552933353,0
mimic_perform_non_af_015,0,Random Forest,0.0016865848711646344,0
mimic_perform_non_af_015,0,Random Forest,0.0013907268829989542,0
mimic_perform_non_af_015,0,Random Forest,0.028575473760053528,0
mimic_perform_non_af_015,0,Random Forest,0.06829204441822243,0
mimic_perform_non_af_015,0,Random Forest,0.0,0
mimic_perform_non_af_015,0,Random Forest,0.0002469135802469136,0
mimic_perform_non_af_015,0,Random Forest,0.0002469135802469136,0
mimic_perform_non_af_015,0,Random Forest,0.0005286037210919841,0
mimic_perform_non_af_015,0,Random Forest,0.0,0
mimic_perform_non_af_015,0,Random Forest,0.0005017082401950823,0
mimic_perform_non_af_015,0,Random Forest,0.0002469135802469136,0
mimic_perform_non_af_015,0,Random Forest,0.009312472601355839,0
mimic_perform_non_af_015,0,Random Forest,0.0381994452850974,0
mimic_perform_non_af_015,0,Random Forest,0.17848233087121806,0
mimic_perform_non_af_015,0,Random Forest,0.01628586503818383,0
mimic_perform_non_af_015,0,Random Forest,0.0014598556720924211,0
mimic_perform_non_af_015,0,Random Forest,0.0005017082401950823,0
mimic_perform_non_af_015,0,Random Forest,0.0005017082401950823,0
mimic_perform_non_af_015,0,Random Forest,0.0005017082401950823,0
mimic_perform_non_af_015,0,Random Forest,0.0,0
mimic_perform_non_af_015,0,Random Forest,0.010693715455393922,0
mimic_perform_non_af_015,0,Random Forest,0.018746120855111917,0
mimic_perform_non_af_015,0,Random Forest,0.020669197778188843,0
mimic_perform_non_af_015,0,Random Forest,0.018746120855111917,0
mimic_perform_non_af_015,0,Random Forest,0.010858099017037756,0
mimic_perform_non_af_015,0,Random Forest,0.010858099017037756,0
mimic_perform_non_af_015,0,Random Forest,0.0,0
mimic_perform_non_af_015,0,Random Forest,0.0,0
mimic_perform_non_af_015,0,Random Forest,0.01,0
mimic_perform_non_af_015,0,Random Forest,0.0005017082401950823,0
mimic_perform_non_af_015,0,Random Forest,0.0005017082401950823,0
mimic_perform_non_af_015,0,Random Forest,0.0005017082401950823,0
mimic_perform_non_af_015,0,Random Forest,0.02,0
mimic_perform_non_af_015,0,Random Forest,0.0,0
mimic_perform_non_af_015,0,Random Forest,0.0007486218204419959,0
mimic_perform_non_af_015,0,Random Forest,0.0005017082401950823,0
mimic_perform_non_af_015,0,Random Forest,0.02,0
mimic_perform_non_af_015,0,Random Forest,0.010771679263951334,0
mimic_perform_non_af_015,0,Random Forest,0.011686584871164633,0
mimic_perform_non_af_015,0,Random Forest,0.005019918204497967,0
mimic_perform_non_af_015,0,Random Forest,0.000729696753267313,0
mimic_perform_non_af_015,0,Random Forest,0.01098610700967757,0
mimic_perform_non_af_015,0,Random Forest,0.0411018309807344,0
mimic_perform_non_af_015,0,Random Forest,0.0011438133027520405,0
mimic_perform_non_af_015,0,Random Forest,0.5925076769587146,1
mimic_perform_non_af_015,0,Random Forest,0.9917619365999053,1
mimic_perform_non_af_015,0,Random Forest,0.7761664136027148,1
mimic_perform_non_af_015,0,Random Forest,0.01628586503818383,0
mimic_perform_non_af_015,0,Random Forest,0.0003432629710001973,0
mimic_perform_non_af_015,0,Random Forest,0.019165873941531672,0
mimic_perform_non_af_015,0,Random Forest,0.001439671290917721,0
mimic_perform_non_af_015,0,Random Forest,0.0012752877292738854,0
mimic_perform_non_af_015,0,Random Forest,0.0,0
mimic_perform_non_af_015,0,Random Forest,0.010858099017037756,0
mimic_perform_non_af_015,0,Random Forest,0.010858099017037756,0
mimic_perform_non_af_015,0,Random Forest,0.010693715455393922,0
mimic_perform_non_af_015,0,Random Forest,0.0,0
mimic_perform_non_af_015,0,Random Forest,0.0,0
mimic_perform_non_af_015,0,Random Forest,0.0,0
mimic_perform_non_af_015,0,Random Forest,0.0,0
mimic_perform_non_af_015,0,Random Forest,0.0,0
mimic_perform_non_af_015,0,Random Forest,0.0034822642875387434,0
mimic_perform_non_af_015,0,Random Forest,0.04018201829100935,0
mimic_perform_non_af_015,0,Random Forest,0.013268438044095776,0
mimic_perform_non_af_015,0,Random Forest,0.0011050125972846684,0
mimic_perform_non_af_015,0,Random Forest,0.0005017082401950823,0
mimic_perform_non_af_015,0,Random Forest,0.0,0
mimic_perform_non_af_015,0,Random Forest,0.0,0
mimic_perform_non_af_015,0,Random Forest,0.0005017082401950823,0
mimic_perform_non_af_015,0,Random Forest,0.0004783515501717256,0
mimic_perform_non_af_015,0,Random Forest,0.00023143796992481202,0
mimic_perform_non_af_015,0,Random Forest,0.00023143796992481202,0
mimic_perform_non_af_015,0,Random Forest,0.0,0
mimic_perform_non_af_015,0,Random Forest,0.00023143796992481202,0
mimic_perform_non_af_015,0,Random Forest,0.010997526880252368,0
mimic_perform_non_af_015,0,Random Forest,0.0008580066782321674,0
mimic_perform_non_af_015,0,Random Forest,0.0016913400115655007,0
mimic_perform_non_af_015,0,Random Forest,0.0011438133027520405,0
mimic_perform_non_af_015,0,Random Forest,0.0006937154553939193,0
mimic_perform_non_af_015,0,Random Forest,0.010693715455393922,0
mimic_perform_non_af_015,0,Random Forest,0.001209103019928814,0
mimic_perform_non_af_015,0,Random Forest,0.005327450330764387,0
mimic_perform_non_af_015,0,Random Forest,0.07434974646281663,0
mimic_perform_non_af_015,0,Random Forest,0.0,0
mimic_perform_non_af_015,0,Random Forest,0.0,0
mimic_perform_non_af_015,0,Random Forest,0.0005286037210919841,0
mimic_perform_non_af_015,0,Random Forest,0.0,0
mimic_perform_non_af_015,0,Random Forest,0.0,0
mimic_perform_non_af_015,0,Random Forest,0.04995157384987893,0
mimic_perform_non_af_015,0,Random Forest,0.0,0
mimic_perform_non_af_015,0,Random Forest,0.0005017082401950823,0
mimic_perform_non_af_015,0,Random Forest,0.0,0
mimic_perform_non_af_015,0,Random Forest,0.0,0
mimic_perform_non_af_015,0,Random Forest,0.0005017082401950823,0
mimic_perform_non_af_015,0,Random Forest,0.0,0
mimic_perform_non_af_015,0,Random Forest,0.0,0
mimic_perform_non_af_015,0,Random Forest,0.00023143796992481202,0
mimic_perform_non_af_015,0,Random Forest,0.0004783515501717256,0
mimic_perform_non_af_015,0,Random Forest,0.0005017082401950823,0
mimic_perform_non_af_015,0,Random Forest,0.0005286037210919841,0
mimic_perform_non_af_015,0,Random Forest,0.0002469135802469136,0
mimic_perform_non_af_015,0,Random Forest,0.0002469135802469136,0
mimic_perform_non_af_016,0,Random Forest,0.0004699816259521244,0
mimic_perform_non_af_016,0,Random Forest,0.0004699816259521244,0
mimic_perform_non_af_016,0,Random Forest,0.0004594219638613113,0
mimic_perform_non_af_016,0,Random Forest,0.027326308167034085,0
mimic_perform_non_af_016,0,Random Forest,0.016928941626152706,0
mimic_perform_non_af_016,0,Random Forest,0.06289450422614892,0
mimic_perform_non_af_016,0,Random Forest,0.7068123821953128,1
mimic_perform_non_af_016,0,Random Forest,0.1936919985984758,0
mimic_perform_non_af_016,0,Random Forest,0.04874802297582751,0
mimic_perform_non_af_016,0,Random Forest,0.004474608839969986,0
mimic_perform_non_af_016,0,Random Forest,0.0017902143297865991,0
mimic_perform_non_af_016,0,Random Forest,0.0013376874623916262,0
mimic_perform_non_af_016,0,Random Forest,0.006827907310718006,0
mimic_perform_non_af_016,0,Random Forest,0.0005137399306322275,0
mimic_perform_non_af_016,0,Random Forest,0.00039836995814025256,0
mimic_perform_non_af_016,0,Random Forest,0.0002544255830294906,0
mimic_perform_non_af_016,0,Random Forest,0.0002544255830294906,0
mimic_perform_non_af_016,0,Random Forest,0.0002544255830294906,0
mimic_perform_non_af_016,0,Random Forest,0.0002544255830294906,0
mimic_perform_non_af_016,0,Random Forest,0.0002463610669004583,0
mimic_perform_non_af_016,0,Random Forest,0.0002544255830294906,0
mimic_perform_non_af_016,0,Random Forest,0.0002544255830294906,0
mimic_perform_non_af_016,0,Random Forest,0.0002649852451203037,0
mimic_perform_non_af_016,0,Random Forest,0.0002649852451203037,0
mimic_perform_non_af_016,0,Random Forest,0.0002649852451203037,0
mimic_perform_non_af_016,0,Random Forest,0.02663166909203179,0
mimic_perform_non_af_016,0,Random Forest,0.022680432992690795,0
mimic_perform_non_af_016,0,Random Forest,0.025299089329154385,0
mimic_perform_non_af_016,0,Random Forest,0.024792760215230338,0
mimic_perform_non_af_016,0,Random Forest,0.0013376874623916262,0
mimic_perform_non_af_016,0,Random Forest,0.0013376874623916262,0
mimic_perform_non_af_016,0,Random Forest,0.00040892962023106566,0
mimic_perform_non_af_016,0,Random Forest,0.008001849954006594,0
mimic_perform_non_af_016,0,Random Forest,0.028960176624622407,0
mimic_perform_non_af_016,0,Random Forest,0.04845384751069839,0
mimic_perform_non_af_016,0,Random Forest,0.011593076710819755,0
mimic_perform_non_af_016,0,Random Forest,0.0004699816259521244,0
mimic_perform_non_af_016,0,Random Forest,0.010069396975303915,0
mimic_perform_non_af_016,0,Random Forest,0.010069396975303915,0
mimic_perform_non_af_016,0,Random Forest,0.011532779306146282,0
mimic_perform_non_af_016,0,Random Forest,0.0007504475020831832,0
mimic_perform_non_af_016,0,Random Forest,0.0007504475020831832,0
mimic_perform_non_af_016,0,Random Forest,0.0004699816259521244,0
mimic_perform_non_af_016,0,Random Forest,0.002581605547936718,0
mimic_perform_non_af_016,0,Random Forest,0.0024955338295421414,0
mimic_perform_non_af_016,0,Random Forest,0.007901106645024731,0
mimic_perform_non_af_016,0,Random Forest,0.011313965059524821,0
mimic_perform_non_af_016,0,Random Forest,0.020698971689781222,0
mimic_perform_non_af_016,0,Random Forest,0.0005142665708082949,0
mimic_perform_non_af_016,0,Random Forest,0.00032374967315080774,0
mimic_perform_non_af_016,0,Random Forest,0.0002649852451203037,0
mimic_perform_non_af_016,0,Random Forest,0.0002544255830294906,0
mimic_perform_non_af_016,0,Random Forest,0.014935044561239168,0
mimic_perform_non_af_016,0,Random Forest,0.00461682509954145,0
mimic_perform_non_af_016,0,Random Forest,0.00461682509954145,0
mimic_perform_non_af_016,0,Random Forest,0.0002649852451203037,0
mimic_perform_non_af_016,0,Random Forest,0.02033430933524162,0
mimic_perform_non_af_016,0,Random Forest,0.0004699816259521244,0
mimic_perform_non_af_016,0,Random Forest,0.0004699816259521244,0
mimic_perform_non_af_016,0,Random Forest,0.0002649852451203037,0
mimic_perform_non_af_016,0,Random Forest,0.013861768720998799,0
mimic_perform_non_af_016,0,Random Forest,0.013393139683409003,0
mimic_perform_non_af_016,0,Random Forest,0.0034049244588717402,0
mimic_perform_non_af_016,0,Random Forest,0.004296715321327476,0
mimic_perform_non_af_016,0,Random Forest,0.005374588065866888,0
mimic_perform_non_af_016,0,Random Forest,0.03652870339478665,0
mimic_perform_non_af_016,0,Random Forest,0.03992237787560572,0
mimic_perform_non_af_016,0,Random Forest,0.03992237787560572,0
mimic_perform_non_af_016,0,Random Forest,0.0002649852451203037,0
mimic_perform_non_af_016,0,Random Forest,0.0002544255830294906,0
mimic_perform_non_af_016,0,Random Forest,0.0002649852451203037,0
mimic_perform_non_af_016,0,Random Forest,0.0002544255830294906,0
mimic_perform_non_af_016,0,Random Forest,0.0002649852451203037,0
mimic_perform_non_af_016,0,Random Forest,0.0002649852451203037,0
mimic_perform_non_af_016,0,Random Forest,0.0002649852451203037,0
mimic_perform_non_af_016,0,Random Forest,0.0002649852451203037,0
mimic_perform_non_af_016,0,Random Forest,0.0002649852451203037,0
mimic_perform_non_af_016,0,Random Forest,0.0002649852451203037,0
mimic_perform_non_af_016,0,Random Forest,0.0002649852451203037,0
mimic_perform_non_af_016,0,Random Forest,0.0002649852451203037,0
mimic_perform_non_af_016,0,Random Forest,0.004293398989691006,0
mimic_perform_non_af_016,0,Random Forest,0.006084864368112905,0
mimic_perform_non_af_016,0,Random Forest,0.006084864368112905,0
mimic_perform_non_af_016,0,Random Forest,0.0002649852451203037,0
mimic_perform_non_af_016,0,Random Forest,0.0002649852451203037,0
mimic_perform_non_af_016,0,Random Forest,0.0002649852451203037,0
mimic_perform_non_af_016,0,Random Forest,0.0002544255830294906,0
mimic_perform_non_af_016,0,Random Forest,0.0002649852451203037,0
mimic_perform_non_af_016,0,Random Forest,0.0002649852451203037,0
mimic_perform_non_af_016,0,Random Forest,0.0002649852451203037,0
mimic_perform_non_af_016,0,Random Forest,0.0002649852451203037,0
mimic_perform_non_af_016,0,Random Forest,0.0002649852451203037,0
mimic_perform_non_af_016,0,Random Forest,0.0002649852451203037,0
mimic_perform_non_af_016,0,Random Forest,0.0002649852451203037,0
mimic_perform_non_af_016,0,Random Forest,0.0002649852451203037,0
mimic_perform_non_af_016,0,Random Forest,0.0002649852451203037,0
mimic_perform_non_af_016,0,Random Forest,0.0002649852451203037,0
mimic_perform_non_af_016,0,Random Forest,0.0002649852451203037,0
mimic_perform_non_af_016,0,Random Forest,0.0002649852451203037,0
mimic_perform_non_af_016,0,Random Forest,0.0002544255830294906,0
mimic_perform_non_af_016,0,Random Forest,0.0002544255830294906,0
mimic_perform_non_af_016,0,Random Forest,0.0002649852451203037,0
mimic_perform_non_af_016,0,Random Forest,0.0002649852451203037,0
mimic_perform_non_af_016,0,Random Forest,0.0002649852451203037,0
mimic_perform_non_af_016,0,Random Forest,0.0002649852451203037,0
mimic_perform_non_af_016,0,Random Forest,0.0002649852451203037,0
mimic_perform_non_af_016,0,Random Forest,0.0002649852451203037,0
mimic_perform_non_af_016,0,Random Forest,0.0002649852451203037,0
mimic_perform_non_af_016,0,Random Forest,0.0002649852451203037,0
mimic_perform_non_af_016,0,Random Forest,0.03002059692131998,0
mimic_perform_non_af_016,0,Random Forest,0.03002059692131998,0
mimic_perform_non_af_016,0,Random Forest,0.030818401589551448,0
mimic_perform_non_af_016,0,Random Forest,0.0002649852451203037,0
mimic_perform_non_af_016,0,Random Forest,0.0002649852451203037,0
mimic_perform_non_af_016,0,Random Forest,0.0002649852451203037,0
mimic_perform_non_af_016,0,Random Forest,0.0002649852451203037,0
mimic_perform_non_af_016,0,Random Forest,0.0002544255830294906,0
mimic_perform_non_af_016,0,Random Forest,0.008129915269715763,0
mimic_perform_af_001,1,XGBoost,0.9993077516555786,1
mimic_perform_af_001,1,XGBoost,0.9996938705444336,1
mimic_perform_af_001,1,XGBoost,0.9994001388549805,1
mimic_perform_af_001,1,XGBoost,0.9995099306106567,1
mimic_perform_af_001,1,XGBoost,0.9989697933197021,1
mimic_perform_af_001,1,XGBoost,0.9997654557228088,1
mimic_perform_af_001,1,XGBoost,0.9996339082717896,1
mimic_perform_af_001,1,XGBoost,0.9998075366020203,1
mimic_perform_af_001,1,XGBoost,0.9997870326042175,1
mimic_perform_af_001,1,XGBoost,0.9996510744094849,1
mimic_perform_af_001,1,XGBoost,0.9997996687889099,1
mimic_perform_af_001,1,XGBoost,0.9994569420814514,1
mimic_perform_af_001,1,XGBoost,0.9975740313529968,1
mimic_perform_af_001,1,XGBoost,0.9987221360206604,1
mimic_perform_af_001,1,XGBoost,0.9991464614868164,1
mimic_perform_af_001,1,XGBoost,0.9998455047607422,1
mimic_perform_af_001,1,XGBoost,0.9995974898338318,1
mimic_perform_af_001,1,XGBoost,0.9994263648986816,1
mimic_perform_af_001,1,XGBoost,0.9995119571685791,1
mimic_perform_af_001,1,XGBoost,0.9995649456977844,1
mimic_perform_af_001,1,XGBoost,0.9997828602790833,1
mimic_perform_af_001,1,XGBoost,0.99974125623703,1
mimic_perform_af_001,1,XGBoost,0.995328426361084,1
mimic_perform_af_001,1,XGBoost,0.9950820207595825,1
mimic_perform_af_001,1,XGBoost,0.9971457123756409,1
mimic_perform_af_001,1,XGBoost,0.999699592590332,1
mimic_perform_af_001,1,XGBoost,0.9996984004974365,1
mimic_perform_af_001,1,XGBoost,0.9994192123413086,1
mimic_perform_af_001,1,XGBoost,0.9997333884239197,1
mimic_perform_af_001,1,XGBoost,0.9972796440124512,1
mimic_perform_af_001,1,XGBoost,0.9987665414810181,1
mimic_perform_af_001,1,XGBoost,0.999729573726654,1
mimic_perform_af_001,1,XGBoost,0.9995649456977844,1
mimic_perform_af_001,1,XGBoost,0.9996680021286011,1
mimic_perform_af_001,1,XGBoost,0.9998753070831299,1
mimic_perform_af_001,1,XGBoost,0.9988411068916321,1
mimic_perform_af_001,1,XGBoost,0.997734546661377,1
mimic_perform_af_001,1,XGBoost,0.9994112253189087,1
mimic_perform_af_001,1,XGBoost,0.9997865557670593,1
mimic_perform_af_001,1,XGBoost,0.9997310042381287,1
mimic_perform_af_001,1,XGBoost,0.999521017074585,1
mimic_perform_af_001,1,XGBoost,0.9990455508232117,1
mimic_perform_af_001,1,XGBoost,0.9995452761650085,1
mimic_perform_af_001,1,XGBoost,0.9974871873855591,1
mimic_perform_af_001,1,XGBoost,0.9974170923233032,1
mimic_perform_af_001,1,XGBoost,0.9985724687576294,1
mimic_perform_af_001,1,XGBoost,0.9996658563613892,1
mimic_perform_af_001,1,XGBoost,0.9997168183326721,1
mimic_perform_af_001,1,XGBoost,0.998691737651825,1
mimic_perform_af_001,1,XGBoost,0.9982370138168335,1
mimic_perform_af_001,1,XGBoost,0.998703122138977,1
mimic_perform_af_001,1,XGBoost,0.9994887113571167,1
mimic_perform_af_001,1,XGBoost,0.9997630715370178,1
mimic_perform_af_001,1,XGBoost,0.9998583793640137,1
mimic_perform_af_001,1,XGBoost,0.9997490048408508,1
mimic_perform_af_001,1,XGBoost,0.9995552897453308,1
mimic_perform_af_001,1,XGBoost,0.999769389629364,1
mimic_perform_af_001,1,XGBoost,0.9995315074920654,1
mimic_perform_af_001,1,XGBoost,0.9992450475692749,1
mimic_perform_af_001,1,XGBoost,0.9993664622306824,1
mimic_perform_af_001,1,XGBoost,0.9998583793640137,1
mimic_perform_af_001,1,XGBoost,0.9997329115867615,1
mimic_perform_af_001,1,XGBoost,0.997886598110199,1
mimic_perform_af_001,1,XGBoost,0.985052227973938,1
mimic_perform_af_001,1,XGBoost,0.9904892444610596,1
mimic_perform_af_001,1,XGBoost,0.9995150566101074,1
mimic_perform_af_001,1,XGBoost,0.9984409213066101,1
mimic_perform_af_001,1,XGBoost,0.999139666557312,1
mimic_perform_af_001,1,XGBoost,0.9970068335533142,1
mimic_perform_af_001,1,XGBoost,0.9986287355422974,1
mimic_perform_af_001,1,XGBoost,0.9918938279151917,1
mimic_perform_af_001,1,XGBoost,0.9981645941734314,1
mimic_perform_af_001,1,XGBoost,0.9996583461761475,1
mimic_perform_af_001,1,XGBoost,0.9997865557670593,1
mimic_perform_af_001,1,XGBoost,0.9992120265960693,1
mimic_perform_af_001,1,XGBoost,0.9990899562835693,1
mimic_perform_af_001,1,XGBoost,0.9993312358856201,1
mimic_perform_af_001,1,XGBoost,0.9980593323707581,1
mimic_perform_af_001,1,XGBoost,0.9993335604667664,1
mimic_perform_af_001,1,XGBoost,0.9922658801078796,1
mimic_perform_af_001,1,XGBoost,0.9974879026412964,1
mimic_perform_af_001,1,XGBoost,0.9991534948348999,1
mimic_perform_af_001,1,XGBoost,0.9915492534637451,1
mimic_perform_af_001,1,XGBoost,0.9983336329460144,1
mimic_perform_af_001,1,XGBoost,0.9992058873176575,1
mimic_perform_af_001,1,XGBoost,0.9996114373207092,1
mimic_perform_af_001,1,XGBoost,0.9995852112770081,1
mimic_perform_af_001,1,XGBoost,0.9987886548042297,1
mimic_perform_af_001,1,XGBoost,0.9978333115577698,1
mimic_perform_af_001,1,XGBoost,0.9983586668968201,1
mimic_perform_af_001,1,XGBoost,0.9991835951805115,1
mimic_perform_af_001,1,XGBoost,0.9990471005439758,1
mimic_perform_af_001,1,XGBoost,0.9993502497673035,1
mimic_perform_af_001,1,XGBoost,0.9994593262672424,1
mimic_perform_af_001,1,XGBoost,0.9997344613075256,1
mimic_perform_af_001,1,XGBoost,0.9997974038124084,1
mimic_perform_af_001,1,XGBoost,0.9995749592781067,1
mimic_perform_af_001,1,XGBoost,0.9995492100715637,1
mimic_perform_af_001,1,XGBoost,0.9995567202568054,1
mimic_perform_af_001,1,XGBoost,0.9997395873069763,1
mimic_perform_af_001,1,XGBoost,0.9996800422668457,1
mimic_perform_af_001,1,XGBoost,0.9998321533203125,1
mimic_perform_af_001,1,XGBoost,0.9993263483047485,1
mimic_perform_af_001,1,XGBoost,0.9993383288383484,1
mimic_perform_af_001,1,XGBoost,0.9992772936820984,1
mimic_perform_af_001,1,XGBoost,0.9997569918632507,1
mimic_perform_af_001,1,XGBoost,0.9974486231803894,1
mimic_perform_af_001,1,XGBoost,0.9990924596786499,1
mimic_perform_af_001,1,XGBoost,0.9991187453269958,1
mimic_perform_af_001,1,XGBoost,0.9996339082717896,1
mimic_perform_af_001,1,XGBoost,0.9997243285179138,1
mimic_perform_af_001,1,XGBoost,0.9979574680328369,1
mimic_perform_af_001,1,XGBoost,0.9995076656341553,1
mimic_perform_af_001,1,XGBoost,0.9996781349182129,1
mimic_perform_af_001,1,XGBoost,0.9996092915534973,1
mimic_perform_af_001,1,XGBoost,0.9995768666267395,1
mimic_perform_af_001,1,XGBoost,0.9990532994270325,1
mimic_perform_af_001,1,XGBoost,0.99974125623703,1
mimic_perform_af_002,1,XGBoost,0.9989866614341736,1
mimic_perform_af_002,1,XGBoost,0.9991686344146729,1
mimic_perform_af_002,1,XGBoost,0.9991058707237244,1
mimic_perform_af_002,1,XGBoost,0.998842179775238,1
mimic_perform_af_002,1,XGBoost,0.9987825751304626,1
mimic_perform_af_002,1,XGBoost,0.9992637038230896,1
mimic_perform_af_002,1,XGBoost,0.9869914650917053,1
mimic_perform_af_002,1,XGBoost,0.9955691695213318,1
mimic_perform_af_002,1,XGBoost,0.9950271248817444,1
mimic_perform_af_002,1,XGBoost,0.9990090131759644,1
mimic_perform_af_002,1,XGBoost,0.9992367029190063,1
mimic_perform_af_002,1,XGBoost,0.9995822310447693,1
mimic_perform_af_002,1,XGBoost,0.9995798468589783,1
mimic_perform_af_002,1,XGBoost,0.9987533092498779,1
mimic_perform_af_002,1,XGBoost,0.9960501790046692,1
mimic_perform_af_002,1,XGBoost,0.9914156794548035,1
mimic_perform_af_002,1,XGBoost,0.9908391833305359,1
mimic_perform_af_002,1,XGBoost,0.984326183795929,1
mimic_perform_af_002,1,XGBoost,0.9891413450241089,1
mimic_perform_af_002,1,XGBoost,0.9888005256652832,1
mimic_perform_af_002,1,XGBoost,0.9989866614341736,1
mimic_perform_af_002,1,XGBoost,0.9987533092498779,1
mimic_perform_af_002,1,XGBoost,0.9966027736663818,1
mimic_perform_af_002,1,XGBoost,0.997141420841217,1
mimic_perform_af_002,1,XGBoost,0.9876503348350525,1
mimic_perform_af_002,1,XGBoost,0.8494824171066284,1
mimic_perform_af_002,1,XGBoost,0.99404376745224,1
mimic_perform_af_002,1,XGBoost,0.99916672706604,1
mimic_perform_af_002,1,XGBoost,0.9980789422988892,1
mimic_perform_af_002,1,XGBoost,0.9992101192474365,1
mimic_perform_af_002,1,XGBoost,0.9948794841766357,1
mimic_perform_af_002,1,XGBoost,0.9988834261894226,1
mimic_perform_af_002,1,XGBoost,0.9972467422485352,1
mimic_perform_af_002,1,XGBoost,0.9988834261894226,1
mimic_perform_af_002,1,XGBoost,0.99916672706604,1
mimic_perform_af_002,1,XGBoost,0.9960340857505798,1
mimic_perform_af_002,1,XGBoost,0.994666576385498,1
mimic_perform_af_002,1,XGBoost,0.9815288782119751,1
mimic_perform_af_002,1,XGBoost,0.970993161201477,1
mimic_perform_af_002,1,XGBoost,0.9506354928016663,1
mimic_perform_af_002,1,XGBoost,0.991395890712738,1
mimic_perform_af_002,1,XGBoost,0.9792340993881226,1
mimic_perform_af_002,1,XGBoost,0.9816455841064453,1
mimic_perform_af_002,1,XGBoost,0.9804034233093262,1
mimic_perform_af_002,1,XGBoost,0.9820944666862488,1
mimic_perform_af_002,1,XGBoost,0.9934157133102417,1
mimic_perform_af_002,1,XGBoost,0.994253933429718,1
mimic_perform_af_002,1,XGBoost,0.9839485287666321,1
mimic_perform_af_002,1,XGBoost,0.9988043308258057,1
mimic_perform_af_002,1,XGBoost,0.9991859793663025,1
mimic_perform_af_002,1,XGBoost,0.9978454113006592,1
mimic_perform_af_002,1,XGBoost,0.9980206489562988,1
mimic_perform_af_002,1,XGBoost,0.9902347326278687,1
mimic_perform_af_002,1,XGBoost,0.9916826486587524,1
mimic_perform_af_002,1,XGBoost,0.9971000552177429,1
mimic_perform_af_002,1,XGBoost,0.9967895150184631,1
mimic_perform_af_002,1,XGBoost,0.9987226128578186,1
mimic_perform_af_002,1,XGBoost,0.997244119644165,1
mimic_perform_af_002,1,XGBoost,0.9971604347229004,1
mimic_perform_af_002,1,XGBoost,0.998598039150238,1
mimic_perform_af_002,1,XGBoost,0.9979497790336609,1
mimic_perform_af_002,1,XGBoost,0.9990222454071045,1
mimic_perform_af_002,1,XGBoost,0.9987422823905945,1
mimic_perform_af_002,1,XGBoost,0.9935899972915649,1
mimic_perform_af_002,1,XGBoost,0.993725597858429,1
mimic_perform_af_002,1,XGBoost,0.9973812699317932,1
mimic_perform_af_002,1,XGBoost,0.9994558691978455,1
mimic_perform_af_002,1,XGBoost,0.9972694516181946,1
mimic_perform_af_002,1,XGBoost,0.9837745428085327,1
mimic_perform_af_002,1,XGBoost,0.9828667044639587,1
mimic_perform_af_002,1,XGBoost,0.9947761297225952,1
mimic_perform_af_002,1,XGBoost,0.9956778883934021,1
mimic_perform_af_002,1,XGBoost,0.9927393794059753,1
mimic_perform_af_002,1,XGBoost,0.9521050453186035,1
mimic_perform_af_002,1,XGBoost,0.9951573014259338,1
mimic_perform_af_002,1,XGBoost,0.9955815672874451,1
mimic_perform_af_002,1,XGBoost,0.9870224595069885,1
mimic_perform_af_002,1,XGBoost,0.9830069541931152,1
mimic_perform_af_002,1,XGBoost,0.975226640701294,1
mimic_perform_af_002,1,XGBoost,0.9973030090332031,1
mimic_perform_af_002,1,XGBoost,0.9984666109085083,1
mimic_perform_af_002,1,XGBoost,0.9983974099159241,1
mimic_perform_af_002,1,XGBoost,0.996967613697052,1
mimic_perform_af_002,1,XGBoost,0.9968966245651245,1
mimic_perform_af_002,1,XGBoost,0.9976856708526611,1
mimic_perform_af_002,1,XGBoost,0.995309054851532,1
mimic_perform_af_002,1,XGBoost,0.9925105571746826,1
mimic_perform_af_002,1,XGBoost,0.99411940574646,1
mimic_perform_af_002,1,XGBoost,0.9988771080970764,1
mimic_perform_af_002,1,XGBoost,0.8591933250427246,1
mimic_perform_af_002,1,XGBoost,0.998196542263031,1
mimic_perform_af_002,1,XGBoost,0.9982831478118896,1
mimic_perform_af_002,1,XGBoost,0.9802172183990479,1
mimic_perform_af_002,1,XGBoost,0.9893519282341003,1
mimic_perform_af_002,1,XGBoost,0.9883762001991272,1
mimic_perform_af_002,1,XGBoost,0.9961121678352356,1
mimic_perform_af_002,1,XGBoost,0.9991556406021118,1
mimic_perform_af_002,1,XGBoost,0.9965953230857849,1
mimic_perform_af_002,1,XGBoost,0.9965734481811523,1
mimic_perform_af_002,1,XGBoost,0.9963263869285583,1
mimic_perform_af_002,1,XGBoost,0.9975639581680298,1
mimic_perform_af_002,1,XGBoost,0.9940004348754883,1
mimic_perform_af_002,1,XGBoost,0.9916770458221436,1
mimic_perform_af_002,1,XGBoost,0.9922211766242981,1
mimic_perform_af_002,1,XGBoost,0.9906502962112427,1
mimic_perform_af_002,1,XGBoost,0.8955988883972168,1
mimic_perform_af_002,1,XGBoost,0.9931929707527161,1
mimic_perform_af_002,1,XGBoost,0.9987174272537231,1
mimic_perform_af_002,1,XGBoost,0.9985480904579163,1
mimic_perform_af_002,1,XGBoost,0.9985489249229431,1
mimic_perform_af_002,1,XGBoost,0.9990503191947937,1
mimic_perform_af_002,1,XGBoost,0.9736744165420532,1
mimic_perform_af_002,1,XGBoost,0.9865031242370605,1
mimic_perform_af_002,1,XGBoost,0.9726815223693848,1
mimic_perform_af_002,1,XGBoost,0.9978232383728027,1
mimic_perform_af_002,1,XGBoost,0.9980772733688354,1
mimic_perform_af_002,1,XGBoost,0.9909760355949402,1
mimic_perform_af_002,1,XGBoost,0.9978306889533997,1
mimic_perform_af_003,1,XGBoost,0.9923000335693359,1
mimic_perform_af_003,1,XGBoost,0.9945699572563171,1
mimic_perform_af_003,1,XGBoost,0.9954850673675537,1
mimic_perform_af_003,1,XGBoost,0.9945699572563171,1
mimic_perform_af_003,1,XGBoost,0.9846979379653931,1
mimic_perform_af_003,1,XGBoost,0.9540700912475586,1
mimic_perform_af_003,1,XGBoost,0.9582231044769287,1
mimic_perform_af_003,1,XGBoost,0.9826661348342896,1
mimic_perform_af_003,1,XGBoost,0.8984922766685486,1
mimic_perform_af_003,1,XGBoost,0.9627755880355835,1
mimic_perform_af_003,1,XGBoost,0.9935448169708252,1
mimic_perform_af_003,1,XGBoost,0.9961907863616943,1
mimic_perform_af_003,1,XGBoost,0.9756851196289062,1
mimic_perform_af_003,1,XGBoost,0.9815121293067932,1
mimic_perform_af_003,1,XGBoost,0.9715097546577454,1
mimic_perform_af_003,1,XGBoost,0.9906326532363892,1
mimic_perform_af_003,1,XGBoost,0.9781510829925537,1
mimic_perform_af_003,1,XGBoost,0.9858511090278625,1
mimic_perform_af_003,1,XGBoost,0.9509317278862,1
mimic_perform_af_003,1,XGBoost,0.967333197593689,1
mimic_perform_af_003,1,XGBoost,0.9548964500427246,1
mimic_perform_af_003,1,XGBoost,0.9705934524536133,1
mimic_perform_af_003,1,XGBoost,0.9724807143211365,1
mimic_perform_af_003,1,XGBoost,0.9958071708679199,1
mimic_perform_af_003,1,XGBoost,0.9945699572563171,1
mimic_perform_af_003,1,XGBoost,0.9946957230567932,1
mimic_perform_af_003,1,XGBoost,0.9873544573783875,1
mimic_perform_af_003,1,XGBoost,0.9739843606948853,1
mimic_perform_af_003,1,XGBoost,0.7841408848762512,1
mimic_perform_af_003,1,XGBoost,0.7557550072669983,1
mimic_perform_af_003,1,XGBoost,0.8129193186759949,1
mimic_perform_af_003,1,XGBoost,0.9780471920967102,1
mimic_perform_af_003,1,XGBoost,0.9972223043441772,1
mimic_perform_af_003,1,XGBoost,0.9829508662223816,1
mimic_perform_af_003,1,XGBoost,0.9747812747955322,1
mimic_perform_af_003,1,XGBoost,0.9542854428291321,1
mimic_perform_af_003,1,XGBoost,0.9834246039390564,1
mimic_perform_af_003,1,XGBoost,0.9956511855125427,1
mimic_perform_af_003,1,XGBoost,0.9576376676559448,1
mimic_perform_af_003,1,XGBoost,0.9576376676559448,1
mimic_perform_af_003,1,XGBoost,0.8253337740898132,1
mimic_perform_af_003,1,XGBoost,0.9707011580467224,1
mimic_perform_af_003,1,XGBoost,0.9804515242576599,1
mimic_perform_af_003,1,XGBoost,0.9950913190841675,1
mimic_perform_af_003,1,XGBoost,0.9934056997299194,1
mimic_perform_af_003,1,XGBoost,0.9961907863616943,1
mimic_perform_af_003,1,XGBoost,0.9724149107933044,1
mimic_perform_af_003,1,XGBoost,0.9831758737564087,1
mimic_perform_af_003,1,XGBoost,0.9738669991493225,1
mimic_perform_af_003,1,XGBoost,0.99132239818573,1
mimic_perform_af_003,1,XGBoost,0.9729401469230652,1
mimic_perform_af_003,1,XGBoost,0.9207708239555359,1
mimic_perform_af_003,1,XGBoost,0.93074631690979,1
mimic_perform_af_003,1,XGBoost,0.9662912487983704,1
mimic_perform_af_003,1,XGBoost,0.974556028842926,1
mimic_perform_af_003,1,XGBoost,0.9777211546897888,1
mimic_perform_af_003,1,XGBoost,0.9190415740013123,1
mimic_perform_af_003,1,XGBoost,0.9943705201148987,1
mimic_perform_af_003,1,XGBoost,0.9749416708946228,1
mimic_perform_af_003,1,XGBoost,0.9835273623466492,1
mimic_perform_af_003,1,XGBoost,0.9713815450668335,1
mimic_perform_af_003,1,XGBoost,0.9774406552314758,1
mimic_perform_af_003,1,XGBoost,0.96038419008255,1
mimic_perform_af_003,1,XGBoost,0.9774611592292786,1
mimic_perform_af_003,1,XGBoost,0.9823225140571594,1
mimic_perform_af_003,1,XGBoost,0.9779281616210938,1
mimic_perform_af_003,1,XGBoost,0.9706670045852661,1
mimic_perform_af_003,1,XGBoost,0.9761389493942261,1
mimic_perform_af_003,1,XGBoost,0.9781510829925537,1
mimic_perform_af_003,1,XGBoost,0.9858511090278625,1
mimic_perform_af_003,1,XGBoost,0.9856122732162476,1
mimic_perform_af_003,1,XGBoost,0.9721531867980957,1
mimic_perform_af_003,1,XGBoost,0.9468840956687927,1
mimic_perform_af_003,1,XGBoost,0.9843485951423645,1
mimic_perform_af_003,1,XGBoost,0.958149790763855,1
mimic_perform_af_003,1,XGBoost,0.9538550972938538,1
mimic_perform_af_003,1,XGBoost,0.975957989692688,1
mimic_perform_af_003,1,XGBoost,0.9693617224693298,1
mimic_perform_af_003,1,XGBoost,0.9854570031166077,1
mimic_perform_af_003,1,XGBoost,0.9840108752250671,1
mimic_perform_af_003,1,XGBoost,0.9933263063430786,1
mimic_perform_af_003,1,XGBoost,0.9716807007789612,1
mimic_perform_af_003,1,XGBoost,0.9627255797386169,1
mimic_perform_af_003,1,XGBoost,0.9626873135566711,1
mimic_perform_af_003,1,XGBoost,0.9841700792312622,1
mimic_perform_af_003,1,XGBoost,0.9920411705970764,1
mimic_perform_af_003,1,XGBoost,0.9700816869735718,1
mimic_perform_af_003,1,XGBoost,0.9482633471488953,1
mimic_perform_af_003,1,XGBoost,0.9666875600814819,1
mimic_perform_af_003,1,XGBoost,0.8053029179573059,1
mimic_perform_af_003,1,XGBoost,0.8577118515968323,1
mimic_perform_af_003,1,XGBoost,0.9166184663772583,1
mimic_perform_af_003,1,XGBoost,0.9591346383094788,1
mimic_perform_af_003,1,XGBoost,0.9791343212127686,1
mimic_perform_af_003,1,XGBoost,0.9770804643630981,1
mimic_perform_af_003,1,XGBoost,0.9761487245559692,1
mimic_perform_af_003,1,XGBoost,0.9470387697219849,1
mimic_perform_af_003,1,XGBoost,0.9638598561286926,1
mimic_perform_af_003,1,XGBoost,0.9732370972633362,1
mimic_perform_af_003,1,XGBoost,0.9558608531951904,1
mimic_perform_af_003,1,XGBoost,0.7206737399101257,1
mimic_perform_af_003,1,XGBoost,0.9548802971839905,1
mimic_perform_af_003,1,XGBoost,0.9541527032852173,1
mimic_perform_af_003,1,XGBoost,0.9733330011367798,1
mimic_perform_af_003,1,XGBoost,0.974320113658905,1
mimic_perform_af_003,1,XGBoost,0.9426026344299316,1
mimic_perform_af_003,1,XGBoost,0.9797911047935486,1
mimic_perform_af_003,1,XGBoost,0.9713815450668335,1
mimic_perform_af_003,1,XGBoost,0.9898039102554321,1
mimic_perform_af_003,1,XGBoost,0.9945178627967834,1
mimic_perform_af_003,1,XGBoost,0.9806126952171326,1
mimic_perform_af_003,1,XGBoost,0.9912620782852173,1
mimic_perform_af_003,1,XGBoost,0.9603602886199951,1
mimic_perform_af_003,1,XGBoost,0.9683585166931152,1
mimic_perform_af_003,1,XGBoost,0.9718345999717712,1
mimic_perform_af_003,1,XGBoost,0.9946714043617249,1
mimic_perform_af_003,1,XGBoost,0.9896965026855469,1
mimic_perform_af_003,1,XGBoost,0.9639645218849182,1
mimic_perform_af_004,1,XGBoost,0.9996271133422852,1
mimic_perform_af_004,1,XGBoost,0.9959171414375305,1
mimic_perform_af_004,1,XGBoost,0.2116059809923172,0
mimic_perform_af_004,1,XGBoost,0.9443809390068054,1
mimic_perform_af_004,1,XGBoost,0.9775735139846802,1
mimic_perform_af_004,1,XGBoost,0.9409515857696533,1
mimic_perform_af_004,1,XGBoost,0.9879941940307617,1
mimic_perform_af_004,1,XGBoost,0.10573583096265793,0
mimic_perform_af_004,1,XGBoost,0.8240364789962769,1
mimic_perform_af_004,1,XGBoost,0.9687199592590332,1
mimic_perform_af_004,1,XGBoost,0.9871914386749268,1
mimic_perform_af_004,1,XGBoost,0.9864938259124756,1
mimic_perform_af_004,1,XGBoost,0.9861067533493042,1
mimic_perform_af_004,1,XGBoost,0.9992733597755432,1
mimic_perform_af_004,1,XGBoost,0.32809245586395264,0
mimic_perform_af_004,1,XGBoost,0.7954442501068115,1
mimic_perform_af_004,1,XGBoost,0.8676469922065735,1
mimic_perform_af_004,1,XGBoost,0.8488109707832336,1
mimic_perform_af_004,1,XGBoost,0.3862271010875702,0
mimic_perform_af_004,1,XGBoost,0.7241066098213196,1
mimic_perform_af_004,1,XGBoost,0.35611215233802795,0
mimic_perform_af_004,1,XGBoost,0.9991807341575623,1
mimic_perform_af_004,1,XGBoost,0.9996091723442078,1
mimic_perform_af_004,1,XGBoost,0.9992709755897522,1
mimic_perform_af_004,1,XGBoost,0.9995291233062744,1
mimic_perform_af_004,1,XGBoost,0.9994469285011292,1
mimic_perform_af_004,1,XGBoost,0.9993634819984436,1
mimic_perform_af_004,1,XGBoost,0.9997281432151794,1
mimic_perform_af_004,1,XGBoost,0.9962946772575378,1
mimic_perform_af_004,1,XGBoost,0.9914121627807617,1
mimic_perform_af_004,1,XGBoost,0.9864395260810852,1
mimic_perform_af_004,1,XGBoost,0.44299808144569397,0
mimic_perform_af_004,1,XGBoost,0.9996271133422852,1
mimic_perform_af_004,1,XGBoost,0.9995588660240173,1
mimic_perform_af_004,1,XGBoost,0.9997249245643616,1
mimic_perform_af_004,1,XGBoost,0.9995980858802795,1
mimic_perform_af_004,1,XGBoost,0.9979740977287292,1
mimic_perform_af_004,1,XGBoost,0.9987577199935913,1
mimic_perform_af_004,1,XGBoost,0.9995017051696777,1
mimic_perform_af_004,1,XGBoost,0.9995406866073608,1
mimic_perform_af_004,1,XGBoost,0.9997110962867737,1
mimic_perform_af_004,1,XGBoost,0.998939573764801,1
mimic_perform_af_004,1,XGBoost,0.9988391995429993,1
mimic_perform_af_004,1,XGBoost,0.999545156955719,1
mimic_perform_af_004,1,XGBoost,0.9993446469306946,1
mimic_perform_af_004,1,XGBoost,0.9993552565574646,1
mimic_perform_af_004,1,XGBoost,0.9994801878929138,1
mimic_perform_af_004,1,XGBoost,0.9992062449455261,1
mimic_perform_af_004,1,XGBoost,0.9989840388298035,1
mimic_perform_af_004,1,XGBoost,0.9996219873428345,1
mimic_perform_af_004,1,XGBoost,0.9796761274337769,1
mimic_perform_af_004,1,XGBoost,0.7777445316314697,1
mimic_perform_af_004,1,XGBoost,0.7259941101074219,1
mimic_perform_af_004,1,XGBoost,0.999321699142456,1
mimic_perform_af_004,1,XGBoost,0.9994276165962219,1
mimic_perform_af_004,1,XGBoost,0.9994753003120422,1
mimic_perform_af_004,1,XGBoost,0.9891567230224609,1
mimic_perform_af_004,1,XGBoost,0.9988793730735779,1
mimic_perform_af_004,1,XGBoost,0.9995802044868469,1
mimic_perform_af_004,1,XGBoost,0.9994716048240662,1
mimic_perform_af_004,1,XGBoost,0.9986531734466553,1
mimic_perform_af_004,1,XGBoost,0.9995765089988708,1
mimic_perform_af_004,1,XGBoost,0.9992640614509583,1
mimic_perform_af_004,1,XGBoost,0.9863994121551514,1
mimic_perform_af_004,1,XGBoost,0.9444525837898254,1
mimic_perform_af_004,1,XGBoost,0.6706023216247559,1
mimic_perform_af_004,1,XGBoost,0.8752697706222534,1
mimic_perform_af_004,1,XGBoost,0.9889376163482666,1
mimic_perform_af_004,1,XGBoost,0.9794859886169434,1
mimic_perform_af_004,1,XGBoost,0.8203188180923462,1
mimic_perform_af_004,1,XGBoost,0.9969382286071777,1
mimic_perform_af_004,1,XGBoost,0.9976391792297363,1
mimic_perform_af_004,1,XGBoost,0.99928879737854,1
mimic_perform_af_004,1,XGBoost,0.9994994401931763,1
mimic_perform_af_004,1,XGBoost,0.9971707463264465,1
mimic_perform_af_004,1,XGBoost,0.9995673298835754,1
mimic_perform_af_004,1,XGBoost,0.9995711445808411,1
mimic_perform_af_004,1,XGBoost,0.9995881915092468,1
mimic_perform_af_004,1,XGBoost,0.9987339377403259,1
mimic_perform_af_004,1,XGBoost,0.9996091723442078,1
mimic_perform_af_004,1,XGBoost,0.9993162155151367,1
mimic_perform_af_004,1,XGBoost,0.9996750354766846,1
mimic_perform_af_004,1,XGBoost,0.9994320273399353,1
mimic_perform_af_004,1,XGBoost,0.9996856451034546,1
mimic_perform_af_004,1,XGBoost,0.9982028007507324,1
mimic_perform_af_004,1,XGBoost,0.9976633787155151,1
mimic_perform_af_004,1,XGBoost,0.9980575442314148,1
mimic_perform_af_004,1,XGBoost,0.9997227787971497,1
mimic_perform_af_004,1,XGBoost,0.9996318817138672,1
mimic_perform_af_004,1,XGBoost,0.9994924068450928,1
mimic_perform_af_004,1,XGBoost,0.9996387958526611,1
mimic_perform_af_004,1,XGBoost,0.9996471405029297,1
mimic_perform_af_004,1,XGBoost,0.9995551705360413,1
mimic_perform_af_004,1,XGBoost,0.9995341300964355,1
mimic_perform_af_004,1,XGBoost,0.9997496008872986,1
mimic_perform_af_004,1,XGBoost,0.9995025396347046,1
mimic_perform_af_004,1,XGBoost,0.9996168613433838,1
mimic_perform_af_004,1,XGBoost,0.9996139407157898,1
mimic_perform_af_004,1,XGBoost,0.9996192455291748,1
mimic_perform_af_004,1,XGBoost,0.9995507597923279,1
mimic_perform_af_004,1,XGBoost,0.999264657497406,1
mimic_perform_af_004,1,XGBoost,0.9995080232620239,1
mimic_perform_af_004,1,XGBoost,0.9995436072349548,1
mimic_perform_af_004,1,XGBoost,0.9995658993721008,1
mimic_perform_af_004,1,XGBoost,0.9994860887527466,1
mimic_perform_af_004,1,XGBoost,0.9985218644142151,1
mimic_perform_af_004,1,XGBoost,0.9971892237663269,1
mimic_perform_af_004,1,XGBoost,0.9963100552558899,1
mimic_perform_af_004,1,XGBoost,0.9996275901794434,1
mimic_perform_af_004,1,XGBoost,0.9995001554489136,1
mimic_perform_af_004,1,XGBoost,0.9997453093528748,1
mimic_perform_af_004,1,XGBoost,0.9997325539588928,1
mimic_perform_af_004,1,XGBoost,0.999688982963562,1
mimic_perform_af_004,1,XGBoost,0.9996190071105957,1
mimic_perform_af_004,1,XGBoost,0.9996800422668457,1
mimic_perform_af_004,1,XGBoost,0.9995835423469543,1
mimic_perform_af_004,1,XGBoost,0.9996139407157898,1
mimic_perform_af_004,1,XGBoost,0.9993367791175842,1
mimic_perform_af_005,1,XGBoost,0.08334431052207947,0
mimic_perform_af_005,1,XGBoost,0.8641781806945801,1
mimic_perform_af_005,1,XGBoost,0.9904130101203918,1
mimic_perform_af_005,1,XGBoost,0.9959602952003479,1
mimic_perform_af_005,1,XGBoost,0.9520601630210876,1
mimic_perform_af_005,1,XGBoost,0.5521009564399719,1
mimic_perform_af_005,1,XGBoost,0.016867902129888535,0
mimic_perform_af_005,1,XGBoost,0.9842435121536255,1
mimic_perform_af_005,1,XGBoost,0.8693638443946838,1
mimic_perform_af_005,1,XGBoost,0.9918766021728516,1
mimic_perform_af_005,1,XGBoost,0.9868820309638977,1
mimic_perform_af_005,1,XGBoost,0.9925220608711243,1
mimic_perform_af_005,1,XGBoost,0.8198107481002808,1
mimic_perform_af_005,1,XGBoost,0.05520455539226532,0
mimic_perform_af_005,1,XGBoost,0.312549889087677,0
mimic_perform_af_005,1,XGBoost,0.056724242866039276,0
mimic_perform_af_005,1,XGBoost,0.592738151550293,1
mimic_perform_af_005,1,XGBoost,0.9966084957122803,1
mimic_perform_af_005,1,XGBoost,0.04566574841737747,0
mimic_perform_af_005,1,XGBoost,0.9936603903770447,1
mimic_perform_af_005,1,XGBoost,0.9993114471435547,1
mimic_perform_af_005,1,XGBoost,0.9988061189651489,1
mimic_perform_af_005,1,XGBoost,0.9902541041374207,1
mimic_perform_af_005,1,XGBoost,0.9992213249206543,1
mimic_perform_af_005,1,XGBoost,0.9697034955024719,1
mimic_perform_af_005,1,XGBoost,0.999583899974823,1
mimic_perform_af_005,1,XGBoost,0.9985617995262146,1
mimic_perform_af_005,1,XGBoost,0.9974403381347656,1
mimic_perform_af_005,1,XGBoost,0.9883125424385071,1
mimic_perform_af_005,1,XGBoost,0.9600697755813599,1
mimic_perform_af_005,1,XGBoost,0.9623305797576904,1
mimic_perform_af_005,1,XGBoost,0.9973906874656677,1
mimic_perform_af_005,1,XGBoost,0.9938463568687439,1
mimic_perform_af_005,1,XGBoost,0.996189296245575,1
mimic_perform_af_005,1,XGBoost,0.9899953603744507,1
mimic_perform_af_005,1,XGBoost,0.9950147271156311,1
mimic_perform_af_005,1,XGBoost,0.9977297186851501,1
mimic_perform_af_005,1,XGBoost,0.9970352649688721,1
mimic_perform_af_005,1,XGBoost,0.9971837401390076,1
mimic_perform_af_005,1,XGBoost,0.9918700456619263,1
mimic_perform_af_005,1,XGBoost,0.9843569397926331,1
mimic_perform_af_005,1,XGBoost,0.9992356300354004,1
mimic_perform_af_005,1,XGBoost,0.9989919066429138,1
mimic_perform_af_005,1,XGBoost,0.9893524050712585,1
mimic_perform_af_005,1,XGBoost,0.4253959357738495,0
mimic_perform_af_005,1,XGBoost,0.36245205998420715,0
mimic_perform_af_005,1,XGBoost,0.37120869755744934,0
mimic_perform_af_005,1,XGBoost,0.3782975673675537,0
mimic_perform_af_005,1,XGBoost,0.6516368389129639,1
mimic_perform_af_005,1,XGBoost,0.7955947518348694,1
mimic_perform_af_005,1,XGBoost,0.9356120824813843,1
mimic_perform_af_005,1,XGBoost,0.9928077459335327,1
mimic_perform_af_005,1,XGBoost,0.9628893136978149,1
mimic_perform_af_005,1,XGBoost,0.993812084197998,1
mimic_perform_af_005,1,XGBoost,0.9894852042198181,1
mimic_perform_af_005,1,XGBoost,0.9947460889816284,1
mimic_perform_af_005,1,XGBoost,0.993975818157196,1
mimic_perform_af_005,1,XGBoost,0.8630083799362183,1
mimic_perform_af_005,1,XGBoost,0.9470760822296143,1
mimic_perform_af_005,1,XGBoost,0.365914911031723,0
mimic_perform_af_005,1,XGBoost,0.9146124720573425,1
mimic_perform_af_005,1,XGBoost,0.6926088929176331,1
mimic_perform_af_005,1,XGBoost,0.9716405272483826,1
mimic_perform_af_005,1,XGBoost,0.9991106390953064,1
mimic_perform_af_005,1,XGBoost,0.9973304271697998,1
mimic_perform_af_005,1,XGBoost,0.9745324850082397,1
mimic_perform_af_005,1,XGBoost,0.9954828023910522,1
mimic_perform_af_005,1,XGBoost,0.1723313182592392,0
mimic_perform_af_005,1,XGBoost,0.0900803655385971,0
mimic_perform_af_005,1,XGBoost,0.8511471152305603,1
mimic_perform_af_005,1,XGBoost,0.8510270714759827,1
mimic_perform_af_005,1,XGBoost,0.992526650428772,1
mimic_perform_af_005,1,XGBoost,0.9978631138801575,1
mimic_perform_af_005,1,XGBoost,0.9771627187728882,1
mimic_perform_af_005,1,XGBoost,0.9986035227775574,1
mimic_perform_af_005,1,XGBoost,0.9931691884994507,1
mimic_perform_af_005,1,XGBoost,0.9470760822296143,1
mimic_perform_af_005,1,XGBoost,0.9872315526008606,1
mimic_perform_af_005,1,XGBoost,0.9964427351951599,1
mimic_perform_af_005,1,XGBoost,0.8143579363822937,1
mimic_perform_af_005,1,XGBoost,0.5009857416152954,1
mimic_perform_af_005,1,XGBoost,0.019061153754591942,0
mimic_perform_af_005,1,XGBoost,0.07009334862232208,0
mimic_perform_af_005,1,XGBoost,0.980705738067627,1
mimic_perform_af_005,1,XGBoost,0.9794701933860779,1
mimic_perform_af_005,1,XGBoost,0.9976204037666321,1
mimic_perform_af_005,1,XGBoost,0.9958107471466064,1
mimic_perform_af_005,1,XGBoost,0.996307373046875,1
mimic_perform_af_005,1,XGBoost,0.5592131614685059,1
mimic_perform_af_005,1,XGBoost,0.02985132671892643,0
mimic_perform_af_005,1,XGBoost,0.4360961318016052,0
mimic_perform_af_005,1,XGBoost,0.9027698636054993,1
mimic_perform_af_005,1,XGBoost,0.9910697937011719,1
mimic_perform_af_005,1,XGBoost,0.9833073616027832,1
mimic_perform_af_005,1,XGBoost,0.9831206798553467,1
mimic_perform_af_005,1,XGBoost,0.97036212682724,1
mimic_perform_af_005,1,XGBoost,0.9692423939704895,1
mimic_perform_af_005,1,XGBoost,0.9912797808647156,1
mimic_perform_af_005,1,XGBoost,0.9704649448394775,1
mimic_perform_af_005,1,XGBoost,0.9186473488807678,1
mimic_perform_af_005,1,XGBoost,0.9858368635177612,1
mimic_perform_af_005,1,XGBoost,0.9158691167831421,1
mimic_perform_af_005,1,XGBoost,0.9850408434867859,1
mimic_perform_af_005,1,XGBoost,0.16972573101520538,0
mimic_perform_af_005,1,XGBoost,0.04557937756180763,0
mimic_perform_af_005,1,XGBoost,0.9899848699569702,1
mimic_perform_af_005,1,XGBoost,0.983223557472229,1
mimic_perform_af_005,1,XGBoost,0.9742966890335083,1
mimic_perform_af_005,1,XGBoost,0.9787514805793762,1
mimic_perform_af_005,1,XGBoost,0.6983503103256226,1
mimic_perform_af_005,1,XGBoost,0.5833824276924133,1
mimic_perform_af_005,1,XGBoost,0.5755280256271362,1
mimic_perform_af_005,1,XGBoost,0.34289872646331787,0
mimic_perform_af_005,1,XGBoost,0.6707819700241089,1
mimic_perform_af_005,1,XGBoost,0.9604378342628479,1
mimic_perform_af_005,1,XGBoost,0.965694785118103,1
mimic_perform_af_005,1,XGBoost,0.9877371788024902,1
mimic_perform_af_005,1,XGBoost,0.9938173890113831,1
mimic_perform_af_006,1,XGBoost,0.9994754195213318,1
mimic_perform_af_006,1,XGBoost,0.9995959401130676,1
mimic_perform_af_006,1,XGBoost,0.9995019435882568,1
mimic_perform_af_006,1,XGBoost,0.9996216297149658,1
mimic_perform_af_006,1,XGBoost,0.9987648725509644,1
mimic_perform_af_006,1,XGBoost,0.9995217323303223,1
mimic_perform_af_006,1,XGBoost,0.999638557434082,1
mimic_perform_af_006,1,XGBoost,0.9993684887886047,1
mimic_perform_af_006,1,XGBoost,0.9991117119789124,1
mimic_perform_af_006,1,XGBoost,0.9993622899055481,1
mimic_perform_af_006,1,XGBoost,0.9989307522773743,1
mimic_perform_af_006,1,XGBoost,0.9993278980255127,1
mimic_perform_af_006,1,XGBoost,0.998715877532959,1
mimic_perform_af_006,1,XGBoost,0.9995349645614624,1
mimic_perform_af_006,1,XGBoost,0.9995803236961365,1
mimic_perform_af_006,1,XGBoost,0.9998306035995483,1
mimic_perform_af_006,1,XGBoost,0.9995728135108948,1
mimic_perform_af_006,1,XGBoost,0.9997398257255554,1
mimic_perform_af_006,1,XGBoost,0.9994694590568542,1
mimic_perform_af_006,1,XGBoost,0.9992904663085938,1
mimic_perform_af_006,1,XGBoost,0.9994468092918396,1
mimic_perform_af_006,1,XGBoost,0.9995636343955994,1
mimic_perform_af_006,1,XGBoost,0.9998284578323364,1
mimic_perform_af_006,1,XGBoost,0.9997619986534119,1
mimic_perform_af_006,1,XGBoost,0.9995959401130676,1
mimic_perform_af_006,1,XGBoost,0.9996174573898315,1
mimic_perform_af_006,1,XGBoost,0.9996104836463928,1
mimic_perform_af_006,1,XGBoost,0.9995410442352295,1
mimic_perform_af_006,1,XGBoost,0.9994640946388245,1
mimic_perform_af_006,1,XGBoost,0.9998868703842163,1
mimic_perform_af_006,1,XGBoost,0.999695897102356,1
mimic_perform_af_006,1,XGBoost,0.9981892704963684,1
mimic_perform_af_006,1,XGBoost,0.999521017074585,1
mimic_perform_af_006,1,XGBoost,0.9986417889595032,1
mimic_perform_af_006,1,XGBoost,0.9987529516220093,1
mimic_perform_af_006,1,XGBoost,0.9994242191314697,1
mimic_perform_af_006,1,XGBoost,0.9997662901878357,1
mimic_perform_af_006,1,XGBoost,0.9996057152748108,1
mimic_perform_af_006,1,XGBoost,0.9994426369667053,1
mimic_perform_af_006,1,XGBoost,0.9991944432258606,1
mimic_perform_af_006,1,XGBoost,0.030008109286427498,0
mimic_perform_af_006,1,XGBoost,0.9289347529411316,1
mimic_perform_af_006,1,XGBoost,0.01872318796813488,0
mimic_perform_af_006,1,XGBoost,0.030884144827723503,0
mimic_perform_af_006,1,XGBoost,0.9849145412445068,1
mimic_perform_af_006,1,XGBoost,0.8894755244255066,1
mimic_perform_af_006,1,XGBoost,0.933317244052887,1
mimic_perform_af_006,1,XGBoost,0.9991664886474609,1
mimic_perform_af_006,1,XGBoost,0.9997186064720154,1
mimic_perform_af_006,1,XGBoost,0.9995294809341431,1
mimic_perform_af_006,1,XGBoost,0.9998243451118469,1
mimic_perform_af_006,1,XGBoost,0.9992734789848328,1
mimic_perform_af_006,1,XGBoost,0.9997739195823669,1
mimic_perform_af_006,1,XGBoost,0.999586284160614,1
mimic_perform_af_006,1,XGBoost,0.9996174573898315,1
mimic_perform_af_006,1,XGBoost,0.999677300453186,1
mimic_perform_af_006,1,XGBoost,0.9991594552993774,1
mimic_perform_af_006,1,XGBoost,0.9995548129081726,1
mimic_perform_af_006,1,XGBoost,0.9994354844093323,1
mimic_perform_af_006,1,XGBoost,0.9998204112052917,1
mimic_perform_af_006,1,XGBoost,0.9997116923332214,1
mimic_perform_af_006,1,XGBoost,0.9996752738952637,1
mimic_perform_af_006,1,XGBoost,0.999708354473114,1
mimic_perform_af_006,1,XGBoost,0.9997857213020325,1
mimic_perform_af_006,1,XGBoost,0.9997257590293884,1
mimic_perform_af_006,1,XGBoost,0.9997976422309875,1
mimic_perform_af_006,1,XGBoost,0.9994723200798035,1
mimic_perform_af_006,1,XGBoost,0.9994723200798035,1
mimic_perform_af_006,1,XGBoost,0.999649167060852,1
mimic_perform_af_006,1,XGBoost,0.9995070695877075,1
mimic_perform_af_006,1,XGBoost,0.9996008276939392,1
mimic_perform_af_006,1,XGBoost,0.9996614456176758,1
mimic_perform_af_006,1,XGBoost,0.999738872051239,1
mimic_perform_af_006,1,XGBoost,0.999757707118988,1
mimic_perform_af_006,1,XGBoost,0.9994338154792786,1
mimic_perform_af_006,1,XGBoost,0.9990757703781128,1
mimic_perform_af_006,1,XGBoost,0.9991503953933716,1
mimic_perform_af_006,1,XGBoost,0.9997674822807312,1
mimic_perform_af_006,1,XGBoost,0.9998217225074768,1
mimic_perform_af_006,1,XGBoost,0.9997329115867615,1
mimic_perform_af_006,1,XGBoost,0.999817430973053,1
mimic_perform_af_006,1,XGBoost,0.9996209144592285,1
mimic_perform_af_006,1,XGBoost,0.9996088147163391,1
mimic_perform_af_006,1,XGBoost,0.9992812275886536,1
mimic_perform_af_006,1,XGBoost,0.9992374181747437,1
mimic_perform_af_006,1,XGBoost,0.999030351638794,1
mimic_perform_af_006,1,XGBoost,0.9986953139305115,1
mimic_perform_af_006,1,XGBoost,0.9994367957115173,1
mimic_perform_af_006,1,XGBoost,0.9996066689491272,1
mimic_perform_af_006,1,XGBoost,0.9994520545005798,1
mimic_perform_af_006,1,XGBoost,0.9995418787002563,1
mimic_perform_af_006,1,XGBoost,0.9995543360710144,1
mimic_perform_af_006,1,XGBoost,0.9998204112052917,1
mimic_perform_af_006,1,XGBoost,0.9994387030601501,1
mimic_perform_af_006,1,XGBoost,0.998449444770813,1
mimic_perform_af_006,1,XGBoost,0.9994246959686279,1
mimic_perform_af_006,1,XGBoost,0.9995641112327576,1
mimic_perform_af_006,1,XGBoost,0.9994136095046997,1
mimic_perform_af_006,1,XGBoost,0.9983818531036377,1
mimic_perform_af_006,1,XGBoost,0.9992191791534424,1
mimic_perform_af_006,1,XGBoost,0.9961826205253601,1
mimic_perform_af_006,1,XGBoost,0.9859865307807922,1
mimic_perform_af_006,1,XGBoost,0.9308311939239502,1
mimic_perform_af_006,1,XGBoost,0.8638972043991089,1
mimic_perform_af_006,1,XGBoost,0.05747130885720253,0
mimic_perform_af_006,1,XGBoost,0.9910507202148438,1
mimic_perform_af_006,1,XGBoost,0.9995611310005188,1
mimic_perform_af_006,1,XGBoost,0.9995710253715515,1
mimic_perform_af_006,1,XGBoost,0.9993730187416077,1
mimic_perform_af_006,1,XGBoost,0.9995595812797546,1
mimic_perform_af_006,1,XGBoost,0.1557406187057495,0
mimic_perform_af_006,1,XGBoost,0.9186947345733643,1
mimic_perform_af_006,1,XGBoost,0.9631391763687134,1
mimic_perform_af_006,1,XGBoost,0.6875190138816833,1
mimic_perform_af_006,1,XGBoost,0.9983915686607361,1
mimic_perform_af_006,1,XGBoost,0.9994988441467285,1
mimic_perform_af_006,1,XGBoost,0.9993402361869812,1
mimic_perform_af_006,1,XGBoost,0.9996022582054138,1
mimic_perform_af_007,1,XGBoost,0.07280966639518738,0
mimic_perform_af_007,1,XGBoost,0.022154664620757103,0
mimic_perform_af_007,1,XGBoost,0.9815364480018616,1
mimic_perform_af_007,1,XGBoost,0.9983869791030884,1
mimic_perform_af_007,1,XGBoost,0.9998078942298889,1
mimic_perform_af_007,1,XGBoost,0.9997830986976624,1
mimic_perform_af_007,1,XGBoost,0.9984205961227417,1
mimic_perform_af_007,1,XGBoost,0.9997039437294006,1
mimic_perform_af_007,1,XGBoost,0.999541163444519,1
mimic_perform_af_007,1,XGBoost,0.9992716908454895,1
mimic_perform_af_007,1,XGBoost,0.9990173578262329,1
mimic_perform_af_007,1,XGBoost,0.9862281084060669,1
mimic_perform_af_007,1,XGBoost,0.9972188472747803,1
mimic_perform_af_007,1,XGBoost,0.9998176693916321,1
mimic_perform_af_007,1,XGBoost,0.999854564666748,1
mimic_perform_af_007,1,XGBoost,0.9996127486228943,1
mimic_perform_af_007,1,XGBoost,0.9996455907821655,1
mimic_perform_af_007,1,XGBoost,0.9995042085647583,1
mimic_perform_af_007,1,XGBoost,0.999727189540863,1
mimic_perform_af_007,1,XGBoost,0.9969850182533264,1
mimic_perform_af_007,1,XGBoost,0.9995855689048767,1
mimic_perform_af_007,1,XGBoost,0.9997469782829285,1
mimic_perform_af_007,1,XGBoost,0.9994087219238281,1
mimic_perform_af_007,1,XGBoost,0.9994964599609375,1
mimic_perform_af_007,1,XGBoost,0.9996904134750366,1
mimic_perform_af_007,1,XGBoost,0.9982050657272339,1
mimic_perform_af_007,1,XGBoost,0.9957422614097595,1
mimic_perform_af_007,1,XGBoost,0.9476782083511353,1
mimic_perform_af_007,1,XGBoost,0.9985477328300476,1
mimic_perform_af_007,1,XGBoost,0.9996100068092346,1
mimic_perform_af_007,1,XGBoost,0.9997230172157288,1
mimic_perform_af_007,1,XGBoost,0.9997496008872986,1
mimic_perform_af_007,1,XGBoost,0.9997115731239319,1
mimic_perform_af_007,1,XGBoost,0.999803364276886,1
mimic_perform_af_007,1,XGBoost,0.9998576641082764,1
mimic_perform_af_007,1,XGBoost,0.9964286684989929,1
mimic_perform_af_007,1,XGBoost,0.9955798983573914,1
mimic_perform_af_007,1,XGBoost,0.9934543371200562,1
mimic_perform_af_007,1,XGBoost,0.999363124370575,1
mimic_perform_af_007,1,XGBoost,0.999657154083252,1
mimic_perform_af_007,1,XGBoost,0.9988102912902832,1
mimic_perform_af_007,1,XGBoost,0.9997240900993347,1
mimic_perform_af_007,1,XGBoost,0.9981839060783386,1
mimic_perform_af_007,1,XGBoost,0.9980018734931946,1
mimic_perform_af_007,1,XGBoost,0.9982560276985168,1
mimic_perform_af_007,1,XGBoost,0.999715268611908,1
mimic_perform_af_007,1,XGBoost,0.9995542168617249,1
mimic_perform_af_007,1,XGBoost,0.9950430393218994,1
mimic_perform_af_007,1,XGBoost,0.9993756413459778,1
mimic_perform_af_007,1,XGBoost,0.9985699653625488,1
mimic_perform_af_007,1,XGBoost,0.9991567134857178,1
mimic_perform_af_007,1,XGBoost,0.9969111084938049,1
mimic_perform_af_007,1,XGBoost,0.9990987777709961,1
mimic_perform_af_007,1,XGBoost,0.9992712140083313,1
mimic_perform_af_007,1,XGBoost,0.9994283318519592,1
mimic_perform_af_007,1,XGBoost,0.9993695616722107,1
mimic_perform_af_007,1,XGBoost,0.99611496925354,1
mimic_perform_af_007,1,XGBoost,0.9963476061820984,1
mimic_perform_af_007,1,XGBoost,0.9964891672134399,1
mimic_perform_af_007,1,XGBoost,0.9997482895851135,1
mimic_perform_af_007,1,XGBoost,0.99937903881073,1
mimic_perform_af_007,1,XGBoost,0.9989487528800964,1
mimic_perform_af_007,1,XGBoost,0.998591959476471,1
mimic_perform_af_007,1,XGBoost,0.999263346195221,1
mimic_perform_af_007,1,XGBoost,0.9997990727424622,1
mimic_perform_af_007,1,XGBoost,0.9997053742408752,1
mimic_perform_af_007,1,XGBoost,0.9994766116142273,1
mimic_perform_af_007,1,XGBoost,0.9997380375862122,1
mimic_perform_af_007,1,XGBoost,0.9995052814483643,1
mimic_perform_af_007,1,XGBoost,0.9991408586502075,1
mimic_perform_af_007,1,XGBoost,0.9978888630867004,1
mimic_perform_af_007,1,XGBoost,0.9985291957855225,1
mimic_perform_af_007,1,XGBoost,0.9996738433837891,1
mimic_perform_af_007,1,XGBoost,0.9994340538978577,1
mimic_perform_af_007,1,XGBoost,0.9994515776634216,1
mimic_perform_af_007,1,XGBoost,0.9995052814483643,1
mimic_perform_af_007,1,XGBoost,0.998078465461731,1
mimic_perform_af_007,1,XGBoost,0.9947509169578552,1
mimic_perform_af_007,1,XGBoost,0.9984322190284729,1
mimic_perform_af_007,1,XGBoost,0.9993985891342163,1
mimic_perform_af_007,1,XGBoost,0.9993842840194702,1
mimic_perform_af_007,1,XGBoost,0.9995465874671936,1
mimic_perform_af_007,1,XGBoost,0.9989529848098755,1
mimic_perform_af_007,1,XGBoost,0.9998455047607422,1
mimic_perform_af_007,1,XGBoost,0.9997020363807678,1
mimic_perform_af_007,1,XGBoost,0.9989336133003235,1
mimic_perform_af_007,1,XGBoost,0.9992026686668396,1
mimic_perform_af_007,1,XGBoost,0.9992722868919373,1
mimic_perform_af_007,1,XGBoost,0.9994144439697266,1
mimic_perform_af_007,1,XGBoost,0.9991588592529297,1
mimic_perform_af_007,1,XGBoost,0.9991681575775146,1
mimic_perform_af_007,1,XGBoost,0.9993626475334167,1
mimic_perform_af_007,1,XGBoost,0.9993564486503601,1
mimic_perform_af_007,1,XGBoost,0.9993476271629333,1
mimic_perform_af_007,1,XGBoost,0.9986696243286133,1
mimic_perform_af_007,1,XGBoost,0.9984391331672668,1
mimic_perform_af_007,1,XGBoost,0.9996441602706909,1
mimic_perform_af_007,1,XGBoost,0.9995750784873962,1
mimic_perform_af_007,1,XGBoost,0.9916830062866211,1
mimic_perform_af_007,1,XGBoost,0.4805240333080292,0
mimic_perform_af_007,1,XGBoost,0.06860658526420593,0
mimic_perform_af_007,1,XGBoost,0.3090514540672302,0
mimic_perform_af_007,1,XGBoost,0.9892029166221619,1
mimic_perform_af_007,1,XGBoost,0.7984726428985596,1
mimic_perform_af_007,1,XGBoost,0.09605119377374649,0
mimic_perform_af_007,1,XGBoost,0.014148116111755371,0
mimic_perform_af_007,1,XGBoost,0.005816404242068529,0
mimic_perform_af_007,1,XGBoost,0.006788565311580896,0
mimic_perform_af_007,1,XGBoost,0.001372203347273171,0
mimic_perform_af_007,1,XGBoost,0.12190215289592743,0
mimic_perform_af_007,1,XGBoost,0.27330365777015686,0
mimic_perform_af_007,1,XGBoost,0.26358896493911743,0
mimic_perform_af_007,1,XGBoost,0.013309313915669918,0
mimic_perform_af_007,1,XGBoost,0.05622417479753494,0
mimic_perform_af_007,1,XGBoost,0.001973510254174471,0
mimic_perform_af_007,1,XGBoost,0.00510997511446476,0
mimic_perform_af_007,1,XGBoost,0.00510997511446476,0
mimic_perform_af_007,1,XGBoost,0.00831473246216774,0
mimic_perform_af_008,1,XGBoost,0.9976054430007935,1
mimic_perform_af_008,1,XGBoost,0.9975212216377258,1
mimic_perform_af_008,1,XGBoost,0.9940800070762634,1
mimic_perform_af_008,1,XGBoost,0.9940800070762634,1
mimic_perform_af_008,1,XGBoost,0.9963866472244263,1
mimic_perform_af_008,1,XGBoost,0.9989731311798096,1
mimic_perform_af_008,1,XGBoost,0.9646394848823547,1
mimic_perform_af_008,1,XGBoost,0.8794951438903809,1
mimic_perform_af_008,1,XGBoost,0.9045301675796509,1
mimic_perform_af_008,1,XGBoost,0.9389887452125549,1
mimic_perform_af_008,1,XGBoost,0.9261842370033264,1
mimic_perform_af_008,1,XGBoost,0.9825237393379211,1
mimic_perform_af_008,1,XGBoost,0.998370349407196,1
mimic_perform_af_008,1,XGBoost,0.9987280964851379,1
mimic_perform_af_008,1,XGBoost,0.9956483244895935,1
mimic_perform_af_008,1,XGBoost,0.9938549399375916,1
mimic_perform_af_008,1,XGBoost,0.8958616852760315,1
mimic_perform_af_008,1,XGBoost,0.7410104870796204,1
mimic_perform_af_008,1,XGBoost,0.9267815947532654,1
mimic_perform_af_008,1,XGBoost,0.8221215009689331,1
mimic_perform_af_008,1,XGBoost,0.9783521890640259,1
mimic_perform_af_008,1,XGBoost,0.9929370284080505,1
mimic_perform_af_008,1,XGBoost,0.998155415058136,1
mimic_perform_af_008,1,XGBoost,0.9978792667388916,1
mimic_perform_af_008,1,XGBoost,0.9979509711265564,1
mimic_perform_af_008,1,XGBoost,0.9966650605201721,1
mimic_perform_af_008,1,XGBoost,0.9947720170021057,1
mimic_perform_af_008,1,XGBoost,0.9967268705368042,1
mimic_perform_af_008,1,XGBoost,0.9519577622413635,1
mimic_perform_af_008,1,XGBoost,0.9889885783195496,1
mimic_perform_af_008,1,XGBoost,0.9965218305587769,1
mimic_perform_af_008,1,XGBoost,0.9963866472244263,1
mimic_perform_af_008,1,XGBoost,0.9941110014915466,1
mimic_perform_af_008,1,XGBoost,0.9763115048408508,1
mimic_perform_af_008,1,XGBoost,0.9676210880279541,1
mimic_perform_af_008,1,XGBoost,0.776866614818573,1
mimic_perform_af_008,1,XGBoost,0.8758319616317749,1
mimic_perform_af_008,1,XGBoost,0.8993920683860779,1
mimic_perform_af_008,1,XGBoost,0.8827833533287048,1
mimic_perform_af_008,1,XGBoost,0.9689341187477112,1
mimic_perform_af_008,1,XGBoost,0.47309306263923645,0
mimic_perform_af_008,1,XGBoost,0.8709714412689209,1
mimic_perform_af_008,1,XGBoost,0.8623748421669006,1
mimic_perform_af_008,1,XGBoost,0.9044457077980042,1
mimic_perform_af_008,1,XGBoost,0.9967637062072754,1
mimic_perform_af_008,1,XGBoost,0.9989321827888489,1
mimic_perform_af_008,1,XGBoost,0.9950340986251831,1
mimic_perform_af_008,1,XGBoost,0.9113287329673767,1
mimic_perform_af_008,1,XGBoost,0.9208331108093262,1
mimic_perform_af_008,1,XGBoost,0.900184690952301,1
mimic_perform_af_008,1,XGBoost,0.9406417012214661,1
mimic_perform_af_008,1,XGBoost,0.987320065498352,1
mimic_perform_af_008,1,XGBoost,0.9614748954772949,1
mimic_perform_af_008,1,XGBoost,0.9888423681259155,1
mimic_perform_af_008,1,XGBoost,0.9739446043968201,1
mimic_perform_af_008,1,XGBoost,0.9735971093177795,1
mimic_perform_af_008,1,XGBoost,0.926746666431427,1
mimic_perform_af_008,1,XGBoost,0.9251708984375,1
mimic_perform_af_008,1,XGBoost,0.9163084030151367,1
mimic_perform_af_008,1,XGBoost,0.9243918061256409,1
mimic_perform_af_008,1,XGBoost,0.8771025538444519,1
mimic_perform_af_008,1,XGBoost,0.8775110244750977,1
mimic_perform_af_008,1,XGBoost,0.9781854152679443,1
mimic_perform_af_008,1,XGBoost,0.9873171448707581,1
mimic_perform_af_008,1,XGBoost,0.9984787106513977,1
mimic_perform_af_008,1,XGBoost,0.9984585046768188,1
mimic_perform_af_008,1,XGBoost,0.9939228892326355,1
mimic_perform_af_008,1,XGBoost,0.9928868412971497,1
mimic_perform_af_008,1,XGBoost,0.9803885221481323,1
mimic_perform_af_008,1,XGBoost,0.9923778772354126,1
mimic_perform_af_008,1,XGBoost,0.8968443870544434,1
mimic_perform_af_008,1,XGBoost,0.9342989921569824,1
mimic_perform_af_008,1,XGBoost,0.9249560832977295,1
mimic_perform_af_008,1,XGBoost,0.916101336479187,1
mimic_perform_af_008,1,XGBoost,0.9804443120956421,1
mimic_perform_af_008,1,XGBoost,0.9547305107116699,1
mimic_perform_af_008,1,XGBoost,0.9984468817710876,1
mimic_perform_af_008,1,XGBoost,0.9737076163291931,1
mimic_perform_af_008,1,XGBoost,0.9691174626350403,1
mimic_perform_af_008,1,XGBoost,0.8554003238677979,1
mimic_perform_af_008,1,XGBoost,0.9964132905006409,1
mimic_perform_af_008,1,XGBoost,0.9976881742477417,1
mimic_perform_af_008,1,XGBoost,0.9937517046928406,1
mimic_perform_af_008,1,XGBoost,0.9917725920677185,1
mimic_perform_af_008,1,XGBoost,0.995398223400116,1
mimic_perform_af_008,1,XGBoost,0.9939217567443848,1
mimic_perform_af_008,1,XGBoost,0.9477109909057617,1
mimic_perform_af_008,1,XGBoost,0.9919314980506897,1
mimic_perform_af_008,1,XGBoost,0.790449857711792,1
mimic_perform_af_008,1,XGBoost,0.8548406958580017,1
mimic_perform_af_008,1,XGBoost,0.9821663498878479,1
mimic_perform_af_008,1,XGBoost,0.9940800070762634,1
mimic_perform_af_008,1,XGBoost,0.9986775517463684,1
mimic_perform_af_008,1,XGBoost,0.9981922507286072,1
mimic_perform_af_008,1,XGBoost,0.9984858632087708,1
mimic_perform_af_008,1,XGBoost,0.9982825517654419,1
mimic_perform_af_008,1,XGBoost,0.9977169036865234,1
mimic_perform_af_008,1,XGBoost,0.9804444313049316,1
mimic_perform_af_008,1,XGBoost,0.970608115196228,1
mimic_perform_af_008,1,XGBoost,0.7217302918434143,1
mimic_perform_af_008,1,XGBoost,0.9690613746643066,1
mimic_perform_af_008,1,XGBoost,0.9545162916183472,1
mimic_perform_af_008,1,XGBoost,0.9846431016921997,1
mimic_perform_af_008,1,XGBoost,0.9072734117507935,1
mimic_perform_af_008,1,XGBoost,0.8115018010139465,1
mimic_perform_af_008,1,XGBoost,0.920558750629425,1
mimic_perform_af_008,1,XGBoost,0.9356213808059692,1
mimic_perform_af_008,1,XGBoost,0.9745612144470215,1
mimic_perform_af_008,1,XGBoost,0.7342308759689331,1
mimic_perform_af_008,1,XGBoost,0.9249167442321777,1
mimic_perform_af_008,1,XGBoost,0.7928324341773987,1
mimic_perform_af_008,1,XGBoost,0.31882572174072266,0
mimic_perform_af_008,1,XGBoost,0.641182541847229,1
mimic_perform_af_008,1,XGBoost,0.7038249373435974,1
mimic_perform_af_008,1,XGBoost,0.9665783643722534,1
mimic_perform_af_008,1,XGBoost,0.9816558957099915,1
mimic_perform_af_008,1,XGBoost,0.9747445583343506,1
mimic_perform_af_008,1,XGBoost,0.9886504411697388,1
mimic_perform_af_009,1,XGBoost,0.8161976337432861,1
mimic_perform_af_009,1,XGBoost,0.9198203682899475,1
mimic_perform_af_009,1,XGBoost,0.7456114292144775,1
mimic_perform_af_009,1,XGBoost,0.7815884947776794,1
mimic_perform_af_009,1,XGBoost,0.9690170288085938,1
mimic_perform_af_009,1,XGBoost,0.9988983869552612,1
mimic_perform_af_009,1,XGBoost,0.9984353184700012,1
mimic_perform_af_009,1,XGBoost,0.9967725872993469,1
mimic_perform_af_009,1,XGBoost,0.9988667964935303,1
mimic_perform_af_009,1,XGBoost,0.9988964796066284,1
mimic_perform_af_009,1,XGBoost,0.99891197681427,1
mimic_perform_af_009,1,XGBoost,0.9988393187522888,1
mimic_perform_af_009,1,XGBoost,0.9988393187522888,1
mimic_perform_af_009,1,XGBoost,0.9990546107292175,1
mimic_perform_af_009,1,XGBoost,0.9987096786499023,1
mimic_perform_af_009,1,XGBoost,0.9987616539001465,1
mimic_perform_af_009,1,XGBoost,0.9989410042762756,1
mimic_perform_af_009,1,XGBoost,0.999057948589325,1
mimic_perform_af_009,1,XGBoost,0.999057948589325,1
mimic_perform_af_009,1,XGBoost,0.9989234805107117,1
mimic_perform_af_009,1,XGBoost,0.9981195330619812,1
mimic_perform_af_009,1,XGBoost,0.9984757304191589,1
mimic_perform_af_009,1,XGBoost,0.9981195330619812,1
mimic_perform_af_009,1,XGBoost,0.9987616539001465,1
mimic_perform_af_009,1,XGBoost,0.9791430234909058,1
mimic_perform_af_009,1,XGBoost,0.9876906871795654,1
mimic_perform_af_009,1,XGBoost,0.9467723965644836,1
mimic_perform_af_009,1,XGBoost,0.9828002452850342,1
mimic_perform_af_009,1,XGBoost,0.9902942180633545,1
mimic_perform_af_009,1,XGBoost,0.9988715052604675,1
mimic_perform_af_009,1,XGBoost,0.6842293739318848,1
mimic_perform_af_009,1,XGBoost,0.8733490109443665,1
mimic_perform_af_009,1,XGBoost,0.7794455885887146,1
mimic_perform_af_009,1,XGBoost,0.9982286095619202,1
mimic_perform_af_009,1,XGBoost,0.9981659054756165,1
mimic_perform_af_009,1,XGBoost,0.9988964796066284,1
mimic_perform_af_009,1,XGBoost,0.9964702129364014,1
mimic_perform_af_009,1,XGBoost,0.9107100963592529,1
mimic_perform_af_009,1,XGBoost,0.9669080376625061,1
mimic_perform_af_009,1,XGBoost,0.7559254765510559,1
mimic_perform_af_009,1,XGBoost,0.9979084730148315,1
mimic_perform_af_009,1,XGBoost,0.9979084730148315,1
mimic_perform_af_009,1,XGBoost,0.9961152076721191,1
mimic_perform_af_009,1,XGBoost,0.9988983869552612,1
mimic_perform_af_009,1,XGBoost,0.998671293258667,1
mimic_perform_af_009,1,XGBoost,0.9986618757247925,1
mimic_perform_af_009,1,XGBoost,0.9987321496009827,1
mimic_perform_af_009,1,XGBoost,0.9989234805107117,1
mimic_perform_af_009,1,XGBoost,0.9989516735076904,1
mimic_perform_af_009,1,XGBoost,0.9985629916191101,1
mimic_perform_af_009,1,XGBoost,0.9989234805107117,1
mimic_perform_af_009,1,XGBoost,0.8591535687446594,1
mimic_perform_af_009,1,XGBoost,0.9050936698913574,1
mimic_perform_af_009,1,XGBoost,0.6606906056404114,1
mimic_perform_af_009,1,XGBoost,0.9531338214874268,1
mimic_perform_af_009,1,XGBoost,0.99839848279953,1
mimic_perform_af_009,1,XGBoost,0.9987483024597168,1
mimic_perform_af_009,1,XGBoost,0.9986445307731628,1
mimic_perform_af_009,1,XGBoost,0.9988964796066284,1
mimic_perform_af_009,1,XGBoost,0.9988964796066284,1
mimic_perform_af_009,1,XGBoost,0.9989410042762756,1
mimic_perform_af_009,1,XGBoost,0.9988930821418762,1
mimic_perform_af_009,1,XGBoost,0.9987609386444092,1
mimic_perform_af_009,1,XGBoost,0.9984295964241028,1
mimic_perform_af_009,1,XGBoost,0.9986340403556824,1
mimic_perform_af_009,1,XGBoost,0.9973536729812622,1
mimic_perform_af_009,1,XGBoost,0.9984295964241028,1
mimic_perform_af_009,1,XGBoost,0.9989234805107117,1
mimic_perform_af_009,1,XGBoost,0.9987096786499023,1
mimic_perform_af_009,1,XGBoost,0.9989234805107117,1
mimic_perform_af_009,1,XGBoost,0.9987096786499023,1
mimic_perform_af_009,1,XGBoost,0.9989234805107117,1
mimic_perform_af_009,1,XGBoost,0.9989234805107117,1
mimic_perform_af_009,1,XGBoost,0.9989234805107117,1
mimic_perform_af_009,1,XGBoost,0.9987096786499023,1
mimic_perform_af_009,1,XGBoost,0.997750461101532,1
mimic_perform_af_009,1,XGBoost,0.9981852173805237,1
mimic_perform_af_009,1,XGBoost,0.998247504234314,1
mimic_perform_af_009,1,XGBoost,0.9985149502754211,1
mimic_perform_af_009,1,XGBoost,0.998465895652771,1
mimic_perform_af_009,1,XGBoost,0.9988320469856262,1
mimic_perform_af_009,1,XGBoost,0.9989234805107117,1
mimic_perform_af_009,1,XGBoost,0.9989234805107117,1
mimic_perform_af_009,1,XGBoost,0.9989516735076904,1
mimic_perform_af_009,1,XGBoost,0.998842716217041,1
mimic_perform_af_009,1,XGBoost,0.9990546107292175,1
mimic_perform_af_009,1,XGBoost,0.9988006353378296,1
mimic_perform_af_009,1,XGBoost,0.9987460374832153,1
mimic_perform_af_009,1,XGBoost,0.9984710812568665,1
mimic_perform_af_009,1,XGBoost,0.9988983869552612,1
mimic_perform_af_009,1,XGBoost,0.9967725872993469,1
mimic_perform_af_009,1,XGBoost,0.9990546107292175,1
mimic_perform_af_009,1,XGBoost,0.9987394213676453,1
mimic_perform_af_009,1,XGBoost,0.9984945058822632,1
mimic_perform_af_009,1,XGBoost,0.998196542263031,1
mimic_perform_af_009,1,XGBoost,0.9985332489013672,1
mimic_perform_af_009,1,XGBoost,0.9987726807594299,1
mimic_perform_af_009,1,XGBoost,0.9987726807594299,1
mimic_perform_af_009,1,XGBoost,0.9987574815750122,1
mimic_perform_af_009,1,XGBoost,0.9957411289215088,1
mimic_perform_af_009,1,XGBoost,0.9691210389137268,1
mimic_perform_af_009,1,XGBoost,0.9990326166152954,1
mimic_perform_af_009,1,XGBoost,0.9988983869552612,1
mimic_perform_af_009,1,XGBoost,0.998315691947937,1
mimic_perform_af_009,1,XGBoost,0.9988983869552612,1
mimic_perform_af_009,1,XGBoost,0.9987616539001465,1
mimic_perform_af_009,1,XGBoost,0.9986668825149536,1
mimic_perform_af_009,1,XGBoost,0.9960182309150696,1
mimic_perform_af_009,1,XGBoost,0.996554970741272,1
mimic_perform_af_009,1,XGBoost,0.9946615099906921,1
mimic_perform_af_009,1,XGBoost,0.9834719896316528,1
mimic_perform_af_009,1,XGBoost,0.9766132831573486,1
mimic_perform_af_009,1,XGBoost,0.6654784083366394,1
mimic_perform_af_009,1,XGBoost,0.9868471026420593,1
mimic_perform_af_009,1,XGBoost,0.9926241636276245,1
mimic_perform_af_009,1,XGBoost,0.9641570448875427,1
mimic_perform_af_009,1,XGBoost,0.8966757655143738,1
mimic_perform_af_009,1,XGBoost,0.7094913721084595,1
mimic_perform_af_010,1,XGBoost,0.9797499179840088,1
mimic_perform_af_010,1,XGBoost,0.9996091723442078,1
mimic_perform_af_010,1,XGBoost,0.9964827299118042,1
mimic_perform_af_010,1,XGBoost,0.9934656023979187,1
mimic_perform_af_010,1,XGBoost,0.970451831817627,1
mimic_perform_af_010,1,XGBoost,0.9947814345359802,1
mimic_perform_af_010,1,XGBoost,0.9943027496337891,1
mimic_perform_af_010,1,XGBoost,0.9872013330459595,1
mimic_perform_af_010,1,XGBoost,0.9943556785583496,1
mimic_perform_af_010,1,XGBoost,0.9952648878097534,1
mimic_perform_af_010,1,XGBoost,0.9964637160301208,1
mimic_perform_af_010,1,XGBoost,0.9990606904029846,1
mimic_perform_af_010,1,XGBoost,0.9920845031738281,1
mimic_perform_af_010,1,XGBoost,0.9975001215934753,1
mimic_perform_af_010,1,XGBoost,0.9985573887825012,1
mimic_perform_af_010,1,XGBoost,0.9847924709320068,1
mimic_perform_af_010,1,XGBoost,0.9946293234825134,1
mimic_perform_af_010,1,XGBoost,0.9865967631340027,1
mimic_perform_af_010,1,XGBoost,0.9594280123710632,1
mimic_perform_af_010,1,XGBoost,0.9868422150611877,1
mimic_perform_af_010,1,XGBoost,0.9895212650299072,1
mimic_perform_af_010,1,XGBoost,0.722558319568634,1
mimic_perform_af_010,1,XGBoost,0.9899730682373047,1
mimic_perform_af_010,1,XGBoost,0.9902964234352112,1
mimic_perform_af_010,1,XGBoost,0.9971279501914978,1
mimic_perform_af_010,1,XGBoost,0.6277691721916199,1
mimic_perform_af_010,1,XGBoost,0.9398104548454285,1
mimic_perform_af_010,1,XGBoost,0.8745373487472534,1
mimic_perform_af_010,1,XGBoost,0.7713304162025452,1
mimic_perform_af_010,1,XGBoost,0.8732131123542786,1
mimic_perform_af_010,1,XGBoost,0.9708846211433411,1
mimic_perform_af_010,1,XGBoost,0.9768309593200684,1
mimic_perform_af_010,1,XGBoost,0.976751983165741,1
mimic_perform_af_010,1,XGBoost,0.9913921356201172,1
mimic_perform_af_010,1,XGBoost,0.878231942653656,1
mimic_perform_af_010,1,XGBoost,0.9925289154052734,1
mimic_perform_af_010,1,XGBoost,0.9830149412155151,1
mimic_perform_af_010,1,XGBoost,0.9845902919769287,1
mimic_perform_af_010,1,XGBoost,0.9953243136405945,1
mimic_perform_af_010,1,XGBoost,0.994922935962677,1
mimic_perform_af_010,1,XGBoost,0.047026414424180984,0
mimic_perform_af_010,1,XGBoost,0.2161780148744583,0
mimic_perform_af_010,1,XGBoost,0.6635770201683044,1
mimic_perform_af_010,1,XGBoost,0.038516391068696976,0
mimic_perform_af_010,1,XGBoost,0.08459311723709106,0
mimic_perform_af_010,1,XGBoost,0.8883779048919678,1
mimic_perform_af_010,1,XGBoost,0.9957183003425598,1
mimic_perform_af_010,1,XGBoost,0.9601007699966431,1
mimic_perform_af_010,1,XGBoost,0.9856094717979431,1
mimic_perform_af_010,1,XGBoost,0.9941943287849426,1
mimic_perform_af_010,1,XGBoost,0.9994775652885437,1
mimic_perform_af_010,1,XGBoost,0.986621618270874,1
mimic_perform_af_010,1,XGBoost,0.9680156707763672,1
mimic_perform_af_010,1,XGBoost,0.9443269371986389,1
mimic_perform_af_010,1,XGBoost,0.978335440158844,1
mimic_perform_af_010,1,XGBoost,0.9648001194000244,1
mimic_perform_af_010,1,XGBoost,0.7812991142272949,1
mimic_perform_af_010,1,XGBoost,0.9555028676986694,1
mimic_perform_af_010,1,XGBoost,0.9957718253135681,1
mimic_perform_af_010,1,XGBoost,0.993296205997467,1
mimic_perform_af_010,1,XGBoost,0.9997614026069641,1
mimic_perform_af_010,1,XGBoost,0.9972139000892639,1
mimic_perform_af_010,1,XGBoost,0.9971359968185425,1
mimic_perform_af_010,1,XGBoost,0.9724826216697693,1
mimic_perform_af_010,1,XGBoost,0.9974217414855957,1
mimic_perform_af_010,1,XGBoost,0.9976790547370911,1
mimic_perform_af_010,1,XGBoost,0.9975088834762573,1
mimic_perform_af_010,1,XGBoost,0.9991242289543152,1
mimic_perform_af_010,1,XGBoost,0.998174786567688,1
mimic_perform_af_010,1,XGBoost,0.9975855350494385,1
mimic_perform_af_010,1,XGBoost,0.9932977557182312,1
mimic_perform_af_010,1,XGBoost,0.9878988862037659,1
mimic_perform_af_010,1,XGBoost,0.9790270328521729,1
mimic_perform_af_010,1,XGBoost,0.9809112548828125,1
mimic_perform_af_010,1,XGBoost,0.9835147857666016,1
mimic_perform_af_010,1,XGBoost,0.9974820017814636,1
mimic_perform_af_010,1,XGBoost,0.9979372024536133,1
mimic_perform_af_010,1,XGBoost,0.9915336966514587,1
mimic_perform_af_010,1,XGBoost,0.9526020288467407,1
mimic_perform_af_010,1,XGBoost,0.984365701675415,1
mimic_perform_af_010,1,XGBoost,0.9968006610870361,1
mimic_perform_af_010,1,XGBoost,0.9969512224197388,1
mimic_perform_af_010,1,XGBoost,0.9887427091598511,1
mimic_perform_af_010,1,XGBoost,0.9805142283439636,1
mimic_perform_af_010,1,XGBoost,0.9963074922561646,1
mimic_perform_af_010,1,XGBoost,0.9857555031776428,1
mimic_perform_af_010,1,XGBoost,0.9721742868423462,1
mimic_perform_af_010,1,XGBoost,0.9971083998680115,1
mimic_perform_af_010,1,XGBoost,0.9918110370635986,1
mimic_perform_af_010,1,XGBoost,0.9891440272331238,1
mimic_perform_af_010,1,XGBoost,0.9858548045158386,1
mimic_perform_af_010,1,XGBoost,0.9810264706611633,1
mimic_perform_af_010,1,XGBoost,0.9897337555885315,1
mimic_perform_af_010,1,XGBoost,0.9959940910339355,1
mimic_perform_af_010,1,XGBoost,0.9933900833129883,1
mimic_perform_af_010,1,XGBoost,0.9913781881332397,1
mimic_perform_af_010,1,XGBoost,0.9466667175292969,1
mimic_perform_af_010,1,XGBoost,0.8331888914108276,1
mimic_perform_af_010,1,XGBoost,0.7420746684074402,1
mimic_perform_af_010,1,XGBoost,0.06351033598184586,0
mimic_perform_af_010,1,XGBoost,0.21598069369792938,0
mimic_perform_af_010,1,XGBoost,0.6211066246032715,1
mimic_perform_af_010,1,XGBoost,0.018414389342069626,0
mimic_perform_af_010,1,XGBoost,0.12602727115154266,0
mimic_perform_af_010,1,XGBoost,0.3008688986301422,0
mimic_perform_af_010,1,XGBoost,0.8901823163032532,1
mimic_perform_af_010,1,XGBoost,0.9811081290245056,1
mimic_perform_af_010,1,XGBoost,0.9883412718772888,1
mimic_perform_af_010,1,XGBoost,0.9975190162658691,1
mimic_perform_af_010,1,XGBoost,0.9982193112373352,1
mimic_perform_af_010,1,XGBoost,0.9927748441696167,1
mimic_perform_af_010,1,XGBoost,0.9970499277114868,1
mimic_perform_af_010,1,XGBoost,0.9943099021911621,1
mimic_perform_af_010,1,XGBoost,0.9835754632949829,1
mimic_perform_af_010,1,XGBoost,0.9620201587677002,1
mimic_perform_af_010,1,XGBoost,0.9898421168327332,1
mimic_perform_af_010,1,XGBoost,0.9958109855651855,1
mimic_perform_af_010,1,XGBoost,0.9978002905845642,1
mimic_perform_af_011,1,XGBoost,0.9914079308509827,1
mimic_perform_af_011,1,XGBoost,0.9980360865592957,1
mimic_perform_af_011,1,XGBoost,0.9992849230766296,1
mimic_perform_af_011,1,XGBoost,0.9972009658813477,1
mimic_perform_af_011,1,XGBoost,0.8225811123847961,1
mimic_perform_af_011,1,XGBoost,0.9657067656517029,1
mimic_perform_af_011,1,XGBoost,0.738951563835144,1
mimic_perform_af_011,1,XGBoost,0.9711975455284119,1
mimic_perform_af_011,1,XGBoost,0.996780276298523,1
mimic_perform_af_011,1,XGBoost,0.9682638645172119,1
mimic_perform_af_011,1,XGBoost,0.9939559102058411,1
mimic_perform_af_011,1,XGBoost,0.9726420640945435,1
mimic_perform_af_011,1,XGBoost,0.9772791862487793,1
mimic_perform_af_011,1,XGBoost,0.9781593084335327,1
mimic_perform_af_011,1,XGBoost,0.9964137673377991,1
mimic_perform_af_011,1,XGBoost,0.9969999194145203,1
mimic_perform_af_011,1,XGBoost,0.9974310994148254,1
mimic_perform_af_011,1,XGBoost,0.9959083795547485,1
mimic_perform_af_011,1,XGBoost,0.9981428384780884,1
mimic_perform_af_011,1,XGBoost,0.9991532564163208,1
mimic_perform_af_011,1,XGBoost,0.9979487061500549,1
mimic_perform_af_011,1,XGBoost,0.9991447925567627,1
mimic_perform_af_011,1,XGBoost,0.9982591271400452,1
mimic_perform_af_011,1,XGBoost,0.9998291730880737,1
mimic_perform_af_011,1,XGBoost,0.9961234927177429,1
mimic_perform_af_011,1,XGBoost,0.9844925403594971,1
mimic_perform_af_011,1,XGBoost,0.6514068841934204,1
mimic_perform_af_011,1,XGBoost,0.8312041759490967,1
mimic_perform_af_011,1,XGBoost,0.8679916262626648,1
mimic_perform_af_011,1,XGBoost,0.944988489151001,1
mimic_perform_af_011,1,XGBoost,0.9982094764709473,1
mimic_perform_af_011,1,XGBoost,0.9996227025985718,1
mimic_perform_af_011,1,XGBoost,0.998175859451294,1
mimic_perform_af_011,1,XGBoost,0.9994421601295471,1
mimic_perform_af_011,1,XGBoost,0.9984519481658936,1
mimic_perform_af_011,1,XGBoost,0.9988932013511658,1
mimic_perform_af_011,1,XGBoost,0.9554044604301453,1
mimic_perform_af_011,1,XGBoost,0.9812256693840027,1
mimic_perform_af_011,1,XGBoost,0.9827813506126404,1
mimic_perform_af_011,1,XGBoost,0.6415449976921082,1
mimic_perform_af_011,1,XGBoost,0.42532557249069214,0
mimic_perform_af_011,1,XGBoost,0.5899260640144348,1
mimic_perform_af_011,1,XGBoost,0.9968649744987488,1
mimic_perform_af_011,1,XGBoost,0.998175859451294,1
mimic_perform_af_011,1,XGBoost,0.9980422258377075,1
mimic_perform_af_011,1,XGBoost,0.9988310933113098,1
mimic_perform_af_011,1,XGBoost,0.995333731174469,1
mimic_perform_af_011,1,XGBoost,0.9970423579216003,1
mimic_perform_af_011,1,XGBoost,0.9986017346382141,1
mimic_perform_af_011,1,XGBoost,0.9988658428192139,1
mimic_perform_af_011,1,XGBoost,0.9990653395652771,1
mimic_perform_af_011,1,XGBoost,0.9996451139450073,1
mimic_perform_af_011,1,XGBoost,0.9994833469390869,1
mimic_perform_af_011,1,XGBoost,0.9987541437149048,1
mimic_perform_af_011,1,XGBoost,0.9978777170181274,1
mimic_perform_af_011,1,XGBoost,0.9979569911956787,1
mimic_perform_af_011,1,XGBoost,0.9986901879310608,1
mimic_perform_af_011,1,XGBoost,0.9959096908569336,1
mimic_perform_af_011,1,XGBoost,0.9978806972503662,1
mimic_perform_af_011,1,XGBoost,0.5592451691627502,1
mimic_perform_af_011,1,XGBoost,0.9366530179977417,1
mimic_perform_af_011,1,XGBoost,0.9300643801689148,1
mimic_perform_af_011,1,XGBoost,0.9915075302124023,1
mimic_perform_af_011,1,XGBoost,0.9967902302742004,1
mimic_perform_af_011,1,XGBoost,0.998479425907135,1
mimic_perform_af_011,1,XGBoost,0.891735851764679,1
mimic_perform_af_011,1,XGBoost,0.9728279709815979,1
mimic_perform_af_011,1,XGBoost,0.8450527787208557,1
mimic_perform_af_011,1,XGBoost,0.9984633922576904,1
mimic_perform_af_011,1,XGBoost,0.9978463649749756,1
mimic_perform_af_011,1,XGBoost,0.9956033229827881,1
mimic_perform_af_011,1,XGBoost,0.9812193512916565,1
mimic_perform_af_011,1,XGBoost,0.9971969127655029,1
mimic_perform_af_011,1,XGBoost,0.9946424961090088,1
mimic_perform_af_011,1,XGBoost,0.9919365644454956,1
mimic_perform_af_011,1,XGBoost,0.9948437213897705,1
mimic_perform_af_011,1,XGBoost,0.9986827969551086,1
mimic_perform_af_011,1,XGBoost,0.9987727999687195,1
mimic_perform_af_011,1,XGBoost,0.9995467066764832,1
mimic_perform_af_011,1,XGBoost,0.9981502294540405,1
mimic_perform_af_011,1,XGBoost,0.9786232709884644,1
mimic_perform_af_011,1,XGBoost,0.9615381956100464,1
mimic_perform_af_011,1,XGBoost,0.9655531644821167,1
mimic_perform_af_011,1,XGBoost,0.9987168312072754,1
mimic_perform_af_011,1,XGBoost,0.9987727999687195,1
mimic_perform_af_011,1,XGBoost,0.9974310994148254,1
mimic_perform_af_011,1,XGBoost,0.9965272545814514,1
mimic_perform_af_011,1,XGBoost,0.9731765985488892,1
mimic_perform_af_011,1,XGBoost,0.9713438153266907,1
mimic_perform_af_011,1,XGBoost,0.9945483803749084,1
mimic_perform_af_011,1,XGBoost,0.998175859451294,1
mimic_perform_af_011,1,XGBoost,0.9989035129547119,1
mimic_perform_af_011,1,XGBoost,0.9048845171928406,1
mimic_perform_af_011,1,XGBoost,0.902293860912323,1
mimic_perform_af_011,1,XGBoost,0.9568213820457458,1
mimic_perform_af_011,1,XGBoost,0.9757978320121765,1
mimic_perform_af_011,1,XGBoost,0.9956654906272888,1
mimic_perform_af_011,1,XGBoost,0.9888889193534851,1
mimic_perform_af_011,1,XGBoost,0.9980000853538513,1
mimic_perform_af_011,1,XGBoost,0.9987727999687195,1
mimic_perform_af_011,1,XGBoost,0.9751512408256531,1
mimic_perform_af_011,1,XGBoost,0.9567034244537354,1
mimic_perform_af_011,1,XGBoost,0.9294962882995605,1
mimic_perform_af_011,1,XGBoost,0.9847586154937744,1
mimic_perform_af_011,1,XGBoost,0.9691103100776672,1
mimic_perform_af_011,1,XGBoost,0.9678804278373718,1
mimic_perform_af_011,1,XGBoost,0.9911921620368958,1
mimic_perform_af_011,1,XGBoost,0.997357189655304,1
mimic_perform_af_011,1,XGBoost,0.9970446228981018,1
mimic_perform_af_011,1,XGBoost,0.9877488017082214,1
mimic_perform_af_011,1,XGBoost,0.9868068099021912,1
mimic_perform_af_011,1,XGBoost,0.9953204989433289,1
mimic_perform_af_011,1,XGBoost,0.9995347261428833,1
mimic_perform_af_011,1,XGBoost,0.9994441866874695,1
mimic_perform_af_011,1,XGBoost,0.9992043375968933,1
mimic_perform_af_011,1,XGBoost,0.9833754897117615,1
mimic_perform_af_011,1,XGBoost,0.9577573537826538,1
mimic_perform_af_011,1,XGBoost,0.9382848143577576,1
mimic_perform_af_012,1,XGBoost,0.9993020296096802,1
mimic_perform_af_012,1,XGBoost,0.9986341595649719,1
mimic_perform_af_012,1,XGBoost,0.9992538094520569,1
mimic_perform_af_012,1,XGBoost,0.9994999170303345,1
mimic_perform_af_012,1,XGBoost,0.9994078874588013,1
mimic_perform_af_012,1,XGBoost,0.9992538094520569,1
mimic_perform_af_012,1,XGBoost,0.9996154308319092,1
mimic_perform_af_012,1,XGBoost,0.9978013634681702,1
mimic_perform_af_012,1,XGBoost,0.999606192111969,1
mimic_perform_af_012,1,XGBoost,0.9863554835319519,1
mimic_perform_af_012,1,XGBoost,0.9321605563163757,1
mimic_perform_af_012,1,XGBoost,0.933371365070343,1
mimic_perform_af_012,1,XGBoost,0.9910051822662354,1
mimic_perform_af_012,1,XGBoost,0.9993515610694885,1
mimic_perform_af_012,1,XGBoost,0.9962201714515686,1
mimic_perform_af_012,1,XGBoost,0.9921215772628784,1
mimic_perform_af_012,1,XGBoost,0.9671384692192078,1
mimic_perform_af_012,1,XGBoost,0.9985458850860596,1
mimic_perform_af_012,1,XGBoost,0.9982703924179077,1
mimic_perform_af_012,1,XGBoost,0.9986342787742615,1
mimic_perform_af_012,1,XGBoost,0.998540997505188,1
mimic_perform_af_012,1,XGBoost,0.9977304339408875,1
mimic_perform_af_012,1,XGBoost,0.9988822340965271,1
mimic_perform_af_012,1,XGBoost,0.995582640171051,1
mimic_perform_af_012,1,XGBoost,0.938403844833374,1
mimic_perform_af_012,1,XGBoost,0.8616596460342407,1
mimic_perform_af_012,1,XGBoost,0.9991298317909241,1
mimic_perform_af_012,1,XGBoost,0.9995954632759094,1
mimic_perform_af_012,1,XGBoost,0.9997486472129822,1
mimic_perform_af_012,1,XGBoost,0.9987630844116211,1
mimic_perform_af_012,1,XGBoost,0.999657392501831,1
mimic_perform_af_012,1,XGBoost,0.9980992674827576,1
mimic_perform_af_012,1,XGBoost,0.9746637344360352,1
mimic_perform_af_012,1,XGBoost,0.9984188079833984,1
mimic_perform_af_012,1,XGBoost,0.9995954632759094,1
mimic_perform_af_012,1,XGBoost,0.9995344877243042,1
mimic_perform_af_012,1,XGBoost,0.9996223449707031,1
mimic_perform_af_012,1,XGBoost,0.9992148876190186,1
mimic_perform_af_012,1,XGBoost,0.9996504783630371,1
mimic_perform_af_012,1,XGBoost,0.9996504783630371,1
mimic_perform_af_012,1,XGBoost,0.9951221346855164,1
mimic_perform_af_012,1,XGBoost,0.9995926022529602,1
mimic_perform_af_012,1,XGBoost,0.9992300271987915,1
mimic_perform_af_012,1,XGBoost,0.998236894607544,1
mimic_perform_af_012,1,XGBoost,0.9987630844116211,1
mimic_perform_af_012,1,XGBoost,0.999006450176239,1
mimic_perform_af_012,1,XGBoost,0.9991841912269592,1
mimic_perform_af_012,1,XGBoost,0.999606192111969,1
mimic_perform_af_012,1,XGBoost,0.9992538094520569,1
mimic_perform_af_012,1,XGBoost,0.9978012442588806,1
mimic_perform_af_012,1,XGBoost,0.995782732963562,1
mimic_perform_af_012,1,XGBoost,0.9944583177566528,1
mimic_perform_af_012,1,XGBoost,0.9985778331756592,1
mimic_perform_af_012,1,XGBoost,0.9987607002258301,1
mimic_perform_af_012,1,XGBoost,0.9965685606002808,1
mimic_perform_af_012,1,XGBoost,0.9994028806686401,1
mimic_perform_af_012,1,XGBoost,0.999743640422821,1
mimic_perform_af_012,1,XGBoost,0.9995954632759094,1
mimic_perform_af_012,1,XGBoost,0.9965164661407471,1
mimic_perform_af_012,1,XGBoost,0.994100034236908,1
mimic_perform_af_012,1,XGBoost,0.9997569918632507,1
mimic_perform_af_012,1,XGBoost,0.9995771050453186,1
mimic_perform_af_012,1,XGBoost,0.9997425675392151,1
mimic_perform_af_012,1,XGBoost,0.9994126558303833,1
mimic_perform_af_012,1,XGBoost,0.999620795249939,1
mimic_perform_af_012,1,XGBoost,0.9990857839584351,1
mimic_perform_af_012,1,XGBoost,0.9994565844535828,1
mimic_perform_af_012,1,XGBoost,0.9990620017051697,1
mimic_perform_af_012,1,XGBoost,0.9988777041435242,1
mimic_perform_af_012,1,XGBoost,0.999502420425415,1
mimic_perform_af_012,1,XGBoost,0.9996154308319092,1
mimic_perform_af_012,1,XGBoost,0.998795747756958,1
mimic_perform_af_012,1,XGBoost,0.9924269914627075,1
mimic_perform_af_012,1,XGBoost,0.9978912472724915,1
mimic_perform_af_012,1,XGBoost,0.9989814162254333,1
mimic_perform_af_012,1,XGBoost,0.9991140961647034,1
mimic_perform_af_012,1,XGBoost,0.9992893934249878,1
mimic_perform_af_012,1,XGBoost,0.9984253644943237,1
mimic_perform_af_012,1,XGBoost,0.998795747756958,1
mimic_perform_af_012,1,XGBoost,0.9977672100067139,1
mimic_perform_af_012,1,XGBoost,0.9982251524925232,1
mimic_perform_af_012,1,XGBoost,0.9995008707046509,1
mimic_perform_af_012,1,XGBoost,0.999816358089447,1
mimic_perform_af_012,1,XGBoost,0.9982831478118896,1
mimic_perform_af_012,1,XGBoost,0.9989256262779236,1
mimic_perform_af_012,1,XGBoost,0.9989814162254333,1
mimic_perform_af_012,1,XGBoost,0.9994057416915894,1
mimic_perform_af_012,1,XGBoost,0.9993515610694885,1
mimic_perform_af_012,1,XGBoost,0.9997819066047668,1
mimic_perform_af_012,1,XGBoost,0.9997819066047668,1
mimic_perform_af_012,1,XGBoost,0.9994274377822876,1
mimic_perform_af_012,1,XGBoost,0.9987170696258545,1
mimic_perform_af_012,1,XGBoost,0.9994032382965088,1
mimic_perform_af_012,1,XGBoost,0.9994727969169617,1
mimic_perform_af_012,1,XGBoost,0.9996235370635986,1
mimic_perform_af_012,1,XGBoost,0.9997419714927673,1
mimic_perform_af_012,1,XGBoost,0.9997997879981995,1
mimic_perform_af_012,1,XGBoost,0.999704897403717,1
mimic_perform_af_012,1,XGBoost,0.9979301691055298,1
mimic_perform_af_012,1,XGBoost,0.998847484588623,1
mimic_perform_af_012,1,XGBoost,0.998629093170166,1
mimic_perform_af_012,1,XGBoost,0.9988648891448975,1
mimic_perform_af_012,1,XGBoost,0.9988021850585938,1
mimic_perform_af_012,1,XGBoost,0.9995386600494385,1
mimic_perform_af_012,1,XGBoost,0.9986355900764465,1
mimic_perform_af_012,1,XGBoost,0.9992555975914001,1
mimic_perform_af_012,1,XGBoost,0.9980493783950806,1
mimic_perform_af_012,1,XGBoost,0.9993177652359009,1
mimic_perform_af_012,1,XGBoost,0.9997815489768982,1
mimic_perform_af_012,1,XGBoost,0.9997686743736267,1
mimic_perform_af_012,1,XGBoost,0.9991858601570129,1
mimic_perform_af_012,1,XGBoost,0.9997419714927673,1
mimic_perform_af_012,1,XGBoost,0.9994028806686401,1
mimic_perform_af_012,1,XGBoost,0.9992315769195557,1
mimic_perform_af_012,1,XGBoost,0.5977866053581238,1
mimic_perform_af_012,1,XGBoost,0.5565544366836548,1
mimic_perform_af_012,1,XGBoost,0.7081723809242249,1
mimic_perform_af_012,1,XGBoost,0.9992386102676392,1
mimic_perform_af_013,1,XGBoost,0.9474900364875793,1
mimic_perform_af_013,1,XGBoost,0.9961054921150208,1
mimic_perform_af_013,1,XGBoost,0.9986826777458191,1
mimic_perform_af_013,1,XGBoost,0.9916741251945496,1
mimic_perform_af_013,1,XGBoost,0.9979578256607056,1
mimic_perform_af_013,1,XGBoost,0.9964937567710876,1
mimic_perform_af_013,1,XGBoost,0.9967654943466187,1
mimic_perform_af_013,1,XGBoost,0.9478709697723389,1
mimic_perform_af_013,1,XGBoost,0.9138447046279907,1
mimic_perform_af_013,1,XGBoost,0.6924604177474976,1
mimic_perform_af_013,1,XGBoost,0.974753737449646,1
mimic_perform_af_013,1,XGBoost,0.9465891718864441,1
mimic_perform_af_013,1,XGBoost,0.9952704310417175,1
mimic_perform_af_013,1,XGBoost,0.9621468186378479,1
mimic_perform_af_013,1,XGBoost,0.957470715045929,1
mimic_perform_af_013,1,XGBoost,0.9700925946235657,1
mimic_perform_af_013,1,XGBoost,0.9943875670433044,1
mimic_perform_af_013,1,XGBoost,0.9140884280204773,1
mimic_perform_af_013,1,XGBoost,0.8759875297546387,1
mimic_perform_af_013,1,XGBoost,0.932254433631897,1
mimic_perform_af_013,1,XGBoost,0.8854445815086365,1
mimic_perform_af_013,1,XGBoost,0.9964738488197327,1
mimic_perform_af_013,1,XGBoost,0.9543191194534302,1
mimic_perform_af_013,1,XGBoost,0.932895839214325,1
mimic_perform_af_013,1,XGBoost,0.946845293045044,1
mimic_perform_af_013,1,XGBoost,0.8847532868385315,1
mimic_perform_af_013,1,XGBoost,0.8117912411689758,1
mimic_perform_af_013,1,XGBoost,0.8748660087585449,1
mimic_perform_af_013,1,XGBoost,0.8342084884643555,1
mimic_perform_af_013,1,XGBoost,0.9712983965873718,1
mimic_perform_af_013,1,XGBoost,0.64815354347229,1
mimic_perform_af_013,1,XGBoost,0.8258323073387146,1
mimic_perform_af_013,1,XGBoost,0.8932062387466431,1
mimic_perform_af_013,1,XGBoost,0.9895725846290588,1
mimic_perform_af_013,1,XGBoost,0.9758806824684143,1
mimic_perform_af_013,1,XGBoost,0.8792576789855957,1
mimic_perform_af_013,1,XGBoost,0.9731893539428711,1
mimic_perform_af_013,1,XGBoost,0.9261822700500488,1
mimic_perform_af_013,1,XGBoost,0.8165540099143982,1
mimic_perform_af_013,1,XGBoost,0.8404557108879089,1
mimic_perform_af_013,1,XGBoost,0.9467784762382507,1
mimic_perform_af_013,1,XGBoost,0.9156587719917297,1
mimic_perform_af_013,1,XGBoost,0.9424207806587219,1
mimic_perform_af_013,1,XGBoost,0.7047797441482544,1
mimic_perform_af_013,1,XGBoost,0.9137493371963501,1
mimic_perform_af_013,1,XGBoost,0.9853559136390686,1
mimic_perform_af_013,1,XGBoost,0.9969627261161804,1
mimic_perform_af_013,1,XGBoost,0.9949776530265808,1
mimic_perform_af_013,1,XGBoost,0.8773059248924255,1
mimic_perform_af_013,1,XGBoost,0.8014301061630249,1
mimic_perform_af_013,1,XGBoost,0.5138489603996277,1
mimic_perform_af_013,1,XGBoost,0.5193697214126587,1
mimic_perform_af_013,1,XGBoost,0.6916326284408569,1
mimic_perform_af_013,1,XGBoost,0.9534382224082947,1
mimic_perform_af_013,1,XGBoost,0.7040815353393555,1
mimic_perform_af_013,1,XGBoost,0.9775083065032959,1
mimic_perform_af_013,1,XGBoost,0.9972414970397949,1
mimic_perform_af_013,1,XGBoost,0.9917639493942261,1
mimic_perform_af_013,1,XGBoost,0.970890462398529,1
mimic_perform_af_013,1,XGBoost,0.8327045440673828,1
mimic_perform_af_013,1,XGBoost,0.9660245180130005,1
mimic_perform_af_013,1,XGBoost,0.9967106580734253,1
mimic_perform_af_013,1,XGBoost,0.9986294507980347,1
mimic_perform_af_013,1,XGBoost,0.9991946816444397,1
mimic_perform_af_013,1,XGBoost,0.8262406587600708,1
mimic_perform_af_013,1,XGBoost,0.7076406478881836,1
mimic_perform_af_013,1,XGBoost,0.6794300079345703,1
mimic_perform_af_013,1,XGBoost,0.48584794998168945,0
mimic_perform_af_013,1,XGBoost,0.6211639642715454,1
mimic_perform_af_013,1,XGBoost,0.8420847058296204,1
mimic_perform_af_013,1,XGBoost,0.8016508221626282,1
mimic_perform_af_013,1,XGBoost,0.7767801880836487,1
mimic_perform_af_013,1,XGBoost,0.8883827328681946,1
mimic_perform_af_013,1,XGBoost,0.9457683563232422,1
mimic_perform_af_013,1,XGBoost,0.8403732180595398,1
mimic_perform_af_013,1,XGBoost,0.8403732180595398,1
mimic_perform_af_013,1,XGBoost,0.6033278107643127,1
mimic_perform_af_013,1,XGBoost,0.7869699597358704,1
mimic_perform_af_013,1,XGBoost,0.8091660737991333,1
mimic_perform_af_013,1,XGBoost,0.9596007466316223,1
mimic_perform_af_013,1,XGBoost,0.9859245419502258,1
mimic_perform_af_013,1,XGBoost,0.9878661632537842,1
mimic_perform_af_013,1,XGBoost,0.9805727005004883,1
mimic_perform_af_013,1,XGBoost,0.9761747121810913,1
mimic_perform_af_013,1,XGBoost,0.8259614109992981,1
mimic_perform_af_013,1,XGBoost,0.69031822681427,1
mimic_perform_af_013,1,XGBoost,0.7511125802993774,1
mimic_perform_af_013,1,XGBoost,0.9860063791275024,1
mimic_perform_af_013,1,XGBoost,0.9919014573097229,1
mimic_perform_af_013,1,XGBoost,0.9916894435882568,1
mimic_perform_af_013,1,XGBoost,0.8935684561729431,1
mimic_perform_af_013,1,XGBoost,0.8287999033927917,1
mimic_perform_af_013,1,XGBoost,0.9513705372810364,1
mimic_perform_af_013,1,XGBoost,0.6489948034286499,1
mimic_perform_af_013,1,XGBoost,0.9935207962989807,1
mimic_perform_af_013,1,XGBoost,0.9954534769058228,1
mimic_perform_af_013,1,XGBoost,0.9913612008094788,1
mimic_perform_af_013,1,XGBoost,0.7829701900482178,1
mimic_perform_af_013,1,XGBoost,0.7626073360443115,1
mimic_perform_af_013,1,XGBoost,0.6614203453063965,1
mimic_perform_af_013,1,XGBoost,0.7581850290298462,1
mimic_perform_af_013,1,XGBoost,0.6520043015480042,1
mimic_perform_af_013,1,XGBoost,0.7888800501823425,1
mimic_perform_af_013,1,XGBoost,0.8355453610420227,1
mimic_perform_af_013,1,XGBoost,0.7383987307548523,1
mimic_perform_af_013,1,XGBoost,0.8987049460411072,1
mimic_perform_af_013,1,XGBoost,0.9986294507980347,1
mimic_perform_af_013,1,XGBoost,0.9990984201431274,1
mimic_perform_af_013,1,XGBoost,0.9870011806488037,1
mimic_perform_af_013,1,XGBoost,0.9803009629249573,1
mimic_perform_af_013,1,XGBoost,0.9585539102554321,1
mimic_perform_af_013,1,XGBoost,0.9724907279014587,1
mimic_perform_af_013,1,XGBoost,0.8883827328681946,1
mimic_perform_af_013,1,XGBoost,0.9726118445396423,1
mimic_perform_af_013,1,XGBoost,0.9797406196594238,1
mimic_perform_af_013,1,XGBoost,0.9725599884986877,1
mimic_perform_af_013,1,XGBoost,0.8592768907546997,1
mimic_perform_af_013,1,XGBoost,0.7869699597358704,1
mimic_perform_af_014,1,XGBoost,0.9997391104698181,1
mimic_perform_af_014,1,XGBoost,0.9995818734169006,1
mimic_perform_af_014,1,XGBoost,0.9995664954185486,1
mimic_perform_af_014,1,XGBoost,0.9995507597923279,1
mimic_perform_af_014,1,XGBoost,0.9995266199111938,1
mimic_perform_af_014,1,XGBoost,0.9992930889129639,1
mimic_perform_af_014,1,XGBoost,0.9995362758636475,1
mimic_perform_af_014,1,XGBoost,0.9988144636154175,1
mimic_perform_af_014,1,XGBoost,0.9996578693389893,1
mimic_perform_af_014,1,XGBoost,0.9992677569389343,1
mimic_perform_af_014,1,XGBoost,0.9994357228279114,1
mimic_perform_af_014,1,XGBoost,0.9993788003921509,1
mimic_perform_af_014,1,XGBoost,0.9997032284736633,1
mimic_perform_af_014,1,XGBoost,0.9967898726463318,1
mimic_perform_af_014,1,XGBoost,0.9994606375694275,1
mimic_perform_af_014,1,XGBoost,0.9997530579566956,1
mimic_perform_af_014,1,XGBoost,0.9996020197868347,1
mimic_perform_af_014,1,XGBoost,0.9996108412742615,1
mimic_perform_af_014,1,XGBoost,0.9994106292724609,1
mimic_perform_af_014,1,XGBoost,0.9989069700241089,1
mimic_perform_af_014,1,XGBoost,0.9992488026618958,1
mimic_perform_af_014,1,XGBoost,0.9991027116775513,1
mimic_perform_af_014,1,XGBoost,0.9992514252662659,1
mimic_perform_af_014,1,XGBoost,0.9993481040000916,1
mimic_perform_af_014,1,XGBoost,0.9993615746498108,1
mimic_perform_af_014,1,XGBoost,0.9992188215255737,1
mimic_perform_af_014,1,XGBoost,0.9993212223052979,1
mimic_perform_af_014,1,XGBoost,0.9991888403892517,1
mimic_perform_af_014,1,XGBoost,0.9993909597396851,1
mimic_perform_af_014,1,XGBoost,0.9997497200965881,1
mimic_perform_af_014,1,XGBoost,0.9996933937072754,1
mimic_perform_af_014,1,XGBoost,0.9997510313987732,1
mimic_perform_af_014,1,XGBoost,0.9991645812988281,1
mimic_perform_af_014,1,XGBoost,0.9996862411499023,1
mimic_perform_af_014,1,XGBoost,0.9996862411499023,1
mimic_perform_af_014,1,XGBoost,0.9991819262504578,1
mimic_perform_af_014,1,XGBoost,0.9996435642242432,1
mimic_perform_af_014,1,XGBoost,0.9995566010475159,1
mimic_perform_af_014,1,XGBoost,0.9989868998527527,1
mimic_perform_af_014,1,XGBoost,0.9996594190597534,1
mimic_perform_af_014,1,XGBoost,0.9994779229164124,1
mimic_perform_af_014,1,XGBoost,0.9951221346855164,1
mimic_perform_af_014,1,XGBoost,0.9961611032485962,1
mimic_perform_af_014,1,XGBoost,0.9963898062705994,1
mimic_perform_af_014,1,XGBoost,0.9994056224822998,1
mimic_perform_af_014,1,XGBoost,0.9992480874061584,1
mimic_perform_af_014,1,XGBoost,0.9990667700767517,1
mimic_perform_af_014,1,XGBoost,0.9990329742431641,1
mimic_perform_af_014,1,XGBoost,0.9994254112243652,1
mimic_perform_af_014,1,XGBoost,0.9993744492530823,1
mimic_perform_af_014,1,XGBoost,0.9996862411499023,1
mimic_perform_af_014,1,XGBoost,0.9996644258499146,1
mimic_perform_af_014,1,XGBoost,0.999459445476532,1
mimic_perform_af_014,1,XGBoost,0.9995505213737488,1
mimic_perform_af_014,1,XGBoost,0.9997031092643738,1
mimic_perform_af_014,1,XGBoost,0.9984912872314453,1
mimic_perform_af_014,1,XGBoost,0.9996435642242432,1
mimic_perform_af_014,1,XGBoost,0.9993498921394348,1
mimic_perform_af_014,1,XGBoost,0.9994744658470154,1
mimic_perform_af_014,1,XGBoost,0.9956457018852234,1
mimic_perform_af_014,1,XGBoost,0.9994035959243774,1
mimic_perform_af_014,1,XGBoost,0.9993953704833984,1
mimic_perform_af_014,1,XGBoost,0.9989581108093262,1
mimic_perform_af_014,1,XGBoost,0.9989593029022217,1
mimic_perform_af_014,1,XGBoost,0.9992154836654663,1
mimic_perform_af_014,1,XGBoost,0.9994214773178101,1
mimic_perform_af_014,1,XGBoost,0.9994033575057983,1
mimic_perform_af_014,1,XGBoost,0.9993284940719604,1
mimic_perform_af_014,1,XGBoost,0.9989631175994873,1
mimic_perform_af_014,1,XGBoost,0.9958381652832031,1
mimic_perform_af_014,1,XGBoost,0.9983263611793518,1
mimic_perform_af_014,1,XGBoost,0.999593198299408,1
mimic_perform_af_014,1,XGBoost,0.9991381168365479,1
mimic_perform_af_014,1,XGBoost,0.9994194507598877,1
mimic_perform_af_014,1,XGBoost,0.9990856647491455,1
mimic_perform_af_014,1,XGBoost,0.9991357922554016,1
mimic_perform_af_014,1,XGBoost,0.9994853734970093,1
mimic_perform_af_014,1,XGBoost,0.99951171875,1
mimic_perform_af_014,1,XGBoost,0.9994440674781799,1
mimic_perform_af_014,1,XGBoost,0.9994799494743347,1
mimic_perform_af_014,1,XGBoost,0.9994619488716125,1
mimic_perform_af_014,1,XGBoost,0.9991849064826965,1
mimic_perform_af_014,1,XGBoost,0.9994274377822876,1
mimic_perform_af_014,1,XGBoost,0.9938338994979858,1
mimic_perform_af_014,1,XGBoost,0.9963036775588989,1
mimic_perform_af_014,1,XGBoost,0.9597883820533752,1
mimic_perform_af_014,1,XGBoost,0.9902363419532776,1
mimic_perform_af_014,1,XGBoost,0.9749963283538818,1
mimic_perform_af_014,1,XGBoost,0.9476245045661926,1
mimic_perform_af_014,1,XGBoost,0.999535322189331,1
mimic_perform_af_014,1,XGBoost,0.9982457160949707,1
mimic_perform_af_014,1,XGBoost,0.9994211196899414,1
mimic_perform_af_014,1,XGBoost,0.9605023860931396,1
mimic_perform_af_014,1,XGBoost,0.9675261974334717,1
mimic_perform_af_014,1,XGBoost,0.9277388453483582,1
mimic_perform_af_014,1,XGBoost,0.9994165897369385,1
mimic_perform_af_014,1,XGBoost,0.9994708895683289,1
mimic_perform_af_014,1,XGBoost,0.9993444085121155,1
mimic_perform_af_014,1,XGBoost,0.9995415210723877,1
mimic_perform_af_014,1,XGBoost,0.9988514184951782,1
mimic_perform_af_014,1,XGBoost,0.9925158619880676,1
mimic_perform_af_014,1,XGBoost,0.9996621608734131,1
mimic_perform_af_014,1,XGBoost,0.9988868832588196,1
mimic_perform_af_014,1,XGBoost,0.9996391534805298,1
mimic_perform_af_014,1,XGBoost,0.9993981122970581,1
mimic_perform_af_014,1,XGBoost,0.9994426369667053,1
mimic_perform_af_014,1,XGBoost,0.9996926784515381,1
mimic_perform_af_014,1,XGBoost,0.9821569323539734,1
mimic_perform_af_014,1,XGBoost,0.9991419315338135,1
mimic_perform_af_014,1,XGBoost,0.9993981122970581,1
mimic_perform_af_014,1,XGBoost,0.9990713596343994,1
mimic_perform_af_014,1,XGBoost,0.9982069730758667,1
mimic_perform_af_014,1,XGBoost,0.9956814050674438,1
mimic_perform_af_014,1,XGBoost,0.9975584745407104,1
mimic_perform_af_014,1,XGBoost,0.9996391534805298,1
mimic_perform_af_014,1,XGBoost,0.9995279312133789,1
mimic_perform_af_014,1,XGBoost,0.9994865655899048,1
mimic_perform_af_014,1,XGBoost,0.9923646450042725,1
mimic_perform_af_015,1,XGBoost,0.9587060809135437,1
mimic_perform_af_015,1,XGBoost,0.9899386167526245,1
mimic_perform_af_015,1,XGBoost,0.9703407287597656,1
mimic_perform_af_015,1,XGBoost,0.9943629503250122,1
mimic_perform_af_015,1,XGBoost,0.9836620688438416,1
mimic_perform_af_015,1,XGBoost,0.9395328760147095,1
mimic_perform_af_015,1,XGBoost,0.9915122389793396,1
mimic_perform_af_015,1,XGBoost,0.9940301179885864,1
mimic_perform_af_015,1,XGBoost,0.9920033812522888,1
mimic_perform_af_015,1,XGBoost,0.9958474040031433,1
mimic_perform_af_015,1,XGBoost,0.9794298410415649,1
mimic_perform_af_015,1,XGBoost,0.9812012910842896,1
mimic_perform_af_015,1,XGBoost,0.9285129904747009,1
mimic_perform_af_015,1,XGBoost,0.9344708919525146,1
mimic_perform_af_015,1,XGBoost,0.8863608837127686,1
mimic_perform_af_015,1,XGBoost,0.9575202465057373,1
mimic_perform_af_015,1,XGBoost,0.9771197438240051,1
mimic_perform_af_015,1,XGBoost,0.981321394443512,1
mimic_perform_af_015,1,XGBoost,0.9771130084991455,1
mimic_perform_af_015,1,XGBoost,0.9609232544898987,1
mimic_perform_af_015,1,XGBoost,0.9791465401649475,1
mimic_perform_af_015,1,XGBoost,0.8449504375457764,1
mimic_perform_af_015,1,XGBoost,0.9779286980628967,1
mimic_perform_af_015,1,XGBoost,0.9853512048721313,1
mimic_perform_af_015,1,XGBoost,0.9876362681388855,1
mimic_perform_af_015,1,XGBoost,0.997071385383606,1
mimic_perform_af_015,1,XGBoost,0.9901421666145325,1
mimic_perform_af_015,1,XGBoost,0.9966174960136414,1
mimic_perform_af_015,1,XGBoost,0.934664249420166,1
mimic_perform_af_015,1,XGBoost,0.9779280424118042,1
mimic_perform_af_015,1,XGBoost,0.9806762933731079,1
mimic_perform_af_015,1,XGBoost,0.991101086139679,1
mimic_perform_af_015,1,XGBoost,0.990056037902832,1
mimic_perform_af_015,1,XGBoost,0.9938839077949524,1
mimic_perform_af_015,1,XGBoost,0.9945642948150635,1
mimic_perform_af_015,1,XGBoost,0.9961673617362976,1
mimic_perform_af_015,1,XGBoost,0.9909486174583435,1
mimic_perform_af_015,1,XGBoost,0.9436008930206299,1
mimic_perform_af_015,1,XGBoost,0.9922834038734436,1
mimic_perform_af_015,1,XGBoost,0.9956806898117065,1
mimic_perform_af_015,1,XGBoost,0.9727025032043457,1
mimic_perform_af_015,1,XGBoost,0.3594505786895752,0
mimic_perform_af_015,1,XGBoost,0.402111291885376,0
mimic_perform_af_015,1,XGBoost,0.9355484247207642,1
mimic_perform_af_015,1,XGBoost,0.986146867275238,1
mimic_perform_af_015,1,XGBoost,0.9563586115837097,1
mimic_perform_af_015,1,XGBoost,0.9919519424438477,1
mimic_perform_af_015,1,XGBoost,0.9892891645431519,1
mimic_perform_af_015,1,XGBoost,0.9983887672424316,1
mimic_perform_af_015,1,XGBoost,0.9900475740432739,1
mimic_perform_af_015,1,XGBoost,0.9801828861236572,1
mimic_perform_af_015,1,XGBoost,0.9882000684738159,1
mimic_perform_af_015,1,XGBoost,0.9945935606956482,1
mimic_perform_af_015,1,XGBoost,0.9965426325798035,1
mimic_perform_af_015,1,XGBoost,0.9695572257041931,1
mimic_perform_af_015,1,XGBoost,0.9908775687217712,1
mimic_perform_af_015,1,XGBoost,0.002271798672154546,0
mimic_perform_af_015,1,XGBoost,0.040880702435970306,0
mimic_perform_af_015,1,XGBoost,0.9733173847198486,1
mimic_perform_af_015,1,XGBoost,0.9807412028312683,1
mimic_perform_af_015,1,XGBoost,0.9387069344520569,1
mimic_perform_af_015,1,XGBoost,0.9272339940071106,1
mimic_perform_af_015,1,XGBoost,0.9324978590011597,1
mimic_perform_af_015,1,XGBoost,0.996440589427948,1
mimic_perform_af_015,1,XGBoost,0.9963149428367615,1
mimic_perform_af_015,1,XGBoost,0.999201238155365,1
mimic_perform_af_015,1,XGBoost,0.9985790252685547,1
mimic_perform_af_015,1,XGBoost,0.7617696523666382,1
mimic_perform_af_015,1,XGBoost,0.9909685254096985,1
mimic_perform_af_015,1,XGBoost,0.9782171249389648,1
mimic_perform_af_015,1,XGBoost,0.9678630828857422,1
mimic_perform_af_015,1,XGBoost,0.9793568849563599,1
mimic_perform_af_015,1,XGBoost,0.9778453707695007,1
mimic_perform_af_015,1,XGBoost,0.9640779495239258,1
mimic_perform_af_015,1,XGBoost,0.9821453094482422,1
mimic_perform_af_015,1,XGBoost,0.9932937622070312,1
mimic_perform_af_015,1,XGBoost,0.9892556667327881,1
mimic_perform_af_015,1,XGBoost,0.9816944003105164,1
mimic_perform_af_015,1,XGBoost,0.9828283190727234,1
mimic_perform_af_015,1,XGBoost,0.9794305562973022,1
mimic_perform_af_015,1,XGBoost,0.9880751967430115,1
mimic_perform_af_015,1,XGBoost,0.9340000152587891,1
mimic_perform_af_015,1,XGBoost,0.9952601790428162,1
mimic_perform_af_015,1,XGBoost,0.9714593887329102,1
mimic_perform_af_015,1,XGBoost,0.9653798937797546,1
mimic_perform_af_015,1,XGBoost,0.652167558670044,1
mimic_perform_af_015,1,XGBoost,0.8960438966751099,1
mimic_perform_af_015,1,XGBoost,0.9704504609107971,1
mimic_perform_af_015,1,XGBoost,0.9379884600639343,1
mimic_perform_af_015,1,XGBoost,0.9854739904403687,1
mimic_perform_af_015,1,XGBoost,0.9916843175888062,1
mimic_perform_af_015,1,XGBoost,0.9930220246315002,1
mimic_perform_af_015,1,XGBoost,0.9893396496772766,1
mimic_perform_af_015,1,XGBoost,0.9884436726570129,1
mimic_perform_af_015,1,XGBoost,0.9532423615455627,1
mimic_perform_af_015,1,XGBoost,0.9966354966163635,1
mimic_perform_af_015,1,XGBoost,0.9951421022415161,1
mimic_perform_af_015,1,XGBoost,0.9734715819358826,1
mimic_perform_af_015,1,XGBoost,0.9504536390304565,1
mimic_perform_af_015,1,XGBoost,0.9897761344909668,1
mimic_perform_af_015,1,XGBoost,0.977401614189148,1
mimic_perform_af_015,1,XGBoost,0.9948228597640991,1
mimic_perform_af_015,1,XGBoost,0.9669432640075684,1
mimic_perform_af_015,1,XGBoost,0.9779444336891174,1
mimic_perform_af_015,1,XGBoost,0.9872261881828308,1
mimic_perform_af_015,1,XGBoost,0.5895958542823792,1
mimic_perform_af_015,1,XGBoost,0.004802401643246412,0
mimic_perform_af_015,1,XGBoost,0.0017074559582397342,0
mimic_perform_af_015,1,XGBoost,0.31199946999549866,0
mimic_perform_af_015,1,XGBoost,0.8790239095687866,1
mimic_perform_af_015,1,XGBoost,0.9762162566184998,1
mimic_perform_af_015,1,XGBoost,0.9971526861190796,1
mimic_perform_af_015,1,XGBoost,0.9945355653762817,1
mimic_perform_af_015,1,XGBoost,0.9986224174499512,1
mimic_perform_af_015,1,XGBoost,0.9967756867408752,1
mimic_perform_af_015,1,XGBoost,0.9844196438789368,1
mimic_perform_af_015,1,XGBoost,0.8934971690177917,1
mimic_perform_af_015,1,XGBoost,0.9903948903083801,1
mimic_perform_af_016,1,XGBoost,0.9954156875610352,1
mimic_perform_af_016,1,XGBoost,0.9975312352180481,1
mimic_perform_af_016,1,XGBoost,0.9984267950057983,1
mimic_perform_af_016,1,XGBoost,0.9995146989822388,1
mimic_perform_af_016,1,XGBoost,0.9998117089271545,1
mimic_perform_af_016,1,XGBoost,0.9997568726539612,1
mimic_perform_af_016,1,XGBoost,0.9996203184127808,1
mimic_perform_af_016,1,XGBoost,0.9985326528549194,1
mimic_perform_af_016,1,XGBoost,0.9987531900405884,1
mimic_perform_af_016,1,XGBoost,0.998367965221405,1
mimic_perform_af_016,1,XGBoost,0.9996567964553833,1
mimic_perform_af_016,1,XGBoost,0.9998743534088135,1
mimic_perform_af_016,1,XGBoost,0.9998112320899963,1
mimic_perform_af_016,1,XGBoost,0.9805236458778381,1
mimic_perform_af_016,1,XGBoost,0.9772055745124817,1
mimic_perform_af_016,1,XGBoost,0.002510777907446027,0
mimic_perform_af_016,1,XGBoost,0.00251993746496737,0
mimic_perform_af_016,1,XGBoost,0.00199695210903883,0
mimic_perform_af_016,1,XGBoost,0.8102064728736877,1
mimic_perform_af_016,1,XGBoost,0.5462334156036377,1
mimic_perform_af_016,1,XGBoost,0.9983605742454529,1
mimic_perform_af_016,1,XGBoost,0.9987503290176392,1
mimic_perform_af_016,1,XGBoost,0.9975953698158264,1
mimic_perform_af_016,1,XGBoost,0.9984351992607117,1
mimic_perform_af_016,1,XGBoost,0.9997559189796448,1
mimic_perform_af_016,1,XGBoost,0.9998396635055542,1
mimic_perform_af_016,1,XGBoost,0.9998700618743896,1
mimic_perform_af_016,1,XGBoost,0.9996923208236694,1
mimic_perform_af_016,1,XGBoost,0.9992879033088684,1
mimic_perform_af_016,1,XGBoost,0.9582776427268982,1
mimic_perform_af_016,1,XGBoost,0.3940257430076599,0
mimic_perform_af_016,1,XGBoost,0.9987963438034058,1
mimic_perform_af_016,1,XGBoost,0.9996730089187622,1
mimic_perform_af_016,1,XGBoost,0.9997835755348206,1
mimic_perform_af_016,1,XGBoost,0.9997232556343079,1
mimic_perform_af_016,1,XGBoost,0.9996147155761719,1
mimic_perform_af_016,1,XGBoost,0.9802764654159546,1
mimic_perform_af_016,1,XGBoost,0.9995991587638855,1
mimic_perform_af_016,1,XGBoost,0.99959796667099,1
mimic_perform_af_016,1,XGBoost,0.9996090531349182,1
mimic_perform_af_016,1,XGBoost,0.9991016387939453,1
mimic_perform_af_016,1,XGBoost,0.9995803236961365,1
mimic_perform_af_016,1,XGBoost,0.9996681213378906,1
mimic_perform_af_016,1,XGBoost,0.9997994303703308,1
mimic_perform_af_016,1,XGBoost,0.998828113079071,1
mimic_perform_af_016,1,XGBoost,0.9988846182823181,1
mimic_perform_af_016,1,XGBoost,0.9993569254875183,1
mimic_perform_af_016,1,XGBoost,0.9986047148704529,1
mimic_perform_af_016,1,XGBoost,0.9997449517250061,1
mimic_perform_af_016,1,XGBoost,0.9987233281135559,1
mimic_perform_af_016,1,XGBoost,0.9996345043182373,1
mimic_perform_af_016,1,XGBoost,0.9983605742454529,1
mimic_perform_af_016,1,XGBoost,0.9946185350418091,1
mimic_perform_af_016,1,XGBoost,0.9969195127487183,1
mimic_perform_af_016,1,XGBoost,0.9980888962745667,1
mimic_perform_af_016,1,XGBoost,0.9987214207649231,1
mimic_perform_af_016,1,XGBoost,0.9962971806526184,1
mimic_perform_af_016,1,XGBoost,0.9987503290176392,1
mimic_perform_af_016,1,XGBoost,0.9986415505409241,1
mimic_perform_af_016,1,XGBoost,0.9997439980506897,1
mimic_perform_af_016,1,XGBoost,0.999731719493866,1
mimic_perform_af_016,1,XGBoost,0.9998038411140442,1
mimic_perform_af_016,1,XGBoost,0.9991451501846313,1
mimic_perform_af_016,1,XGBoost,0.9996739625930786,1
mimic_perform_af_016,1,XGBoost,0.998619794845581,1
mimic_perform_af_016,1,XGBoost,0.9990062117576599,1
mimic_perform_af_016,1,XGBoost,0.9985895752906799,1
mimic_perform_af_016,1,XGBoost,0.9995660185813904,1
mimic_perform_af_016,1,XGBoost,0.9987922310829163,1
mimic_perform_af_016,1,XGBoost,0.9988049268722534,1
mimic_perform_af_016,1,XGBoost,0.9987761378288269,1
mimic_perform_af_016,1,XGBoost,0.999045193195343,1
mimic_perform_af_016,1,XGBoost,0.998348593711853,1
mimic_perform_af_016,1,XGBoost,0.9996693134307861,1
mimic_perform_af_016,1,XGBoost,0.9996331930160522,1
mimic_perform_af_016,1,XGBoost,0.9996284246444702,1
mimic_perform_af_016,1,XGBoost,0.999872088432312,1
mimic_perform_af_016,1,XGBoost,0.9997883439064026,1
mimic_perform_af_016,1,XGBoost,0.9997537732124329,1
mimic_perform_af_016,1,XGBoost,0.9996457099914551,1
mimic_perform_af_016,1,XGBoost,0.9997971653938293,1
mimic_perform_af_016,1,XGBoost,0.9998531341552734,1
mimic_perform_af_016,1,XGBoost,0.999862551689148,1
mimic_perform_af_016,1,XGBoost,0.9998134970664978,1
mimic_perform_af_016,1,XGBoost,0.9993323683738708,1
mimic_perform_af_016,1,XGBoost,0.9983605742454529,1
mimic_perform_af_016,1,XGBoost,0.9997338652610779,1
mimic_perform_af_016,1,XGBoost,0.9983826875686646,1
mimic_perform_af_016,1,XGBoost,0.9986230134963989,1
mimic_perform_af_016,1,XGBoost,0.9969195127487183,1
mimic_perform_af_016,1,XGBoost,0.9957771301269531,1
mimic_perform_af_016,1,XGBoost,0.22548045217990875,0
mimic_perform_af_016,1,XGBoost,0.7643661499023438,1
mimic_perform_af_016,1,XGBoost,0.9544922113418579,1
mimic_perform_af_016,1,XGBoost,0.9588213562965393,1
mimic_perform_af_016,1,XGBoost,0.9606226086616516,1
mimic_perform_af_016,1,XGBoost,0.9998321533203125,1
mimic_perform_af_016,1,XGBoost,0.9998739957809448,1
mimic_perform_af_016,1,XGBoost,0.9993312358856201,1
mimic_perform_af_016,1,XGBoost,0.9515155553817749,1
mimic_perform_af_016,1,XGBoost,0.8271970152854919,1
mimic_perform_af_016,1,XGBoost,0.938987135887146,1
mimic_perform_af_016,1,XGBoost,0.8120444416999817,1
mimic_perform_af_016,1,XGBoost,0.9998606443405151,1
mimic_perform_af_016,1,XGBoost,0.9997608065605164,1
mimic_perform_af_016,1,XGBoost,0.9997408986091614,1
mimic_perform_af_016,1,XGBoost,0.9998263716697693,1
mimic_perform_af_016,1,XGBoost,0.9998144507408142,1
mimic_perform_af_016,1,XGBoost,0.34245797991752625,0
mimic_perform_af_016,1,XGBoost,0.9872183799743652,1
mimic_perform_af_016,1,XGBoost,0.9978131055831909,1
mimic_perform_af_016,1,XGBoost,0.9998373985290527,1
mimic_perform_af_016,1,XGBoost,0.9997636675834656,1
mimic_perform_af_016,1,XGBoost,0.9997923970222473,1
mimic_perform_af_016,1,XGBoost,0.9987331032752991,1
mimic_perform_af_016,1,XGBoost,0.9987331032752991,1
mimic_perform_af_016,1,XGBoost,0.999771773815155,1
mimic_perform_af_016,1,XGBoost,0.9997727274894714,1
mimic_perform_af_017,1,XGBoost,0.9997461438179016,1
mimic_perform_af_017,1,XGBoost,0.9996694326400757,1
mimic_perform_af_017,1,XGBoost,0.991523265838623,1
mimic_perform_af_017,1,XGBoost,0.9734988212585449,1
mimic_perform_af_017,1,XGBoost,0.9997875094413757,1
mimic_perform_af_017,1,XGBoost,0.9998471736907959,1
mimic_perform_af_017,1,XGBoost,0.9992855191230774,1
mimic_perform_af_017,1,XGBoost,0.9965047836303711,1
mimic_perform_af_017,1,XGBoost,0.9993343949317932,1
mimic_perform_af_017,1,XGBoost,0.9994785189628601,1
mimic_perform_af_017,1,XGBoost,0.9997301697731018,1
mimic_perform_af_017,1,XGBoost,0.9994997978210449,1
mimic_perform_af_017,1,XGBoost,0.9998006224632263,1
mimic_perform_af_017,1,XGBoost,0.9949367046356201,1
mimic_perform_af_017,1,XGBoost,0.9767534732818604,1
mimic_perform_af_017,1,XGBoost,0.9987854361534119,1
mimic_perform_af_017,1,XGBoost,0.9994438290596008,1
mimic_perform_af_017,1,XGBoost,0.9986740350723267,1
mimic_perform_af_017,1,XGBoost,0.9997755885124207,1
mimic_perform_af_017,1,XGBoost,0.9998557567596436,1
mimic_perform_af_017,1,XGBoost,0.9997569918632507,1
mimic_perform_af_017,1,XGBoost,0.9997565150260925,1
mimic_perform_af_017,1,XGBoost,0.9997758269309998,1
mimic_perform_af_017,1,XGBoost,0.9990610480308533,1
mimic_perform_af_017,1,XGBoost,0.9946120977401733,1
mimic_perform_af_017,1,XGBoost,0.9157041311264038,1
mimic_perform_af_017,1,XGBoost,0.9996784925460815,1
mimic_perform_af_017,1,XGBoost,0.9998422861099243,1
mimic_perform_af_017,1,XGBoost,0.9998059868812561,1
mimic_perform_af_017,1,XGBoost,0.9997530579566956,1
mimic_perform_af_017,1,XGBoost,0.9961037635803223,1
mimic_perform_af_017,1,XGBoost,0.9973806738853455,1
mimic_perform_af_017,1,XGBoost,0.9971080422401428,1
mimic_perform_af_017,1,XGBoost,0.9998113512992859,1
mimic_perform_af_017,1,XGBoost,0.9992710947990417,1
mimic_perform_af_017,1,XGBoost,0.9966136813163757,1
mimic_perform_af_017,1,XGBoost,0.9989350438117981,1
mimic_perform_af_017,1,XGBoost,0.9963823556900024,1
mimic_perform_af_017,1,XGBoost,0.9921422004699707,1
mimic_perform_af_017,1,XGBoost,0.9900246858596802,1
mimic_perform_af_017,1,XGBoost,0.9870197772979736,1
mimic_perform_af_017,1,XGBoost,0.9954637885093689,1
mimic_perform_af_017,1,XGBoost,0.9997660517692566,1
mimic_perform_af_017,1,XGBoost,0.9997299313545227,1
mimic_perform_af_017,1,XGBoost,0.9997541308403015,1
mimic_perform_af_017,1,XGBoost,0.9998584985733032,1
mimic_perform_af_017,1,XGBoost,0.9996165037155151,1
mimic_perform_af_017,1,XGBoost,0.9966045618057251,1
mimic_perform_af_017,1,XGBoost,0.9953752756118774,1
mimic_perform_af_017,1,XGBoost,0.9989345669746399,1
mimic_perform_af_017,1,XGBoost,0.9980491399765015,1
mimic_perform_af_017,1,XGBoost,0.9995887875556946,1
mimic_perform_af_017,1,XGBoost,0.9990335702896118,1
mimic_perform_af_017,1,XGBoost,0.9996148347854614,1
mimic_perform_af_017,1,XGBoost,0.9998435974121094,1
mimic_perform_af_017,1,XGBoost,0.9997286200523376,1
mimic_perform_af_017,1,XGBoost,0.9996039271354675,1
mimic_perform_af_017,1,XGBoost,0.9989070892333984,1
mimic_perform_af_017,1,XGBoost,0.998904824256897,1
mimic_perform_af_017,1,XGBoost,0.9995737671852112,1
mimic_perform_af_017,1,XGBoost,0.9976575374603271,1
mimic_perform_af_017,1,XGBoost,0.9997480511665344,1
mimic_perform_af_017,1,XGBoost,0.9995385408401489,1
mimic_perform_af_017,1,XGBoost,0.9998705387115479,1
mimic_perform_af_017,1,XGBoost,0.9997770190238953,1
mimic_perform_af_017,1,XGBoost,0.999054491519928,1
mimic_perform_af_017,1,XGBoost,0.9993308782577515,1
mimic_perform_af_017,1,XGBoost,0.9994792342185974,1
mimic_perform_af_017,1,XGBoost,0.9996442794799805,1
mimic_perform_af_017,1,XGBoost,0.9998389482498169,1
mimic_perform_af_017,1,XGBoost,0.9992653727531433,1
mimic_perform_af_017,1,XGBoost,0.9994669556617737,1
mimic_perform_af_017,1,XGBoost,0.9991648197174072,1
mimic_perform_af_017,1,XGBoost,0.9995100498199463,1
mimic_perform_af_017,1,XGBoost,0.9997804760932922,1
mimic_perform_af_017,1,XGBoost,0.9998818635940552,1
mimic_perform_af_017,1,XGBoost,0.9998911619186401,1
mimic_perform_af_017,1,XGBoost,0.9998985528945923,1
mimic_perform_af_017,1,XGBoost,0.9998382329940796,1
mimic_perform_af_017,1,XGBoost,0.999576985836029,1
mimic_perform_af_017,1,XGBoost,0.9998419284820557,1
mimic_perform_af_017,1,XGBoost,0.999749481678009,1
mimic_perform_af_017,1,XGBoost,0.9997038245201111,1
mimic_perform_af_017,1,XGBoost,0.9997466206550598,1
mimic_perform_af_017,1,XGBoost,0.9997140765190125,1
mimic_perform_af_017,1,XGBoost,0.9997703433036804,1
mimic_perform_af_017,1,XGBoost,0.9997990727424622,1
mimic_perform_af_017,1,XGBoost,0.9998664855957031,1
mimic_perform_af_017,1,XGBoost,0.984605073928833,1
mimic_perform_af_017,1,XGBoost,0.9818651080131531,1
mimic_perform_af_017,1,XGBoost,0.9090502262115479,1
mimic_perform_af_017,1,XGBoost,0.9963794350624084,1
mimic_perform_af_017,1,XGBoost,0.9997405409812927,1
mimic_perform_af_017,1,XGBoost,0.9998879432678223,1
mimic_perform_af_017,1,XGBoost,0.9998834133148193,1
mimic_perform_af_017,1,XGBoost,0.999771773815155,1
mimic_perform_af_017,1,XGBoost,0.9994686245918274,1
mimic_perform_af_017,1,XGBoost,0.9998252987861633,1
mimic_perform_af_017,1,XGBoost,0.9998389482498169,1
mimic_perform_af_017,1,XGBoost,0.9996374845504761,1
mimic_perform_af_017,1,XGBoost,0.9969954490661621,1
mimic_perform_af_017,1,XGBoost,0.9930785298347473,1
mimic_perform_af_017,1,XGBoost,0.9887939095497131,1
mimic_perform_af_017,1,XGBoost,0.9931279420852661,1
mimic_perform_af_017,1,XGBoost,0.9900757670402527,1
mimic_perform_af_017,1,XGBoost,0.9998146891593933,1
mimic_perform_af_017,1,XGBoost,0.9968425035476685,1
mimic_perform_af_017,1,XGBoost,0.9986328482627869,1
mimic_perform_af_017,1,XGBoost,0.9653264880180359,1
mimic_perform_af_017,1,XGBoost,0.990788996219635,1
mimic_perform_af_017,1,XGBoost,0.6699599027633667,1
mimic_perform_af_017,1,XGBoost,0.45708587765693665,0
mimic_perform_af_017,1,XGBoost,0.9992653727531433,1
mimic_perform_af_017,1,XGBoost,0.0020874636247754097,0
mimic_perform_af_017,1,XGBoost,0.00014106939488556236,0
mimic_perform_af_017,1,XGBoost,0.00014801492216065526,0
mimic_perform_af_017,1,XGBoost,0.0004913121229037642,0
mimic_perform_af_017,1,XGBoost,0.0002490716869942844,0
mimic_perform_af_018,1,XGBoost,0.9990552067756653,1
mimic_perform_af_018,1,XGBoost,0.9976202845573425,1
mimic_perform_af_018,1,XGBoost,0.9982039928436279,1
mimic_perform_af_018,1,XGBoost,0.9982825517654419,1
mimic_perform_af_018,1,XGBoost,0.9992818236351013,1
mimic_perform_af_018,1,XGBoost,0.9997380375862122,1
mimic_perform_af_018,1,XGBoost,0.9996476173400879,1
mimic_perform_af_018,1,XGBoost,0.9998107552528381,1
mimic_perform_af_018,1,XGBoost,0.9998233914375305,1
mimic_perform_af_018,1,XGBoost,0.9998144507408142,1
mimic_perform_af_018,1,XGBoost,0.9996042847633362,1
mimic_perform_af_018,1,XGBoost,0.9996910095214844,1
mimic_perform_af_018,1,XGBoost,0.9997482895851135,1
mimic_perform_af_018,1,XGBoost,0.9998635053634644,1
mimic_perform_af_018,1,XGBoost,0.9997101426124573,1
mimic_perform_af_018,1,XGBoost,0.9991052746772766,1
mimic_perform_af_018,1,XGBoost,0.9997938275337219,1
mimic_perform_af_018,1,XGBoost,0.9997802376747131,1
mimic_perform_af_018,1,XGBoost,0.9997298121452332,1
mimic_perform_af_018,1,XGBoost,0.9997262358665466,1
mimic_perform_af_018,1,XGBoost,0.999736487865448,1
mimic_perform_af_018,1,XGBoost,0.9997437596321106,1
mimic_perform_af_018,1,XGBoost,0.9993425011634827,1
mimic_perform_af_018,1,XGBoost,0.9997071623802185,1
mimic_perform_af_018,1,XGBoost,0.9993473887443542,1
mimic_perform_af_018,1,XGBoost,0.9965957999229431,1
mimic_perform_af_018,1,XGBoost,0.9821182489395142,1
mimic_perform_af_018,1,XGBoost,0.3422047793865204,0
mimic_perform_af_018,1,XGBoost,0.9157814979553223,1
mimic_perform_af_018,1,XGBoost,0.9595450758934021,1
mimic_perform_af_018,1,XGBoost,0.9996910095214844,1
mimic_perform_af_018,1,XGBoost,0.999640941619873,1
mimic_perform_af_018,1,XGBoost,0.9997753500938416,1
mimic_perform_af_018,1,XGBoost,0.9997674822807312,1
mimic_perform_af_018,1,XGBoost,0.9997782111167908,1
mimic_perform_af_018,1,XGBoost,0.9998107552528381,1
mimic_perform_af_018,1,XGBoost,0.9995255470275879,1
mimic_perform_af_018,1,XGBoost,0.9997939467430115,1
mimic_perform_af_018,1,XGBoost,0.9998915195465088,1
mimic_perform_af_018,1,XGBoost,0.9996217489242554,1
mimic_perform_af_018,1,XGBoost,0.9997773766517639,1
mimic_perform_af_018,1,XGBoost,0.9996901750564575,1
mimic_perform_af_018,1,XGBoost,0.9998540878295898,1
mimic_perform_af_018,1,XGBoost,0.9996799230575562,1
mimic_perform_af_018,1,XGBoost,0.9996830224990845,1
mimic_perform_af_018,1,XGBoost,0.9997283816337585,1
mimic_perform_af_018,1,XGBoost,0.9997499585151672,1
mimic_perform_af_018,1,XGBoost,0.9997902512550354,1
mimic_perform_af_018,1,XGBoost,0.999617338180542,1
mimic_perform_af_018,1,XGBoost,0.9996463060379028,1
mimic_perform_af_018,1,XGBoost,0.9998811483383179,1
mimic_perform_af_018,1,XGBoost,0.9996567964553833,1
mimic_perform_af_018,1,XGBoost,0.9998000264167786,1
mimic_perform_af_018,1,XGBoost,0.9998224377632141,1
mimic_perform_af_018,1,XGBoost,0.9993738532066345,1
mimic_perform_af_018,1,XGBoost,0.9998157620429993,1
mimic_perform_af_018,1,XGBoost,0.9998677968978882,1
mimic_perform_af_018,1,XGBoost,0.9996776580810547,1
mimic_perform_af_018,1,XGBoost,0.9996032118797302,1
mimic_perform_af_018,1,XGBoost,0.998358428478241,1
mimic_perform_af_018,1,XGBoost,0.1906806379556656,0
mimic_perform_af_018,1,XGBoost,0.7420181632041931,1
mimic_perform_af_018,1,XGBoost,0.889829158782959,1
mimic_perform_af_018,1,XGBoost,0.9962084293365479,1
mimic_perform_af_018,1,XGBoost,0.9995825886726379,1
mimic_perform_af_018,1,XGBoost,0.9998683929443359,1
mimic_perform_af_018,1,XGBoost,0.9992456436157227,1
mimic_perform_af_018,1,XGBoost,0.9984285235404968,1
mimic_perform_af_018,1,XGBoost,0.9997926354408264,1
mimic_perform_af_018,1,XGBoost,0.9998931884765625,1
mimic_perform_af_018,1,XGBoost,0.9996883869171143,1
mimic_perform_af_018,1,XGBoost,0.9998329877853394,1
mimic_perform_af_018,1,XGBoost,0.9991361498832703,1
mimic_perform_af_018,1,XGBoost,0.9997739195823669,1
mimic_perform_af_018,1,XGBoost,0.9936823844909668,1
mimic_perform_af_018,1,XGBoost,0.9991917014122009,1
mimic_perform_af_018,1,XGBoost,0.9997448325157166,1
mimic_perform_af_018,1,XGBoost,0.99982088804245,1
mimic_perform_af_018,1,XGBoost,0.9998451471328735,1
mimic_perform_af_018,1,XGBoost,0.9998890161514282,1
mimic_perform_af_018,1,XGBoost,0.9997518658638,1
mimic_perform_af_018,1,XGBoost,0.9997904896736145,1
mimic_perform_af_018,1,XGBoost,0.9998329877853394,1
mimic_perform_af_018,1,XGBoost,0.9998400211334229,1
mimic_perform_af_018,1,XGBoost,0.9996695518493652,1
mimic_perform_af_018,1,XGBoost,0.9975154399871826,1
mimic_perform_af_018,1,XGBoost,0.9995108842849731,1
mimic_perform_af_018,1,XGBoost,0.9996801614761353,1
mimic_perform_af_018,1,XGBoost,0.9996166229248047,1
mimic_perform_af_018,1,XGBoost,0.9994521737098694,1
mimic_perform_af_018,1,XGBoost,0.9996546506881714,1
mimic_perform_af_018,1,XGBoost,0.999754011631012,1
mimic_perform_af_018,1,XGBoost,0.999584972858429,1
mimic_perform_af_018,1,XGBoost,0.9998043179512024,1
mimic_perform_af_018,1,XGBoost,0.9996622800827026,1
mimic_perform_af_018,1,XGBoost,0.9996843338012695,1
mimic_perform_af_018,1,XGBoost,0.9995415210723877,1
mimic_perform_af_018,1,XGBoost,0.9998143315315247,1
mimic_perform_af_018,1,XGBoost,0.9997323155403137,1
mimic_perform_af_018,1,XGBoost,0.9998862743377686,1
mimic_perform_af_018,1,XGBoost,0.9997206330299377,1
mimic_perform_af_018,1,XGBoost,0.9998514652252197,1
mimic_perform_af_018,1,XGBoost,0.9995036125183105,1
mimic_perform_af_018,1,XGBoost,0.9996998310089111,1
mimic_perform_af_018,1,XGBoost,0.9997506737709045,1
mimic_perform_af_018,1,XGBoost,0.9997753500938416,1
mimic_perform_af_018,1,XGBoost,0.999785840511322,1
mimic_perform_af_018,1,XGBoost,0.9994877576828003,1
mimic_perform_af_018,1,XGBoost,0.9997275471687317,1
mimic_perform_af_018,1,XGBoost,0.9998713731765747,1
mimic_perform_af_018,1,XGBoost,0.9998144507408142,1
mimic_perform_af_018,1,XGBoost,0.9998877048492432,1
mimic_perform_af_018,1,XGBoost,0.9996005892753601,1
mimic_perform_af_018,1,XGBoost,0.9997902512550354,1
mimic_perform_af_018,1,XGBoost,0.9997716546058655,1
mimic_perform_af_018,1,XGBoost,0.9995379447937012,1
mimic_perform_af_018,1,XGBoost,0.9997050166130066,1
mimic_perform_af_018,1,XGBoost,0.999774158000946,1
mimic_perform_af_019,1,XGBoost,0.9912563562393188,1
mimic_perform_af_019,1,XGBoost,0.9836450815200806,1
mimic_perform_af_019,1,XGBoost,0.9671638011932373,1
mimic_perform_af_019,1,XGBoost,0.9997965693473816,1
mimic_perform_af_019,1,XGBoost,0.999671220779419,1
mimic_perform_af_019,1,XGBoost,0.9984325766563416,1
mimic_perform_af_019,1,XGBoost,0.9997817873954773,1
mimic_perform_af_019,1,XGBoost,0.9989098310470581,1
mimic_perform_af_019,1,XGBoost,0.9998038411140442,1
mimic_perform_af_019,1,XGBoost,0.9997615218162537,1
mimic_perform_af_019,1,XGBoost,0.9993535876274109,1
mimic_perform_af_019,1,XGBoost,0.9993274211883545,1
mimic_perform_af_019,1,XGBoost,0.9997251629829407,1
mimic_perform_af_019,1,XGBoost,0.9981173276901245,1
mimic_perform_af_019,1,XGBoost,0.999699592590332,1
mimic_perform_af_019,1,XGBoost,0.9994900226593018,1
mimic_perform_af_019,1,XGBoost,0.9992777705192566,1
mimic_perform_af_019,1,XGBoost,0.9993274211883545,1
mimic_perform_af_019,1,XGBoost,0.999632716178894,1
mimic_perform_af_019,1,XGBoost,0.9996823072433472,1
mimic_perform_af_019,1,XGBoost,0.9996552467346191,1
mimic_perform_af_019,1,XGBoost,0.9996592998504639,1
mimic_perform_af_019,1,XGBoost,0.9997108578681946,1
mimic_perform_af_019,1,XGBoost,0.9998667240142822,1
mimic_perform_af_019,1,XGBoost,0.9998005032539368,1
mimic_perform_af_019,1,XGBoost,0.999761164188385,1
mimic_perform_af_019,1,XGBoost,0.9992153644561768,1
mimic_perform_af_019,1,XGBoost,0.9997819066047668,1
mimic_perform_af_019,1,XGBoost,0.9824190139770508,1
mimic_perform_af_019,1,XGBoost,0.9586107134819031,1
mimic_perform_af_019,1,XGBoost,0.945947527885437,1
mimic_perform_af_019,1,XGBoost,0.9995241165161133,1
mimic_perform_af_019,1,XGBoost,0.9994779229164124,1
mimic_perform_af_019,1,XGBoost,0.9755612015724182,1
mimic_perform_af_019,1,XGBoost,0.8626026511192322,1
mimic_perform_af_019,1,XGBoost,0.38633912801742554,0
mimic_perform_af_019,1,XGBoost,0.950901985168457,1
mimic_perform_af_019,1,XGBoost,0.9819351434707642,1
mimic_perform_af_019,1,XGBoost,0.9990113973617554,1
mimic_perform_af_019,1,XGBoost,0.9987666606903076,1
mimic_perform_af_019,1,XGBoost,0.999203622341156,1
mimic_perform_af_019,1,XGBoost,0.9998729228973389,1
mimic_perform_af_019,1,XGBoost,0.7903264760971069,1
mimic_perform_af_019,1,XGBoost,0.9840130805969238,1
mimic_perform_af_019,1,XGBoost,0.9623095393180847,1
mimic_perform_af_019,1,XGBoost,0.9850837588310242,1
mimic_perform_af_019,1,XGBoost,0.9996108412742615,1
mimic_perform_af_019,1,XGBoost,0.9995620846748352,1
mimic_perform_af_019,1,XGBoost,0.999295711517334,1
mimic_perform_af_019,1,XGBoost,0.9998070597648621,1
mimic_perform_af_019,1,XGBoost,0.9983456134796143,1
mimic_perform_af_019,1,XGBoost,0.9998297691345215,1
mimic_perform_af_019,1,XGBoost,0.9993498921394348,1
mimic_perform_af_019,1,XGBoost,0.9989410042762756,1
mimic_perform_af_019,1,XGBoost,0.9998119473457336,1
mimic_perform_af_019,1,XGBoost,0.9998477697372437,1
mimic_perform_af_019,1,XGBoost,0.9997397065162659,1
mimic_perform_af_019,1,XGBoost,0.9992358684539795,1
mimic_perform_af_019,1,XGBoost,0.9992772936820984,1
mimic_perform_af_019,1,XGBoost,0.9990604519844055,1
mimic_perform_af_019,1,XGBoost,0.8538483381271362,1
mimic_perform_af_019,1,XGBoost,0.9899721145629883,1
mimic_perform_af_019,1,XGBoost,0.9803824424743652,1
mimic_perform_af_019,1,XGBoost,0.999698281288147,1
mimic_perform_af_019,1,XGBoost,0.9971530437469482,1
mimic_perform_af_019,1,XGBoost,0.9996994733810425,1
mimic_perform_af_019,1,XGBoost,0.9990010857582092,1
mimic_perform_af_019,1,XGBoost,0.9993963241577148,1
mimic_perform_af_019,1,XGBoost,0.9996694326400757,1
mimic_perform_af_019,1,XGBoost,0.9999046325683594,1
mimic_perform_af_019,1,XGBoost,0.9997463822364807,1
mimic_perform_af_019,1,XGBoost,0.987922728061676,1
mimic_perform_af_019,1,XGBoost,0.9650677442550659,1
mimic_perform_af_019,1,XGBoost,0.9070440530776978,1
mimic_perform_af_019,1,XGBoost,0.9994338154792786,1
mimic_perform_af_019,1,XGBoost,0.9987524747848511,1
mimic_perform_af_019,1,XGBoost,0.9991486072540283,1
mimic_perform_af_019,1,XGBoost,0.9991391897201538,1
mimic_perform_af_019,1,XGBoost,0.9998581409454346,1
mimic_perform_af_019,1,XGBoost,0.9998370409011841,1
mimic_perform_af_019,1,XGBoost,0.999457061290741,1
mimic_perform_af_019,1,XGBoost,0.9997962117195129,1
mimic_perform_af_019,1,XGBoost,0.9998302459716797,1
mimic_perform_af_019,1,XGBoost,0.9996315240859985,1
mimic_perform_af_019,1,XGBoost,0.9995928406715393,1
mimic_perform_af_019,1,XGBoost,0.9995929598808289,1
mimic_perform_af_019,1,XGBoost,0.9998154044151306,1
mimic_perform_af_019,1,XGBoost,0.999830961227417,1
mimic_perform_af_019,1,XGBoost,0.999854564666748,1
mimic_perform_af_019,1,XGBoost,0.9998801946640015,1
mimic_perform_af_019,1,XGBoost,0.9996322393417358,1
mimic_perform_af_019,1,XGBoost,0.9987356066703796,1
mimic_perform_af_019,1,XGBoost,0.9814332127571106,1
mimic_perform_af_019,1,XGBoost,0.9996992349624634,1
mimic_perform_af_019,1,XGBoost,0.9920033812522888,1
mimic_perform_af_019,1,XGBoost,0.9977722764015198,1
mimic_perform_af_019,1,XGBoost,0.9989722967147827,1
mimic_perform_af_019,1,XGBoost,0.9650296568870544,1
mimic_perform_af_019,1,XGBoost,0.9389718174934387,1
mimic_perform_af_019,1,XGBoost,0.8341989517211914,1
mimic_perform_af_019,1,XGBoost,0.9103341102600098,1
mimic_perform_af_019,1,XGBoost,0.9790036082267761,1
mimic_perform_af_019,1,XGBoost,0.9998496770858765,1
mimic_perform_af_019,1,XGBoost,0.9997556805610657,1
mimic_perform_af_019,1,XGBoost,0.9998964071273804,1
mimic_perform_af_019,1,XGBoost,0.9847862124443054,1
mimic_perform_af_019,1,XGBoost,0.9971218705177307,1
mimic_perform_af_019,1,XGBoost,0.99982750415802,1
mimic_perform_af_019,1,XGBoost,0.9989521503448486,1
mimic_perform_af_019,1,XGBoost,0.9996121525764465,1
mimic_perform_af_019,1,XGBoost,0.9998080134391785,1
mimic_perform_af_019,1,XGBoost,0.9997434020042419,1
mimic_perform_af_019,1,XGBoost,0.9928566217422485,1
mimic_perform_af_019,1,XGBoost,0.9494186043739319,1
mimic_perform_af_019,1,XGBoost,0.8653048872947693,1
mimic_perform_af_019,1,XGBoost,0.9996846914291382,1
mimic_perform_af_019,1,XGBoost,0.999370276927948,1
mimic_perform_af_019,1,XGBoost,0.9990018010139465,1
mimic_perform_non_af_001,0,XGBoost,0.00013010090333409607,0
mimic_perform_non_af_001,0,XGBoost,0.00023273697297554463,0
mimic_perform_non_af_001,0,XGBoost,0.000804728246293962,0
mimic_perform_non_af_001,0,XGBoost,0.001527568674646318,0
mimic_perform_non_af_001,0,XGBoost,0.00023273697297554463,0
mimic_perform_non_af_001,0,XGBoost,0.00023273697297554463,0
mimic_perform_non_af_001,0,XGBoost,0.0002837891806848347,0
mimic_perform_non_af_001,0,XGBoost,0.00011267848458373919,0
mimic_perform_non_af_001,0,XGBoost,0.00016653300554025918,0
mimic_perform_non_af_001,0,XGBoost,0.00016653300554025918,0
mimic_perform_non_af_001,0,XGBoost,0.0006938004516996443,0
mimic_perform_non_af_001,0,XGBoost,0.006287780124694109,0
mimic_perform_non_af_001,0,XGBoost,0.16409440338611603,0
mimic_perform_non_af_001,0,XGBoost,0.0020726535003632307,0
mimic_perform_non_af_001,0,XGBoost,0.001339223701506853,0
mimic_perform_non_af_001,0,XGBoost,0.00023273697297554463,0
mimic_perform_non_af_001,0,XGBoost,0.00023273697297554463,0
mimic_perform_non_af_001,0,XGBoost,0.0030386021826416254,0
mimic_perform_non_af_001,0,XGBoost,0.007036426104605198,0
mimic_perform_non_af_001,0,XGBoost,0.001091385493054986,0
mimic_perform_non_af_001,0,XGBoost,0.0011114998487755656,0
mimic_perform_non_af_001,0,XGBoost,0.0002230415411759168,0
mimic_perform_non_af_001,0,XGBoost,0.00023273697297554463,0
mimic_perform_non_af_001,0,XGBoost,0.00041734203114174306,0
mimic_perform_non_af_001,0,XGBoost,0.00042174168629571795,0
mimic_perform_non_af_001,0,XGBoost,0.0004457262984942645,0
mimic_perform_non_af_001,0,XGBoost,0.00023273697297554463,0
mimic_perform_non_af_001,0,XGBoost,0.00023273697297554463,0
mimic_perform_non_af_001,0,XGBoost,0.00023273697297554463,0
mimic_perform_non_af_001,0,XGBoost,0.00023273697297554463,0
mimic_perform_non_af_001,0,XGBoost,0.0002230415411759168,0
mimic_perform_non_af_001,0,XGBoost,0.00023273697297554463,0
mimic_perform_non_af_001,0,XGBoost,0.00016653300554025918,0
mimic_perform_non_af_001,0,XGBoost,0.0018963629845529795,0
mimic_perform_non_af_001,0,XGBoost,0.0043148803524672985,0
mimic_perform_non_af_001,0,XGBoost,0.004881730303168297,0
mimic_perform_non_af_001,0,XGBoost,0.8681865930557251,1
mimic_perform_non_af_001,0,XGBoost,0.9855591058731079,1
mimic_perform_non_af_001,0,XGBoost,0.9287973642349243,1
mimic_perform_non_af_001,0,XGBoost,0.2118382453918457,0
mimic_perform_non_af_001,0,XGBoost,0.11849821358919144,0
mimic_perform_non_af_001,0,XGBoost,0.016706809401512146,0
mimic_perform_non_af_001,0,XGBoost,0.007161598186939955,0
mimic_perform_non_af_001,0,XGBoost,0.00020273202972020954,0
mimic_perform_non_af_001,0,XGBoost,0.0005696366424672306,0
mimic_perform_non_af_001,0,XGBoost,0.00021839588589500636,0
mimic_perform_non_af_001,0,XGBoost,0.00011267848458373919,0
mimic_perform_non_af_001,0,XGBoost,0.00016653300554025918,0
mimic_perform_non_af_001,0,XGBoost,0.0004793662519659847,0
mimic_perform_non_af_001,0,XGBoost,0.01129076723009348,0
mimic_perform_non_af_001,0,XGBoost,0.006287780124694109,0
mimic_perform_non_af_001,0,XGBoost,0.002238187240436673,0
mimic_perform_non_af_001,0,XGBoost,0.0008421791135333478,0
mimic_perform_non_af_001,0,XGBoost,0.0002435747010167688,0
mimic_perform_non_af_001,0,XGBoost,0.0002435747010167688,0
mimic_perform_non_af_001,0,XGBoost,0.0002435747010167688,0
mimic_perform_non_af_001,0,XGBoost,0.0002435747010167688,0
mimic_perform_non_af_001,0,XGBoost,0.0002435747010167688,0
mimic_perform_non_af_001,0,XGBoost,0.0002435747010167688,0
mimic_perform_non_af_001,0,XGBoost,0.0002435747010167688,0
mimic_perform_non_af_001,0,XGBoost,0.00016653300554025918,0
mimic_perform_non_af_001,0,XGBoost,0.00016653300554025918,0
mimic_perform_non_af_001,0,XGBoost,0.00016653300554025918,0
mimic_perform_non_af_001,0,XGBoost,0.0001493887248216197,0
mimic_perform_non_af_001,0,XGBoost,0.0015531842363998294,0
mimic_perform_non_af_001,0,XGBoost,0.006287780124694109,0
mimic_perform_non_af_001,0,XGBoost,0.03199984133243561,0
mimic_perform_non_af_001,0,XGBoost,0.010226477868855,0
mimic_perform_non_af_001,0,XGBoost,0.0002464214339852333,0
mimic_perform_non_af_001,0,XGBoost,0.00020453402248676866,0
mimic_perform_non_af_001,0,XGBoost,0.00016653300554025918,0
mimic_perform_non_af_001,0,XGBoost,0.00016653300554025918,0
mimic_perform_non_af_001,0,XGBoost,0.0003209019487258047,0
mimic_perform_non_af_001,0,XGBoost,0.0002435747010167688,0
mimic_perform_non_af_001,0,XGBoost,0.00023273697297554463,0
mimic_perform_non_af_001,0,XGBoost,0.00023273697297554463,0
mimic_perform_non_af_001,0,XGBoost,0.0002435747010167688,0
mimic_perform_non_af_001,0,XGBoost,0.0002310662966920063,0
mimic_perform_non_af_001,0,XGBoost,0.0002435747010167688,0
mimic_perform_non_af_001,0,XGBoost,0.00023273697297554463,0
mimic_perform_non_af_001,0,XGBoost,0.0002435747010167688,0
mimic_perform_non_af_001,0,XGBoost,0.00016653300554025918,0
mimic_perform_non_af_001,0,XGBoost,0.00016653300554025918,0
mimic_perform_non_af_001,0,XGBoost,0.0002435747010167688,0
mimic_perform_non_af_001,0,XGBoost,0.0002435747010167688,0
mimic_perform_non_af_001,0,XGBoost,0.0002435747010167688,0
mimic_perform_non_af_001,0,XGBoost,0.00030363211408257484,0
mimic_perform_non_af_001,0,XGBoost,0.00021839588589500636,0
mimic_perform_non_af_001,0,XGBoost,0.00016653300554025918,0
mimic_perform_non_af_001,0,XGBoost,0.00016653300554025918,0
mimic_perform_non_af_001,0,XGBoost,0.00016653300554025918,0
mimic_perform_non_af_001,0,XGBoost,0.00021839588589500636,0
mimic_perform_non_af_001,0,XGBoost,0.00011267848458373919,0
mimic_perform_non_af_001,0,XGBoost,0.001620935508981347,0
mimic_perform_non_af_001,0,XGBoost,0.0007111771265044808,0
mimic_perform_non_af_001,0,XGBoost,0.0006575307925231755,0
mimic_perform_non_af_001,0,XGBoost,0.0004609399475157261,0
mimic_perform_non_af_001,0,XGBoost,0.16047601401805878,0
mimic_perform_non_af_001,0,XGBoost,0.011561974883079529,0
mimic_perform_non_af_001,0,XGBoost,0.0036383611150085926,0
mimic_perform_non_af_001,0,XGBoost,0.0011359801283106208,0
mimic_perform_non_af_001,0,XGBoost,0.006143187638372183,0
mimic_perform_non_af_001,0,XGBoost,0.006143187638372183,0
mimic_perform_non_af_001,0,XGBoost,0.003953636158257723,0
mimic_perform_non_af_001,0,XGBoost,0.00016653300554025918,0
mimic_perform_non_af_001,0,XGBoost,0.0017832154408097267,0
mimic_perform_non_af_001,0,XGBoost,0.001709040137939155,0
mimic_perform_non_af_001,0,XGBoost,0.003227246692404151,0
mimic_perform_non_af_001,0,XGBoost,0.00030421046540141106,0
mimic_perform_non_af_001,0,XGBoost,0.013978754170238972,0
mimic_perform_non_af_001,0,XGBoost,0.0039697689935564995,0
mimic_perform_non_af_001,0,XGBoost,0.11096691340208054,0
mimic_perform_non_af_001,0,XGBoost,0.9498134255409241,1
mimic_perform_non_af_001,0,XGBoost,0.9419848918914795,1
mimic_perform_non_af_001,0,XGBoost,0.9289133548736572,1
mimic_perform_non_af_001,0,XGBoost,0.9923328161239624,1
mimic_perform_non_af_001,0,XGBoost,0.8805564045906067,1
mimic_perform_non_af_001,0,XGBoost,0.005401202477514744,0
mimic_perform_non_af_002,0,XGBoost,0.013368166983127594,0
mimic_perform_non_af_002,0,XGBoost,0.006706603802740574,0
mimic_perform_non_af_002,0,XGBoost,0.006706603802740574,0
mimic_perform_non_af_002,0,XGBoost,0.00395925110206008,0
mimic_perform_non_af_002,0,XGBoost,0.0013234118232503533,0
mimic_perform_non_af_002,0,XGBoost,0.0050234016962349415,0
mimic_perform_non_af_002,0,XGBoost,0.061376333236694336,0
mimic_perform_non_af_002,0,XGBoost,0.012796119786798954,0
mimic_perform_non_af_002,0,XGBoost,0.010298093780875206,0
mimic_perform_non_af_002,0,XGBoost,0.009580546990036964,0
mimic_perform_non_af_002,0,XGBoost,0.0010419004829600453,0
mimic_perform_non_af_002,0,XGBoost,0.0005977984401397407,0
mimic_perform_non_af_002,0,XGBoost,0.0005977984401397407,0
mimic_perform_non_af_002,0,XGBoost,0.0005703086499124765,0
mimic_perform_non_af_002,0,XGBoost,0.0005703086499124765,0
mimic_perform_non_af_002,0,XGBoost,0.0005977984401397407,0
mimic_perform_non_af_002,0,XGBoost,0.000452874373877421,0
mimic_perform_non_af_002,0,XGBoost,0.0009342555422335863,0
mimic_perform_non_af_002,0,XGBoost,0.0014174437383189797,0
mimic_perform_non_af_002,0,XGBoost,0.00041817774763330817,0
mimic_perform_non_af_002,0,XGBoost,0.00046788633335381746,0
mimic_perform_non_af_002,0,XGBoost,0.0005977984401397407,0
mimic_perform_non_af_002,0,XGBoost,0.0005977984401397407,0
mimic_perform_non_af_002,0,XGBoost,0.0005977984401397407,0
mimic_perform_non_af_002,0,XGBoost,0.0032288683578372,0
mimic_perform_non_af_002,0,XGBoost,0.0032288683578372,0
mimic_perform_non_af_002,0,XGBoost,0.006741764023900032,0
mimic_perform_non_af_002,0,XGBoost,0.010089396499097347,0
mimic_perform_non_af_002,0,XGBoost,0.0019190110033378005,0
mimic_perform_non_af_002,0,XGBoost,0.009827925823628902,0
mimic_perform_non_af_002,0,XGBoost,0.010620752349495888,0
mimic_perform_non_af_002,0,XGBoost,0.007312781643122435,0
mimic_perform_non_af_002,0,XGBoost,0.0010419004829600453,0
mimic_perform_non_af_002,0,XGBoost,0.0010419004829600453,0
mimic_perform_non_af_002,0,XGBoost,0.010902739129960537,0
mimic_perform_non_af_002,0,XGBoost,0.0032288683578372,0
mimic_perform_non_af_002,0,XGBoost,0.0005977984401397407,0
mimic_perform_non_af_002,0,XGBoost,0.0017406083643436432,0
mimic_perform_non_af_002,0,XGBoost,0.008558508940041065,0
mimic_perform_non_af_002,0,XGBoost,0.0032219390850514174,0
mimic_perform_non_af_002,0,XGBoost,0.002530398778617382,0
mimic_perform_non_af_002,0,XGBoost,0.00762309692800045,0
mimic_perform_non_af_002,0,XGBoost,0.0160503089427948,0
mimic_perform_non_af_002,0,XGBoost,0.002000851323828101,0
mimic_perform_non_af_002,0,XGBoost,0.01250690221786499,0
mimic_perform_non_af_002,0,XGBoost,0.009580546990036964,0
mimic_perform_non_af_002,0,XGBoost,0.01933017559349537,0
mimic_perform_non_af_002,0,XGBoost,0.0010419004829600453,0
mimic_perform_non_af_002,0,XGBoost,0.0005977984401397407,0
mimic_perform_non_af_002,0,XGBoost,0.000744063698220998,0
mimic_perform_non_af_002,0,XGBoost,0.004338905680924654,0
mimic_perform_non_af_002,0,XGBoost,0.0032288683578372,0
mimic_perform_non_af_002,0,XGBoost,0.008558508940041065,0
mimic_perform_non_af_002,0,XGBoost,0.0038724818732589483,0
mimic_perform_non_af_002,0,XGBoost,0.012184567749500275,0
mimic_perform_non_af_002,0,XGBoost,0.0020077109802514315,0
mimic_perform_non_af_002,0,XGBoost,0.023815177381038666,0
mimic_perform_non_af_002,0,XGBoost,0.003416457213461399,0
mimic_perform_non_af_002,0,XGBoost,0.0012768005253747106,0
mimic_perform_non_af_002,0,XGBoost,0.0015328857116401196,0
mimic_perform_non_af_002,0,XGBoost,0.005805503576993942,0
mimic_perform_non_af_002,0,XGBoost,0.0013031145790591836,0
mimic_perform_non_af_002,0,XGBoost,0.00036633468698710203,0
mimic_perform_non_af_002,0,XGBoost,0.0012768005253747106,0
mimic_perform_non_af_002,0,XGBoost,0.0010419004829600453,0
mimic_perform_non_af_002,0,XGBoost,0.0005977984401397407,0
mimic_perform_non_af_002,0,XGBoost,0.0005977984401397407,0
mimic_perform_non_af_002,0,XGBoost,0.0005977984401397407,0
mimic_perform_non_af_002,0,XGBoost,0.0005977984401397407,0
mimic_perform_non_af_002,0,XGBoost,0.0005977984401397407,0
mimic_perform_non_af_002,0,XGBoost,0.0005977984401397407,0
mimic_perform_non_af_002,0,XGBoost,0.0004077246703673154,0
mimic_perform_non_af_002,0,XGBoost,0.000437912589404732,0
mimic_perform_non_af_002,0,XGBoost,0.0005977984401397407,0
mimic_perform_non_af_002,0,XGBoost,0.0005977984401397407,0
mimic_perform_non_af_002,0,XGBoost,0.0005977984401397407,0
mimic_perform_non_af_002,0,XGBoost,0.0005977984401397407,0
mimic_perform_non_af_002,0,XGBoost,0.0032288683578372,0
mimic_perform_non_af_002,0,XGBoost,0.00410296767950058,0
mimic_perform_non_af_002,0,XGBoost,0.012960683554410934,0
mimic_perform_non_af_002,0,XGBoost,0.003234207397326827,0
mimic_perform_non_af_002,0,XGBoost,0.00665415171533823,0
mimic_perform_non_af_002,0,XGBoost,0.004225993528962135,0
mimic_perform_non_af_002,0,XGBoost,0.0014956980012357235,0
mimic_perform_non_af_002,0,XGBoost,0.008276641368865967,0
mimic_perform_non_af_002,0,XGBoost,0.009286745451390743,0
mimic_perform_non_af_002,0,XGBoost,0.0037699202075600624,0
mimic_perform_non_af_002,0,XGBoost,0.0021364244166761637,0
mimic_perform_non_af_002,0,XGBoost,0.00029104718123562634,0
mimic_perform_non_af_002,0,XGBoost,0.00029104718123562634,0
mimic_perform_non_af_002,0,XGBoost,0.002133213682100177,0
mimic_perform_non_af_002,0,XGBoost,0.019308464601635933,0
mimic_perform_non_af_002,0,XGBoost,0.014992070384323597,0
mimic_perform_non_af_002,0,XGBoost,0.002919867169111967,0
mimic_perform_non_af_002,0,XGBoost,0.00332256848923862,0
mimic_perform_non_af_002,0,XGBoost,0.0005977984401397407,0
mimic_perform_non_af_002,0,XGBoost,0.00308076199144125,0
mimic_perform_non_af_002,0,XGBoost,0.0005977984401397407,0
mimic_perform_non_af_002,0,XGBoost,0.00041817774763330817,0
mimic_perform_non_af_002,0,XGBoost,0.011531399562954903,0
mimic_perform_non_af_002,0,XGBoost,0.01947249099612236,0
mimic_perform_non_af_002,0,XGBoost,0.01947249099612236,0
mimic_perform_non_af_002,0,XGBoost,0.0014060629764571786,0
mimic_perform_non_af_002,0,XGBoost,0.0006825223681516945,0
mimic_perform_non_af_002,0,XGBoost,0.00298205460421741,0
mimic_perform_non_af_002,0,XGBoost,0.0008758127223700285,0
mimic_perform_non_af_002,0,XGBoost,0.011730888858437538,0
mimic_perform_non_af_002,0,XGBoost,0.00876886211335659,0
mimic_perform_non_af_002,0,XGBoost,0.026179160922765732,0
mimic_perform_non_af_002,0,XGBoost,0.005231744144111872,0
mimic_perform_non_af_002,0,XGBoost,0.018045639619231224,0
mimic_perform_non_af_002,0,XGBoost,0.004214005079120398,0
mimic_perform_non_af_002,0,XGBoost,0.0008195790578611195,0
mimic_perform_non_af_002,0,XGBoost,0.025434240698814392,0
mimic_perform_non_af_002,0,XGBoost,0.04563675820827484,0
mimic_perform_non_af_002,0,XGBoost,0.022051746025681496,0
mimic_perform_non_af_002,0,XGBoost,0.020304888486862183,0
mimic_perform_non_af_002,0,XGBoost,0.0026590924244374037,0
mimic_perform_non_af_003,0,XGBoost,0.0003769902978092432,0
mimic_perform_non_af_003,0,XGBoost,0.0005308985128067434,0
mimic_perform_non_af_003,0,XGBoost,0.00040100980550050735,0
mimic_perform_non_af_003,0,XGBoost,0.00042367810965515673,0
mimic_perform_non_af_003,0,XGBoost,0.0003769902978092432,0
mimic_perform_non_af_003,0,XGBoost,0.0018457253463566303,0
mimic_perform_non_af_003,0,XGBoost,0.0019762555602937937,0
mimic_perform_non_af_003,0,XGBoost,0.027840828523039818,0
mimic_perform_non_af_003,0,XGBoost,0.0008006739080883563,0
mimic_perform_non_af_003,0,XGBoost,0.0012606628006324172,0
mimic_perform_non_af_003,0,XGBoost,0.0007825098582543433,0
mimic_perform_non_af_003,0,XGBoost,0.001035840017721057,0
mimic_perform_non_af_003,0,XGBoost,0.0003557328600436449,0
mimic_perform_non_af_003,0,XGBoost,0.0005758977495133877,0
mimic_perform_non_af_003,0,XGBoost,0.0003557328600436449,0
mimic_perform_non_af_003,0,XGBoost,0.0009660982177592814,0
mimic_perform_non_af_003,0,XGBoost,0.0009660982177592814,0
mimic_perform_non_af_003,0,XGBoost,0.002056889934465289,0
mimic_perform_non_af_003,0,XGBoost,0.0005822295206598938,0
mimic_perform_non_af_003,0,XGBoost,0.0005009669694118202,0
mimic_perform_non_af_003,0,XGBoost,0.00027488780324347317,0
mimic_perform_non_af_003,0,XGBoost,0.00023817262263037264,0
mimic_perform_non_af_003,0,XGBoost,0.0006961862090975046,0
mimic_perform_non_af_003,0,XGBoost,0.0004399842582643032,0
mimic_perform_non_af_003,0,XGBoost,0.00032793209538795054,0
mimic_perform_non_af_003,0,XGBoost,0.00032680758158676326,0
mimic_perform_non_af_003,0,XGBoost,0.00045438672532327473,0
mimic_perform_non_af_003,0,XGBoost,0.00027488780324347317,0
mimic_perform_non_af_003,0,XGBoost,0.0012411216739565134,0
mimic_perform_non_af_003,0,XGBoost,0.0006981990882195532,0
mimic_perform_non_af_003,0,XGBoost,0.00042752933222800493,0
mimic_perform_non_af_003,0,XGBoost,0.0009097951115109026,0
mimic_perform_non_af_003,0,XGBoost,0.0018253355519846082,0
mimic_perform_non_af_003,0,XGBoost,0.0008306874660775065,0
mimic_perform_non_af_003,0,XGBoost,0.0015572475967928767,0
mimic_perform_non_af_003,0,XGBoost,0.0008277674787677824,0
mimic_perform_non_af_003,0,XGBoost,0.002749360166490078,0
mimic_perform_non_af_003,0,XGBoost,0.0003557328600436449,0
mimic_perform_non_af_003,0,XGBoost,0.0005447784205898643,0
mimic_perform_non_af_003,0,XGBoost,0.000470963102998212,0
mimic_perform_non_af_003,0,XGBoost,0.0003557328600436449,0
mimic_perform_non_af_003,0,XGBoost,0.000470963102998212,0
mimic_perform_non_af_003,0,XGBoost,0.0003557328600436449,0
mimic_perform_non_af_003,0,XGBoost,0.00043032379471696913,0
mimic_perform_non_af_003,0,XGBoost,0.00037584270467050374,0
mimic_perform_non_af_003,0,XGBoost,0.0005447784205898643,0
mimic_perform_non_af_003,0,XGBoost,0.0007064533419907093,0
mimic_perform_non_af_003,0,XGBoost,0.0007064533419907093,0
mimic_perform_non_af_003,0,XGBoost,0.0016887375386431813,0
mimic_perform_non_af_003,0,XGBoost,0.005057970527559519,0
mimic_perform_non_af_003,0,XGBoost,0.005057970527559519,0
mimic_perform_non_af_003,0,XGBoost,0.005921925418078899,0
mimic_perform_non_af_003,0,XGBoost,0.0020886023994535208,0
mimic_perform_non_af_003,0,XGBoost,0.0026823272928595543,0
mimic_perform_non_af_003,0,XGBoost,0.0026823272928595543,0
mimic_perform_non_af_003,0,XGBoost,0.0024709489662200212,0
mimic_perform_non_af_003,0,XGBoost,0.0002535873500164598,0
mimic_perform_non_af_003,0,XGBoost,0.0002535873500164598,0
mimic_perform_non_af_003,0,XGBoost,0.0002697472518775612,0
mimic_perform_non_af_003,0,XGBoost,0.001837418763898313,0
mimic_perform_non_af_003,0,XGBoost,0.0011784833623096347,0
mimic_perform_non_af_003,0,XGBoost,0.0008524269214831293,0
mimic_perform_non_af_003,0,XGBoost,0.0005447784205898643,0
mimic_perform_non_af_003,0,XGBoost,0.00027488780324347317,0
mimic_perform_non_af_003,0,XGBoost,0.0011590751819312572,0
mimic_perform_non_af_003,0,XGBoost,0.0009715544292703271,0
mimic_perform_non_af_003,0,XGBoost,0.0065764994360506535,0
mimic_perform_non_af_003,0,XGBoost,0.009563612751662731,0
mimic_perform_non_af_003,0,XGBoost,0.0009494047844782472,0
mimic_perform_non_af_003,0,XGBoost,0.001692234887741506,0
mimic_perform_non_af_003,0,XGBoost,0.036477230489254,0
mimic_perform_non_af_003,0,XGBoost,0.002843094989657402,0
mimic_perform_non_af_003,0,XGBoost,0.0036067271139472723,0
mimic_perform_non_af_003,0,XGBoost,0.0007526377448812127,0
mimic_perform_non_af_003,0,XGBoost,0.0012606628006324172,0
mimic_perform_non_af_003,0,XGBoost,0.0012606628006324172,0
mimic_perform_non_af_003,0,XGBoost,0.009032901376485825,0
mimic_perform_non_af_003,0,XGBoost,0.011550971306860447,0
mimic_perform_non_af_003,0,XGBoost,0.0016002466436475515,0
mimic_perform_non_af_003,0,XGBoost,0.00042367810965515673,0
mimic_perform_non_af_003,0,XGBoost,0.000718969211447984,0
mimic_perform_non_af_003,0,XGBoost,0.000718969211447984,0
mimic_perform_non_af_003,0,XGBoost,0.0003983013448305428,0
mimic_perform_non_af_003,0,XGBoost,0.0005626093479804695,0
mimic_perform_non_af_003,0,XGBoost,0.0008013223414309323,0
mimic_perform_non_af_003,0,XGBoost,0.0008013223414309323,0
mimic_perform_non_af_003,0,XGBoost,0.0008013223414309323,0
mimic_perform_non_af_003,0,XGBoost,0.0008548529003746808,0
mimic_perform_non_af_003,0,XGBoost,0.0002600785519462079,0
mimic_perform_non_af_003,0,XGBoost,0.0002819235669448972,0
mimic_perform_non_af_003,0,XGBoost,0.0004991028690710664,0
mimic_perform_non_af_003,0,XGBoost,0.00425554858520627,0
mimic_perform_non_af_003,0,XGBoost,0.002899711951613426,0
mimic_perform_non_af_003,0,XGBoost,0.0007405285141430795,0
mimic_perform_non_af_003,0,XGBoost,0.0009417245746590197,0
mimic_perform_non_af_003,0,XGBoost,0.0009417245746590197,0
mimic_perform_non_af_003,0,XGBoost,0.0009417245746590197,0
mimic_perform_non_af_003,0,XGBoost,0.0003769902978092432,0
mimic_perform_non_af_003,0,XGBoost,0.0003769902978092432,0
mimic_perform_non_af_003,0,XGBoost,0.001075493055395782,0
mimic_perform_non_af_003,0,XGBoost,0.0006981990882195532,0
mimic_perform_non_af_003,0,XGBoost,0.0010977387428283691,0
mimic_perform_non_af_003,0,XGBoost,0.0010023056529462337,0
mimic_perform_non_af_003,0,XGBoost,0.0010023056529462337,0
mimic_perform_non_af_003,0,XGBoost,0.0006108653615228832,0
mimic_perform_non_af_003,0,XGBoost,0.0006961862090975046,0
mimic_perform_non_af_003,0,XGBoost,0.0004399842582643032,0
mimic_perform_non_af_003,0,XGBoost,0.000650676665827632,0
mimic_perform_non_af_003,0,XGBoost,0.00043032379471696913,0
mimic_perform_non_af_003,0,XGBoost,0.0004399842582643032,0
mimic_perform_non_af_003,0,XGBoost,0.00043032379471696913,0
mimic_perform_non_af_003,0,XGBoost,0.00039978913264349103,0
mimic_perform_non_af_003,0,XGBoost,0.0006125826039351523,0
mimic_perform_non_af_003,0,XGBoost,0.0012664746027439833,0
mimic_perform_non_af_003,0,XGBoost,0.0035858575720340014,0
mimic_perform_non_af_003,0,XGBoost,0.0033945757895708084,0
mimic_perform_non_af_003,0,XGBoost,0.0002697472518775612,0
mimic_perform_non_af_003,0,XGBoost,0.00023817262263037264,0
mimic_perform_non_af_004,0,XGBoost,0.0025148093700408936,0
mimic_perform_non_af_004,0,XGBoost,0.0032970558386296034,0
mimic_perform_non_af_004,0,XGBoost,0.00041842396603897214,0
mimic_perform_non_af_004,0,XGBoost,0.015610801056027412,0
mimic_perform_non_af_004,0,XGBoost,0.023852664977312088,0
mimic_perform_non_af_004,0,XGBoost,0.023852664977312088,0
mimic_perform_non_af_004,0,XGBoost,0.0031054869759827852,0
mimic_perform_non_af_004,0,XGBoost,0.0010308842174708843,0
mimic_perform_non_af_004,0,XGBoost,0.0007194431382231414,0
mimic_perform_non_af_004,0,XGBoost,0.0008974574157036841,0
mimic_perform_non_af_004,0,XGBoost,0.0008974574157036841,0
mimic_perform_non_af_004,0,XGBoost,0.0015253585297614336,0
mimic_perform_non_af_004,0,XGBoost,0.0008974574157036841,0
mimic_perform_non_af_004,0,XGBoost,0.0014608330093324184,0
mimic_perform_non_af_004,0,XGBoost,0.00936826877295971,0
mimic_perform_non_af_004,0,XGBoost,0.00936826877295971,0
mimic_perform_non_af_004,0,XGBoost,0.0031054869759827852,0
mimic_perform_non_af_004,0,XGBoost,0.0005191514501348138,0
mimic_perform_non_af_004,0,XGBoost,0.0004923113738186657,0
mimic_perform_non_af_004,0,XGBoost,0.0004923113738186657,0
mimic_perform_non_af_004,0,XGBoost,0.0005191514501348138,0
mimic_perform_non_af_004,0,XGBoost,0.0015253585297614336,0
mimic_perform_non_af_004,0,XGBoost,0.0015253585297614336,0
mimic_perform_non_af_004,0,XGBoost,0.0005191514501348138,0
mimic_perform_non_af_004,0,XGBoost,0.0015253585297614336,0
mimic_perform_non_af_004,0,XGBoost,0.001167796435765922,0
mimic_perform_non_af_004,0,XGBoost,0.008454225026071072,0
mimic_perform_non_af_004,0,XGBoost,0.08296433836221695,0
mimic_perform_non_af_004,0,XGBoost,0.18260140717029572,0
mimic_perform_non_af_004,0,XGBoost,0.01768992841243744,0
mimic_perform_non_af_004,0,XGBoost,0.0031054869759827852,0
mimic_perform_non_af_004,0,XGBoost,0.0011609403882175684,0
mimic_perform_non_af_004,0,XGBoost,0.0007194431382231414,0
mimic_perform_non_af_004,0,XGBoost,0.001167796435765922,0
mimic_perform_non_af_004,0,XGBoost,0.0011609403882175684,0
mimic_perform_non_af_004,0,XGBoost,0.02782546915113926,0
mimic_perform_non_af_004,0,XGBoost,0.02782546915113926,0
mimic_perform_non_af_004,0,XGBoost,0.02477039024233818,0
mimic_perform_non_af_004,0,XGBoost,0.0027998643927276134,0
mimic_perform_non_af_004,0,XGBoost,0.0031054869759827852,0
mimic_perform_non_af_004,0,XGBoost,0.0025148093700408936,0
mimic_perform_non_af_004,0,XGBoost,0.0007194431382231414,0
mimic_perform_non_af_004,0,XGBoost,0.0007194431382231414,0
mimic_perform_non_af_004,0,XGBoost,0.0007194431382231414,0
mimic_perform_non_af_004,0,XGBoost,0.0007194431382231414,0
mimic_perform_non_af_004,0,XGBoost,0.0011609403882175684,0
mimic_perform_non_af_004,0,XGBoost,0.0035986120346933603,0
mimic_perform_non_af_004,0,XGBoost,0.0031054869759827852,0
mimic_perform_non_af_004,0,XGBoost,0.0031054869759827852,0
mimic_perform_non_af_004,0,XGBoost,0.0011609403882175684,0
mimic_perform_non_af_004,0,XGBoost,0.0007194431382231414,0
mimic_perform_non_af_004,0,XGBoost,0.001292089349590242,0
mimic_perform_non_af_004,0,XGBoost,0.005514537915587425,0
mimic_perform_non_af_004,0,XGBoost,0.04882301017642021,0
mimic_perform_non_af_004,0,XGBoost,0.04882301017642021,0
mimic_perform_non_af_004,0,XGBoost,0.017250875011086464,0
mimic_perform_non_af_004,0,XGBoost,0.002252499805763364,0
mimic_perform_non_af_004,0,XGBoost,0.0005191514501348138,0
mimic_perform_non_af_004,0,XGBoost,0.0005191514501348138,0
mimic_perform_non_af_004,0,XGBoost,0.0015253585297614336,0
mimic_perform_non_af_004,0,XGBoost,0.008049474097788334,0
mimic_perform_non_af_004,0,XGBoost,0.003380145877599716,0
mimic_perform_non_af_004,0,XGBoost,0.007900160737335682,0
mimic_perform_non_af_004,0,XGBoost,0.0010308842174708843,0
mimic_perform_non_af_004,0,XGBoost,0.0015253585297614336,0
mimic_perform_non_af_004,0,XGBoost,0.0015253585297614336,0
mimic_perform_non_af_004,0,XGBoost,0.0015253585297614336,0
mimic_perform_non_af_004,0,XGBoost,0.0015253585297614336,0
mimic_perform_non_af_004,0,XGBoost,0.0007194431382231414,0
mimic_perform_non_af_004,0,XGBoost,0.0007194431382231414,0
mimic_perform_non_af_004,0,XGBoost,0.0031054869759827852,0
mimic_perform_non_af_004,0,XGBoost,0.0031054869759827852,0
mimic_perform_non_af_004,0,XGBoost,0.0031054869759827852,0
mimic_perform_non_af_004,0,XGBoost,0.00041842396603897214,0
mimic_perform_non_af_004,0,XGBoost,0.0015253585297614336,0
mimic_perform_non_af_004,0,XGBoost,0.0015253585297614336,0
mimic_perform_non_af_004,0,XGBoost,0.00041842396603897214,0
mimic_perform_non_af_004,0,XGBoost,0.0015253585297614336,0
mimic_perform_non_af_004,0,XGBoost,0.0008974574157036841,0
mimic_perform_non_af_004,0,XGBoost,0.0015253585297614336,0
mimic_perform_non_af_004,0,XGBoost,0.005853006150573492,0
mimic_perform_non_af_004,0,XGBoost,0.011271636001765728,0
mimic_perform_non_af_004,0,XGBoost,0.011271636001765728,0
mimic_perform_non_af_004,0,XGBoost,0.010425370186567307,0
mimic_perform_non_af_004,0,XGBoost,0.0008974574157036841,0
mimic_perform_non_af_004,0,XGBoost,0.003957647364586592,0
mimic_perform_non_af_004,0,XGBoost,0.003957647364586592,0
mimic_perform_non_af_004,0,XGBoost,0.005853006150573492,0
mimic_perform_non_af_004,0,XGBoost,0.0008974574157036841,0
mimic_perform_non_af_004,0,XGBoost,0.0008974574157036841,0
mimic_perform_non_af_004,0,XGBoost,0.0010308842174708843,0
mimic_perform_non_af_004,0,XGBoost,0.0010308842174708843,0
mimic_perform_non_af_004,0,XGBoost,0.00041842396603897214,0
mimic_perform_non_af_004,0,XGBoost,0.0008974574157036841,0
mimic_perform_non_af_004,0,XGBoost,0.0010308842174708843,0
mimic_perform_non_af_004,0,XGBoost,0.0008974574157036841,0
mimic_perform_non_af_004,0,XGBoost,0.0008974574157036841,0
mimic_perform_non_af_004,0,XGBoost,0.0010308842174708843,0
mimic_perform_non_af_004,0,XGBoost,0.0007194431382231414,0
mimic_perform_non_af_004,0,XGBoost,0.0011609403882175684,0
mimic_perform_non_af_004,0,XGBoost,0.0010955272009596229,0
mimic_perform_non_af_004,0,XGBoost,0.004159864969551563,0
mimic_perform_non_af_004,0,XGBoost,0.03757847100496292,0
mimic_perform_non_af_004,0,XGBoost,0.053766120225191116,0
mimic_perform_non_af_004,0,XGBoost,0.011271636001765728,0
mimic_perform_non_af_004,0,XGBoost,0.0008974574157036841,0
mimic_perform_non_af_004,0,XGBoost,0.0005191514501348138,0
mimic_perform_non_af_004,0,XGBoost,0.0010308842174708843,0
mimic_perform_non_af_004,0,XGBoost,0.005853006150573492,0
mimic_perform_non_af_004,0,XGBoost,0.0033465197775512934,0
mimic_perform_non_af_004,0,XGBoost,0.0065139769576489925,0
mimic_perform_non_af_004,0,XGBoost,0.0010308842174708843,0
mimic_perform_non_af_004,0,XGBoost,0.01413518562912941,0
mimic_perform_non_af_004,0,XGBoost,0.017422441393136978,0
mimic_perform_non_af_004,0,XGBoost,0.24399463832378387,0
mimic_perform_non_af_004,0,XGBoost,0.0021926944609731436,0
mimic_perform_non_af_004,0,XGBoost,0.0023366904351860285,0
mimic_perform_non_af_004,0,XGBoost,0.0017060976242646575,0
mimic_perform_non_af_005,0,XGBoost,0.0007956749759614468,0
mimic_perform_non_af_005,0,XGBoost,0.00044871922000311315,0
mimic_perform_non_af_005,0,XGBoost,0.00035346619552001357,0
mimic_perform_non_af_005,0,XGBoost,0.0008665715577080846,0
mimic_perform_non_af_005,0,XGBoost,0.0005837940843775868,0
mimic_perform_non_af_005,0,XGBoost,0.0005955449887551367,0
mimic_perform_non_af_005,0,XGBoost,0.0003849761269520968,0
mimic_perform_non_af_005,0,XGBoost,0.0003849761269520968,0
mimic_perform_non_af_005,0,XGBoost,0.00035346619552001357,0
mimic_perform_non_af_005,0,XGBoost,0.0006008418276906013,0
mimic_perform_non_af_005,0,XGBoost,0.00027269928250461817,0
mimic_perform_non_af_005,0,XGBoost,0.0005228728405199945,0
mimic_perform_non_af_005,0,XGBoost,0.0005955449887551367,0
mimic_perform_non_af_005,0,XGBoost,0.0002374377945670858,0
mimic_perform_non_af_005,0,XGBoost,0.00020964827854186296,0
mimic_perform_non_af_005,0,XGBoost,0.00020964827854186296,0
mimic_perform_non_af_005,0,XGBoost,0.00020964827854186296,0
mimic_perform_non_af_005,0,XGBoost,0.0004800816532224417,0
mimic_perform_non_af_005,0,XGBoost,0.00035346619552001357,0
mimic_perform_non_af_005,0,XGBoost,0.0003783842548727989,0
mimic_perform_non_af_005,0,XGBoost,0.0005849567824043334,0
mimic_perform_non_af_005,0,XGBoost,0.0005849567824043334,0
mimic_perform_non_af_005,0,XGBoost,0.0004800816532224417,0
mimic_perform_non_af_005,0,XGBoost,0.0004800816532224417,0
mimic_perform_non_af_005,0,XGBoost,0.0004800816532224417,0
mimic_perform_non_af_005,0,XGBoost,0.0005360198556445539,0
mimic_perform_non_af_005,0,XGBoost,0.0005849567824043334,0
mimic_perform_non_af_005,0,XGBoost,0.0006008418276906013,0
mimic_perform_non_af_005,0,XGBoost,0.0006008418276906013,0
mimic_perform_non_af_005,0,XGBoost,0.0004800816532224417,0
mimic_perform_non_af_005,0,XGBoost,0.00035346619552001357,0
mimic_perform_non_af_005,0,XGBoost,0.00035346619552001357,0
mimic_perform_non_af_005,0,XGBoost,0.00035346619552001357,0
mimic_perform_non_af_005,0,XGBoost,0.00035346619552001357,0
mimic_perform_non_af_005,0,XGBoost,0.00023321500339079648,0
mimic_perform_non_af_005,0,XGBoost,0.0005849567824043334,0
mimic_perform_non_af_005,0,XGBoost,0.00023321500339079648,0
mimic_perform_non_af_005,0,XGBoost,0.0005849567824043334,0
mimic_perform_non_af_005,0,XGBoost,0.0005849567824043334,0
mimic_perform_non_af_005,0,XGBoost,0.0006008418276906013,0
mimic_perform_non_af_005,0,XGBoost,0.0004800816532224417,0
mimic_perform_non_af_005,0,XGBoost,0.00020964827854186296,0
mimic_perform_non_af_005,0,XGBoost,0.00023321500339079648,0
mimic_perform_non_af_005,0,XGBoost,0.0005849567824043334,0
mimic_perform_non_af_005,0,XGBoost,0.0005849567824043334,0
mimic_perform_non_af_005,0,XGBoost,0.0004800816532224417,0
mimic_perform_non_af_005,0,XGBoost,0.00035346619552001357,0
mimic_perform_non_af_005,0,XGBoost,0.00035346619552001357,0
mimic_perform_non_af_005,0,XGBoost,0.0005360198556445539,0
mimic_perform_non_af_005,0,XGBoost,0.0005849567824043334,0
mimic_perform_non_af_005,0,XGBoost,0.0005360198556445539,0
mimic_perform_non_af_005,0,XGBoost,0.0005849567824043334,0
mimic_perform_non_af_005,0,XGBoost,0.0004800816532224417,0
mimic_perform_non_af_005,0,XGBoost,0.0006008418276906013,0
mimic_perform_non_af_005,0,XGBoost,0.00020964827854186296,0
mimic_perform_non_af_005,0,XGBoost,0.00020964827854186296,0
mimic_perform_non_af_005,0,XGBoost,0.00023321500339079648,0
mimic_perform_non_af_005,0,XGBoost,0.00023321500339079648,0
mimic_perform_non_af_005,0,XGBoost,0.00035346619552001357,0
mimic_perform_non_af_005,0,XGBoost,0.0005849567824043334,0
mimic_perform_non_af_005,0,XGBoost,0.00027269928250461817,0
mimic_perform_non_af_005,0,XGBoost,0.00023321500339079648,0
mimic_perform_non_af_005,0,XGBoost,0.0004800816532224417,0
mimic_perform_non_af_005,0,XGBoost,0.0006008418276906013,0
mimic_perform_non_af_005,0,XGBoost,0.00035346619552001357,0
mimic_perform_non_af_005,0,XGBoost,0.0007956749759614468,0
mimic_perform_non_af_005,0,XGBoost,0.00035346619552001357,0
mimic_perform_non_af_005,0,XGBoost,0.00035346619552001357,0
mimic_perform_non_af_005,0,XGBoost,0.0004800816532224417,0
mimic_perform_non_af_005,0,XGBoost,0.0006008418276906013,0
mimic_perform_non_af_005,0,XGBoost,0.0005849567824043334,0
mimic_perform_non_af_005,0,XGBoost,0.0005849567824043334,0
mimic_perform_non_af_005,0,XGBoost,0.00023321500339079648,0
mimic_perform_non_af_005,0,XGBoost,0.00023321500339079648,0
mimic_perform_non_af_005,0,XGBoost,0.00023321500339079648,0
mimic_perform_non_af_005,0,XGBoost,0.00027269928250461817,0
mimic_perform_non_af_005,0,XGBoost,0.00035346619552001357,0
mimic_perform_non_af_005,0,XGBoost,0.00035346619552001357,0
mimic_perform_non_af_005,0,XGBoost,0.00035346619552001357,0
mimic_perform_non_af_005,0,XGBoost,0.0006008418276906013,0
mimic_perform_non_af_005,0,XGBoost,0.0006008418276906013,0
mimic_perform_non_af_005,0,XGBoost,0.00023321500339079648,0
mimic_perform_non_af_005,0,XGBoost,0.0004800816532224417,0
mimic_perform_non_af_005,0,XGBoost,0.0006008418276906013,0
mimic_perform_non_af_005,0,XGBoost,0.00035346619552001357,0
mimic_perform_non_af_005,0,XGBoost,0.00035346619552001357,0
mimic_perform_non_af_005,0,XGBoost,0.0004997801152057946,0
mimic_perform_non_af_005,0,XGBoost,0.0007956749759614468,0
mimic_perform_non_af_005,0,XGBoost,0.00035346619552001357,0
mimic_perform_non_af_005,0,XGBoost,0.0004800816532224417,0
mimic_perform_non_af_005,0,XGBoost,0.00023321500339079648,0
mimic_perform_non_af_005,0,XGBoost,0.0006008418276906013,0
mimic_perform_non_af_005,0,XGBoost,0.0006008418276906013,0
mimic_perform_non_af_005,0,XGBoost,0.00020964827854186296,0
mimic_perform_non_af_005,0,XGBoost,0.0006008418276906013,0
mimic_perform_non_af_005,0,XGBoost,0.00020964827854186296,0
mimic_perform_non_af_005,0,XGBoost,0.00023321500339079648,0
mimic_perform_non_af_005,0,XGBoost,0.00022883285419084132,0
mimic_perform_non_af_005,0,XGBoost,0.00022271812485996634,0
mimic_perform_non_af_005,0,XGBoost,0.0004800816532224417,0
mimic_perform_non_af_005,0,XGBoost,0.0004800816532224417,0
mimic_perform_non_af_005,0,XGBoost,0.00035346619552001357,0
mimic_perform_non_af_005,0,XGBoost,0.0005849567824043334,0
mimic_perform_non_af_005,0,XGBoost,0.0004800816532224417,0
mimic_perform_non_af_005,0,XGBoost,0.0007956749759614468,0
mimic_perform_non_af_005,0,XGBoost,0.0004997801152057946,0
mimic_perform_non_af_005,0,XGBoost,0.0003783842548727989,0
mimic_perform_non_af_005,0,XGBoost,0.0007956749759614468,0
mimic_perform_non_af_005,0,XGBoost,0.00035346619552001357,0
mimic_perform_non_af_005,0,XGBoost,0.00035346619552001357,0
mimic_perform_non_af_005,0,XGBoost,0.0004997801152057946,0
mimic_perform_non_af_005,0,XGBoost,0.00035346619552001357,0
mimic_perform_non_af_005,0,XGBoost,0.0003783842548727989,0
mimic_perform_non_af_005,0,XGBoost,0.0004800816532224417,0
mimic_perform_non_af_005,0,XGBoost,0.0005360198556445539,0
mimic_perform_non_af_005,0,XGBoost,0.0006008418276906013,0
mimic_perform_non_af_005,0,XGBoost,0.00027269928250461817,0
mimic_perform_non_af_005,0,XGBoost,0.0004800816532224417,0
mimic_perform_non_af_006,0,XGBoost,0.008174565620720387,0
mimic_perform_non_af_006,0,XGBoost,0.011432827450335026,0
mimic_perform_non_af_006,0,XGBoost,0.009945706464350224,0
mimic_perform_non_af_006,0,XGBoost,0.0017058418598026037,0
mimic_perform_non_af_006,0,XGBoost,0.00043315161019563675,0
mimic_perform_non_af_006,0,XGBoost,0.0011331177083775401,0
mimic_perform_non_af_006,0,XGBoost,0.00028833773103542626,0
mimic_perform_non_af_006,0,XGBoost,0.0006375590455718338,0
mimic_perform_non_af_006,0,XGBoost,0.0002720804186537862,0
mimic_perform_non_af_006,0,XGBoost,0.00028833773103542626,0
mimic_perform_non_af_006,0,XGBoost,0.0016672933707013726,0
mimic_perform_non_af_006,0,XGBoost,0.0009954423876479268,0
mimic_perform_non_af_006,0,XGBoost,0.008081324398517609,0
mimic_perform_non_af_006,0,XGBoost,0.01437265332788229,0
mimic_perform_non_af_006,0,XGBoost,0.09616614133119583,0
mimic_perform_non_af_006,0,XGBoost,0.0012045204639434814,0
mimic_perform_non_af_006,0,XGBoost,0.08676818758249283,0
mimic_perform_non_af_006,0,XGBoost,0.012494576163589954,0
mimic_perform_non_af_006,0,XGBoost,0.012576572597026825,0
mimic_perform_non_af_006,0,XGBoost,0.0011967255268245935,0
mimic_perform_non_af_006,0,XGBoost,0.0012244076933711767,0
mimic_perform_non_af_006,0,XGBoost,0.0008341391221620142,0
mimic_perform_non_af_006,0,XGBoost,0.0002950136549770832,0
mimic_perform_non_af_006,0,XGBoost,0.0005435447674244642,0
mimic_perform_non_af_006,0,XGBoost,0.0004334560362622142,0
mimic_perform_non_af_006,0,XGBoost,0.012228298000991344,0
mimic_perform_non_af_006,0,XGBoost,0.02090129442512989,0
mimic_perform_non_af_006,0,XGBoost,0.021473998203873634,0
mimic_perform_non_af_006,0,XGBoost,0.0061115240678191185,0
mimic_perform_non_af_006,0,XGBoost,0.02767670340836048,0
mimic_perform_non_af_006,0,XGBoost,0.14898957312107086,0
mimic_perform_non_af_006,0,XGBoost,0.2927078902721405,0
mimic_perform_non_af_006,0,XGBoost,0.11234109103679657,0
mimic_perform_non_af_006,0,XGBoost,0.012365497648715973,0
mimic_perform_non_af_006,0,XGBoost,0.0026006039697676897,0
mimic_perform_non_af_006,0,XGBoost,0.001034241053275764,0
mimic_perform_non_af_006,0,XGBoost,0.00045773418969474733,0
mimic_perform_non_af_006,0,XGBoost,0.0008616663399152458,0
mimic_perform_non_af_006,0,XGBoost,0.0010415809229016304,0
mimic_perform_non_af_006,0,XGBoost,0.0009247476700693369,0
mimic_perform_non_af_006,0,XGBoost,0.0024034350644797087,0
mimic_perform_non_af_006,0,XGBoost,0.006023547612130642,0
mimic_perform_non_af_006,0,XGBoost,0.001075480249710381,0
mimic_perform_non_af_006,0,XGBoost,0.03177834302186966,0
mimic_perform_non_af_006,0,XGBoost,0.01840120367705822,0
mimic_perform_non_af_006,0,XGBoost,0.05747806280851364,0
mimic_perform_non_af_006,0,XGBoost,0.003695475170388818,0
mimic_perform_non_af_006,0,XGBoost,0.006636263802647591,0
mimic_perform_non_af_006,0,XGBoost,0.0029600888956338167,0
mimic_perform_non_af_006,0,XGBoost,0.1576959192752838,0
mimic_perform_non_af_006,0,XGBoost,0.07420014590024948,0
mimic_perform_non_af_006,0,XGBoost,0.012447161599993706,0
mimic_perform_non_af_006,0,XGBoost,0.0009945101337507367,0
mimic_perform_non_af_006,0,XGBoost,0.0006328265299089253,0
mimic_perform_non_af_006,0,XGBoost,0.0005743593210354447,0
mimic_perform_non_af_006,0,XGBoost,0.0012776259100064635,0
mimic_perform_non_af_006,0,XGBoost,0.001446535810828209,0
mimic_perform_non_af_006,0,XGBoost,0.0015059944707900286,0
mimic_perform_non_af_006,0,XGBoost,0.0014080341206863523,0
mimic_perform_non_af_006,0,XGBoost,0.006507157813757658,0
mimic_perform_non_af_006,0,XGBoost,0.0053444067016243935,0
mimic_perform_non_af_006,0,XGBoost,0.01128905825316906,0
mimic_perform_non_af_006,0,XGBoost,0.0016900195041671395,0
mimic_perform_non_af_006,0,XGBoost,0.00047120332601480186,0
mimic_perform_non_af_006,0,XGBoost,0.0010248353937640786,0
mimic_perform_non_af_006,0,XGBoost,0.0012825062731280923,0
mimic_perform_non_af_006,0,XGBoost,0.0011648917570710182,0
mimic_perform_non_af_006,0,XGBoost,0.00084489188157022,0
mimic_perform_non_af_006,0,XGBoost,0.01128905825316906,0
mimic_perform_non_af_006,0,XGBoost,0.011888856068253517,0
mimic_perform_non_af_006,0,XGBoost,0.004881308879703283,0
mimic_perform_non_af_006,0,XGBoost,0.029560191556811333,0
mimic_perform_non_af_006,0,XGBoost,0.024081910029053688,0
mimic_perform_non_af_006,0,XGBoost,0.016307801008224487,0
mimic_perform_non_af_006,0,XGBoost,0.0006071079988032579,0
mimic_perform_non_af_006,0,XGBoost,0.000429128878749907,0
mimic_perform_non_af_006,0,XGBoost,0.002742106094956398,0
mimic_perform_non_af_006,0,XGBoost,0.0035728050861507654,0
mimic_perform_non_af_006,0,XGBoost,0.0888596847653389,0
mimic_perform_non_af_006,0,XGBoost,0.0011062246048823,0
mimic_perform_non_af_006,0,XGBoost,0.00084489188157022,0
mimic_perform_non_af_006,0,XGBoost,0.0011503295972943306,0
mimic_perform_non_af_006,0,XGBoost,0.00430650170892477,0
mimic_perform_non_af_006,0,XGBoost,0.00084489188157022,0
mimic_perform_non_af_006,0,XGBoost,0.0031527606770396233,0
mimic_perform_non_af_006,0,XGBoost,0.00084489188157022,0
mimic_perform_non_af_006,0,XGBoost,0.0033332109451293945,0
mimic_perform_non_af_006,0,XGBoost,0.0007435671868734062,0
mimic_perform_non_af_006,0,XGBoost,0.004750851076096296,0
mimic_perform_non_af_006,0,XGBoost,0.10913315415382385,0
mimic_perform_non_af_006,0,XGBoost,0.0009988024830818176,0
mimic_perform_non_af_006,0,XGBoost,0.004027067217975855,0
mimic_perform_non_af_006,0,XGBoost,0.015022754669189453,0
mimic_perform_non_af_006,0,XGBoost,0.0025690137408673763,0
mimic_perform_non_af_006,0,XGBoost,0.009393065236508846,0
mimic_perform_non_af_006,0,XGBoost,0.0072813318111002445,0
mimic_perform_non_af_006,0,XGBoost,0.0014690399402752519,0
mimic_perform_non_af_006,0,XGBoost,0.001763892825692892,0
mimic_perform_non_af_006,0,XGBoost,0.0025351259391754866,0
mimic_perform_non_af_006,0,XGBoost,0.0028423285111784935,0
mimic_perform_non_af_006,0,XGBoost,0.000667862594127655,0
mimic_perform_non_af_006,0,XGBoost,0.0004887636168859899,0
mimic_perform_non_af_006,0,XGBoost,0.0004887636168859899,0
mimic_perform_non_af_006,0,XGBoost,0.0008441447280347347,0
mimic_perform_non_af_006,0,XGBoost,0.009986582212150097,0
mimic_perform_non_af_006,0,XGBoost,0.00593477813526988,0
mimic_perform_non_af_006,0,XGBoost,0.0020135303493589163,0
mimic_perform_non_af_006,0,XGBoost,0.0025765954051166773,0
mimic_perform_non_af_006,0,XGBoost,0.006351834628731012,0
mimic_perform_non_af_006,0,XGBoost,0.014675510115921497,0
mimic_perform_non_af_006,0,XGBoost,0.00043183378875255585,0
mimic_perform_non_af_006,0,XGBoost,0.004470514599233866,0
mimic_perform_non_af_006,0,XGBoost,0.00022720664856024086,0
mimic_perform_non_af_006,0,XGBoost,0.00022720664856024086,0
mimic_perform_non_af_006,0,XGBoost,0.00047776164137758315,0
mimic_perform_non_af_006,0,XGBoost,0.00034576820326037705,0
mimic_perform_non_af_006,0,XGBoost,0.0005653705447912216,0
mimic_perform_non_af_006,0,XGBoost,0.0002656790311448276,0
mimic_perform_non_af_007,0,XGBoost,0.002453402616083622,0
mimic_perform_non_af_007,0,XGBoost,0.004650225397199392,0
mimic_perform_non_af_007,0,XGBoost,0.00027268368285149336,0
mimic_perform_non_af_007,0,XGBoost,0.0003056314599234611,0
mimic_perform_non_af_007,0,XGBoost,0.00034161144867539406,0
mimic_perform_non_af_007,0,XGBoost,0.0008941895212046802,0
mimic_perform_non_af_007,0,XGBoost,0.0027053235098719597,0
mimic_perform_non_af_007,0,XGBoost,0.0027053235098719597,0
mimic_perform_non_af_007,0,XGBoost,0.001822895836085081,0
mimic_perform_non_af_007,0,XGBoost,0.00024073720851447433,0
mimic_perform_non_af_007,0,XGBoost,0.00018615936278365552,0
mimic_perform_non_af_007,0,XGBoost,0.0002932483912445605,0
mimic_perform_non_af_007,0,XGBoost,0.0003102562332060188,0
mimic_perform_non_af_007,0,XGBoost,0.0003594348090700805,0
mimic_perform_non_af_007,0,XGBoost,0.00028800859581679106,0
mimic_perform_non_af_007,0,XGBoost,0.0002555175160523504,0
mimic_perform_non_af_007,0,XGBoost,0.00033710076240822673,0
mimic_perform_non_af_007,0,XGBoost,0.0001452446886105463,0
mimic_perform_non_af_007,0,XGBoost,0.00018615936278365552,0
mimic_perform_non_af_007,0,XGBoost,0.00016361268353648484,0
mimic_perform_non_af_007,0,XGBoost,0.0001452446886105463,0
mimic_perform_non_af_007,0,XGBoost,0.00013684348959941417,0
mimic_perform_non_af_007,0,XGBoost,0.00016415414575021714,0
mimic_perform_non_af_007,0,XGBoost,0.0001658561814110726,0
mimic_perform_non_af_007,0,XGBoost,0.0002713511639740318,0
mimic_perform_non_af_007,0,XGBoost,0.000841147790197283,0
mimic_perform_non_af_007,0,XGBoost,0.008932203985750675,0
mimic_perform_non_af_007,0,XGBoost,0.0017888654256239533,0
mimic_perform_non_af_007,0,XGBoost,0.0004516364133451134,0
mimic_perform_non_af_007,0,XGBoost,0.0007048038532957435,0
mimic_perform_non_af_007,0,XGBoost,0.003134674858301878,0
mimic_perform_non_af_007,0,XGBoost,0.0036502573639154434,0
mimic_perform_non_af_007,0,XGBoost,0.00038128954474814236,0
mimic_perform_non_af_007,0,XGBoost,0.0002589169598650187,0
mimic_perform_non_af_007,0,XGBoost,0.0002375027834204957,0
mimic_perform_non_af_007,0,XGBoost,0.00027268368285149336,0
mimic_perform_non_af_007,0,XGBoost,0.00016361268353648484,0
mimic_perform_non_af_007,0,XGBoost,0.010408642701804638,0
mimic_perform_non_af_007,0,XGBoost,0.015838291496038437,0
mimic_perform_non_af_007,0,XGBoost,0.006228035781532526,0
mimic_perform_non_af_007,0,XGBoost,0.020827820524573326,0
mimic_perform_non_af_007,0,XGBoost,0.011163635179400444,0
mimic_perform_non_af_007,0,XGBoost,0.00018615936278365552,0
mimic_perform_non_af_007,0,XGBoost,0.00018615936278365552,0
mimic_perform_non_af_007,0,XGBoost,0.00018922006711363792,0
mimic_perform_non_af_007,0,XGBoost,0.0002686188090592623,0
mimic_perform_non_af_007,0,XGBoost,0.0009236302576027811,0
mimic_perform_non_af_007,0,XGBoost,0.0016157266218215227,0
mimic_perform_non_af_007,0,XGBoost,0.32074686884880066,0
mimic_perform_non_af_007,0,XGBoost,0.9941737055778503,1
mimic_perform_non_af_007,0,XGBoost,0.9669491648674011,1
mimic_perform_non_af_007,0,XGBoost,0.9528970122337341,1
mimic_perform_non_af_007,0,XGBoost,0.8130398988723755,1
mimic_perform_non_af_007,0,XGBoost,0.044023025780916214,0
mimic_perform_non_af_007,0,XGBoost,0.6572041511535645,1
mimic_perform_non_af_007,0,XGBoost,0.6160927414894104,1
mimic_perform_non_af_007,0,XGBoost,0.0024569854140281677,0
mimic_perform_non_af_007,0,XGBoost,0.0019599334336817265,0
mimic_perform_non_af_007,0,XGBoost,0.0018889210186898708,0
mimic_perform_non_af_007,0,XGBoost,0.0014000189257785678,0
mimic_perform_non_af_007,0,XGBoost,0.0029402379877865314,0
mimic_perform_non_af_007,0,XGBoost,0.001163140987046063,0
mimic_perform_non_af_007,0,XGBoost,0.002159434836357832,0
mimic_perform_non_af_007,0,XGBoost,0.002687525236979127,0
mimic_perform_non_af_007,0,XGBoost,0.0035185501910746098,0
mimic_perform_non_af_007,0,XGBoost,0.0008404511609114707,0
mimic_perform_non_af_007,0,XGBoost,0.004033240024000406,0
mimic_perform_non_af_007,0,XGBoost,0.0041812690906226635,0
mimic_perform_non_af_007,0,XGBoost,0.0067258491180837154,0
mimic_perform_non_af_007,0,XGBoost,0.0005104386364109814,0
mimic_perform_non_af_007,0,XGBoost,0.0022890260443091393,0
mimic_perform_non_af_007,0,XGBoost,0.0022890260443091393,0
mimic_perform_non_af_007,0,XGBoost,0.010630416683852673,0
mimic_perform_non_af_007,0,XGBoost,0.0018437664257362485,0
mimic_perform_non_af_007,0,XGBoost,0.05282580852508545,0
mimic_perform_non_af_007,0,XGBoost,0.009090396575629711,0
mimic_perform_non_af_007,0,XGBoost,0.00804340373724699,0
mimic_perform_non_af_007,0,XGBoost,0.0025907785166054964,0
mimic_perform_non_af_007,0,XGBoost,0.002159434836357832,0
mimic_perform_non_af_007,0,XGBoost,0.0029468911234289408,0
mimic_perform_non_af_007,0,XGBoost,0.001667957054451108,0
mimic_perform_non_af_007,0,XGBoost,0.020985072478652,0
mimic_perform_non_af_007,0,XGBoost,0.0018059415742754936,0
mimic_perform_non_af_007,0,XGBoost,0.11121661961078644,0
mimic_perform_non_af_007,0,XGBoost,0.012104200199246407,0
mimic_perform_non_af_007,0,XGBoost,0.0038683894090354443,0
mimic_perform_non_af_007,0,XGBoost,0.003008465049788356,0
mimic_perform_non_af_007,0,XGBoost,0.000513993960339576,0
mimic_perform_non_af_007,0,XGBoost,0.00018922006711363792,0
mimic_perform_non_af_007,0,XGBoost,0.009202641434967518,0
mimic_perform_non_af_007,0,XGBoost,0.0056536076590418816,0
mimic_perform_non_af_007,0,XGBoost,0.0056536076590418816,0
mimic_perform_non_af_007,0,XGBoost,0.0011344250524416566,0
mimic_perform_non_af_007,0,XGBoost,0.00042960859718732536,0
mimic_perform_non_af_007,0,XGBoost,0.001565521233715117,0
mimic_perform_non_af_007,0,XGBoost,0.001250561443157494,0
mimic_perform_non_af_007,0,XGBoost,0.0002320967905689031,0
mimic_perform_non_af_007,0,XGBoost,0.0001452446886105463,0
mimic_perform_non_af_007,0,XGBoost,0.00016361268353648484,0
mimic_perform_non_af_007,0,XGBoost,0.003717965679243207,0
mimic_perform_non_af_007,0,XGBoost,0.0020993503276258707,0
mimic_perform_non_af_007,0,XGBoost,0.0040515027940273285,0
mimic_perform_non_af_007,0,XGBoost,0.009873230010271072,0
mimic_perform_non_af_007,0,XGBoost,0.015962064266204834,0
mimic_perform_non_af_007,0,XGBoost,0.0031973987352102995,0
mimic_perform_non_af_007,0,XGBoost,0.0006456717383116484,0
mimic_perform_non_af_007,0,XGBoost,0.0003096805594395846,0
mimic_perform_non_af_007,0,XGBoost,0.0005294327856972814,0
mimic_perform_non_af_007,0,XGBoost,0.00072043965337798,0
mimic_perform_non_af_007,0,XGBoost,0.0028336462564766407,0
mimic_perform_non_af_007,0,XGBoost,0.004548038821667433,0
mimic_perform_non_af_007,0,XGBoost,0.4763595461845398,0
mimic_perform_non_af_007,0,XGBoost,0.014606120996177197,0
mimic_perform_non_af_007,0,XGBoost,0.0027203550562262535,0
mimic_perform_non_af_007,0,XGBoost,0.004872808698564768,0
mimic_perform_non_af_007,0,XGBoost,0.040162764489650726,0
mimic_perform_non_af_007,0,XGBoost,0.07213350385427475,0
mimic_perform_non_af_007,0,XGBoost,0.1637267768383026,0
mimic_perform_non_af_008,0,XGBoost,0.021282067522406578,0
mimic_perform_non_af_008,0,XGBoost,0.009277541190385818,0
mimic_perform_non_af_008,0,XGBoost,0.2504618465900421,0
mimic_perform_non_af_008,0,XGBoost,0.4464387893676758,0
mimic_perform_non_af_008,0,XGBoost,0.03282908722758293,0
mimic_perform_non_af_008,0,XGBoost,0.0034211298916488886,0
mimic_perform_non_af_008,0,XGBoost,0.27499938011169434,0
mimic_perform_non_af_008,0,XGBoost,0.0062865326181054115,0
mimic_perform_non_af_008,0,XGBoost,0.0007536978810094297,0
mimic_perform_non_af_008,0,XGBoost,0.0009417725377716124,0
mimic_perform_non_af_008,0,XGBoost,0.0006574603030458093,0
mimic_perform_non_af_008,0,XGBoost,0.0003541936748661101,0
mimic_perform_non_af_008,0,XGBoost,0.0003541936748661101,0
mimic_perform_non_af_008,0,XGBoost,0.0003541936748661101,0
mimic_perform_non_af_008,0,XGBoost,0.0005062854615971446,0
mimic_perform_non_af_008,0,XGBoost,0.0003541936748661101,0
mimic_perform_non_af_008,0,XGBoost,0.17566272616386414,0
mimic_perform_non_af_008,0,XGBoost,0.040160056203603745,0
mimic_perform_non_af_008,0,XGBoost,0.02145967446267605,0
mimic_perform_non_af_008,0,XGBoost,0.06725946813821793,0
mimic_perform_non_af_008,0,XGBoost,0.021239865571260452,0
mimic_perform_non_af_008,0,XGBoost,0.0007745816255919635,0
mimic_perform_non_af_008,0,XGBoost,0.0005773932789452374,0
mimic_perform_non_af_008,0,XGBoost,0.003810680005699396,0
mimic_perform_non_af_008,0,XGBoost,0.005358432419598103,0
mimic_perform_non_af_008,0,XGBoost,0.00046545392251573503,0
mimic_perform_non_af_008,0,XGBoost,0.015983980149030685,0
mimic_perform_non_af_008,0,XGBoost,0.018603745847940445,0
mimic_perform_non_af_008,0,XGBoost,0.022129328921437263,0
mimic_perform_non_af_008,0,XGBoost,0.0004635181394405663,0
mimic_perform_non_af_008,0,XGBoost,0.0004079295613337308,0
mimic_perform_non_af_008,0,XGBoost,0.00038810831028968096,0
mimic_perform_non_af_008,0,XGBoost,0.0007565737469121814,0
mimic_perform_non_af_008,0,XGBoost,0.007378586567938328,0
mimic_perform_non_af_008,0,XGBoost,0.0037821645382791758,0
mimic_perform_non_af_008,0,XGBoost,0.014404760673642159,0
mimic_perform_non_af_008,0,XGBoost,0.02496757172048092,0
mimic_perform_non_af_008,0,XGBoost,0.033507347106933594,0
mimic_perform_non_af_008,0,XGBoost,0.0004635181394405663,0
mimic_perform_non_af_008,0,XGBoost,0.00040623292443342507,0
mimic_perform_non_af_008,0,XGBoost,0.00040623292443342507,0
mimic_perform_non_af_008,0,XGBoost,0.0003762893902603537,0
mimic_perform_non_af_008,0,XGBoost,0.00028300320263952017,0
mimic_perform_non_af_008,0,XGBoost,0.00025636987993493676,0
mimic_perform_non_af_008,0,XGBoost,0.0003104157221969217,0
mimic_perform_non_af_008,0,XGBoost,0.0003762893902603537,0
mimic_perform_non_af_008,0,XGBoost,0.0006739187519997358,0
mimic_perform_non_af_008,0,XGBoost,0.0006294426857493818,0
mimic_perform_non_af_008,0,XGBoost,0.000955603492911905,0
mimic_perform_non_af_008,0,XGBoost,0.0015147619415074587,0
mimic_perform_non_af_008,0,XGBoost,0.0014068559976294637,0
mimic_perform_non_af_008,0,XGBoost,0.008722810074687004,0
mimic_perform_non_af_008,0,XGBoost,0.0008525475859642029,0
mimic_perform_non_af_008,0,XGBoost,0.0015149565879255533,0
mimic_perform_non_af_008,0,XGBoost,0.0003104157221969217,0
mimic_perform_non_af_008,0,XGBoost,0.0004676578100770712,0
mimic_perform_non_af_008,0,XGBoost,0.0004750716034322977,0
mimic_perform_non_af_008,0,XGBoost,0.0004635181394405663,0
mimic_perform_non_af_008,0,XGBoost,0.02786753512918949,0
mimic_perform_non_af_008,0,XGBoost,0.02544431760907173,0
mimic_perform_non_af_008,0,XGBoost,0.003810680005699396,0
mimic_perform_non_af_008,0,XGBoost,0.007534768432378769,0
mimic_perform_non_af_008,0,XGBoost,0.006098590791225433,0
mimic_perform_non_af_008,0,XGBoost,0.0003541936748661101,0
mimic_perform_non_af_008,0,XGBoost,0.0059064701199531555,0
mimic_perform_non_af_008,0,XGBoost,0.006806857883930206,0
mimic_perform_non_af_008,0,XGBoost,0.008084057830274105,0
mimic_perform_non_af_008,0,XGBoost,0.0004635181394405663,0
mimic_perform_non_af_008,0,XGBoost,0.007534768432378769,0
mimic_perform_non_af_008,0,XGBoost,0.0005062854615971446,0
mimic_perform_non_af_008,0,XGBoost,0.0003541936748661101,0
mimic_perform_non_af_008,0,XGBoost,0.0014147741021588445,0
mimic_perform_non_af_008,0,XGBoost,0.003986365161836147,0
mimic_perform_non_af_008,0,XGBoost,0.0019190420862287283,0
mimic_perform_non_af_008,0,XGBoost,0.00044371705735102296,0
mimic_perform_non_af_008,0,XGBoost,0.007534768432378769,0
mimic_perform_non_af_008,0,XGBoost,0.00038810831028968096,0
mimic_perform_non_af_008,0,XGBoost,0.0004208084137644619,0
mimic_perform_non_af_008,0,XGBoost,0.0007373751723207533,0
mimic_perform_non_af_008,0,XGBoost,0.0008263583877123892,0
mimic_perform_non_af_008,0,XGBoost,0.0003541936748661101,0
mimic_perform_non_af_008,0,XGBoost,0.0003541936748661101,0
mimic_perform_non_af_008,0,XGBoost,0.0003104157221969217,0
mimic_perform_non_af_008,0,XGBoost,0.0003104157221969217,0
mimic_perform_non_af_008,0,XGBoost,0.0003541936748661101,0
mimic_perform_non_af_008,0,XGBoost,0.01111440546810627,0
mimic_perform_non_af_008,0,XGBoost,0.0005347285186871886,0
mimic_perform_non_af_008,0,XGBoost,0.0005168604548089206,0
mimic_perform_non_af_008,0,XGBoost,0.0003541936748661101,0
mimic_perform_non_af_008,0,XGBoost,0.0003541936748661101,0
mimic_perform_non_af_008,0,XGBoost,0.0002588421630207449,0
mimic_perform_non_af_008,0,XGBoost,0.0004079295613337308,0
mimic_perform_non_af_008,0,XGBoost,0.0003104157221969217,0
mimic_perform_non_af_008,0,XGBoost,0.0003104157221969217,0
mimic_perform_non_af_008,0,XGBoost,0.0005411041202023625,0
mimic_perform_non_af_008,0,XGBoost,0.0005780955543741584,0
mimic_perform_non_af_008,0,XGBoost,0.0005411041202023625,0
mimic_perform_non_af_008,0,XGBoost,0.0006626876420341432,0
mimic_perform_non_af_008,0,XGBoost,0.0005062854615971446,0
mimic_perform_non_af_008,0,XGBoost,0.0004676578100770712,0
mimic_perform_non_af_008,0,XGBoost,0.0004676578100770712,0
mimic_perform_non_af_008,0,XGBoost,0.0003541936748661101,0
mimic_perform_non_af_008,0,XGBoost,0.0003541936748661101,0
mimic_perform_non_af_008,0,XGBoost,0.00042935393867082894,0
mimic_perform_non_af_008,0,XGBoost,0.0003863403107970953,0
mimic_perform_non_af_008,0,XGBoost,0.025093426927924156,0
mimic_perform_non_af_008,0,XGBoost,0.019078239798545837,0
mimic_perform_non_af_008,0,XGBoost,0.07801225781440735,0
mimic_perform_non_af_008,0,XGBoost,0.0037936700973659754,0
mimic_perform_non_af_008,0,XGBoost,0.007843748666346073,0
mimic_perform_non_af_008,0,XGBoost,0.0013277087127789855,0
mimic_perform_non_af_008,0,XGBoost,0.0013236330123618245,0
mimic_perform_non_af_008,0,XGBoost,0.0013236330123618245,0
mimic_perform_non_af_008,0,XGBoost,0.020172543823719025,0
mimic_perform_non_af_008,0,XGBoost,0.0071906521916389465,0
mimic_perform_non_af_008,0,XGBoost,0.08513844758272171,0
mimic_perform_non_af_008,0,XGBoost,0.14775823056697845,0
mimic_perform_non_af_008,0,XGBoost,0.012593988329172134,0
mimic_perform_non_af_009,0,XGBoost,0.00030313144088722765,0
mimic_perform_non_af_009,0,XGBoost,0.00022545375395566225,0
mimic_perform_non_af_009,0,XGBoost,0.00022545375395566225,0
mimic_perform_non_af_009,0,XGBoost,0.00030313144088722765,0
mimic_perform_non_af_009,0,XGBoost,9.230839350493625e-05,0
mimic_perform_non_af_009,0,XGBoost,0.00014622381422668695,0
mimic_perform_non_af_009,0,XGBoost,0.0001604545977897942,0
mimic_perform_non_af_009,0,XGBoost,0.0010552637977525592,0
mimic_perform_non_af_009,0,XGBoost,0.0005763965891674161,0
mimic_perform_non_af_009,0,XGBoost,0.0005763965891674161,0
mimic_perform_non_af_009,0,XGBoost,0.0002614282420836389,0
mimic_perform_non_af_009,0,XGBoost,0.00020623340969905257,0
mimic_perform_non_af_009,0,XGBoost,0.00021448305051308125,0
mimic_perform_non_af_009,0,XGBoost,0.0002614282420836389,0
mimic_perform_non_af_009,0,XGBoost,0.0001534691546112299,0
mimic_perform_non_af_009,0,XGBoost,0.0002614282420836389,0
mimic_perform_non_af_009,0,XGBoost,0.00030313144088722765,0
mimic_perform_non_af_009,0,XGBoost,0.0002202541072620079,0
mimic_perform_non_af_009,0,XGBoost,0.0008358362247236073,0
mimic_perform_non_af_009,0,XGBoost,0.0009260203223675489,0
mimic_perform_non_af_009,0,XGBoost,0.0003609757695812732,0
mimic_perform_non_af_009,0,XGBoost,0.0003754206991288811,0
mimic_perform_non_af_009,0,XGBoost,0.00033336933120153844,0
mimic_perform_non_af_009,0,XGBoost,0.00012117261940147728,0
mimic_perform_non_af_009,0,XGBoost,0.00012117261940147728,0
mimic_perform_non_af_009,0,XGBoost,0.00012117261940147728,0
mimic_perform_non_af_009,0,XGBoost,0.00012117261940147728,0
mimic_perform_non_af_009,0,XGBoost,0.00012117261940147728,0
mimic_perform_non_af_009,0,XGBoost,0.00028279173420742154,0
mimic_perform_non_af_009,0,XGBoost,0.00014480216486845165,0
mimic_perform_non_af_009,0,XGBoost,0.00014480216486845165,0
mimic_perform_non_af_009,0,XGBoost,0.00021448305051308125,0
mimic_perform_non_af_009,0,XGBoost,0.00012117261940147728,0
mimic_perform_non_af_009,0,XGBoost,0.00014622381422668695,0
mimic_perform_non_af_009,0,XGBoost,0.00013612989278044552,0
mimic_perform_non_af_009,0,XGBoost,0.0004134301852900535,0
mimic_perform_non_af_009,0,XGBoost,0.0002614282420836389,0
mimic_perform_non_af_009,0,XGBoost,0.00022545375395566225,0
mimic_perform_non_af_009,0,XGBoost,0.00030313144088722765,0
mimic_perform_non_af_009,0,XGBoost,0.0001534691546112299,0
mimic_perform_non_af_009,0,XGBoost,0.00020623340969905257,0
mimic_perform_non_af_009,0,XGBoost,0.00022545375395566225,0
mimic_perform_non_af_009,0,XGBoost,0.00030313144088722765,0
mimic_perform_non_af_009,0,XGBoost,0.00030313144088722765,0
mimic_perform_non_af_009,0,XGBoost,0.00012117261940147728,0
mimic_perform_non_af_009,0,XGBoost,0.0002723292855080217,0
mimic_perform_non_af_009,0,XGBoost,0.0004142313846386969,0
mimic_perform_non_af_009,0,XGBoost,0.0002056639496004209,0
mimic_perform_non_af_009,0,XGBoost,0.00020623340969905257,0
mimic_perform_non_af_009,0,XGBoost,0.00022545375395566225,0
mimic_perform_non_af_009,0,XGBoost,0.00030313144088722765,0
mimic_perform_non_af_009,0,XGBoost,0.00030313144088722765,0
mimic_perform_non_af_009,0,XGBoost,0.00030313144088722765,0
mimic_perform_non_af_009,0,XGBoost,0.003993488382548094,0
mimic_perform_non_af_009,0,XGBoost,0.003993488382548094,0
mimic_perform_non_af_009,0,XGBoost,0.0002463143318891525,0
mimic_perform_non_af_009,0,XGBoost,0.00021448305051308125,0
mimic_perform_non_af_009,0,XGBoost,0.00020623340969905257,0
mimic_perform_non_af_009,0,XGBoost,0.00012117261940147728,0
mimic_perform_non_af_009,0,XGBoost,0.0003209114074707031,0
mimic_perform_non_af_009,0,XGBoost,0.00100811873562634,0
mimic_perform_non_af_009,0,XGBoost,0.00022545375395566225,0
mimic_perform_non_af_009,0,XGBoost,0.00030313144088722765,0
mimic_perform_non_af_009,0,XGBoost,0.0001604545977897942,0
mimic_perform_non_af_009,0,XGBoost,0.00030313144088722765,0
mimic_perform_non_af_009,0,XGBoost,0.00022545375395566225,0
mimic_perform_non_af_009,0,XGBoost,0.00022545375395566225,0
mimic_perform_non_af_009,0,XGBoost,0.00022545375395566225,0
mimic_perform_non_af_009,0,XGBoost,0.00022545375395566225,0
mimic_perform_non_af_009,0,XGBoost,0.00030313144088722765,0
mimic_perform_non_af_009,0,XGBoost,0.00014622381422668695,0
mimic_perform_non_af_009,0,XGBoost,0.00012117261940147728,0
mimic_perform_non_af_009,0,XGBoost,0.0005446024588309228,0
mimic_perform_non_af_009,0,XGBoost,0.0003640147624537349,0
mimic_perform_non_af_009,0,XGBoost,0.0002723292855080217,0
mimic_perform_non_af_009,0,XGBoost,0.0002056639496004209,0
mimic_perform_non_af_009,0,XGBoost,0.0003048971702810377,0
mimic_perform_non_af_009,0,XGBoost,0.000443675002316013,0
mimic_perform_non_af_009,0,XGBoost,0.0002723292855080217,0
mimic_perform_non_af_009,0,XGBoost,0.0004142313846386969,0
mimic_perform_non_af_009,0,XGBoost,0.0005446024588309228,0
mimic_perform_non_af_009,0,XGBoost,0.0005446024588309228,0
mimic_perform_non_af_009,0,XGBoost,0.0003640147624537349,0
mimic_perform_non_af_009,0,XGBoost,0.0002723292855080217,0
mimic_perform_non_af_009,0,XGBoost,0.00014480216486845165,0
mimic_perform_non_af_009,0,XGBoost,0.0002056639496004209,0
mimic_perform_non_af_009,0,XGBoost,0.0005446024588309228,0
mimic_perform_non_af_009,0,XGBoost,0.0005337164620868862,0
mimic_perform_non_af_009,0,XGBoost,0.0003640147624537349,0
mimic_perform_non_af_009,0,XGBoost,0.0002056639496004209,0
mimic_perform_non_af_009,0,XGBoost,0.0002015515201492235,0
mimic_perform_non_af_009,0,XGBoost,0.0002668841916602105,0
mimic_perform_non_af_009,0,XGBoost,0.0005588129861280322,0
mimic_perform_non_af_009,0,XGBoost,0.0004142313846386969,0
mimic_perform_non_af_009,0,XGBoost,0.00040595035534352064,0
mimic_perform_non_af_009,0,XGBoost,0.0004142313846386969,0
mimic_perform_non_af_009,0,XGBoost,0.0005588129861280322,0
mimic_perform_non_af_009,0,XGBoost,0.05550052598118782,0
mimic_perform_non_af_009,0,XGBoost,0.036005649715662,0
mimic_perform_non_af_009,0,XGBoost,0.06455466151237488,0
mimic_perform_non_af_009,0,XGBoost,0.0533565953373909,0
mimic_perform_non_af_009,0,XGBoost,0.03478679060935974,0
mimic_perform_non_af_009,0,XGBoost,0.00016075260646175593,0
mimic_perform_non_af_009,0,XGBoost,0.0003640147624537349,0
mimic_perform_non_af_009,0,XGBoost,0.0004142313846386969,0
mimic_perform_non_af_009,0,XGBoost,0.00035792801645584404,0
mimic_perform_non_af_009,0,XGBoost,0.0003237897180952132,0
mimic_perform_non_af_009,0,XGBoost,0.0002529908379074186,0
mimic_perform_non_af_009,0,XGBoost,0.00035792801645584404,0
mimic_perform_non_af_009,0,XGBoost,0.0006271812017075717,0
mimic_perform_non_af_009,0,XGBoost,0.0004910776042379439,0
mimic_perform_non_af_009,0,XGBoost,0.0003640147624537349,0
mimic_perform_non_af_009,0,XGBoost,0.0003640147624537349,0
mimic_perform_non_af_009,0,XGBoost,0.0004142313846386969,0
mimic_perform_non_af_009,0,XGBoost,0.0004142313846386969,0
mimic_perform_non_af_009,0,XGBoost,0.0004142313846386969,0
mimic_perform_non_af_009,0,XGBoost,0.00035792801645584404,0
mimic_perform_non_af_009,0,XGBoost,0.23848117887973785,0
mimic_perform_non_af_010,0,XGBoost,0.006565508432686329,0
mimic_perform_non_af_010,0,XGBoost,0.0004733678651973605,0
mimic_perform_non_af_010,0,XGBoost,0.00028142784140072763,0
mimic_perform_non_af_010,0,XGBoost,0.00024358747759833932,0
mimic_perform_non_af_010,0,XGBoost,0.00035714422119781375,0
mimic_perform_non_af_010,0,XGBoost,0.0003252119058743119,0
mimic_perform_non_af_010,0,XGBoost,0.0003252119058743119,0
mimic_perform_non_af_010,0,XGBoost,0.00040896626887843013,0
mimic_perform_non_af_010,0,XGBoost,0.0005382946692407131,0
mimic_perform_non_af_010,0,XGBoost,0.0005806260160170496,0
mimic_perform_non_af_010,0,XGBoost,0.17158985137939453,0
mimic_perform_non_af_010,0,XGBoost,0.002960795536637306,0
mimic_perform_non_af_010,0,XGBoost,0.012502709403634071,0
mimic_perform_non_af_010,0,XGBoost,0.0004733678651973605,0
mimic_perform_non_af_010,0,XGBoost,0.0004733678651973605,0
mimic_perform_non_af_010,0,XGBoost,0.02213144488632679,0
mimic_perform_non_af_010,0,XGBoost,0.9302027821540833,1
mimic_perform_non_af_010,0,XGBoost,0.9748896956443787,1
mimic_perform_non_af_010,0,XGBoost,0.9965721368789673,1
mimic_perform_non_af_010,0,XGBoost,0.9994761347770691,1
mimic_perform_non_af_010,0,XGBoost,0.007812975905835629,0
mimic_perform_non_af_010,0,XGBoost,0.0003252119058743119,0
mimic_perform_non_af_010,0,XGBoost,0.0003570548724383116,0
mimic_perform_non_af_010,0,XGBoost,0.002864900743588805,0
mimic_perform_non_af_010,0,XGBoost,0.013457692228257656,0
mimic_perform_non_af_010,0,XGBoost,0.03187892958521843,0
mimic_perform_non_af_010,0,XGBoost,0.005500304512679577,0
mimic_perform_non_af_010,0,XGBoost,0.005231217946857214,0
mimic_perform_non_af_010,0,XGBoost,0.0004733678651973605,0
mimic_perform_non_af_010,0,XGBoost,0.0003949589154217392,0
mimic_perform_non_af_010,0,XGBoost,0.0012550397077575326,0
mimic_perform_non_af_010,0,XGBoost,0.00034465285716578364,0
mimic_perform_non_af_010,0,XGBoost,0.002265695948153734,0
mimic_perform_non_af_010,0,XGBoost,0.002265695948153734,0
mimic_perform_non_af_010,0,XGBoost,0.0021496242843568325,0
mimic_perform_non_af_010,0,XGBoost,0.008290798403322697,0
mimic_perform_non_af_010,0,XGBoost,0.022877030074596405,0
mimic_perform_non_af_010,0,XGBoost,0.016247039660811424,0
mimic_perform_non_af_010,0,XGBoost,0.0005829808651469648,0
mimic_perform_non_af_010,0,XGBoost,0.0004733678651973605,0
mimic_perform_non_af_010,0,XGBoost,0.017121052369475365,0
mimic_perform_non_af_010,0,XGBoost,0.0021525095216929913,0
mimic_perform_non_af_010,0,XGBoost,0.0011422780808061361,0
mimic_perform_non_af_010,0,XGBoost,0.00014469202142208815,0
mimic_perform_non_af_010,0,XGBoost,0.00019615853670984507,0
mimic_perform_non_af_010,0,XGBoost,0.00035171781200915575,0
mimic_perform_non_af_010,0,XGBoost,0.005562199745327234,0
mimic_perform_non_af_010,0,XGBoost,0.0002586485061328858,0
mimic_perform_non_af_010,0,XGBoost,0.0002586485061328858,0
mimic_perform_non_af_010,0,XGBoost,0.00013584591215476394,0
mimic_perform_non_af_010,0,XGBoost,0.00014469202142208815,0
mimic_perform_non_af_010,0,XGBoost,0.0009578509489074349,0
mimic_perform_non_af_010,0,XGBoost,0.0012984025524929166,0
mimic_perform_non_af_010,0,XGBoost,0.002092572394758463,0
mimic_perform_non_af_010,0,XGBoost,0.001149906194768846,0
mimic_perform_non_af_010,0,XGBoost,0.0002634967095218599,0
mimic_perform_non_af_010,0,XGBoost,0.00028142784140072763,0
mimic_perform_non_af_010,0,XGBoost,0.00025123372324742377,0
mimic_perform_non_af_010,0,XGBoost,0.00013584591215476394,0
mimic_perform_non_af_010,0,XGBoost,0.00013584591215476394,0
mimic_perform_non_af_010,0,XGBoost,0.00024358747759833932,0
mimic_perform_non_af_010,0,XGBoost,0.005562199745327234,0
mimic_perform_non_af_010,0,XGBoost,0.005562199745327234,0
mimic_perform_non_af_010,0,XGBoost,0.00028142784140072763,0
mimic_perform_non_af_010,0,XGBoost,0.00028142784140072763,0
mimic_perform_non_af_010,0,XGBoost,0.00028142784140072763,0
mimic_perform_non_af_010,0,XGBoost,0.00028142784140072763,0
mimic_perform_non_af_010,0,XGBoost,0.00037867616629227996,0
mimic_perform_non_af_010,0,XGBoost,0.0004733678651973605,0
mimic_perform_non_af_010,0,XGBoost,0.0004733678651973605,0
mimic_perform_non_af_010,0,XGBoost,0.0018242760561406612,0
mimic_perform_non_af_010,0,XGBoost,0.02790922112762928,0
mimic_perform_non_af_010,0,XGBoost,0.00018409483891446143,0
mimic_perform_non_af_010,0,XGBoost,0.00040896626887843013,0
mimic_perform_non_af_010,0,XGBoost,0.0028727177996188402,0
mimic_perform_non_af_010,0,XGBoost,0.0010305395117029548,0
mimic_perform_non_af_010,0,XGBoost,0.00019857764709740877,0
mimic_perform_non_af_010,0,XGBoost,0.00013753589882981032,0
mimic_perform_non_af_010,0,XGBoost,0.00026542431442067027,0
mimic_perform_non_af_010,0,XGBoost,0.00024358747759833932,0
mimic_perform_non_af_010,0,XGBoost,0.00024358747759833932,0
mimic_perform_non_af_010,0,XGBoost,0.00024728401331231,0
mimic_perform_non_af_010,0,XGBoost,0.00019857764709740877,0
mimic_perform_non_af_010,0,XGBoost,0.00486288545653224,0
mimic_perform_non_af_010,0,XGBoost,0.00486288545653224,0
mimic_perform_non_af_010,0,XGBoost,0.004504292272031307,0
mimic_perform_non_af_010,0,XGBoost,0.005364619195461273,0
mimic_perform_non_af_010,0,XGBoost,0.011808011680841446,0
mimic_perform_non_af_010,0,XGBoost,0.8874735832214355,1
mimic_perform_non_af_010,0,XGBoost,0.11269310861825943,0
mimic_perform_non_af_010,0,XGBoost,0.16593921184539795,0
mimic_perform_non_af_010,0,XGBoost,0.23962540924549103,0
mimic_perform_non_af_010,0,XGBoost,0.008997244760394096,0
mimic_perform_non_af_010,0,XGBoost,0.004650260787457228,0
mimic_perform_non_af_010,0,XGBoost,0.00019857764709740877,0
mimic_perform_non_af_010,0,XGBoost,0.00038940817466937006,0
mimic_perform_non_af_010,0,XGBoost,0.0003633903106674552,0
mimic_perform_non_af_010,0,XGBoost,0.0024327244609594345,0
mimic_perform_non_af_010,0,XGBoost,0.0005894346395507455,0
mimic_perform_non_af_010,0,XGBoost,0.002090363996103406,0
mimic_perform_non_af_010,0,XGBoost,0.0002586485061328858,0
mimic_perform_non_af_010,0,XGBoost,0.00019857764709740877,0
mimic_perform_non_af_010,0,XGBoost,0.00025123372324742377,0
mimic_perform_non_af_010,0,XGBoost,0.005562199745327234,0
mimic_perform_non_af_010,0,XGBoost,0.0002586485061328858,0
mimic_perform_non_af_010,0,XGBoost,0.0009483483736403286,0
mimic_perform_non_af_010,0,XGBoost,0.001942614559084177,0
mimic_perform_non_af_010,0,XGBoost,0.002559358486905694,0
mimic_perform_non_af_010,0,XGBoost,0.0025460312608629465,0
mimic_perform_non_af_010,0,XGBoost,0.0004733678651973605,0
mimic_perform_non_af_010,0,XGBoost,0.0004733678651973605,0
mimic_perform_non_af_010,0,XGBoost,0.003125956980511546,0
mimic_perform_non_af_010,0,XGBoost,0.0014583353186026216,0
mimic_perform_non_af_010,0,XGBoost,0.0009437064873054624,0
mimic_perform_non_af_010,0,XGBoost,0.0002634967095218599,0
mimic_perform_non_af_010,0,XGBoost,0.00019857764709740877,0
mimic_perform_non_af_010,0,XGBoost,0.00019857764709740877,0
mimic_perform_non_af_010,0,XGBoost,0.0019699849653989077,0
mimic_perform_non_af_011,0,XGBoost,0.00011252107651671395,0
mimic_perform_non_af_011,0,XGBoost,0.0006173306610435247,0
mimic_perform_non_af_011,0,XGBoost,0.0011651081731542945,0
mimic_perform_non_af_011,0,XGBoost,0.0008225982892327011,0
mimic_perform_non_af_011,0,XGBoost,0.0020438898354768753,0
mimic_perform_non_af_011,0,XGBoost,0.00694958446547389,0
mimic_perform_non_af_011,0,XGBoost,0.00023400370264425874,0
mimic_perform_non_af_011,0,XGBoost,0.00033641373738646507,0
mimic_perform_non_af_011,0,XGBoost,0.001256926218047738,0
mimic_perform_non_af_011,0,XGBoost,0.07256646454334259,0
mimic_perform_non_af_011,0,XGBoost,0.020249083638191223,0
mimic_perform_non_af_011,0,XGBoost,0.039184801280498505,0
mimic_perform_non_af_011,0,XGBoost,0.0031810288783162832,0
mimic_perform_non_af_011,0,XGBoost,0.0060984729789197445,0
mimic_perform_non_af_011,0,XGBoost,0.0010487784165889025,0
mimic_perform_non_af_011,0,XGBoost,0.015803862363100052,0
mimic_perform_non_af_011,0,XGBoost,0.0010487784165889025,0
mimic_perform_non_af_011,0,XGBoost,0.052106115967035294,0
mimic_perform_non_af_011,0,XGBoost,0.007294078823179007,0
mimic_perform_non_af_011,0,XGBoost,0.02208426035940647,0
mimic_perform_non_af_011,0,XGBoost,0.17404299974441528,0
mimic_perform_non_af_011,0,XGBoost,0.06310001760721207,0
mimic_perform_non_af_011,0,XGBoost,0.0030328065622597933,0
mimic_perform_non_af_011,0,XGBoost,0.01476357877254486,0
mimic_perform_non_af_011,0,XGBoost,0.002753174165263772,0
mimic_perform_non_af_011,0,XGBoost,0.0013606047723442316,0
mimic_perform_non_af_011,0,XGBoost,0.0026364154182374477,0
mimic_perform_non_af_011,0,XGBoost,0.0023870719596743584,0
mimic_perform_non_af_011,0,XGBoost,0.001950671779923141,0
mimic_perform_non_af_011,0,XGBoost,0.0037926931399852037,0
mimic_perform_non_af_011,0,XGBoost,0.011867672204971313,0
mimic_perform_non_af_011,0,XGBoost,0.021643415093421936,0
mimic_perform_non_af_011,0,XGBoost,0.013949813321232796,0
mimic_perform_non_af_011,0,XGBoost,0.001950671779923141,0
mimic_perform_non_af_011,0,XGBoost,0.010954491794109344,0
mimic_perform_non_af_011,0,XGBoost,0.03332802653312683,0
mimic_perform_non_af_011,0,XGBoost,0.0007905881502665579,0
mimic_perform_non_af_011,0,XGBoost,0.0013378061121329665,0
mimic_perform_non_af_011,0,XGBoost,0.0007905881502665579,0
mimic_perform_non_af_011,0,XGBoost,0.0060984729789197445,0
mimic_perform_non_af_011,0,XGBoost,0.01614445634186268,0
mimic_perform_non_af_011,0,XGBoost,0.0031307360623031855,0
mimic_perform_non_af_011,0,XGBoost,0.0007905881502665579,0
mimic_perform_non_af_011,0,XGBoost,0.00023400370264425874,0
mimic_perform_non_af_011,0,XGBoost,0.00023400370264425874,0
mimic_perform_non_af_011,0,XGBoost,0.0001688129996182397,0
mimic_perform_non_af_011,0,XGBoost,0.00012745837739203125,0
mimic_perform_non_af_011,0,XGBoost,0.00010736563854152337,0
mimic_perform_non_af_011,0,XGBoost,0.0004264000745024532,0
mimic_perform_non_af_011,0,XGBoost,0.0001849742402555421,0
mimic_perform_non_af_011,0,XGBoost,0.008279018104076385,0
mimic_perform_non_af_011,0,XGBoost,0.0004710293433163315,0
mimic_perform_non_af_011,0,XGBoost,0.026586733758449554,0
mimic_perform_non_af_011,0,XGBoost,0.00013357849093154073,0
mimic_perform_non_af_011,0,XGBoost,0.00019080516358371824,0
mimic_perform_non_af_011,0,XGBoost,0.00019080516358371824,0
mimic_perform_non_af_011,0,XGBoost,0.00021564285270869732,0
mimic_perform_non_af_011,0,XGBoost,0.003299691015854478,0
mimic_perform_non_af_011,0,XGBoost,0.00874610710889101,0
mimic_perform_non_af_011,0,XGBoost,0.0006276811473071575,0
mimic_perform_non_af_011,0,XGBoost,0.0022523540537804365,0
mimic_perform_non_af_011,0,XGBoost,0.0007953592576086521,0
mimic_perform_non_af_011,0,XGBoost,0.0007953592576086521,0
mimic_perform_non_af_011,0,XGBoost,0.0007148038130253553,0
mimic_perform_non_af_011,0,XGBoost,0.00015581601473968476,0
mimic_perform_non_af_011,0,XGBoost,0.001661884249188006,0
mimic_perform_non_af_011,0,XGBoost,0.00026681344024837017,0
mimic_perform_non_af_011,0,XGBoost,0.0007905881502665579,0
mimic_perform_non_af_011,0,XGBoost,0.00032825395464897156,0
mimic_perform_non_af_011,0,XGBoost,0.00011252107651671395,0
mimic_perform_non_af_011,0,XGBoost,0.00032825395464897156,0
mimic_perform_non_af_011,0,XGBoost,0.00015727152640465647,0
mimic_perform_non_af_011,0,XGBoost,0.00017649975779931992,0
mimic_perform_non_af_011,0,XGBoost,0.00011584685125853866,0
mimic_perform_non_af_011,0,XGBoost,0.00014333993021864444,0
mimic_perform_non_af_011,0,XGBoost,0.00012996760779060423,0
mimic_perform_non_af_011,0,XGBoost,0.0001491875882493332,0
mimic_perform_non_af_011,0,XGBoost,0.0006194235174916685,0
mimic_perform_non_af_011,0,XGBoost,0.15469709038734436,0
mimic_perform_non_af_011,0,XGBoost,0.27023470401763916,0
mimic_perform_non_af_011,0,XGBoost,0.210424542427063,0
mimic_perform_non_af_011,0,XGBoost,0.0007109789294190705,0
mimic_perform_non_af_011,0,XGBoost,0.0007639519753865898,0
mimic_perform_non_af_011,0,XGBoost,0.02258865348994732,0
mimic_perform_non_af_011,0,XGBoost,0.0013259773841127753,0
mimic_perform_non_af_011,0,XGBoost,0.00010736563854152337,0
mimic_perform_non_af_011,0,XGBoost,0.00010736563854152337,0
mimic_perform_non_af_011,0,XGBoost,0.00037297976086847484,0
mimic_perform_non_af_011,0,XGBoost,0.0007953592576086521,0
mimic_perform_non_af_011,0,XGBoost,0.0006063972250558436,0
mimic_perform_non_af_011,0,XGBoost,0.0005961427232250571,0
mimic_perform_non_af_011,0,XGBoost,0.0007570825982838869,0
mimic_perform_non_af_011,0,XGBoost,0.009208517149090767,0
mimic_perform_non_af_011,0,XGBoost,0.010373569093644619,0
mimic_perform_non_af_011,0,XGBoost,0.21221782267093658,0
mimic_perform_non_af_011,0,XGBoost,0.0053483727388083935,0
mimic_perform_non_af_011,0,XGBoost,0.007877351716160774,0
mimic_perform_non_af_011,0,XGBoost,0.00215893448330462,0
mimic_perform_non_af_011,0,XGBoost,0.002517818007618189,0
mimic_perform_non_af_011,0,XGBoost,0.0015568695962429047,0
mimic_perform_non_af_011,0,XGBoost,0.0004710293433163315,0
mimic_perform_non_af_011,0,XGBoost,0.0004710293433163315,0
mimic_perform_non_af_011,0,XGBoost,0.007552579045295715,0
mimic_perform_non_af_011,0,XGBoost,0.00047108030412346125,0
mimic_perform_non_af_011,0,XGBoost,0.0028070334810763597,0
mimic_perform_non_af_011,0,XGBoost,0.00015727152640465647,0
mimic_perform_non_af_011,0,XGBoost,0.000587639631703496,0
mimic_perform_non_af_011,0,XGBoost,0.0004710293433163315,0
mimic_perform_non_af_011,0,XGBoost,0.0006452093948610127,0
mimic_perform_non_af_011,0,XGBoost,0.0007570825982838869,0
mimic_perform_non_af_011,0,XGBoost,0.0010211938060820103,0
mimic_perform_non_af_011,0,XGBoost,0.00042813128675334156,0
mimic_perform_non_af_011,0,XGBoost,0.0010211938060820103,0
mimic_perform_non_af_011,0,XGBoost,0.0008695753640495241,0
mimic_perform_non_af_011,0,XGBoost,0.0007570825982838869,0
mimic_perform_non_af_011,0,XGBoost,0.0007570825982838869,0
mimic_perform_non_af_011,0,XGBoost,0.0007570825982838869,0
mimic_perform_non_af_011,0,XGBoost,0.0007570825982838869,0
mimic_perform_non_af_012,0,XGBoost,0.9830324649810791,1
mimic_perform_non_af_012,0,XGBoost,0.9970149993896484,1
mimic_perform_non_af_012,0,XGBoost,0.9764060378074646,1
mimic_perform_non_af_012,0,XGBoost,0.9947031140327454,1
mimic_perform_non_af_012,0,XGBoost,0.9819452166557312,1
mimic_perform_non_af_012,0,XGBoost,0.9670087099075317,1
mimic_perform_non_af_012,0,XGBoost,0.97066330909729,1
mimic_perform_non_af_012,0,XGBoost,0.974193274974823,1
mimic_perform_non_af_012,0,XGBoost,0.9798057675361633,1
mimic_perform_non_af_012,0,XGBoost,0.9775697588920593,1
mimic_perform_non_af_012,0,XGBoost,0.9667183756828308,1
mimic_perform_non_af_012,0,XGBoost,0.7669382691383362,1
mimic_perform_non_af_012,0,XGBoost,0.9180453419685364,1
mimic_perform_non_af_012,0,XGBoost,0.9843738079071045,1
mimic_perform_non_af_012,0,XGBoost,0.9345789551734924,1
mimic_perform_non_af_012,0,XGBoost,0.9394089579582214,1
mimic_perform_non_af_012,0,XGBoost,0.5977175831794739,1
mimic_perform_non_af_012,0,XGBoost,0.9643452763557434,1
mimic_perform_non_af_012,0,XGBoost,0.9702302813529968,1
mimic_perform_non_af_012,0,XGBoost,0.9810941219329834,1
mimic_perform_non_af_012,0,XGBoost,0.9656639695167542,1
mimic_perform_non_af_012,0,XGBoost,0.9226710796356201,1
mimic_perform_non_af_012,0,XGBoost,0.9873884320259094,1
mimic_perform_non_af_012,0,XGBoost,0.9278985857963562,1
mimic_perform_non_af_012,0,XGBoost,0.933326005935669,1
mimic_perform_non_af_012,0,XGBoost,0.9091356992721558,1
mimic_perform_non_af_012,0,XGBoost,0.6069298386573792,1
mimic_perform_non_af_012,0,XGBoost,0.18551898002624512,0
mimic_perform_non_af_012,0,XGBoost,0.2489416003227234,0
mimic_perform_non_af_012,0,XGBoost,0.9211108684539795,1
mimic_perform_non_af_012,0,XGBoost,0.9584482312202454,1
mimic_perform_non_af_012,0,XGBoost,0.9716963768005371,1
mimic_perform_non_af_012,0,XGBoost,0.7642291784286499,1
mimic_perform_non_af_012,0,XGBoost,0.9945618510246277,1
mimic_perform_non_af_012,0,XGBoost,0.997343122959137,1
mimic_perform_non_af_012,0,XGBoost,0.9950823783874512,1
mimic_perform_non_af_012,0,XGBoost,0.9936681389808655,1
mimic_perform_non_af_012,0,XGBoost,0.9713879227638245,1
mimic_perform_non_af_012,0,XGBoost,0.9670087099075317,1
mimic_perform_non_af_012,0,XGBoost,0.9349878430366516,1
mimic_perform_non_af_012,0,XGBoost,0.9509493112564087,1
mimic_perform_non_af_012,0,XGBoost,0.968980073928833,1
mimic_perform_non_af_012,0,XGBoost,0.9770252704620361,1
mimic_perform_non_af_012,0,XGBoost,0.9848346710205078,1
mimic_perform_non_af_012,0,XGBoost,0.974193274974823,1
mimic_perform_non_af_012,0,XGBoost,0.9863351583480835,1
mimic_perform_non_af_012,0,XGBoost,0.9945618510246277,1
mimic_perform_non_af_012,0,XGBoost,0.9898588061332703,1
mimic_perform_non_af_012,0,XGBoost,0.9822109341621399,1
mimic_perform_non_af_012,0,XGBoost,0.9624677300453186,1
mimic_perform_non_af_012,0,XGBoost,0.9643452763557434,1
mimic_perform_non_af_012,0,XGBoost,0.9670087099075317,1
mimic_perform_non_af_012,0,XGBoost,0.8352028727531433,1
mimic_perform_non_af_012,0,XGBoost,0.9928748607635498,1
mimic_perform_non_af_012,0,XGBoost,0.8048028945922852,1
mimic_perform_non_af_012,0,XGBoost,0.9937553405761719,1
mimic_perform_non_af_012,0,XGBoost,0.9970230460166931,1
mimic_perform_non_af_012,0,XGBoost,0.9982835054397583,1
mimic_perform_non_af_012,0,XGBoost,0.9880416393280029,1
mimic_perform_non_af_012,0,XGBoost,0.9725046157836914,1
mimic_perform_non_af_012,0,XGBoost,0.9182311296463013,1
mimic_perform_non_af_012,0,XGBoost,0.666113018989563,1
mimic_perform_non_af_012,0,XGBoost,0.7897936701774597,1
mimic_perform_non_af_012,0,XGBoost,0.9470458030700684,1
mimic_perform_non_af_012,0,XGBoost,0.9908567667007446,1
mimic_perform_non_af_012,0,XGBoost,0.9934468865394592,1
mimic_perform_non_af_012,0,XGBoost,0.9969985485076904,1
mimic_perform_non_af_012,0,XGBoost,0.9923862218856812,1
mimic_perform_non_af_012,0,XGBoost,0.9911845326423645,1
mimic_perform_non_af_012,0,XGBoost,0.9938848614692688,1
mimic_perform_non_af_012,0,XGBoost,0.9976400136947632,1
mimic_perform_non_af_012,0,XGBoost,0.902787446975708,1
mimic_perform_non_af_012,0,XGBoost,0.982994556427002,1
mimic_perform_non_af_012,0,XGBoost,0.9838665127754211,1
mimic_perform_non_af_012,0,XGBoost,0.9952464699745178,1
mimic_perform_non_af_012,0,XGBoost,0.9917328357696533,1
mimic_perform_non_af_012,0,XGBoost,0.9952464699745178,1
mimic_perform_non_af_012,0,XGBoost,0.99819415807724,1
mimic_perform_non_af_012,0,XGBoost,0.9723783731460571,1
mimic_perform_non_af_012,0,XGBoost,0.9698542356491089,1
mimic_perform_non_af_012,0,XGBoost,0.7341085076332092,1
mimic_perform_non_af_012,0,XGBoost,0.9937553405761719,1
mimic_perform_non_af_012,0,XGBoost,0.9171233177185059,1
mimic_perform_non_af_012,0,XGBoost,0.9936953186988831,1
mimic_perform_non_af_012,0,XGBoost,0.9923862218856812,1
mimic_perform_non_af_012,0,XGBoost,0.9977217316627502,1
mimic_perform_non_af_012,0,XGBoost,0.9923862218856812,1
mimic_perform_non_af_012,0,XGBoost,0.9849430322647095,1
mimic_perform_non_af_012,0,XGBoost,0.9919072389602661,1
mimic_perform_non_af_012,0,XGBoost,0.9896224737167358,1
mimic_perform_non_af_012,0,XGBoost,0.9713879227638245,1
mimic_perform_non_af_012,0,XGBoost,0.9670087099075317,1
mimic_perform_non_af_012,0,XGBoost,0.5315156579017639,1
mimic_perform_non_af_012,0,XGBoost,0.9422476887702942,1
mimic_perform_non_af_012,0,XGBoost,0.97066330909729,1
mimic_perform_non_af_012,0,XGBoost,0.9595867991447449,1
mimic_perform_non_af_012,0,XGBoost,0.9805921316146851,1
mimic_perform_non_af_012,0,XGBoost,0.9843738079071045,1
mimic_perform_non_af_012,0,XGBoost,0.9565563797950745,1
mimic_perform_non_af_012,0,XGBoost,0.997658371925354,1
mimic_perform_non_af_012,0,XGBoost,0.9766839742660522,1
mimic_perform_non_af_012,0,XGBoost,0.9843738079071045,1
mimic_perform_non_af_012,0,XGBoost,0.9970434308052063,1
mimic_perform_non_af_012,0,XGBoost,0.9853834509849548,1
mimic_perform_non_af_012,0,XGBoost,0.9929831027984619,1
mimic_perform_non_af_012,0,XGBoost,0.9898588061332703,1
mimic_perform_non_af_012,0,XGBoost,0.9945618510246277,1
mimic_perform_non_af_012,0,XGBoost,0.9950214624404907,1
mimic_perform_non_af_012,0,XGBoost,0.9945618510246277,1
mimic_perform_non_af_012,0,XGBoost,0.9945618510246277,1
mimic_perform_non_af_012,0,XGBoost,0.8551992774009705,1
mimic_perform_non_af_012,0,XGBoost,0.9896224737167358,1
mimic_perform_non_af_012,0,XGBoost,0.974193274974823,1
mimic_perform_non_af_012,0,XGBoost,0.9908567667007446,1
mimic_perform_non_af_012,0,XGBoost,0.9977217316627502,1
mimic_perform_non_af_012,0,XGBoost,0.9937553405761719,1
mimic_perform_non_af_012,0,XGBoost,0.9808489680290222,1
mimic_perform_non_af_012,0,XGBoost,0.9526290893554688,1
mimic_perform_non_af_013,0,XGBoost,0.0013912393478676677,0
mimic_perform_non_af_013,0,XGBoost,0.0013912393478676677,0
mimic_perform_non_af_013,0,XGBoost,0.0013912393478676677,0
mimic_perform_non_af_013,0,XGBoost,0.0012876145774498582,0
mimic_perform_non_af_013,0,XGBoost,0.0012876145774498582,0
mimic_perform_non_af_013,0,XGBoost,0.0012876145774498582,0
mimic_perform_non_af_013,0,XGBoost,0.0013912393478676677,0
mimic_perform_non_af_013,0,XGBoost,0.0012876145774498582,0
mimic_perform_non_af_013,0,XGBoost,0.0013884882209822536,0
mimic_perform_non_af_013,0,XGBoost,0.0058777774684131145,0
mimic_perform_non_af_013,0,XGBoost,0.0058777774684131145,0
mimic_perform_non_af_013,0,XGBoost,0.0058777774684131145,0
mimic_perform_non_af_013,0,XGBoost,0.0013884882209822536,0
mimic_perform_non_af_013,0,XGBoost,0.0011735135922208428,0
mimic_perform_non_af_013,0,XGBoost,0.0012876145774498582,0
mimic_perform_non_af_013,0,XGBoost,0.0013884882209822536,0
mimic_perform_non_af_013,0,XGBoost,0.0012876145774498582,0
mimic_perform_non_af_013,0,XGBoost,0.0012876145774498582,0
mimic_perform_non_af_013,0,XGBoost,0.0013884882209822536,0
mimic_perform_non_af_013,0,XGBoost,0.0012876145774498582,0
mimic_perform_non_af_013,0,XGBoost,0.0013912393478676677,0
mimic_perform_non_af_013,0,XGBoost,0.0013912393478676677,0
mimic_perform_non_af_013,0,XGBoost,0.0013912393478676677,0
mimic_perform_non_af_013,0,XGBoost,0.0013912393478676677,0
mimic_perform_non_af_013,0,XGBoost,0.0013912393478676677,0
mimic_perform_non_af_013,0,XGBoost,0.0013884882209822536,0
mimic_perform_non_af_013,0,XGBoost,0.007498822174966335,0
mimic_perform_non_af_013,0,XGBoost,0.007498822174966335,0
mimic_perform_non_af_013,0,XGBoost,0.008691702969372272,0
mimic_perform_non_af_013,0,XGBoost,0.007165298797190189,0
mimic_perform_non_af_013,0,XGBoost,0.015355821698904037,0
mimic_perform_non_af_013,0,XGBoost,0.007728049531579018,0
mimic_perform_non_af_013,0,XGBoost,0.007413469720631838,0
mimic_perform_non_af_013,0,XGBoost,0.0013912393478676677,0
mimic_perform_non_af_013,0,XGBoost,0.0013912393478676677,0
mimic_perform_non_af_013,0,XGBoost,0.0013912393478676677,0
mimic_perform_non_af_013,0,XGBoost,0.0013884882209822536,0
mimic_perform_non_af_013,0,XGBoost,0.0013884882209822536,0
mimic_perform_non_af_013,0,XGBoost,0.0013884882209822536,0
mimic_perform_non_af_013,0,XGBoost,0.0013912393478676677,0
mimic_perform_non_af_013,0,XGBoost,0.0011735135922208428,0
mimic_perform_non_af_013,0,XGBoost,0.0011735135922208428,0
mimic_perform_non_af_013,0,XGBoost,0.0011735135922208428,0
mimic_perform_non_af_013,0,XGBoost,0.0013884882209822536,0
mimic_perform_non_af_013,0,XGBoost,0.0013884882209822536,0
mimic_perform_non_af_013,0,XGBoost,0.007133570034056902,0
mimic_perform_non_af_013,0,XGBoost,0.007133570034056902,0
mimic_perform_non_af_013,0,XGBoost,0.007133570034056902,0
mimic_perform_non_af_013,0,XGBoost,0.0013912393478676677,0
mimic_perform_non_af_013,0,XGBoost,0.0013912393478676677,0
mimic_perform_non_af_013,0,XGBoost,0.0013884882209822536,0
mimic_perform_non_af_013,0,XGBoost,0.0012876145774498582,0
mimic_perform_non_af_013,0,XGBoost,0.0012876145774498582,0
mimic_perform_non_af_013,0,XGBoost,0.0013912393478676677,0
mimic_perform_non_af_013,0,XGBoost,0.0012876145774498582,0
mimic_perform_non_af_013,0,XGBoost,0.0013884882209822536,0
mimic_perform_non_af_013,0,XGBoost,0.0012876145774498582,0
mimic_perform_non_af_013,0,XGBoost,0.0013912393478676677,0
mimic_perform_non_af_013,0,XGBoost,0.0013912393478676677,0
mimic_perform_non_af_013,0,XGBoost,0.0013912393478676677,0
mimic_perform_non_af_013,0,XGBoost,0.0013912393478676677,0
mimic_perform_non_af_013,0,XGBoost,0.0013912393478676677,0
mimic_perform_non_af_013,0,XGBoost,0.0012876145774498582,0
mimic_perform_non_af_013,0,XGBoost,0.0013884882209822536,0
mimic_perform_non_af_013,0,XGBoost,0.0013884882209822536,0
mimic_perform_non_af_013,0,XGBoost,0.0012876145774498582,0
mimic_perform_non_af_013,0,XGBoost,0.0013912393478676677,0
mimic_perform_non_af_013,0,XGBoost,0.0012876145774498582,0
mimic_perform_non_af_013,0,XGBoost,0.0013912393478676677,0
mimic_perform_non_af_013,0,XGBoost,0.0012876145774498582,0
mimic_perform_non_af_013,0,XGBoost,0.0013912393478676677,0
mimic_perform_non_af_013,0,XGBoost,0.0013884882209822536,0
mimic_perform_non_af_013,0,XGBoost,0.0013912393478676677,0
mimic_perform_non_af_013,0,XGBoost,0.006780217867344618,0
mimic_perform_non_af_013,0,XGBoost,0.006780217867344618,0
mimic_perform_non_af_013,0,XGBoost,0.006780217867344618,0
mimic_perform_non_af_013,0,XGBoost,0.0013912393478676677,0
mimic_perform_non_af_013,0,XGBoost,0.0013884882209822536,0
mimic_perform_non_af_013,0,XGBoost,0.0013912393478676677,0
mimic_perform_non_af_013,0,XGBoost,0.0013912393478676677,0
mimic_perform_non_af_013,0,XGBoost,0.0013912393478676677,0
mimic_perform_non_af_013,0,XGBoost,0.0013912393478676677,0
mimic_perform_non_af_013,0,XGBoost,0.0013912393478676677,0
mimic_perform_non_af_013,0,XGBoost,0.0013884882209822536,0
mimic_perform_non_af_013,0,XGBoost,0.0011735135922208428,0
mimic_perform_non_af_013,0,XGBoost,0.0011735135922208428,0
mimic_perform_non_af_013,0,XGBoost,0.0013884882209822536,0
mimic_perform_non_af_013,0,XGBoost,0.0013884882209822536,0
mimic_perform_non_af_013,0,XGBoost,0.0013884882209822536,0
mimic_perform_non_af_013,0,XGBoost,0.0011735135922208428,0
mimic_perform_non_af_013,0,XGBoost,0.0013884882209822536,0
mimic_perform_non_af_013,0,XGBoost,0.0013884882209822536,0
mimic_perform_non_af_013,0,XGBoost,0.0013884882209822536,0
mimic_perform_non_af_013,0,XGBoost,0.0012876145774498582,0
mimic_perform_non_af_013,0,XGBoost,0.0013884882209822536,0
mimic_perform_non_af_013,0,XGBoost,0.0012876145774498582,0
mimic_perform_non_af_013,0,XGBoost,0.0013884882209822536,0
mimic_perform_non_af_013,0,XGBoost,0.0011735135922208428,0
mimic_perform_non_af_013,0,XGBoost,0.0011735135922208428,0
mimic_perform_non_af_013,0,XGBoost,0.0013546724803745747,0
mimic_perform_non_af_013,0,XGBoost,0.0016674710204824805,0
mimic_perform_non_af_013,0,XGBoost,0.0015433032531291246,0
mimic_perform_non_af_013,0,XGBoost,0.0012876145774498582,0
mimic_perform_non_af_013,0,XGBoost,0.0013884882209822536,0
mimic_perform_non_af_013,0,XGBoost,0.0012876145774498582,0
mimic_perform_non_af_013,0,XGBoost,0.0012876145774498582,0
mimic_perform_non_af_013,0,XGBoost,0.0011735135922208428,0
mimic_perform_non_af_013,0,XGBoost,0.007133570034056902,0
mimic_perform_non_af_013,0,XGBoost,0.007133570034056902,0
mimic_perform_non_af_013,0,XGBoost,0.007133570034056902,0
mimic_perform_non_af_013,0,XGBoost,0.0013912393478676677,0
mimic_perform_non_af_013,0,XGBoost,0.0012876145774498582,0
mimic_perform_non_af_013,0,XGBoost,0.0013884882209822536,0
mimic_perform_non_af_013,0,XGBoost,0.0012876145774498582,0
mimic_perform_non_af_013,0,XGBoost,0.0012876145774498582,0
mimic_perform_non_af_013,0,XGBoost,0.0012876145774498582,0
mimic_perform_non_af_013,0,XGBoost,0.0012876145774498582,0
mimic_perform_non_af_013,0,XGBoost,0.0013912393478676677,0
mimic_perform_non_af_014,0,XGBoost,0.9982408285140991,1
mimic_perform_non_af_014,0,XGBoost,0.9976837635040283,1
mimic_perform_non_af_014,0,XGBoost,0.9984351992607117,1
mimic_perform_non_af_014,0,XGBoost,0.9979342222213745,1
mimic_perform_non_af_014,0,XGBoost,0.9989345669746399,1
mimic_perform_non_af_014,0,XGBoost,0.9989345669746399,1
mimic_perform_non_af_014,0,XGBoost,0.9988259673118591,1
mimic_perform_non_af_014,0,XGBoost,0.9987713694572449,1
mimic_perform_non_af_014,0,XGBoost,0.9979071617126465,1
mimic_perform_non_af_014,0,XGBoost,0.9979739785194397,1
mimic_perform_non_af_014,0,XGBoost,0.9990646243095398,1
mimic_perform_non_af_014,0,XGBoost,0.9985382556915283,1
mimic_perform_non_af_014,0,XGBoost,0.9990646243095398,1
mimic_perform_non_af_014,0,XGBoost,0.9991602897644043,1
mimic_perform_non_af_014,0,XGBoost,0.9993095397949219,1
mimic_perform_non_af_014,0,XGBoost,0.9988822340965271,1
mimic_perform_non_af_014,0,XGBoost,0.9990371465682983,1
mimic_perform_non_af_014,0,XGBoost,0.9990371465682983,1
mimic_perform_non_af_014,0,XGBoost,0.9989724159240723,1
mimic_perform_non_af_014,0,XGBoost,0.9989416003227234,1
mimic_perform_non_af_014,0,XGBoost,0.9989345669746399,1
mimic_perform_non_af_014,0,XGBoost,0.9985710382461548,1
mimic_perform_non_af_014,0,XGBoost,0.9981511235237122,1
mimic_perform_non_af_014,0,XGBoost,0.9878110289573669,1
mimic_perform_non_af_014,0,XGBoost,0.9883737564086914,1
mimic_perform_non_af_014,0,XGBoost,0.9970574378967285,1
mimic_perform_non_af_014,0,XGBoost,0.9923273921012878,1
mimic_perform_non_af_014,0,XGBoost,0.9931737780570984,1
mimic_perform_non_af_014,0,XGBoost,0.9987678527832031,1
mimic_perform_non_af_014,0,XGBoost,0.9984399676322937,1
mimic_perform_non_af_014,0,XGBoost,0.9978444576263428,1
mimic_perform_non_af_014,0,XGBoost,0.999001681804657,1
mimic_perform_non_af_014,0,XGBoost,0.9977118968963623,1
mimic_perform_non_af_014,0,XGBoost,0.9979664087295532,1
mimic_perform_non_af_014,0,XGBoost,0.9975581169128418,1
mimic_perform_non_af_014,0,XGBoost,0.999001681804657,1
mimic_perform_non_af_014,0,XGBoost,0.999001681804657,1
mimic_perform_non_af_014,0,XGBoost,0.999001681804657,1
mimic_perform_non_af_014,0,XGBoost,0.9918528199195862,1
mimic_perform_non_af_014,0,XGBoost,0.9990313053131104,1
mimic_perform_non_af_014,0,XGBoost,0.9943692088127136,1
mimic_perform_non_af_014,0,XGBoost,0.9961357116699219,1
mimic_perform_non_af_014,0,XGBoost,0.9880074262619019,1
mimic_perform_non_af_014,0,XGBoost,0.9980487823486328,1
mimic_perform_non_af_014,0,XGBoost,0.9978777170181274,1
mimic_perform_non_af_014,0,XGBoost,0.9985817670822144,1
mimic_perform_non_af_014,0,XGBoost,0.9897087216377258,1
mimic_perform_non_af_014,0,XGBoost,0.9977723956108093,1
mimic_perform_non_af_014,0,XGBoost,0.9989345669746399,1
mimic_perform_non_af_014,0,XGBoost,0.9991602897644043,1
mimic_perform_non_af_014,0,XGBoost,0.9991351962089539,1
mimic_perform_non_af_014,0,XGBoost,0.999001681804657,1
mimic_perform_non_af_014,0,XGBoost,0.9972635507583618,1
mimic_perform_non_af_014,0,XGBoost,0.995884358882904,1
mimic_perform_non_af_014,0,XGBoost,0.9976006150245667,1
mimic_perform_non_af_014,0,XGBoost,0.9906120896339417,1
mimic_perform_non_af_014,0,XGBoost,0.9867866039276123,1
mimic_perform_non_af_014,0,XGBoost,0.9975816011428833,1
mimic_perform_non_af_014,0,XGBoost,0.9982740879058838,1
mimic_perform_non_af_014,0,XGBoost,0.9972670078277588,1
mimic_perform_non_af_014,0,XGBoost,0.9853701591491699,1
mimic_perform_non_af_014,0,XGBoost,0.9942863583564758,1
mimic_perform_non_af_014,0,XGBoost,0.9844717383384705,1
mimic_perform_non_af_014,0,XGBoost,0.9989345669746399,1
mimic_perform_non_af_014,0,XGBoost,0.999001681804657,1
mimic_perform_non_af_014,0,XGBoost,0.9991351962089539,1
mimic_perform_non_af_014,0,XGBoost,0.9988284707069397,1
mimic_perform_non_af_014,0,XGBoost,0.9990769624710083,1
mimic_perform_non_af_014,0,XGBoost,0.9931737780570984,1
mimic_perform_non_af_014,0,XGBoost,0.9803285002708435,1
mimic_perform_non_af_014,0,XGBoost,0.9936559200286865,1
mimic_perform_non_af_014,0,XGBoost,0.9981949925422668,1
mimic_perform_non_af_014,0,XGBoost,0.9983090162277222,1
mimic_perform_non_af_014,0,XGBoost,0.9983090162277222,1
mimic_perform_non_af_014,0,XGBoost,0.9983090162277222,1
mimic_perform_non_af_014,0,XGBoost,0.9985811710357666,1
mimic_perform_non_af_014,0,XGBoost,0.998694121837616,1
mimic_perform_non_af_014,0,XGBoost,0.9985811710357666,1
mimic_perform_non_af_014,0,XGBoost,0.9983090162277222,1
mimic_perform_non_af_014,0,XGBoost,0.9992409944534302,1
mimic_perform_non_af_014,0,XGBoost,0.9991970658302307,1
mimic_perform_non_af_014,0,XGBoost,0.9987874627113342,1
mimic_perform_non_af_014,0,XGBoost,0.9921516180038452,1
mimic_perform_non_af_014,0,XGBoost,0.9839030504226685,1
mimic_perform_non_af_014,0,XGBoost,0.9985271692276001,1
mimic_perform_non_af_014,0,XGBoost,0.9992648959159851,1
mimic_perform_non_af_014,0,XGBoost,0.999163031578064,1
mimic_perform_non_af_014,0,XGBoost,0.99928879737854,1
mimic_perform_non_af_014,0,XGBoost,0.999339759349823,1
mimic_perform_non_af_014,0,XGBoost,0.9984859824180603,1
mimic_perform_non_af_014,0,XGBoost,0.9991351962089539,1
mimic_perform_non_af_014,0,XGBoost,0.999001681804657,1
mimic_perform_non_af_014,0,XGBoost,0.9991790652275085,1
mimic_perform_non_af_014,0,XGBoost,0.999055802822113,1
mimic_perform_non_af_014,0,XGBoost,0.9988259673118591,1
mimic_perform_non_af_014,0,XGBoost,0.9970574378967285,1
mimic_perform_non_af_014,0,XGBoost,0.9976226687431335,1
mimic_perform_non_af_014,0,XGBoost,0.9982092380523682,1
mimic_perform_non_af_014,0,XGBoost,0.9991790652275085,1
mimic_perform_non_af_014,0,XGBoost,0.9991790652275085,1
mimic_perform_non_af_014,0,XGBoost,0.9987941980361938,1
mimic_perform_non_af_014,0,XGBoost,0.9986706972122192,1
mimic_perform_non_af_014,0,XGBoost,0.999123752117157,1
mimic_perform_non_af_014,0,XGBoost,0.9981826543807983,1
mimic_perform_non_af_014,0,XGBoost,0.9912595152854919,1
mimic_perform_non_af_014,0,XGBoost,0.9953389167785645,1
mimic_perform_non_af_014,0,XGBoost,0.9990288019180298,1
mimic_perform_non_af_014,0,XGBoost,0.9988259673118591,1
mimic_perform_non_af_014,0,XGBoost,0.9980736970901489,1
mimic_perform_non_af_014,0,XGBoost,0.9984351992607117,1
mimic_perform_non_af_014,0,XGBoost,0.9953722357749939,1
mimic_perform_non_af_014,0,XGBoost,0.9882844686508179,1
mimic_perform_non_af_014,0,XGBoost,0.9985817670822144,1
mimic_perform_non_af_014,0,XGBoost,0.9989345669746399,1
mimic_perform_non_af_014,0,XGBoost,0.9980736970901489,1
mimic_perform_non_af_014,0,XGBoost,0.9979440569877625,1
mimic_perform_non_af_014,0,XGBoost,0.9875627756118774,1
mimic_perform_non_af_014,0,XGBoost,0.9882844686508179,1
mimic_perform_non_af_015,0,XGBoost,0.005296636838465929,0
mimic_perform_non_af_015,0,XGBoost,0.03177075833082199,0
mimic_perform_non_af_015,0,XGBoost,0.008859426714479923,0
mimic_perform_non_af_015,0,XGBoost,0.0011211246019229293,0
mimic_perform_non_af_015,0,XGBoost,0.0010946743423119187,0
mimic_perform_non_af_015,0,XGBoost,0.013784416951239109,0
mimic_perform_non_af_015,0,XGBoost,0.25748756527900696,0
mimic_perform_non_af_015,0,XGBoost,0.4471665918827057,0
mimic_perform_non_af_015,0,XGBoost,0.005238520912826061,0
mimic_perform_non_af_015,0,XGBoost,0.0011211246019229293,0
mimic_perform_non_af_015,0,XGBoost,0.0011211246019229293,0
mimic_perform_non_af_015,0,XGBoost,0.0011211246019229293,0
mimic_perform_non_af_015,0,XGBoost,0.0011211246019229293,0
mimic_perform_non_af_015,0,XGBoost,0.0011211246019229293,0
mimic_perform_non_af_015,0,XGBoost,0.014076710678637028,0
mimic_perform_non_af_015,0,XGBoost,0.013956011272966862,0
mimic_perform_non_af_015,0,XGBoost,0.01054681558161974,0
mimic_perform_non_af_015,0,XGBoost,0.0066559710539877415,0
mimic_perform_non_af_015,0,XGBoost,0.006112370174378157,0
mimic_perform_non_af_015,0,XGBoost,0.01643478311598301,0
mimic_perform_non_af_015,0,XGBoost,0.0011211246019229293,0
mimic_perform_non_af_015,0,XGBoost,0.0012101088650524616,0
mimic_perform_non_af_015,0,XGBoost,0.0012101088650524616,0
mimic_perform_non_af_015,0,XGBoost,0.001080439193174243,0
mimic_perform_non_af_015,0,XGBoost,0.0011211246019229293,0
mimic_perform_non_af_015,0,XGBoost,0.0010946743423119187,0
mimic_perform_non_af_015,0,XGBoost,0.0008280681213364005,0
mimic_perform_non_af_015,0,XGBoost,0.019141988828778267,0
mimic_perform_non_af_015,0,XGBoost,0.019902123138308525,0
mimic_perform_non_af_015,0,XGBoost,0.013650702312588692,0
mimic_perform_non_af_015,0,XGBoost,0.007498580031096935,0
mimic_perform_non_af_015,0,XGBoost,0.003309621475636959,0
mimic_perform_non_af_015,0,XGBoost,0.001054947730153799,0
mimic_perform_non_af_015,0,XGBoost,0.0011815616162493825,0
mimic_perform_non_af_015,0,XGBoost,0.0010946743423119187,0
mimic_perform_non_af_015,0,XGBoost,0.0008592587546445429,0
mimic_perform_non_af_015,0,XGBoost,0.003356531960889697,0
mimic_perform_non_af_015,0,XGBoost,0.010808763094246387,0
mimic_perform_non_af_015,0,XGBoost,0.009296989999711514,0
mimic_perform_non_af_015,0,XGBoost,0.010808763094246387,0
mimic_perform_non_af_015,0,XGBoost,0.004258370492607355,0
mimic_perform_non_af_015,0,XGBoost,0.004258370492607355,0
mimic_perform_non_af_015,0,XGBoost,0.0010539653012529016,0
mimic_perform_non_af_015,0,XGBoost,0.0008280681213364005,0
mimic_perform_non_af_015,0,XGBoost,0.001080439193174243,0
mimic_perform_non_af_015,0,XGBoost,0.001080439193174243,0
mimic_perform_non_af_015,0,XGBoost,0.0013144873082637787,0
mimic_perform_non_af_015,0,XGBoost,0.0010946743423119187,0
mimic_perform_non_af_015,0,XGBoost,0.0010946743423119187,0
mimic_perform_non_af_015,0,XGBoost,0.0008280681213364005,0
mimic_perform_non_af_015,0,XGBoost,0.001080439193174243,0
mimic_perform_non_af_015,0,XGBoost,0.0010946743423119187,0
mimic_perform_non_af_015,0,XGBoost,0.001080439193174243,0
mimic_perform_non_af_015,0,XGBoost,0.007741641718894243,0
mimic_perform_non_af_015,0,XGBoost,0.01054681558161974,0
mimic_perform_non_af_015,0,XGBoost,0.007741641718894243,0
mimic_perform_non_af_015,0,XGBoost,0.0039017884992063046,0
mimic_perform_non_af_015,0,XGBoost,0.014472887851297855,0
mimic_perform_non_af_015,0,XGBoost,0.00341476290486753,0
mimic_perform_non_af_015,0,XGBoost,0.004258370492607355,0
mimic_perform_non_af_015,0,XGBoost,0.5511137843132019,1
mimic_perform_non_af_015,0,XGBoost,0.9942607879638672,1
mimic_perform_non_af_015,0,XGBoost,0.09765806794166565,0
mimic_perform_non_af_015,0,XGBoost,0.007679911330342293,0
mimic_perform_non_af_015,0,XGBoost,0.0035750586539506912,0
mimic_perform_non_af_015,0,XGBoost,0.012598525732755661,0
mimic_perform_non_af_015,0,XGBoost,0.00415748730301857,0
mimic_perform_non_af_015,0,XGBoost,0.003356531960889697,0
mimic_perform_non_af_015,0,XGBoost,0.0008592587546445429,0
mimic_perform_non_af_015,0,XGBoost,0.004258370492607355,0
mimic_perform_non_af_015,0,XGBoost,0.004258370492607355,0
mimic_perform_non_af_015,0,XGBoost,0.003356531960889697,0
mimic_perform_non_af_015,0,XGBoost,0.0008592587546445429,0
mimic_perform_non_af_015,0,XGBoost,0.0008592587546445429,0
mimic_perform_non_af_015,0,XGBoost,0.0008592587546445429,0
mimic_perform_non_af_015,0,XGBoost,0.0008592587546445429,0
mimic_perform_non_af_015,0,XGBoost,0.0008592587546445429,0
mimic_perform_non_af_015,0,XGBoost,0.005592920817434788,0
mimic_perform_non_af_015,0,XGBoost,0.03535763919353485,0
mimic_perform_non_af_015,0,XGBoost,0.00961797870695591,0
mimic_perform_non_af_015,0,XGBoost,0.0066559710539877415,0
mimic_perform_non_af_015,0,XGBoost,0.0011211246019229293,0
mimic_perform_non_af_015,0,XGBoost,0.0008280681213364005,0
mimic_perform_non_af_015,0,XGBoost,0.0008280681213364005,0
mimic_perform_non_af_015,0,XGBoost,0.0011211246019229293,0
mimic_perform_non_af_015,0,XGBoost,0.0013750880025327206,0
mimic_perform_non_af_015,0,XGBoost,0.0011211246019229293,0
mimic_perform_non_af_015,0,XGBoost,0.0011211246019229293,0
mimic_perform_non_af_015,0,XGBoost,0.0011211246019229293,0
mimic_perform_non_af_015,0,XGBoost,0.0011211246019229293,0
mimic_perform_non_af_015,0,XGBoost,0.016778558492660522,0
mimic_perform_non_af_015,0,XGBoost,0.003373087150976062,0
mimic_perform_non_af_015,0,XGBoost,0.003373087150976062,0
mimic_perform_non_af_015,0,XGBoost,0.00415748730301857,0
mimic_perform_non_af_015,0,XGBoost,0.004061113111674786,0
mimic_perform_non_af_015,0,XGBoost,0.003356531960889697,0
mimic_perform_non_af_015,0,XGBoost,0.003826689440757036,0
mimic_perform_non_af_015,0,XGBoost,0.01012592762708664,0
mimic_perform_non_af_015,0,XGBoost,0.01243234146386385,0
mimic_perform_non_af_015,0,XGBoost,0.0011211246019229293,0
mimic_perform_non_af_015,0,XGBoost,0.0011211246019229293,0
mimic_perform_non_af_015,0,XGBoost,0.001080439193174243,0
mimic_perform_non_af_015,0,XGBoost,0.0011211246019229293,0
mimic_perform_non_af_015,0,XGBoost,0.0011211246019229293,0
mimic_perform_non_af_015,0,XGBoost,0.001766954199410975,0
mimic_perform_non_af_015,0,XGBoost,0.0011211246019229293,0
mimic_perform_non_af_015,0,XGBoost,0.0011211246019229293,0
mimic_perform_non_af_015,0,XGBoost,0.0008592587546445429,0
mimic_perform_non_af_015,0,XGBoost,0.0008592587546445429,0
mimic_perform_non_af_015,0,XGBoost,0.0011211246019229293,0
mimic_perform_non_af_015,0,XGBoost,0.0011211246019229293,0
mimic_perform_non_af_015,0,XGBoost,0.0011211246019229293,0
mimic_perform_non_af_015,0,XGBoost,0.0011211246019229293,0
mimic_perform_non_af_015,0,XGBoost,0.0013750880025327206,0
mimic_perform_non_af_015,0,XGBoost,0.001437014783732593,0
mimic_perform_non_af_015,0,XGBoost,0.001080439193174243,0
mimic_perform_non_af_015,0,XGBoost,0.0012101088650524616,0
mimic_perform_non_af_015,0,XGBoost,0.0012101088650524616,0
mimic_perform_non_af_016,0,XGBoost,0.0018505140906199813,0
mimic_perform_non_af_016,0,XGBoost,0.002009693533182144,0
mimic_perform_non_af_016,0,XGBoost,0.0019444922218099236,0
mimic_perform_non_af_016,0,XGBoost,0.005314319860190153,0
mimic_perform_non_af_016,0,XGBoost,0.006227022968232632,0
mimic_perform_non_af_016,0,XGBoost,0.0037122140638530254,0
mimic_perform_non_af_016,0,XGBoost,0.536551833152771,1
mimic_perform_non_af_016,0,XGBoost,0.23647356033325195,0
mimic_perform_non_af_016,0,XGBoost,0.05287057161331177,0
mimic_perform_non_af_016,0,XGBoost,0.0012333220802247524,0
mimic_perform_non_af_016,0,XGBoost,0.001989913173019886,0
mimic_perform_non_af_016,0,XGBoost,0.0026621734723448753,0
mimic_perform_non_af_016,0,XGBoost,0.004842462949454784,0
mimic_perform_non_af_016,0,XGBoost,0.0011526456801220775,0
mimic_perform_non_af_016,0,XGBoost,0.0012333220802247524,0
mimic_perform_non_af_016,0,XGBoost,0.001079562702216208,0
mimic_perform_non_af_016,0,XGBoost,0.001079562702216208,0
mimic_perform_non_af_016,0,XGBoost,0.001079562702216208,0
mimic_perform_non_af_016,0,XGBoost,0.001079562702216208,0
mimic_perform_non_af_016,0,XGBoost,0.001079562702216208,0
mimic_perform_non_af_016,0,XGBoost,0.001079562702216208,0
mimic_perform_non_af_016,0,XGBoost,0.001079562702216208,0
mimic_perform_non_af_016,0,XGBoost,0.0010273437947034836,0
mimic_perform_non_af_016,0,XGBoost,0.0010273437947034836,0
mimic_perform_non_af_016,0,XGBoost,0.0011157941771671176,0
mimic_perform_non_af_016,0,XGBoost,0.004869859199970961,0
mimic_perform_non_af_016,0,XGBoost,0.00558449886739254,0
mimic_perform_non_af_016,0,XGBoost,0.005319499410688877,0
mimic_perform_non_af_016,0,XGBoost,0.01055377908051014,0
mimic_perform_non_af_016,0,XGBoost,0.001989913173019886,0
mimic_perform_non_af_016,0,XGBoost,0.0022298828698694706,0
mimic_perform_non_af_016,0,XGBoost,0.001274707494303584,0
mimic_perform_non_af_016,0,XGBoost,0.023115819320082664,0
mimic_perform_non_af_016,0,XGBoost,0.016122089698910713,0
mimic_perform_non_af_016,0,XGBoost,0.016122089698910713,0
mimic_perform_non_af_016,0,XGBoost,0.0045022740960121155,0
mimic_perform_non_af_016,0,XGBoost,0.0019444922218099236,0
mimic_perform_non_af_016,0,XGBoost,0.008369935676455498,0
mimic_perform_non_af_016,0,XGBoost,0.007474150974303484,0
mimic_perform_non_af_016,0,XGBoost,0.008369935676455498,0
mimic_perform_non_af_016,0,XGBoost,0.0019444922218099236,0
mimic_perform_non_af_016,0,XGBoost,0.0019444922218099236,0
mimic_perform_non_af_016,0,XGBoost,0.0018505140906199813,0
mimic_perform_non_af_016,0,XGBoost,0.0037207328714430332,0
mimic_perform_non_af_016,0,XGBoost,0.004454829264432192,0
mimic_perform_non_af_016,0,XGBoost,0.009334691800177097,0
mimic_perform_non_af_016,0,XGBoost,0.006367623805999756,0
mimic_perform_non_af_016,0,XGBoost,0.002486179582774639,0
mimic_perform_non_af_016,0,XGBoost,0.002486179582774639,0
mimic_perform_non_af_016,0,XGBoost,0.001079562702216208,0
mimic_perform_non_af_016,0,XGBoost,0.001079562702216208,0
mimic_perform_non_af_016,0,XGBoost,0.001079562702216208,0
mimic_perform_non_af_016,0,XGBoost,0.016680292785167694,0
mimic_perform_non_af_016,0,XGBoost,0.016680292785167694,0
mimic_perform_non_af_016,0,XGBoost,0.016680292785167694,0
mimic_perform_non_af_016,0,XGBoost,0.0009192851721309125,0
mimic_perform_non_af_016,0,XGBoost,0.0016560157528147101,0
mimic_perform_non_af_016,0,XGBoost,0.002009693533182144,0
mimic_perform_non_af_016,0,XGBoost,0.0018505140906199813,0
mimic_perform_non_af_016,0,XGBoost,0.0010273437947034836,0
mimic_perform_non_af_016,0,XGBoost,0.005314319860190153,0
mimic_perform_non_af_016,0,XGBoost,0.01066853292286396,0
mimic_perform_non_af_016,0,XGBoost,0.00624762661755085,0
mimic_perform_non_af_016,0,XGBoost,0.030057046562433243,0
mimic_perform_non_af_016,0,XGBoost,0.017453350126743317,0
mimic_perform_non_af_016,0,XGBoost,0.005571303889155388,0
mimic_perform_non_af_016,0,XGBoost,0.005412138998508453,0
mimic_perform_non_af_016,0,XGBoost,0.022538820281624794,0
mimic_perform_non_af_016,0,XGBoost,0.0011157941771671176,0
mimic_perform_non_af_016,0,XGBoost,0.001079562702216208,0
mimic_perform_non_af_016,0,XGBoost,0.0010273437947034836,0
mimic_perform_non_af_016,0,XGBoost,0.001079562702216208,0
mimic_perform_non_af_016,0,XGBoost,0.0009192851721309125,0
mimic_perform_non_af_016,0,XGBoost,0.0009192851721309125,0
mimic_perform_non_af_016,0,XGBoost,0.0011157941771671176,0
mimic_perform_non_af_016,0,XGBoost,0.0010273437947034836,0
mimic_perform_non_af_016,0,XGBoost,0.0011157941771671176,0
mimic_perform_non_af_016,0,XGBoost,0.0011157941771671176,0
mimic_perform_non_af_016,0,XGBoost,0.0010273437947034836,0
mimic_perform_non_af_016,0,XGBoost,0.0010273437947034836,0
mimic_perform_non_af_016,0,XGBoost,0.014843957498669624,0
mimic_perform_non_af_016,0,XGBoost,0.014843957498669624,0
mimic_perform_non_af_016,0,XGBoost,0.014843957498669624,0
mimic_perform_non_af_016,0,XGBoost,0.0010273437947034836,0
mimic_perform_non_af_016,0,XGBoost,0.0010273437947034836,0
mimic_perform_non_af_016,0,XGBoost,0.0011157941771671176,0
mimic_perform_non_af_016,0,XGBoost,0.001079562702216208,0
mimic_perform_non_af_016,0,XGBoost,0.0010273437947034836,0
mimic_perform_non_af_016,0,XGBoost,0.0009192851721309125,0
mimic_perform_non_af_016,0,XGBoost,0.0009192851721309125,0
mimic_perform_non_af_016,0,XGBoost,0.0011157941771671176,0
mimic_perform_non_af_016,0,XGBoost,0.0010273437947034836,0
mimic_perform_non_af_016,0,XGBoost,0.0010273437947034836,0
mimic_perform_non_af_016,0,XGBoost,0.0011157941771671176,0
mimic_perform_non_af_016,0,XGBoost,0.0010273437947034836,0
mimic_perform_non_af_016,0,XGBoost,0.0009192851721309125,0
mimic_perform_non_af_016,0,XGBoost,0.0009192851721309125,0
mimic_perform_non_af_016,0,XGBoost,0.0009192851721309125,0
mimic_perform_non_af_016,0,XGBoost,0.0011157941771671176,0
mimic_perform_non_af_016,0,XGBoost,0.001079562702216208,0
mimic_perform_non_af_016,0,XGBoost,0.001079562702216208,0
mimic_perform_non_af_016,0,XGBoost,0.0010273437947034836,0
mimic_perform_non_af_016,0,XGBoost,0.0009192851721309125,0
mimic_perform_non_af_016,0,XGBoost,0.0010756528936326504,0
mimic_perform_non_af_016,0,XGBoost,0.0010273437947034836,0
mimic_perform_non_af_016,0,XGBoost,0.0011157941771671176,0
mimic_perform_non_af_016,0,XGBoost,0.0011157941771671176,0
mimic_perform_non_af_016,0,XGBoost,0.0011157941771671176,0
mimic_perform_non_af_016,0,XGBoost,0.0010273437947034836,0
mimic_perform_non_af_016,0,XGBoost,0.0059022800996899605,0
mimic_perform_non_af_016,0,XGBoost,0.006198412738740444,0
mimic_perform_non_af_016,0,XGBoost,0.006198412738740444,0
mimic_perform_non_af_016,0,XGBoost,0.0011157941771671176,0
mimic_perform_non_af_016,0,XGBoost,0.0010273437947034836,0
mimic_perform_non_af_016,0,XGBoost,0.0010756528936326504,0
mimic_perform_non_af_016,0,XGBoost,0.0010273437947034836,0
mimic_perform_non_af_016,0,XGBoost,0.001079562702216208,0
mimic_perform_non_af_016,0,XGBoost,0.017453350126743317,0
