record_id,status,model,prob,pred
mimic_perform_af_001,1,Logistic Regression,0.9771184245390153,1
mimic_perform_af_001,1,Logistic Regression,0.9153187273598732,1
mimic_perform_af_001,1,Logistic Regression,0.8124019256486105,1
mimic_perform_af_001,1,Logistic Regression,0.8450694194806585,1
mimic_perform_af_001,1,Logistic Regression,0.9603721903266476,1
mimic_perform_af_001,1,Logistic Regression,0.980103843241972,1
mimic_perform_af_001,1,Logistic Regression,0.9724244955165777,1
mimic_perform_af_001,1,Logistic Regression,0.9506530415586559,1
mimic_perform_af_001,1,Logistic Regression,0.944688746140669,1
mimic_perform_af_001,1,Logistic Regression,0.9352137722624748,1
mimic_perform_af_001,1,Logistic Regression,0.9545873600630885,1
mimic_perform_af_001,1,Logistic Regression,0.9183693287176469,1
mimic_perform_af_001,1,Logistic Regression,0.8871988331170269,1
mimic_perform_af_001,1,Logistic Regression,0.9290113510254394,1
mimic_perform_af_001,1,Logistic Regression,0.9436593917668495,1
mimic_perform_af_001,1,Logistic Regression,0.9633363032039737,1
mimic_perform_af_001,1,Logistic Regression,0.9738751994449041,1
mimic_perform_af_001,1,Logistic Regression,0.9715903142904667,1
mimic_perform_af_001,1,Logistic Regression,0.9796735880081766,1
mimic_perform_af_001,1,Logistic Regression,0.9252117882563595,1
mimic_perform_af_001,1,Logistic Regression,0.8958021960135355,1
mimic_perform_af_001,1,Logistic Regression,0.9237965173488727,1
mimic_perform_af_001,1,Logistic Regression,0.9392754794223983,1
mimic_perform_af_001,1,Logistic Regression,0.9464923616903979,1
mimic_perform_af_001,1,Logistic Regression,0.9321592132888397,1
mimic_perform_af_001,1,Logistic Regression,0.9669513841389076,1
mimic_perform_af_001,1,Logistic Regression,0.9294662645145644,1
mimic_perform_af_001,1,Logistic Regression,0.9732792822621862,1
mimic_perform_af_001,1,Logistic Regression,0.9547582425867049,1
mimic_perform_af_001,1,Logistic Regression,0.7256302159984703,1
mimic_perform_af_001,1,Logistic Regression,0.8873710074526721,1
mimic_perform_af_001,1,Logistic Regression,0.9269451135251756,1
mimic_perform_af_001,1,Logistic Regression,0.9562763890560333,1
mimic_perform_af_001,1,Logistic Regression,0.9088796827641952,1
mimic_perform_af_001,1,Logistic Regression,0.9213732395576146,1
mimic_perform_af_001,1,Logistic Regression,0.9469139085392447,1
mimic_perform_af_001,1,Logistic Regression,0.8718032005339877,1
mimic_perform_af_001,1,Logistic Regression,0.9462437519888317,1
mimic_perform_af_001,1,Logistic Regression,0.9468983296072896,1
mimic_perform_af_001,1,Logistic Regression,0.9583956204409905,1
mimic_perform_af_001,1,Logistic Regression,0.9282156041137105,1
mimic_perform_af_001,1,Logistic Regression,0.9537523206257827,1
mimic_perform_af_001,1,Logistic Regression,0.8828376434484136,1
mimic_perform_af_001,1,Logistic Regression,0.8539265385339837,1
mimic_perform_af_001,1,Logistic Regression,0.9332875359734705,1
mimic_perform_af_001,1,Logistic Regression,0.9557321982046079,1
mimic_perform_af_001,1,Logistic Regression,0.8810812326723823,1
mimic_perform_af_001,1,Logistic Regression,0.9221276209037863,1
mimic_perform_af_001,1,Logistic Regression,0.896182332957523,1
mimic_perform_af_001,1,Logistic Regression,0.9543797091774279,1
mimic_perform_af_001,1,Logistic Regression,0.9629647963688422,1
mimic_perform_af_001,1,Logistic Regression,0.9926073223565426,1
mimic_perform_af_001,1,Logistic Regression,0.9857613513182271,1
mimic_perform_af_001,1,Logistic Regression,0.958759966024343,1
mimic_perform_af_001,1,Logistic Regression,0.9376199240267225,1
mimic_perform_af_001,1,Logistic Regression,0.8511499318654876,1
mimic_perform_af_001,1,Logistic Regression,0.9438783269133746,1
mimic_perform_af_001,1,Logistic Regression,0.9280276334781284,1
mimic_perform_af_001,1,Logistic Regression,0.9269136386440933,1
mimic_perform_af_001,1,Logistic Regression,0.9381610665288782,1
mimic_perform_af_001,1,Logistic Regression,0.9151229884596915,1
mimic_perform_af_001,1,Logistic Regression,0.8814396619904165,1
mimic_perform_af_001,1,Logistic Regression,0.6056494517132737,1
mimic_perform_af_001,1,Logistic Regression,0.45046360164249166,0
mimic_perform_af_001,1,Logistic Regression,0.7831762187788486,1
mimic_perform_af_001,1,Logistic Regression,0.9599515909399373,1
mimic_perform_af_001,1,Logistic Regression,0.9577512643294422,1
mimic_perform_af_001,1,Logistic Regression,0.9437562878062066,1
mimic_perform_af_001,1,Logistic Regression,0.761090126032299,1
mimic_perform_af_001,1,Logistic Regression,0.8920759575358641,1
mimic_perform_af_001,1,Logistic Regression,0.7091243198974088,1
mimic_perform_af_001,1,Logistic Regression,0.9136326353384503,1
mimic_perform_af_001,1,Logistic Regression,0.805203163142136,1
mimic_perform_af_001,1,Logistic Regression,0.9319298459556593,1
mimic_perform_af_001,1,Logistic Regression,0.9369454315924212,1
mimic_perform_af_001,1,Logistic Regression,0.9621991227851692,1
mimic_perform_af_001,1,Logistic Regression,0.890435793701082,1
mimic_perform_af_001,1,Logistic Regression,0.8499576599916098,1
mimic_perform_af_001,1,Logistic Regression,0.7471175164764219,1
mimic_perform_af_001,1,Logistic Regression,0.7732227002733468,1
mimic_perform_af_001,1,Logistic Regression,0.909585356837737,1
mimic_perform_af_001,1,Logistic Regression,0.7864424269103256,1
mimic_perform_af_001,1,Logistic Regression,0.7731137243629217,1
mimic_perform_af_001,1,Logistic Regression,0.8031319324686866,1
mimic_perform_af_001,1,Logistic Regression,0.8880451715975696,1
mimic_perform_af_001,1,Logistic Regression,0.9523638092840586,1
mimic_perform_af_001,1,Logistic Regression,0.8917515705515792,1
mimic_perform_af_001,1,Logistic Regression,0.8445402338920173,1
mimic_perform_af_001,1,Logistic Regression,0.8659824282975821,1
mimic_perform_af_001,1,Logistic Regression,0.8653020248699888,1
mimic_perform_af_001,1,Logistic Regression,0.9094151294283731,1
mimic_perform_af_001,1,Logistic Regression,0.8763250801467666,1
mimic_perform_af_001,1,Logistic Regression,0.9786670256770205,1
mimic_perform_af_001,1,Logistic Regression,0.9773021955684337,1
mimic_perform_af_001,1,Logistic Regression,0.9807909139422648,1
mimic_perform_af_001,1,Logistic Regression,0.9561233975188015,1
mimic_perform_af_001,1,Logistic Regression,0.7375985701781778,1
mimic_perform_af_001,1,Logistic Regression,0.7959566183969472,1
mimic_perform_af_001,1,Logistic Regression,0.9609369309712074,1
mimic_perform_af_001,1,Logistic Regression,0.9793070360289011,1
mimic_perform_af_001,1,Logistic Regression,0.953509381298785,1
mimic_perform_af_001,1,Logistic Regression,0.9519443041444392,1
mimic_perform_af_001,1,Logistic Regression,0.9848538811056768,1
mimic_perform_af_001,1,Logistic Regression,0.9845230493676964,1
mimic_perform_af_001,1,Logistic Regression,0.9822383450200947,1
mimic_perform_af_001,1,Logistic Regression,0.9622103536457449,1
mimic_perform_af_001,1,Logistic Regression,0.9238418188854112,1
mimic_perform_af_001,1,Logistic Regression,0.9063658858859435,1
mimic_perform_af_001,1,Logistic Regression,0.9220596752584059,1
mimic_perform_af_001,1,Logistic Regression,0.9281074909789474,1
mimic_perform_af_001,1,Logistic Regression,0.9585543952696545,1
mimic_perform_af_001,1,Logistic Regression,0.9303068239230576,1
mimic_perform_af_001,1,Logistic Regression,0.977443130240896,1
mimic_perform_af_001,1,Logistic Regression,0.9700125485486752,1
mimic_perform_af_001,1,Logistic Regression,0.9797268165949812,1
mimic_perform_af_001,1,Logistic Regression,0.943958456196364,1
mimic_perform_af_001,1,Logistic Regression,0.9558280677537798,1
mimic_perform_af_001,1,Logistic Regression,0.9388368181347071,1
mimic_perform_af_002,1,Logistic Regression,0.9106703120516856,1
mimic_perform_af_002,1,Logistic Regression,0.9445017923359518,1
mimic_perform_af_002,1,Logistic Regression,0.8606652417679186,1
mimic_perform_af_002,1,Logistic Regression,0.960300193778269,1
mimic_perform_af_002,1,Logistic Regression,0.9762103862325503,1
mimic_perform_af_002,1,Logistic Regression,0.9542086545957603,1
mimic_perform_af_002,1,Logistic Regression,0.9538492269115287,1
mimic_perform_af_002,1,Logistic Regression,0.9479486293983741,1
mimic_perform_af_002,1,Logistic Regression,0.9191805701338551,1
mimic_perform_af_002,1,Logistic Regression,0.8733832117214446,1
mimic_perform_af_002,1,Logistic Regression,0.967212871162706,1
mimic_perform_af_002,1,Logistic Regression,0.9783678314397446,1
mimic_perform_af_002,1,Logistic Regression,0.977852303939342,1
mimic_perform_af_002,1,Logistic Regression,0.9628505724426512,1
mimic_perform_af_002,1,Logistic Regression,0.8442695520247998,1
mimic_perform_af_002,1,Logistic Regression,0.5839182498977353,1
mimic_perform_af_002,1,Logistic Regression,0.5651088038568601,1
mimic_perform_af_002,1,Logistic Regression,0.7140549759928344,1
mimic_perform_af_002,1,Logistic Regression,0.8797161861428799,1
mimic_perform_af_002,1,Logistic Regression,0.8949796420495255,1
mimic_perform_af_002,1,Logistic Regression,0.8229863976600555,1
mimic_perform_af_002,1,Logistic Regression,0.9360616652686622,1
mimic_perform_af_002,1,Logistic Regression,0.954445991897624,1
mimic_perform_af_002,1,Logistic Regression,0.9002427849689579,1
mimic_perform_af_002,1,Logistic Regression,0.7013944351969479,1
mimic_perform_af_002,1,Logistic Regression,0.4499951889725831,0
mimic_perform_af_002,1,Logistic Regression,0.896792759769071,1
mimic_perform_af_002,1,Logistic Regression,0.9678191647054085,1
mimic_perform_af_002,1,Logistic Regression,0.9456186131260864,1
mimic_perform_af_002,1,Logistic Regression,0.9180432160628046,1
mimic_perform_af_002,1,Logistic Regression,0.9323732939473267,1
mimic_perform_af_002,1,Logistic Regression,0.9288547489779339,1
mimic_perform_af_002,1,Logistic Regression,0.8002021985248501,1
mimic_perform_af_002,1,Logistic Regression,0.8736838703526247,1
mimic_perform_af_002,1,Logistic Regression,0.948695866877882,1
mimic_perform_af_002,1,Logistic Regression,0.8525103218390003,1
mimic_perform_af_002,1,Logistic Regression,0.8509921585236955,1
mimic_perform_af_002,1,Logistic Regression,0.8216499952225986,1
mimic_perform_af_002,1,Logistic Regression,0.7362563761509513,1
mimic_perform_af_002,1,Logistic Regression,0.6990301489440596,1
mimic_perform_af_002,1,Logistic Regression,0.887118103053337,1
mimic_perform_af_002,1,Logistic Regression,0.9419512305264455,1
mimic_perform_af_002,1,Logistic Regression,0.9449152728301339,1
mimic_perform_af_002,1,Logistic Regression,0.9424809079116204,1
mimic_perform_af_002,1,Logistic Regression,0.9515162747506879,1
mimic_perform_af_002,1,Logistic Regression,0.9667427162084848,1
mimic_perform_af_002,1,Logistic Regression,0.9489849962558125,1
mimic_perform_af_002,1,Logistic Regression,0.9805804752508709,1
mimic_perform_af_002,1,Logistic Regression,0.9662545738467734,1
mimic_perform_af_002,1,Logistic Regression,0.9715591344616024,1
mimic_perform_af_002,1,Logistic Regression,0.9435402087035993,1
mimic_perform_af_002,1,Logistic Regression,0.9803888486340904,1
mimic_perform_af_002,1,Logistic Regression,0.9818835532609335,1
mimic_perform_af_002,1,Logistic Regression,0.9868660268146803,1
mimic_perform_af_002,1,Logistic Regression,0.9209203906694404,1
mimic_perform_af_002,1,Logistic Regression,0.8697107278330181,1
mimic_perform_af_002,1,Logistic Regression,0.9049046414180664,1
mimic_perform_af_002,1,Logistic Regression,0.9076798904135153,1
mimic_perform_af_002,1,Logistic Regression,0.8260432248067745,1
mimic_perform_af_002,1,Logistic Regression,0.8708779208090054,1
mimic_perform_af_002,1,Logistic Regression,0.9210993367770228,1
mimic_perform_af_002,1,Logistic Regression,0.9665987443387717,1
mimic_perform_af_002,1,Logistic Regression,0.977920385240077,1
mimic_perform_af_002,1,Logistic Regression,0.8558406600347337,1
mimic_perform_af_002,1,Logistic Regression,0.8825947157919862,1
mimic_perform_af_002,1,Logistic Regression,0.8334306899889822,1
mimic_perform_af_002,1,Logistic Regression,0.9555030035220209,1
mimic_perform_af_002,1,Logistic Regression,0.8113415457645797,1
mimic_perform_af_002,1,Logistic Regression,0.8067348227808995,1
mimic_perform_af_002,1,Logistic Regression,0.6986831213530438,1
mimic_perform_af_002,1,Logistic Regression,0.8515646783827855,1
mimic_perform_af_002,1,Logistic Regression,0.7970731577203652,1
mimic_perform_af_002,1,Logistic Regression,0.9260975459064568,1
mimic_perform_af_002,1,Logistic Regression,0.8423322641056782,1
mimic_perform_af_002,1,Logistic Regression,0.8418220222196527,1
mimic_perform_af_002,1,Logistic Regression,0.7312029407554063,1
mimic_perform_af_002,1,Logistic Regression,0.747109792713524,1
mimic_perform_af_002,1,Logistic Regression,0.8990260563457919,1
mimic_perform_af_002,1,Logistic Regression,0.82991264733762,1
mimic_perform_af_002,1,Logistic Regression,0.9573974571647637,1
mimic_perform_af_002,1,Logistic Regression,0.9578285090172176,1
mimic_perform_af_002,1,Logistic Regression,0.977358334189549,1
mimic_perform_af_002,1,Logistic Regression,0.9675841427574391,1
mimic_perform_af_002,1,Logistic Regression,0.9379981868181849,1
mimic_perform_af_002,1,Logistic Regression,0.9429530258013499,1
mimic_perform_af_002,1,Logistic Regression,0.972523884521476,1
mimic_perform_af_002,1,Logistic Regression,0.9462143346845436,1
mimic_perform_af_002,1,Logistic Regression,0.9223805049060653,1
mimic_perform_af_002,1,Logistic Regression,0.9445511219732003,1
mimic_perform_af_002,1,Logistic Regression,0.9227242112297998,1
mimic_perform_af_002,1,Logistic Regression,0.9057391095014078,1
mimic_perform_af_002,1,Logistic Regression,0.8597122088110675,1
mimic_perform_af_002,1,Logistic Regression,0.5848470711193177,1
mimic_perform_af_002,1,Logistic Regression,0.8266883389301666,1
mimic_perform_af_002,1,Logistic Regression,0.8092271503519785,1
mimic_perform_af_002,1,Logistic Regression,0.9684469951344759,1
mimic_perform_af_002,1,Logistic Regression,0.9257782452458038,1
mimic_perform_af_002,1,Logistic Regression,0.8934594405485107,1
mimic_perform_af_002,1,Logistic Regression,0.8959899853558219,1
mimic_perform_af_002,1,Logistic Regression,0.8588349767592438,1
mimic_perform_af_002,1,Logistic Regression,0.9492022947419619,1
mimic_perform_af_002,1,Logistic Regression,0.8028073334015198,1
mimic_perform_af_002,1,Logistic Regression,0.8647514183027906,1
mimic_perform_af_002,1,Logistic Regression,0.7632579267906097,1
mimic_perform_af_002,1,Logistic Regression,0.7742394789766277,1
mimic_perform_af_002,1,Logistic Regression,0.9174598707191239,1
mimic_perform_af_002,1,Logistic Regression,0.9479095247472217,1
mimic_perform_af_002,1,Logistic Regression,0.9225915008223882,1
mimic_perform_af_002,1,Logistic Regression,0.9513622862191001,1
mimic_perform_af_002,1,Logistic Regression,0.8873222274582856,1
mimic_perform_af_002,1,Logistic Regression,0.8664646621427073,1
mimic_perform_af_002,1,Logistic Regression,0.6288646185679858,1
mimic_perform_af_002,1,Logistic Regression,0.900139219701911,1
mimic_perform_af_002,1,Logistic Regression,0.8056111925628772,1
mimic_perform_af_002,1,Logistic Regression,0.8533162875129952,1
mimic_perform_af_002,1,Logistic Regression,0.8580998796397299,1
mimic_perform_af_002,1,Logistic Regression,0.6167036506923651,1
mimic_perform_af_002,1,Logistic Regression,0.8177765933952572,1
mimic_perform_af_003,1,Logistic Regression,0.9381963576960834,1
mimic_perform_af_003,1,Logistic Regression,0.924367239456686,1
mimic_perform_af_003,1,Logistic Regression,0.9214155859171435,1
mimic_perform_af_003,1,Logistic Regression,0.9463072382432149,1
mimic_perform_af_003,1,Logistic Regression,0.9537640463566711,1
mimic_perform_af_003,1,Logistic Regression,0.9751892522858956,1
mimic_perform_af_003,1,Logistic Regression,0.9242993560943192,1
mimic_perform_af_003,1,Logistic Regression,0.9001380370556017,1
mimic_perform_af_003,1,Logistic Regression,0.816031184284279,1
mimic_perform_af_003,1,Logistic Regression,0.9429574788070676,1
mimic_perform_af_003,1,Logistic Regression,0.9411787786529638,1
mimic_perform_af_003,1,Logistic Regression,0.9709049905817222,1
mimic_perform_af_003,1,Logistic Regression,0.798195138433752,1
mimic_perform_af_003,1,Logistic Regression,0.8626258699802466,1
mimic_perform_af_003,1,Logistic Regression,0.8533211753063733,1
mimic_perform_af_003,1,Logistic Regression,0.9612879436726269,1
mimic_perform_af_003,1,Logistic Regression,0.8919662226539266,1
mimic_perform_af_003,1,Logistic Regression,0.9445934038328444,1
mimic_perform_af_003,1,Logistic Regression,0.8207613561036017,1
mimic_perform_af_003,1,Logistic Regression,0.7233850168714497,1
mimic_perform_af_003,1,Logistic Regression,0.4499550599673611,0
mimic_perform_af_003,1,Logistic Regression,0.7445545724167765,1
mimic_perform_af_003,1,Logistic Regression,0.9440875129151722,1
mimic_perform_af_003,1,Logistic Regression,0.9117867121119185,1
mimic_perform_af_003,1,Logistic Regression,0.9315486157976567,1
mimic_perform_af_003,1,Logistic Regression,0.9221044796151686,1
mimic_perform_af_003,1,Logistic Regression,0.9375638185730876,1
mimic_perform_af_003,1,Logistic Regression,0.8370445657939651,1
mimic_perform_af_003,1,Logistic Regression,0.7031613951415782,1
mimic_perform_af_003,1,Logistic Regression,0.4132711793876247,0
mimic_perform_af_003,1,Logistic Regression,0.8086718989814419,1
mimic_perform_af_003,1,Logistic Regression,0.947325894346646,1
mimic_perform_af_003,1,Logistic Regression,0.9492861049127512,1
mimic_perform_af_003,1,Logistic Regression,0.9378685259108198,1
mimic_perform_af_003,1,Logistic Regression,0.8707837994247775,1
mimic_perform_af_003,1,Logistic Regression,0.880142217948538,1
mimic_perform_af_003,1,Logistic Regression,0.8960805969059626,1
mimic_perform_af_003,1,Logistic Regression,0.937451557582524,1
mimic_perform_af_003,1,Logistic Regression,0.813249290927164,1
mimic_perform_af_003,1,Logistic Regression,0.8038294592872521,1
mimic_perform_af_003,1,Logistic Regression,0.6525941460581146,1
mimic_perform_af_003,1,Logistic Regression,0.8600424371220338,1
mimic_perform_af_003,1,Logistic Regression,0.8385120602541573,1
mimic_perform_af_003,1,Logistic Regression,0.9575903878836973,1
mimic_perform_af_003,1,Logistic Regression,0.97689768146776,1
mimic_perform_af_003,1,Logistic Regression,0.9591204894366449,1
mimic_perform_af_003,1,Logistic Regression,0.9047262115224307,1
mimic_perform_af_003,1,Logistic Regression,0.9422704048768296,1
mimic_perform_af_003,1,Logistic Regression,0.8571150953281631,1
mimic_perform_af_003,1,Logistic Regression,0.8766749124608364,1
mimic_perform_af_003,1,Logistic Regression,0.7730289692734359,1
mimic_perform_af_003,1,Logistic Regression,0.45773883572400026,0
mimic_perform_af_003,1,Logistic Regression,0.7126343496516667,1
mimic_perform_af_003,1,Logistic Regression,0.7472489429051313,1
mimic_perform_af_003,1,Logistic Regression,0.9634586475064365,1
mimic_perform_af_003,1,Logistic Regression,0.8882683842799054,1
mimic_perform_af_003,1,Logistic Regression,0.8436487332688368,1
mimic_perform_af_003,1,Logistic Regression,0.7397232067863567,1
mimic_perform_af_003,1,Logistic Regression,0.7706654884140569,1
mimic_perform_af_003,1,Logistic Regression,0.9320586029983813,1
mimic_perform_af_003,1,Logistic Regression,0.7835122944039449,1
mimic_perform_af_003,1,Logistic Regression,0.8830429234010286,1
mimic_perform_af_003,1,Logistic Regression,0.8257318434995631,1
mimic_perform_af_003,1,Logistic Regression,0.8647972814417814,1
mimic_perform_af_003,1,Logistic Regression,0.7125334445827759,1
mimic_perform_af_003,1,Logistic Regression,0.8656323974606078,1
mimic_perform_af_003,1,Logistic Regression,0.7916765154294653,1
mimic_perform_af_003,1,Logistic Regression,0.8462465456365318,1
mimic_perform_af_003,1,Logistic Regression,0.859262994579255,1
mimic_perform_af_003,1,Logistic Regression,0.9248356651261435,1
mimic_perform_af_003,1,Logistic Regression,0.9593052768820259,1
mimic_perform_af_003,1,Logistic Regression,0.9240404358252186,1
mimic_perform_af_003,1,Logistic Regression,0.8948843484812075,1
mimic_perform_af_003,1,Logistic Regression,0.8480868884337133,1
mimic_perform_af_003,1,Logistic Regression,0.7521795592626059,1
mimic_perform_af_003,1,Logistic Regression,0.8231572781338569,1
mimic_perform_af_003,1,Logistic Regression,0.8378416107582687,1
mimic_perform_af_003,1,Logistic Regression,0.6820104442244295,1
mimic_perform_af_003,1,Logistic Regression,0.9272662829328746,1
mimic_perform_af_003,1,Logistic Regression,0.8726031610978604,1
mimic_perform_af_003,1,Logistic Regression,0.9175594712205255,1
mimic_perform_af_003,1,Logistic Regression,0.9025703012189645,1
mimic_perform_af_003,1,Logistic Regression,0.8455042251587616,1
mimic_perform_af_003,1,Logistic Regression,0.918842141424181,1
mimic_perform_af_003,1,Logistic Regression,0.8355971702306133,1
mimic_perform_af_003,1,Logistic Regression,0.912785426316159,1
mimic_perform_af_003,1,Logistic Regression,0.886513651011282,1
mimic_perform_af_003,1,Logistic Regression,0.7414146589631246,1
mimic_perform_af_003,1,Logistic Regression,0.8019711419512586,1
mimic_perform_af_003,1,Logistic Regression,0.6585006998758941,1
mimic_perform_af_003,1,Logistic Regression,0.78297410645908,1
mimic_perform_af_003,1,Logistic Regression,0.8645472547655472,1
mimic_perform_af_003,1,Logistic Regression,0.9342678620961858,1
mimic_perform_af_003,1,Logistic Regression,0.9245511565765826,1
mimic_perform_af_003,1,Logistic Regression,0.8488574571009293,1
mimic_perform_af_003,1,Logistic Regression,0.8559637753299498,1
mimic_perform_af_003,1,Logistic Regression,0.5117827148907662,1
mimic_perform_af_003,1,Logistic Regression,0.5596062917623195,1
mimic_perform_af_003,1,Logistic Regression,0.7663269658631133,1
mimic_perform_af_003,1,Logistic Regression,0.7735211319102994,1
mimic_perform_af_003,1,Logistic Regression,0.6937325112008698,1
mimic_perform_af_003,1,Logistic Regression,0.7825516564298736,1
mimic_perform_af_003,1,Logistic Regression,0.8971121972055472,1
mimic_perform_af_003,1,Logistic Regression,0.9723863815964874,1
mimic_perform_af_003,1,Logistic Regression,0.9501588408152772,1
mimic_perform_af_003,1,Logistic Regression,0.9387090541572817,1
mimic_perform_af_003,1,Logistic Regression,0.8154906606354471,1
mimic_perform_af_003,1,Logistic Regression,0.6933703201365091,1
mimic_perform_af_003,1,Logistic Regression,0.7060626153331274,1
mimic_perform_af_003,1,Logistic Regression,0.7299471715559248,1
mimic_perform_af_003,1,Logistic Regression,0.6684916538088379,1
mimic_perform_af_003,1,Logistic Regression,0.740991181971457,1
mimic_perform_af_003,1,Logistic Regression,0.7537475152813857,1
mimic_perform_af_003,1,Logistic Regression,0.8423624440559953,1
mimic_perform_af_003,1,Logistic Regression,0.8916783281949129,1
mimic_perform_af_003,1,Logistic Regression,0.9656647826384759,1
mimic_perform_af_003,1,Logistic Regression,0.940195037649838,1
mimic_perform_af_003,1,Logistic Regression,0.8650455126047693,1
mimic_perform_af_004,1,Logistic Regression,0.843601299424139,1
mimic_perform_af_004,1,Logistic Regression,0.9510671401027941,1
mimic_perform_af_004,1,Logistic Regression,0.866911977191559,1
mimic_perform_af_004,1,Logistic Regression,0.43309847429063375,0
mimic_perform_af_004,1,Logistic Regression,0.2905656355075665,0
mimic_perform_af_004,1,Logistic Regression,0.23464821245409515,0
mimic_perform_af_004,1,Logistic Regression,0.7512309810280771,1
mimic_perform_af_004,1,Logistic Regression,0.8147331492953478,1
mimic_perform_af_004,1,Logistic Regression,0.8647359330206992,1
mimic_perform_af_004,1,Logistic Regression,0.8125753775125582,1
mimic_perform_af_004,1,Logistic Regression,0.4832900687719885,0
mimic_perform_af_004,1,Logistic Regression,0.6224562833422814,1
mimic_perform_af_004,1,Logistic Regression,0.38472893363251914,0
mimic_perform_af_004,1,Logistic Regression,0.8860171502008887,1
mimic_perform_af_004,1,Logistic Regression,0.7956223158319525,1
mimic_perform_af_004,1,Logistic Regression,0.6643258480460609,1
mimic_perform_af_004,1,Logistic Regression,0.7235866044114335,1
mimic_perform_af_004,1,Logistic Regression,0.8410245307765254,1
mimic_perform_af_004,1,Logistic Regression,0.7136279205855788,1
mimic_perform_af_004,1,Logistic Regression,0.753249757572371,1
mimic_perform_af_004,1,Logistic Regression,0.8302827217522583,1
mimic_perform_af_004,1,Logistic Regression,0.9138586443850273,1
mimic_perform_af_004,1,Logistic Regression,0.9528296817879105,1
mimic_perform_af_004,1,Logistic Regression,0.9444515154171302,1
mimic_perform_af_004,1,Logistic Regression,0.9224978928832286,1
mimic_perform_af_004,1,Logistic Regression,0.975964559189387,1
mimic_perform_af_004,1,Logistic Regression,0.9420349807311909,1
mimic_perform_af_004,1,Logistic Regression,0.8850537582697899,1
mimic_perform_af_004,1,Logistic Regression,0.3095932669854827,0
mimic_perform_af_004,1,Logistic Regression,0.7069105525110961,1
mimic_perform_af_004,1,Logistic Regression,0.5945979316571398,1
mimic_perform_af_004,1,Logistic Regression,0.847708760049728,1
mimic_perform_af_004,1,Logistic Regression,0.7736327756786544,1
mimic_perform_af_004,1,Logistic Regression,0.6954893605973076,1
mimic_perform_af_004,1,Logistic Regression,0.8571523853100018,1
mimic_perform_af_004,1,Logistic Regression,0.9111072703037554,1
mimic_perform_af_004,1,Logistic Regression,0.9707014050400511,1
mimic_perform_af_004,1,Logistic Regression,0.8607475714489515,1
mimic_perform_af_004,1,Logistic Regression,0.8501903915426213,1
mimic_perform_af_004,1,Logistic Regression,0.8729076627003202,1
mimic_perform_af_004,1,Logistic Regression,0.9571253719582371,1
mimic_perform_af_004,1,Logistic Regression,0.982064183515475,1
mimic_perform_af_004,1,Logistic Regression,0.9637345590728607,1
mimic_perform_af_004,1,Logistic Regression,0.9274642071525051,1
mimic_perform_af_004,1,Logistic Regression,0.920898733237754,1
mimic_perform_af_004,1,Logistic Regression,0.918440406477127,1
mimic_perform_af_004,1,Logistic Regression,0.9403115620663249,1
mimic_perform_af_004,1,Logistic Regression,0.9612255817087709,1
mimic_perform_af_004,1,Logistic Regression,0.956570212389132,1
mimic_perform_af_004,1,Logistic Regression,0.9812933691722001,1
mimic_perform_af_004,1,Logistic Regression,0.8710209279436189,1
mimic_perform_af_004,1,Logistic Regression,0.853322805322631,1
mimic_perform_af_004,1,Logistic Regression,0.8344680859125666,1
mimic_perform_af_004,1,Logistic Regression,0.9432182417809318,1
mimic_perform_af_004,1,Logistic Regression,0.9459309660714251,1
mimic_perform_af_004,1,Logistic Regression,0.9749745386070258,1
mimic_perform_af_004,1,Logistic Regression,0.9711931201502102,1
mimic_perform_af_004,1,Logistic Regression,0.9686341528263865,1
mimic_perform_af_004,1,Logistic Regression,0.9264976371960364,1
mimic_perform_af_004,1,Logistic Regression,0.9262257322774289,1
mimic_perform_af_004,1,Logistic Regression,0.9117026245658701,1
mimic_perform_af_004,1,Logistic Regression,0.8470985452891003,1
mimic_perform_af_004,1,Logistic Regression,0.723177979137234,1
mimic_perform_af_004,1,Logistic Regression,0.5906965936668594,1
mimic_perform_af_004,1,Logistic Regression,0.8043545721591556,1
mimic_perform_af_004,1,Logistic Regression,0.8164389549696647,1
mimic_perform_af_004,1,Logistic Regression,0.7815115637828983,1
mimic_perform_af_004,1,Logistic Regression,0.4570905929060577,0
mimic_perform_af_004,1,Logistic Regression,0.525832854267761,1
mimic_perform_af_004,1,Logistic Regression,0.8540196248160808,1
mimic_perform_af_004,1,Logistic Regression,0.9224231137635298,1
mimic_perform_af_004,1,Logistic Regression,0.9114432753564939,1
mimic_perform_af_004,1,Logistic Regression,0.8829089337044658,1
mimic_perform_af_004,1,Logistic Regression,0.8583607355937198,1
mimic_perform_af_004,1,Logistic Regression,0.7667988855650875,1
mimic_perform_af_004,1,Logistic Regression,0.7028436313252594,1
mimic_perform_af_004,1,Logistic Regression,0.8637556461657231,1
mimic_perform_af_004,1,Logistic Regression,0.9145659457651897,1
mimic_perform_af_004,1,Logistic Regression,0.9895845119885347,1
mimic_perform_af_004,1,Logistic Regression,0.9539157536884577,1
mimic_perform_af_004,1,Logistic Regression,0.9706657217266982,1
mimic_perform_af_004,1,Logistic Regression,0.8919033365323977,1
mimic_perform_af_004,1,Logistic Regression,0.9647513767753769,1
mimic_perform_af_004,1,Logistic Regression,0.9326821642048855,1
mimic_perform_af_004,1,Logistic Regression,0.987369153701985,1
mimic_perform_af_004,1,Logistic Regression,0.9899648012985078,1
mimic_perform_af_004,1,Logistic Regression,0.9937524362916378,1
mimic_perform_af_004,1,Logistic Regression,0.9839398327707866,1
mimic_perform_af_004,1,Logistic Regression,0.9741288731722899,1
mimic_perform_af_004,1,Logistic Regression,0.9819849483821764,1
mimic_perform_af_004,1,Logistic Regression,0.9770904223256436,1
mimic_perform_af_004,1,Logistic Regression,0.984238084721714,1
mimic_perform_af_004,1,Logistic Regression,0.9461606559169365,1
mimic_perform_af_004,1,Logistic Regression,0.9445785666722688,1
mimic_perform_af_004,1,Logistic Regression,0.9349184646658445,1
mimic_perform_af_004,1,Logistic Regression,0.832775834972324,1
mimic_perform_af_004,1,Logistic Regression,0.7683538773863993,1
mimic_perform_af_004,1,Logistic Regression,0.9201483820687947,1
mimic_perform_af_004,1,Logistic Regression,0.9607214047541517,1
mimic_perform_af_004,1,Logistic Regression,0.8547984564214895,1
mimic_perform_af_004,1,Logistic Regression,0.7973600293120955,1
mimic_perform_af_004,1,Logistic Regression,0.7964120935549067,1
mimic_perform_af_004,1,Logistic Regression,0.7716265211784977,1
mimic_perform_af_004,1,Logistic Regression,0.759573836755759,1
mimic_perform_af_004,1,Logistic Regression,0.7383492320989815,1
mimic_perform_af_004,1,Logistic Regression,0.6050765473537879,1
mimic_perform_af_004,1,Logistic Regression,0.3188827298061007,0
mimic_perform_af_004,1,Logistic Regression,0.6386653171501382,1
mimic_perform_af_004,1,Logistic Regression,0.7434445605824908,1
mimic_perform_af_004,1,Logistic Regression,0.9010035288879888,1
mimic_perform_af_004,1,Logistic Regression,0.8742227654866586,1
mimic_perform_af_004,1,Logistic Regression,0.8224536249811225,1
mimic_perform_af_004,1,Logistic Regression,0.7585020453147063,1
mimic_perform_af_004,1,Logistic Regression,0.9073360841890766,1
mimic_perform_af_004,1,Logistic Regression,0.9054059117700355,1
mimic_perform_af_004,1,Logistic Regression,0.7848128597750998,1
mimic_perform_af_004,1,Logistic Regression,0.9044489089747483,1
mimic_perform_af_004,1,Logistic Regression,0.8837513705291331,1
mimic_perform_af_005,1,Logistic Regression,0.5419786193451326,1
mimic_perform_af_005,1,Logistic Regression,0.8361595707186835,1
mimic_perform_af_005,1,Logistic Regression,0.8372849117376892,1
mimic_perform_af_005,1,Logistic Regression,0.9438730434172481,1
mimic_perform_af_005,1,Logistic Regression,0.851415563134886,1
mimic_perform_af_005,1,Logistic Regression,0.6384034327669806,1
mimic_perform_af_005,1,Logistic Regression,0.7343195616102788,1
mimic_perform_af_005,1,Logistic Regression,0.7994136321864738,1
mimic_perform_af_005,1,Logistic Regression,0.6297673514875196,1
mimic_perform_af_005,1,Logistic Regression,0.816157500909426,1
mimic_perform_af_005,1,Logistic Regression,0.857405367669318,1
mimic_perform_af_005,1,Logistic Regression,0.9510339728742165,1
mimic_perform_af_005,1,Logistic Regression,0.8499076946396982,1
mimic_perform_af_005,1,Logistic Regression,0.6202448107991926,1
mimic_perform_af_005,1,Logistic Regression,0.6424738451613248,1
mimic_perform_af_005,1,Logistic Regression,0.5390189623486361,1
mimic_perform_af_005,1,Logistic Regression,0.7282350625249359,1
mimic_perform_af_005,1,Logistic Regression,0.9146584065215608,1
mimic_perform_af_005,1,Logistic Regression,0.6701578798324802,1
mimic_perform_af_005,1,Logistic Regression,0.8282094093414012,1
mimic_perform_af_005,1,Logistic Regression,0.8879292374190024,1
mimic_perform_af_005,1,Logistic Regression,0.8212972807980121,1
mimic_perform_af_005,1,Logistic Regression,0.712118338270069,1
mimic_perform_af_005,1,Logistic Regression,0.9262783076727958,1
mimic_perform_af_005,1,Logistic Regression,0.8681630802169183,1
mimic_perform_af_005,1,Logistic Regression,0.9434121624503773,1
mimic_perform_af_005,1,Logistic Regression,0.9196698044257151,1
mimic_perform_af_005,1,Logistic Regression,0.8642927790513952,1
mimic_perform_af_005,1,Logistic Regression,0.757156572465225,1
mimic_perform_af_005,1,Logistic Regression,0.6710385888608581,1
mimic_perform_af_005,1,Logistic Regression,0.7689165715483127,1
mimic_perform_af_005,1,Logistic Regression,0.9352118194400162,1
mimic_perform_af_005,1,Logistic Regression,0.8868782005004204,1
mimic_perform_af_005,1,Logistic Regression,0.9118067700489446,1
mimic_perform_af_005,1,Logistic Regression,0.7907220081910861,1
mimic_perform_af_005,1,Logistic Regression,0.9524228877448033,1
mimic_perform_af_005,1,Logistic Regression,0.9421819721830237,1
mimic_perform_af_005,1,Logistic Regression,0.9344437753853783,1
mimic_perform_af_005,1,Logistic Regression,0.8209018337358758,1
mimic_perform_af_005,1,Logistic Regression,0.8647940694451838,1
mimic_perform_af_005,1,Logistic Regression,0.9044734172038631,1
mimic_perform_af_005,1,Logistic Regression,0.9615643699936582,1
mimic_perform_af_005,1,Logistic Regression,0.9025843795540667,1
mimic_perform_af_005,1,Logistic Regression,0.889839750905823,1
mimic_perform_af_005,1,Logistic Regression,0.7917617689395755,1
mimic_perform_af_005,1,Logistic Regression,0.7584165062389183,1
mimic_perform_af_005,1,Logistic Regression,0.6667579699769207,1
mimic_perform_af_005,1,Logistic Regression,0.27537147920146543,0
mimic_perform_af_005,1,Logistic Regression,0.31076021499485057,0
mimic_perform_af_005,1,Logistic Regression,0.42701699381481756,0
mimic_perform_af_005,1,Logistic Regression,0.6057657191495986,1
mimic_perform_af_005,1,Logistic Regression,0.894079058223813,1
mimic_perform_af_005,1,Logistic Regression,0.7673140042063484,1
mimic_perform_af_005,1,Logistic Regression,0.8945111344921893,1
mimic_perform_af_005,1,Logistic Regression,0.8763047409397486,1
mimic_perform_af_005,1,Logistic Regression,0.9155866981104329,1
mimic_perform_af_005,1,Logistic Regression,0.8396061540413889,1
mimic_perform_af_005,1,Logistic Regression,0.7918242193976073,1
mimic_perform_af_005,1,Logistic Regression,0.8500418169552337,1
mimic_perform_af_005,1,Logistic Regression,0.7694181135721276,1
mimic_perform_af_005,1,Logistic Regression,0.9351888665859458,1
mimic_perform_af_005,1,Logistic Regression,0.8606343237395393,1
mimic_perform_af_005,1,Logistic Regression,0.9024902185730173,1
mimic_perform_af_005,1,Logistic Regression,0.9363104385291475,1
mimic_perform_af_005,1,Logistic Regression,0.8769946219733374,1
mimic_perform_af_005,1,Logistic Regression,0.6149273571374263,1
mimic_perform_af_005,1,Logistic Regression,0.6433656164249237,1
mimic_perform_af_005,1,Logistic Regression,0.7605574396639999,1
mimic_perform_af_005,1,Logistic Regression,0.48821644022391014,0
mimic_perform_af_005,1,Logistic Regression,0.8291150818179116,1
mimic_perform_af_005,1,Logistic Regression,0.7740371992675342,1
mimic_perform_af_005,1,Logistic Regression,0.8877471292609466,1
mimic_perform_af_005,1,Logistic Regression,0.9372720643056615,1
mimic_perform_af_005,1,Logistic Regression,0.6931827650471224,1
mimic_perform_af_005,1,Logistic Regression,0.8866287485855996,1
mimic_perform_af_005,1,Logistic Regression,0.8271174047597494,1
mimic_perform_af_005,1,Logistic Regression,0.8321263755818532,1
mimic_perform_af_005,1,Logistic Regression,0.8240969072873015,1
mimic_perform_af_005,1,Logistic Regression,0.7537500272097647,1
mimic_perform_af_005,1,Logistic Regression,0.7291160458930189,1
mimic_perform_af_005,1,Logistic Regression,0.6496684662154891,1
mimic_perform_af_005,1,Logistic Regression,0.19811245702918415,0
mimic_perform_af_005,1,Logistic Regression,0.3670675140563416,0
mimic_perform_af_005,1,Logistic Regression,0.7201852140962585,1
mimic_perform_af_005,1,Logistic Regression,0.8069942754765715,1
mimic_perform_af_005,1,Logistic Regression,0.8251443915850931,1
mimic_perform_af_005,1,Logistic Regression,0.7881375389743915,1
mimic_perform_af_005,1,Logistic Regression,0.8115632273041283,1
mimic_perform_af_005,1,Logistic Regression,0.702265753895283,1
mimic_perform_af_005,1,Logistic Regression,0.7040505006728931,1
mimic_perform_af_005,1,Logistic Regression,0.8150992417228298,1
mimic_perform_af_005,1,Logistic Regression,0.8184397234479547,1
mimic_perform_af_005,1,Logistic Regression,0.9079624578878819,1
mimic_perform_af_005,1,Logistic Regression,0.6452732595397928,1
mimic_perform_af_005,1,Logistic Regression,0.5694335019437208,1
mimic_perform_af_005,1,Logistic Regression,0.8506170091614588,1
mimic_perform_af_005,1,Logistic Regression,0.7890210989011358,1
mimic_perform_af_005,1,Logistic Regression,0.8126003580166833,1
mimic_perform_af_005,1,Logistic Regression,0.8959638084272523,1
mimic_perform_af_005,1,Logistic Regression,0.6811049959778022,1
mimic_perform_af_005,1,Logistic Regression,0.8874684420715288,1
mimic_perform_af_005,1,Logistic Regression,0.7392973154302878,1
mimic_perform_af_005,1,Logistic Regression,0.8779200151963555,1
mimic_perform_af_005,1,Logistic Regression,0.6290806502315492,1
mimic_perform_af_005,1,Logistic Regression,0.7662295129608939,1
mimic_perform_af_005,1,Logistic Regression,0.8099778715506785,1
mimic_perform_af_005,1,Logistic Regression,0.8641989925051304,1
mimic_perform_af_005,1,Logistic Regression,0.9167214789960091,1
mimic_perform_af_005,1,Logistic Regression,0.904206368394484,1
mimic_perform_af_005,1,Logistic Regression,0.817417084445931,1
mimic_perform_af_005,1,Logistic Regression,0.7912693417533941,1
mimic_perform_af_005,1,Logistic Regression,0.6817582914891644,1
mimic_perform_af_005,1,Logistic Regression,0.877942762181472,1
mimic_perform_af_005,1,Logistic Regression,0.7222151562609022,1
mimic_perform_af_005,1,Logistic Regression,0.8462105626162424,1
mimic_perform_af_005,1,Logistic Regression,0.9210003180578656,1
mimic_perform_af_005,1,Logistic Regression,0.9542625691394369,1
mimic_perform_af_005,1,Logistic Regression,0.8919160145050974,1
mimic_perform_af_006,1,Logistic Regression,0.9955342047410956,1
mimic_perform_af_006,1,Logistic Regression,0.9353935244173541,1
mimic_perform_af_006,1,Logistic Regression,0.9228021528541862,1
mimic_perform_af_006,1,Logistic Regression,0.903722337640754,1
mimic_perform_af_006,1,Logistic Regression,0.9935924879695256,1
mimic_perform_af_006,1,Logistic Regression,0.9860856577559673,1
mimic_perform_af_006,1,Logistic Regression,0.9785179174475254,1
mimic_perform_af_006,1,Logistic Regression,0.9761869627800185,1
mimic_perform_af_006,1,Logistic Regression,0.9828865274763053,1
mimic_perform_af_006,1,Logistic Regression,0.982822733318736,1
mimic_perform_af_006,1,Logistic Regression,0.9798091659426316,1
mimic_perform_af_006,1,Logistic Regression,0.9350759984055559,1
mimic_perform_af_006,1,Logistic Regression,0.9500488317171185,1
mimic_perform_af_006,1,Logistic Regression,0.9846209520524655,1
mimic_perform_af_006,1,Logistic Regression,0.9844437167821409,1
mimic_perform_af_006,1,Logistic Regression,0.9704847358970324,1
mimic_perform_af_006,1,Logistic Regression,0.9405752152347049,1
mimic_perform_af_006,1,Logistic Regression,0.9683636353580175,1
mimic_perform_af_006,1,Logistic Regression,0.9795386805033534,1
mimic_perform_af_006,1,Logistic Regression,0.9889131313390964,1
mimic_perform_af_006,1,Logistic Regression,0.967514871226382,1
mimic_perform_af_006,1,Logistic Regression,0.930549436352882,1
mimic_perform_af_006,1,Logistic Regression,0.8783320441587807,1
mimic_perform_af_006,1,Logistic Regression,0.8998119109463315,1
mimic_perform_af_006,1,Logistic Regression,0.9758702982717158,1
mimic_perform_af_006,1,Logistic Regression,0.8387203025102846,1
mimic_perform_af_006,1,Logistic Regression,0.7608664440207649,1
mimic_perform_af_006,1,Logistic Regression,0.727291918587141,1
mimic_perform_af_006,1,Logistic Regression,0.8743288228745731,1
mimic_perform_af_006,1,Logistic Regression,0.9134831806781195,1
mimic_perform_af_006,1,Logistic Regression,0.9760925823201401,1
mimic_perform_af_006,1,Logistic Regression,0.990563227953806,1
mimic_perform_af_006,1,Logistic Regression,0.986861009280318,1
mimic_perform_af_006,1,Logistic Regression,0.9908335581537582,1
mimic_perform_af_006,1,Logistic Regression,0.989926873342261,1
mimic_perform_af_006,1,Logistic Regression,0.9920360635340539,1
mimic_perform_af_006,1,Logistic Regression,0.9481051207561897,1
mimic_perform_af_006,1,Logistic Regression,0.9573778879787732,1
mimic_perform_af_006,1,Logistic Regression,0.9599475712938991,1
mimic_perform_af_006,1,Logistic Regression,0.9874283760910605,1
mimic_perform_af_006,1,Logistic Regression,0.9153565671421874,1
mimic_perform_af_006,1,Logistic Regression,0.9063412292657149,1
mimic_perform_af_006,1,Logistic Regression,0.3000614356555871,0
mimic_perform_af_006,1,Logistic Regression,0.4136834810296506,0
mimic_perform_af_006,1,Logistic Regression,0.6443487371405221,1
mimic_perform_af_006,1,Logistic Regression,0.5373549162259912,1
mimic_perform_af_006,1,Logistic Regression,0.19187278585645506,0
mimic_perform_af_006,1,Logistic Regression,0.4495294423631625,0
mimic_perform_af_006,1,Logistic Regression,0.6503015861557229,1
mimic_perform_af_006,1,Logistic Regression,0.9164308736030844,1
mimic_perform_af_006,1,Logistic Regression,0.861420653786968,1
mimic_perform_af_006,1,Logistic Regression,0.8912148087436819,1
mimic_perform_af_006,1,Logistic Regression,0.6630353063164083,1
mimic_perform_af_006,1,Logistic Regression,0.5512219535647405,1
mimic_perform_af_006,1,Logistic Regression,0.9022909885279203,1
mimic_perform_af_006,1,Logistic Regression,0.970635590879706,1
mimic_perform_af_006,1,Logistic Regression,0.9799828103470941,1
mimic_perform_af_006,1,Logistic Regression,0.9653892072769772,1
mimic_perform_af_006,1,Logistic Regression,0.9454963742308339,1
mimic_perform_af_006,1,Logistic Regression,0.9405500273030506,1
mimic_perform_af_006,1,Logistic Regression,0.9649006591867255,1
mimic_perform_af_006,1,Logistic Regression,0.9658325688102811,1
mimic_perform_af_006,1,Logistic Regression,0.9505205391987556,1
mimic_perform_af_006,1,Logistic Regression,0.9417100506080008,1
mimic_perform_af_006,1,Logistic Regression,0.894048984349982,1
mimic_perform_af_006,1,Logistic Regression,0.9210886694275315,1
mimic_perform_af_006,1,Logistic Regression,0.9521605888428339,1
mimic_perform_af_006,1,Logistic Regression,0.8958178417525431,1
mimic_perform_af_006,1,Logistic Regression,0.7116925094365928,1
mimic_perform_af_006,1,Logistic Regression,0.7343501354639472,1
mimic_perform_af_006,1,Logistic Regression,0.9637834697362849,1
mimic_perform_af_006,1,Logistic Regression,0.9765001130019821,1
mimic_perform_af_006,1,Logistic Regression,0.9381412707262049,1
mimic_perform_af_006,1,Logistic Regression,0.9631226583203711,1
mimic_perform_af_006,1,Logistic Regression,0.9938065368644231,1
mimic_perform_af_006,1,Logistic Regression,0.9690496772987026,1
mimic_perform_af_006,1,Logistic Regression,0.9646347720267325,1
mimic_perform_af_006,1,Logistic Regression,0.9363947984520502,1
mimic_perform_af_006,1,Logistic Regression,0.9605474231841311,1
mimic_perform_af_006,1,Logistic Regression,0.965262426320472,1
mimic_perform_af_006,1,Logistic Regression,0.9770561648463444,1
mimic_perform_af_006,1,Logistic Regression,0.9304918589376736,1
mimic_perform_af_006,1,Logistic Regression,0.8535307077082073,1
mimic_perform_af_006,1,Logistic Regression,0.8315829274391342,1
mimic_perform_af_006,1,Logistic Regression,0.9364851104887699,1
mimic_perform_af_006,1,Logistic Regression,0.9739789486564226,1
mimic_perform_af_006,1,Logistic Regression,0.9001048229784617,1
mimic_perform_af_006,1,Logistic Regression,0.8797081919399216,1
mimic_perform_af_006,1,Logistic Regression,0.8486366272178204,1
mimic_perform_af_006,1,Logistic Regression,0.8499580734193927,1
mimic_perform_af_006,1,Logistic Regression,0.6284713175080346,1
mimic_perform_af_006,1,Logistic Regression,0.5994926731094982,1
mimic_perform_af_006,1,Logistic Regression,0.9306908616960428,1
mimic_perform_af_006,1,Logistic Regression,0.9738526961807269,1
mimic_perform_af_006,1,Logistic Regression,0.9659941872204251,1
mimic_perform_af_006,1,Logistic Regression,0.9137007393989832,1
mimic_perform_af_006,1,Logistic Regression,0.9647235107297751,1
mimic_perform_af_006,1,Logistic Regression,0.9816705169565516,1
mimic_perform_af_006,1,Logistic Regression,0.9816289129648946,1
mimic_perform_af_006,1,Logistic Regression,0.9830914890909019,1
mimic_perform_af_006,1,Logistic Regression,0.4974294668218367,0
mimic_perform_af_006,1,Logistic Regression,0.4838322342620819,0
mimic_perform_af_006,1,Logistic Regression,0.1657354696176366,0
mimic_perform_af_006,1,Logistic Regression,0.9202534199675579,1
mimic_perform_af_006,1,Logistic Regression,0.8960036080433692,1
mimic_perform_af_006,1,Logistic Regression,0.7222361829658592,1
mimic_perform_af_006,1,Logistic Regression,0.9283977645804853,1
mimic_perform_af_006,1,Logistic Regression,0.8268322176674833,1
mimic_perform_af_006,1,Logistic Regression,0.938565504752911,1
mimic_perform_af_006,1,Logistic Regression,0.9194608326319691,1
mimic_perform_af_006,1,Logistic Regression,0.8369798193491979,1
mimic_perform_af_006,1,Logistic Regression,0.7519765424275786,1
mimic_perform_af_006,1,Logistic Regression,0.8453990347272967,1
mimic_perform_af_006,1,Logistic Regression,0.881619635694539,1
mimic_perform_af_006,1,Logistic Regression,0.887503358455719,1
mimic_perform_af_006,1,Logistic Regression,0.9246347282219328,1
mimic_perform_af_006,1,Logistic Regression,0.9317477693634343,1
mimic_perform_af_006,1,Logistic Regression,0.9542540629642067,1
mimic_perform_af_007,1,Logistic Regression,0.6773338545823698,1
mimic_perform_af_007,1,Logistic Regression,0.612890827767391,1
mimic_perform_af_007,1,Logistic Regression,0.7422942565615918,1
mimic_perform_af_007,1,Logistic Regression,0.9576998185958803,1
mimic_perform_af_007,1,Logistic Regression,0.9468837234526303,1
mimic_perform_af_007,1,Logistic Regression,0.9456226312385803,1
mimic_perform_af_007,1,Logistic Regression,0.890791233946372,1
mimic_perform_af_007,1,Logistic Regression,0.9026983706368519,1
mimic_perform_af_007,1,Logistic Regression,0.9091525363488592,1
mimic_perform_af_007,1,Logistic Regression,0.9537126605060735,1
mimic_perform_af_007,1,Logistic Regression,0.9535231711935602,1
mimic_perform_af_007,1,Logistic Regression,0.9527877029369525,1
mimic_perform_af_007,1,Logistic Regression,0.9112919300677251,1
mimic_perform_af_007,1,Logistic Regression,0.9884546481593635,1
mimic_perform_af_007,1,Logistic Regression,0.9738645981127292,1
mimic_perform_af_007,1,Logistic Regression,0.9765133121431554,1
mimic_perform_af_007,1,Logistic Regression,0.9811922508532442,1
mimic_perform_af_007,1,Logistic Regression,0.9431792439285203,1
mimic_perform_af_007,1,Logistic Regression,0.9143815522470694,1
mimic_perform_af_007,1,Logistic Regression,0.7538407684154655,1
mimic_perform_af_007,1,Logistic Regression,0.8385115529281498,1
mimic_perform_af_007,1,Logistic Regression,0.8778150796428624,1
mimic_perform_af_007,1,Logistic Regression,0.9723682509918399,1
mimic_perform_af_007,1,Logistic Regression,0.9620315585985398,1
mimic_perform_af_007,1,Logistic Regression,0.9923782781983219,1
mimic_perform_af_007,1,Logistic Regression,0.9819610704899425,1
mimic_perform_af_007,1,Logistic Regression,0.9452653763516996,1
mimic_perform_af_007,1,Logistic Regression,0.8811698013524636,1
mimic_perform_af_007,1,Logistic Regression,0.9605267134470256,1
mimic_perform_af_007,1,Logistic Regression,0.9568101255046914,1
mimic_perform_af_007,1,Logistic Regression,0.9668432530641571,1
mimic_perform_af_007,1,Logistic Regression,0.9795915756702933,1
mimic_perform_af_007,1,Logistic Regression,0.9706043997099745,1
mimic_perform_af_007,1,Logistic Regression,0.9411113264171483,1
mimic_perform_af_007,1,Logistic Regression,0.8993832093763159,1
mimic_perform_af_007,1,Logistic Regression,0.8997863020928359,1
mimic_perform_af_007,1,Logistic Regression,0.9148199664676632,1
mimic_perform_af_007,1,Logistic Regression,0.7755520520104919,1
mimic_perform_af_007,1,Logistic Regression,0.9239086273526222,1
mimic_perform_af_007,1,Logistic Regression,0.9634679844604038,1
mimic_perform_af_007,1,Logistic Regression,0.9583468384573247,1
mimic_perform_af_007,1,Logistic Regression,0.9621732733931365,1
mimic_perform_af_007,1,Logistic Regression,0.9458089987418306,1
mimic_perform_af_007,1,Logistic Regression,0.913596508605626,1
mimic_perform_af_007,1,Logistic Regression,0.9553190682994973,1
mimic_perform_af_007,1,Logistic Regression,0.9810060680617239,1
mimic_perform_af_007,1,Logistic Regression,0.9828923637089074,1
mimic_perform_af_007,1,Logistic Regression,0.9575474108284779,1
mimic_perform_af_007,1,Logistic Regression,0.9191602463816579,1
mimic_perform_af_007,1,Logistic Regression,0.9198030660809661,1
mimic_perform_af_007,1,Logistic Regression,0.9166826062362995,1
mimic_perform_af_007,1,Logistic Regression,0.9256444400955153,1
mimic_perform_af_007,1,Logistic Regression,0.9284265893082304,1
mimic_perform_af_007,1,Logistic Regression,0.952287214373982,1
mimic_perform_af_007,1,Logistic Regression,0.9773436297450102,1
mimic_perform_af_007,1,Logistic Regression,0.9396850139265573,1
mimic_perform_af_007,1,Logistic Regression,0.9339566026978844,1
mimic_perform_af_007,1,Logistic Regression,0.9484114677447805,1
mimic_perform_af_007,1,Logistic Regression,0.9220155473120248,1
mimic_perform_af_007,1,Logistic Regression,0.9668783348413424,1
mimic_perform_af_007,1,Logistic Regression,0.9833427176103328,1
mimic_perform_af_007,1,Logistic Regression,0.8401612983336442,1
mimic_perform_af_007,1,Logistic Regression,0.8614191416030825,1
mimic_perform_af_007,1,Logistic Regression,0.8112804313661394,1
mimic_perform_af_007,1,Logistic Regression,0.9205650981683002,1
mimic_perform_af_007,1,Logistic Regression,0.971442915026241,1
mimic_perform_af_007,1,Logistic Regression,0.8665080654725817,1
mimic_perform_af_007,1,Logistic Regression,0.9674651217236042,1
mimic_perform_af_007,1,Logistic Regression,0.8950802978994624,1
mimic_perform_af_007,1,Logistic Regression,0.9393288590218529,1
mimic_perform_af_007,1,Logistic Regression,0.9181614779615871,1
mimic_perform_af_007,1,Logistic Regression,0.788767451347992,1
mimic_perform_af_007,1,Logistic Regression,0.8711189038559026,1
mimic_perform_af_007,1,Logistic Regression,0.9702131956764088,1
mimic_perform_af_007,1,Logistic Regression,0.9572813507833772,1
mimic_perform_af_007,1,Logistic Regression,0.9460993451121668,1
mimic_perform_af_007,1,Logistic Regression,0.8441642159654658,1
mimic_perform_af_007,1,Logistic Regression,0.6630698428119771,1
mimic_perform_af_007,1,Logistic Regression,0.8017249291922269,1
mimic_perform_af_007,1,Logistic Regression,0.9194386867411318,1
mimic_perform_af_007,1,Logistic Regression,0.9001368433531239,1
mimic_perform_af_007,1,Logistic Regression,0.8635350670451604,1
mimic_perform_af_007,1,Logistic Regression,0.939682865848626,1
mimic_perform_af_007,1,Logistic Regression,0.9663218737948425,1
mimic_perform_af_007,1,Logistic Regression,0.9658499932278932,1
mimic_perform_af_007,1,Logistic Regression,0.8373552169670094,1
mimic_perform_af_007,1,Logistic Regression,0.8928810260738687,1
mimic_perform_af_007,1,Logistic Regression,0.9567244858650943,1
mimic_perform_af_007,1,Logistic Regression,0.9214015591285332,1
mimic_perform_af_007,1,Logistic Regression,0.9794561393992607,1
mimic_perform_af_007,1,Logistic Regression,0.9572300688833851,1
mimic_perform_af_007,1,Logistic Regression,0.9694717451264396,1
mimic_perform_af_007,1,Logistic Regression,0.9759268866943238,1
mimic_perform_af_007,1,Logistic Regression,0.9524570699603971,1
mimic_perform_af_007,1,Logistic Regression,0.8754049747828931,1
mimic_perform_af_007,1,Logistic Regression,0.8251422891567255,1
mimic_perform_af_007,1,Logistic Regression,0.9424368537726586,1
mimic_perform_af_007,1,Logistic Regression,0.9620279202511299,1
mimic_perform_af_007,1,Logistic Regression,0.9506934760937054,1
mimic_perform_af_007,1,Logistic Regression,0.6416511036809707,1
mimic_perform_af_007,1,Logistic Regression,0.2904077436563848,0
mimic_perform_af_007,1,Logistic Regression,0.551765093122337,1
mimic_perform_af_007,1,Logistic Regression,0.5881007146459303,1
mimic_perform_af_007,1,Logistic Regression,0.8197367213184157,1
mimic_perform_af_007,1,Logistic Regression,0.10037100137492437,0
mimic_perform_af_007,1,Logistic Regression,0.07440904435627828,0
mimic_perform_af_007,1,Logistic Regression,0.04616969944277542,0
mimic_perform_af_007,1,Logistic Regression,0.061102376602395765,0
mimic_perform_af_007,1,Logistic Regression,0.07793275293273215,0
mimic_perform_af_007,1,Logistic Regression,0.32097908588066804,0
mimic_perform_af_007,1,Logistic Regression,0.5062761686339724,1
mimic_perform_af_007,1,Logistic Regression,0.4174607711592887,0
mimic_perform_af_007,1,Logistic Regression,0.5383488402317629,1
mimic_perform_af_007,1,Logistic Regression,0.8060519325557419,1
mimic_perform_af_007,1,Logistic Regression,0.41052486936046223,0
mimic_perform_af_007,1,Logistic Regression,0.10257365175781098,0
mimic_perform_af_007,1,Logistic Regression,0.14524718921194607,0
mimic_perform_af_007,1,Logistic Regression,0.10701764435373663,0
mimic_perform_af_008,1,Logistic Regression,0.7974708234196013,1
mimic_perform_af_008,1,Logistic Regression,0.8463644124120966,1
mimic_perform_af_008,1,Logistic Regression,0.9066954443273675,1
mimic_perform_af_008,1,Logistic Regression,0.9568057141684827,1
mimic_perform_af_008,1,Logistic Regression,0.9494550857232649,1
mimic_perform_af_008,1,Logistic Regression,0.919316933269346,1
mimic_perform_af_008,1,Logistic Regression,0.929648564583188,1
mimic_perform_af_008,1,Logistic Regression,0.9286056875888393,1
mimic_perform_af_008,1,Logistic Regression,0.8196265566460308,1
mimic_perform_af_008,1,Logistic Regression,0.876811539856639,1
mimic_perform_af_008,1,Logistic Regression,0.8779012421331822,1
mimic_perform_af_008,1,Logistic Regression,0.8654363755804012,1
mimic_perform_af_008,1,Logistic Regression,0.9558348079268494,1
mimic_perform_af_008,1,Logistic Regression,0.8900036711251967,1
mimic_perform_af_008,1,Logistic Regression,0.7972962413811423,1
mimic_perform_af_008,1,Logistic Regression,0.7877252661562885,1
mimic_perform_af_008,1,Logistic Regression,0.7885590338263904,1
mimic_perform_af_008,1,Logistic Regression,0.8563868798047988,1
mimic_perform_af_008,1,Logistic Regression,0.8283801771015643,1
mimic_perform_af_008,1,Logistic Regression,0.5519519635429698,1
mimic_perform_af_008,1,Logistic Regression,0.88041992565563,1
mimic_perform_af_008,1,Logistic Regression,0.6593897699996571,1
mimic_perform_af_008,1,Logistic Regression,0.8912799760143156,1
mimic_perform_af_008,1,Logistic Regression,0.9490892044022132,1
mimic_perform_af_008,1,Logistic Regression,0.9159329481427824,1
mimic_perform_af_008,1,Logistic Regression,0.9468158036963091,1
mimic_perform_af_008,1,Logistic Regression,0.7597179979866977,1
mimic_perform_af_008,1,Logistic Regression,0.8701257351446959,1
mimic_perform_af_008,1,Logistic Regression,0.4235861018486223,0
mimic_perform_af_008,1,Logistic Regression,0.7836513004049449,1
mimic_perform_af_008,1,Logistic Regression,0.899252571791482,1
mimic_perform_af_008,1,Logistic Regression,0.9607110921652682,1
mimic_perform_af_008,1,Logistic Regression,0.893013781726692,1
mimic_perform_af_008,1,Logistic Regression,0.7825628862365898,1
mimic_perform_af_008,1,Logistic Regression,0.8318308019566475,1
mimic_perform_af_008,1,Logistic Regression,0.9212125292176513,1
mimic_perform_af_008,1,Logistic Regression,0.8295161467826285,1
mimic_perform_af_008,1,Logistic Regression,0.8392583336014213,1
mimic_perform_af_008,1,Logistic Regression,0.8146614280267872,1
mimic_perform_af_008,1,Logistic Regression,0.9306284498422177,1
mimic_perform_af_008,1,Logistic Regression,0.9091767952964634,1
mimic_perform_af_008,1,Logistic Regression,0.6730734614445921,1
mimic_perform_af_008,1,Logistic Regression,0.841873691189124,1
mimic_perform_af_008,1,Logistic Regression,0.5347237667758127,1
mimic_perform_af_008,1,Logistic Regression,0.9789182751239596,1
mimic_perform_af_008,1,Logistic Regression,0.9326474179283231,1
mimic_perform_af_008,1,Logistic Regression,0.9540613415062441,1
mimic_perform_af_008,1,Logistic Regression,0.7313189033402648,1
mimic_perform_af_008,1,Logistic Regression,0.6637890531543708,1
mimic_perform_af_008,1,Logistic Regression,0.7343887199648151,1
mimic_perform_af_008,1,Logistic Regression,0.7387805442812553,1
mimic_perform_af_008,1,Logistic Regression,0.7338583210866628,1
mimic_perform_af_008,1,Logistic Regression,0.40935769444399034,0
mimic_perform_af_008,1,Logistic Regression,0.8826181637777623,1
mimic_perform_af_008,1,Logistic Regression,0.7424352911810461,1
mimic_perform_af_008,1,Logistic Regression,0.8338542829265618,1
mimic_perform_af_008,1,Logistic Regression,0.6743953256800881,1
mimic_perform_af_008,1,Logistic Regression,0.5504811423405167,1
mimic_perform_af_008,1,Logistic Regression,0.7745034396032371,1
mimic_perform_af_008,1,Logistic Regression,0.6851938886068386,1
mimic_perform_af_008,1,Logistic Regression,0.8649569391887684,1
mimic_perform_af_008,1,Logistic Regression,0.9452484037216816,1
mimic_perform_af_008,1,Logistic Regression,0.9005319356705994,1
mimic_perform_af_008,1,Logistic Regression,0.9031480628481281,1
mimic_perform_af_008,1,Logistic Regression,0.9071962763858198,1
mimic_perform_af_008,1,Logistic Regression,0.9684312844646704,1
mimic_perform_af_008,1,Logistic Regression,0.8666116736633764,1
mimic_perform_af_008,1,Logistic Regression,0.9226313964056783,1
mimic_perform_af_008,1,Logistic Regression,0.8393697628976137,1
mimic_perform_af_008,1,Logistic Regression,0.9606400679522493,1
mimic_perform_af_008,1,Logistic Regression,0.9488561524029973,1
mimic_perform_af_008,1,Logistic Regression,0.940927937072974,1
mimic_perform_af_008,1,Logistic Regression,0.8866539144537422,1
mimic_perform_af_008,1,Logistic Regression,0.658442072581853,1
mimic_perform_af_008,1,Logistic Regression,0.5595392481623414,1
mimic_perform_af_008,1,Logistic Regression,0.6510558688396628,1
mimic_perform_af_008,1,Logistic Regression,0.6724301446098212,1
mimic_perform_af_008,1,Logistic Regression,0.5532645029228177,1
mimic_perform_af_008,1,Logistic Regression,0.6123117152715319,1
mimic_perform_af_008,1,Logistic Regression,0.7217965024477364,1
mimic_perform_af_008,1,Logistic Regression,0.8715757060833812,1
mimic_perform_af_008,1,Logistic Regression,0.9710000283677725,1
mimic_perform_af_008,1,Logistic Regression,0.955613607182582,1
mimic_perform_af_008,1,Logistic Regression,0.9455575590788768,1
mimic_perform_af_008,1,Logistic Regression,0.9335717846156782,1
mimic_perform_af_008,1,Logistic Regression,0.9039290270736992,1
mimic_perform_af_008,1,Logistic Regression,0.5170083539146488,1
mimic_perform_af_008,1,Logistic Regression,0.8277309439124411,1
mimic_perform_af_008,1,Logistic Regression,0.9555019372629542,1
mimic_perform_af_008,1,Logistic Regression,0.9106799916979377,1
mimic_perform_af_008,1,Logistic Regression,0.8282526246902899,1
mimic_perform_af_008,1,Logistic Regression,0.7650072007172667,1
mimic_perform_af_008,1,Logistic Regression,0.9190552839346428,1
mimic_perform_af_008,1,Logistic Regression,0.9664267369072217,1
mimic_perform_af_008,1,Logistic Regression,0.911780928736545,1
mimic_perform_af_008,1,Logistic Regression,0.8294046729671956,1
mimic_perform_af_008,1,Logistic Regression,0.8349384294822487,1
mimic_perform_af_008,1,Logistic Regression,0.9278315938898983,1
mimic_perform_af_008,1,Logistic Regression,0.8740091825616809,1
mimic_perform_af_008,1,Logistic Regression,0.7006603592960456,1
mimic_perform_af_008,1,Logistic Regression,0.8479662042144636,1
mimic_perform_af_008,1,Logistic Regression,0.5753819095587039,1
mimic_perform_af_008,1,Logistic Regression,0.7596931053349962,1
mimic_perform_af_008,1,Logistic Regression,0.5086546585611454,1
mimic_perform_af_008,1,Logistic Regression,0.4742082998847915,0
mimic_perform_af_008,1,Logistic Regression,0.5583816200829007,1
mimic_perform_af_008,1,Logistic Regression,0.843855238976507,1
mimic_perform_af_008,1,Logistic Regression,0.6364495988053127,1
mimic_perform_af_008,1,Logistic Regression,0.8958516553254818,1
mimic_perform_af_008,1,Logistic Regression,0.8769206550937907,1
mimic_perform_af_008,1,Logistic Regression,0.9049871847167668,1
mimic_perform_af_008,1,Logistic Regression,0.7562035803616347,1
mimic_perform_af_008,1,Logistic Regression,0.9029543042965126,1
mimic_perform_af_008,1,Logistic Regression,0.6569338852783432,1
mimic_perform_af_008,1,Logistic Regression,0.7145144437218297,1
mimic_perform_af_008,1,Logistic Regression,0.8738933096306242,1
mimic_perform_af_008,1,Logistic Regression,0.8200334302051435,1
mimic_perform_af_008,1,Logistic Regression,0.9024462286628976,1
mimic_perform_af_009,1,Logistic Regression,0.9801025201594106,1
mimic_perform_af_009,1,Logistic Regression,0.5915790829889956,1
mimic_perform_af_009,1,Logistic Regression,0.36907016518323243,0
mimic_perform_af_009,1,Logistic Regression,0.3902136209125616,0
mimic_perform_af_009,1,Logistic Regression,0.6274413083144628,1
mimic_perform_af_009,1,Logistic Regression,0.9134724965447792,1
mimic_perform_af_009,1,Logistic Regression,0.6553335564176991,1
mimic_perform_af_009,1,Logistic Regression,0.7975321730289712,1
mimic_perform_af_009,1,Logistic Regression,0.967913626533181,1
mimic_perform_af_009,1,Logistic Regression,0.9796433675800159,1
mimic_perform_af_009,1,Logistic Regression,0.9833863821293973,1
mimic_perform_af_009,1,Logistic Regression,0.9660260935052826,1
mimic_perform_af_009,1,Logistic Regression,0.9433975685017238,1
mimic_perform_af_009,1,Logistic Regression,0.9238091405119216,1
mimic_perform_af_009,1,Logistic Regression,0.9666473503707207,1
mimic_perform_af_009,1,Logistic Regression,0.9477827141006683,1
mimic_perform_af_009,1,Logistic Regression,0.9615835770937965,1
mimic_perform_af_009,1,Logistic Regression,0.9084233606268888,1
mimic_perform_af_009,1,Logistic Regression,0.972257557352053,1
mimic_perform_af_009,1,Logistic Regression,0.9625110158525059,1
mimic_perform_af_009,1,Logistic Regression,0.9848844207177757,1
mimic_perform_af_009,1,Logistic Regression,0.9886788834882206,1
mimic_perform_af_009,1,Logistic Regression,0.988570080730013,1
mimic_perform_af_009,1,Logistic Regression,0.9540726199974056,1
mimic_perform_af_009,1,Logistic Regression,0.9629280486990143,1
mimic_perform_af_009,1,Logistic Regression,0.9500470840866313,1
mimic_perform_af_009,1,Logistic Regression,0.9322702466871207,1
mimic_perform_af_009,1,Logistic Regression,0.8728223461725761,1
mimic_perform_af_009,1,Logistic Regression,0.8830340850534301,1
mimic_perform_af_009,1,Logistic Regression,0.966461053349771,1
mimic_perform_af_009,1,Logistic Regression,0.8870057287048841,1
mimic_perform_af_009,1,Logistic Regression,0.8237927280329925,1
mimic_perform_af_009,1,Logistic Regression,0.7533395474614863,1
mimic_perform_af_009,1,Logistic Regression,0.986679869759625,1
mimic_perform_af_009,1,Logistic Regression,0.9908510884980691,1
mimic_perform_af_009,1,Logistic Regression,0.9892018833008175,1
mimic_perform_af_009,1,Logistic Regression,0.9538539982953249,1
mimic_perform_af_009,1,Logistic Regression,0.7335129718007067,1
mimic_perform_af_009,1,Logistic Regression,0.7728362340166307,1
mimic_perform_af_009,1,Logistic Regression,0.6336492146092841,1
mimic_perform_af_009,1,Logistic Regression,0.9918827996871885,1
mimic_perform_af_009,1,Logistic Regression,0.9925042041152375,1
mimic_perform_af_009,1,Logistic Regression,0.9752232089704926,1
mimic_perform_af_009,1,Logistic Regression,0.9590734016036261,1
mimic_perform_af_009,1,Logistic Regression,0.6930397250540533,1
mimic_perform_af_009,1,Logistic Regression,0.864487996415448,1
mimic_perform_af_009,1,Logistic Regression,0.8920168111339664,1
mimic_perform_af_009,1,Logistic Regression,0.9562050097250564,1
mimic_perform_af_009,1,Logistic Regression,0.9477012522718651,1
mimic_perform_af_009,1,Logistic Regression,0.9750515283312358,1
mimic_perform_af_009,1,Logistic Regression,0.964152644529525,1
mimic_perform_af_009,1,Logistic Regression,0.984326342747118,1
mimic_perform_af_009,1,Logistic Regression,0.9515854474704801,1
mimic_perform_af_009,1,Logistic Regression,0.965322802716284,1
mimic_perform_af_009,1,Logistic Regression,0.888000719929227,1
mimic_perform_af_009,1,Logistic Regression,0.9619128958165158,1
mimic_perform_af_009,1,Logistic Regression,0.9720542124175875,1
mimic_perform_af_009,1,Logistic Regression,0.973407115288773,1
mimic_perform_af_009,1,Logistic Regression,0.9703052416139787,1
mimic_perform_af_009,1,Logistic Regression,0.9860853514329965,1
mimic_perform_af_009,1,Logistic Regression,0.9906859425565007,1
mimic_perform_af_009,1,Logistic Regression,0.9867500870742377,1
mimic_perform_af_009,1,Logistic Regression,0.9863535591340105,1
mimic_perform_af_009,1,Logistic Regression,0.9920033521974918,1
mimic_perform_af_009,1,Logistic Regression,0.9928286223947533,1
mimic_perform_af_009,1,Logistic Regression,0.9936266357939453,1
mimic_perform_af_009,1,Logistic Regression,0.9901732193557972,1
mimic_perform_af_009,1,Logistic Regression,0.972748258927963,1
mimic_perform_af_009,1,Logistic Regression,0.9684359045253323,1
mimic_perform_af_009,1,Logistic Regression,0.9743701303271232,1
mimic_perform_af_009,1,Logistic Regression,0.9856825786877482,1
mimic_perform_af_009,1,Logistic Regression,0.9200828680583306,1
mimic_perform_af_009,1,Logistic Regression,0.9559468396415767,1
mimic_perform_af_009,1,Logistic Regression,0.9683598933599359,1
mimic_perform_af_009,1,Logistic Regression,0.9754559464974694,1
mimic_perform_af_009,1,Logistic Regression,0.9727860252925457,1
mimic_perform_af_009,1,Logistic Regression,0.98149050821997,1
mimic_perform_af_009,1,Logistic Regression,0.9826920508988508,1
mimic_perform_af_009,1,Logistic Regression,0.975363066011214,1
mimic_perform_af_009,1,Logistic Regression,0.9771534429585169,1
mimic_perform_af_009,1,Logistic Regression,0.9494573569127724,1
mimic_perform_af_009,1,Logistic Regression,0.9617609599315974,1
mimic_perform_af_009,1,Logistic Regression,0.9184973715991668,1
mimic_perform_af_009,1,Logistic Regression,0.9592052588431235,1
mimic_perform_af_009,1,Logistic Regression,0.9773529564518432,1
mimic_perform_af_009,1,Logistic Regression,0.9732205182225322,1
mimic_perform_af_009,1,Logistic Regression,0.980621845966744,1
mimic_perform_af_009,1,Logistic Regression,0.9643984871717318,1
mimic_perform_af_009,1,Logistic Regression,0.9309632294925102,1
mimic_perform_af_009,1,Logistic Regression,0.9429682936485226,1
mimic_perform_af_009,1,Logistic Regression,0.9180672907945812,1
mimic_perform_af_009,1,Logistic Regression,0.9687874077842801,1
mimic_perform_af_009,1,Logistic Regression,0.9551100557198091,1
mimic_perform_af_009,1,Logistic Regression,0.9913012294463804,1
mimic_perform_af_009,1,Logistic Regression,0.9914174970556505,1
mimic_perform_af_009,1,Logistic Regression,0.9895659027394437,1
mimic_perform_af_009,1,Logistic Regression,0.9584721737894372,1
mimic_perform_af_009,1,Logistic Regression,0.9685756359654297,1
mimic_perform_af_009,1,Logistic Regression,0.9385422433945482,1
mimic_perform_af_009,1,Logistic Regression,0.9540707812056379,1
mimic_perform_af_009,1,Logistic Regression,0.8896428922964911,1
mimic_perform_af_009,1,Logistic Regression,0.8997593553874111,1
mimic_perform_af_009,1,Logistic Regression,0.902873016085489,1
mimic_perform_af_009,1,Logistic Regression,0.8462326475135598,1
mimic_perform_af_009,1,Logistic Regression,0.9562614460747999,1
mimic_perform_af_009,1,Logistic Regression,0.9594451483623736,1
mimic_perform_af_009,1,Logistic Regression,0.9599577653699611,1
mimic_perform_af_009,1,Logistic Regression,0.9635210215029227,1
mimic_perform_af_009,1,Logistic Regression,0.8696841480312131,1
mimic_perform_af_009,1,Logistic Regression,0.9002600305224244,1
mimic_perform_af_009,1,Logistic Regression,0.7260755714334929,1
mimic_perform_af_009,1,Logistic Regression,0.8982602643639388,1
mimic_perform_af_009,1,Logistic Regression,0.9728003295361253,1
mimic_perform_af_009,1,Logistic Regression,0.9910348057158345,1
mimic_perform_af_009,1,Logistic Regression,0.9449232617733883,1
mimic_perform_af_009,1,Logistic Regression,0.6881970149756662,1
mimic_perform_af_009,1,Logistic Regression,0.8108099108962797,1
mimic_perform_af_009,1,Logistic Regression,0.9436953680519816,1
mimic_perform_af_010,1,Logistic Regression,0.9527364762669288,1
mimic_perform_af_010,1,Logistic Regression,0.9771982131936717,1
mimic_perform_af_010,1,Logistic Regression,0.9835157767609908,1
mimic_perform_af_010,1,Logistic Regression,0.9347512873611697,1
mimic_perform_af_010,1,Logistic Regression,0.9494100944631557,1
mimic_perform_af_010,1,Logistic Regression,0.9773880854230841,1
mimic_perform_af_010,1,Logistic Regression,0.9733632679804788,1
mimic_perform_af_010,1,Logistic Regression,0.9805585510844909,1
mimic_perform_af_010,1,Logistic Regression,0.9576458483890259,1
mimic_perform_af_010,1,Logistic Regression,0.9851463712039099,1
mimic_perform_af_010,1,Logistic Regression,0.989732699671434,1
mimic_perform_af_010,1,Logistic Regression,0.9932437238414894,1
mimic_perform_af_010,1,Logistic Regression,0.9910903481593947,1
mimic_perform_af_010,1,Logistic Regression,0.9665944195935825,1
mimic_perform_af_010,1,Logistic Regression,0.9772143618240561,1
mimic_perform_af_010,1,Logistic Regression,0.9615223449939083,1
mimic_perform_af_010,1,Logistic Regression,0.9513211362132737,1
mimic_perform_af_010,1,Logistic Regression,0.9004414306886668,1
mimic_perform_af_010,1,Logistic Regression,0.8766018457491347,1
mimic_perform_af_010,1,Logistic Regression,0.9447697228334677,1
mimic_perform_af_010,1,Logistic Regression,0.9631560473562595,1
mimic_perform_af_010,1,Logistic Regression,0.9578329355093131,1
mimic_perform_af_010,1,Logistic Regression,0.9824243332051353,1
mimic_perform_af_010,1,Logistic Regression,0.9678997465691653,1
mimic_perform_af_010,1,Logistic Regression,0.9628051372170239,1
mimic_perform_af_010,1,Logistic Regression,0.9699474996808904,1
mimic_perform_af_010,1,Logistic Regression,0.8330266967552801,1
mimic_perform_af_010,1,Logistic Regression,0.8966648763301156,1
mimic_perform_af_010,1,Logistic Regression,0.8649750560207692,1
mimic_perform_af_010,1,Logistic Regression,0.9758472219475882,1
mimic_perform_af_010,1,Logistic Regression,0.9391876016586633,1
mimic_perform_af_010,1,Logistic Regression,0.9544410604382719,1
mimic_perform_af_010,1,Logistic Regression,0.9383028248424099,1
mimic_perform_af_010,1,Logistic Regression,0.9152649030045179,1
mimic_perform_af_010,1,Logistic Regression,0.7492973022903436,1
mimic_perform_af_010,1,Logistic Regression,0.8829046666488548,1
mimic_perform_af_010,1,Logistic Regression,0.9582517995027955,1
mimic_perform_af_010,1,Logistic Regression,0.9905014396581141,1
mimic_perform_af_010,1,Logistic Regression,0.9338415253646245,1
mimic_perform_af_010,1,Logistic Regression,0.9191295032054614,1
mimic_perform_af_010,1,Logistic Regression,0.5103687183923239,1
mimic_perform_af_010,1,Logistic Regression,0.2249503322633513,0
mimic_perform_af_010,1,Logistic Regression,0.45657199859668646,0
mimic_perform_af_010,1,Logistic Regression,0.24092509578585988,0
mimic_perform_af_010,1,Logistic Regression,0.46172332010108996,0
mimic_perform_af_010,1,Logistic Regression,0.7483351409148297,1
mimic_perform_af_010,1,Logistic Regression,0.9667235301464522,1
mimic_perform_af_010,1,Logistic Regression,0.9933717152574876,1
mimic_perform_af_010,1,Logistic Regression,0.9728491353942924,1
mimic_perform_af_010,1,Logistic Regression,0.977905534392703,1
mimic_perform_af_010,1,Logistic Regression,0.958125459792979,1
mimic_perform_af_010,1,Logistic Regression,0.9409417138728438,1
mimic_perform_af_010,1,Logistic Regression,0.8420978169022797,1
mimic_perform_af_010,1,Logistic Regression,0.8526449415180457,1
mimic_perform_af_010,1,Logistic Regression,0.966407052033348,1
mimic_perform_af_010,1,Logistic Regression,0.9655788239718918,1
mimic_perform_af_010,1,Logistic Regression,0.9858191792875938,1
mimic_perform_af_010,1,Logistic Regression,0.9761813894314696,1
mimic_perform_af_010,1,Logistic Regression,0.9858726827794989,1
mimic_perform_af_010,1,Logistic Regression,0.9875941222225417,1
mimic_perform_af_010,1,Logistic Regression,0.9607488941907946,1
mimic_perform_af_010,1,Logistic Regression,0.9274578294538057,1
mimic_perform_af_010,1,Logistic Regression,0.8824824492081333,1
mimic_perform_af_010,1,Logistic Regression,0.8024734888123328,1
mimic_perform_af_010,1,Logistic Regression,0.8803927233429691,1
mimic_perform_af_010,1,Logistic Regression,0.9346162646766087,1
mimic_perform_af_010,1,Logistic Regression,0.9789347104022639,1
mimic_perform_af_010,1,Logistic Regression,0.9866024185708314,1
mimic_perform_af_010,1,Logistic Regression,0.9682700702453295,1
mimic_perform_af_010,1,Logistic Regression,0.9501322230140117,1
mimic_perform_af_010,1,Logistic Regression,0.9317213851615794,1
mimic_perform_af_010,1,Logistic Regression,0.8888309645658019,1
mimic_perform_af_010,1,Logistic Regression,0.875361145174399,1
mimic_perform_af_010,1,Logistic Regression,0.9355572157718441,1
mimic_perform_af_010,1,Logistic Regression,0.9811876546058934,1
mimic_perform_af_010,1,Logistic Regression,0.9871175233514944,1
mimic_perform_af_010,1,Logistic Regression,0.9331965516502905,1
mimic_perform_af_010,1,Logistic Regression,0.965107545681398,1
mimic_perform_af_010,1,Logistic Regression,0.9522687142430194,1
mimic_perform_af_010,1,Logistic Regression,0.9622953736420243,1
mimic_perform_af_010,1,Logistic Regression,0.9594241496088705,1
mimic_perform_af_010,1,Logistic Regression,0.9767230112755984,1
mimic_perform_af_010,1,Logistic Regression,0.9849364764992156,1
mimic_perform_af_010,1,Logistic Regression,0.9967653329317534,1
mimic_perform_af_010,1,Logistic Regression,0.975724188658189,1
mimic_perform_af_010,1,Logistic Regression,0.9305783940334528,1
mimic_perform_af_010,1,Logistic Regression,0.934891292503049,1
mimic_perform_af_010,1,Logistic Regression,0.9930744011931197,1
mimic_perform_af_010,1,Logistic Regression,0.9748322834390273,1
mimic_perform_af_010,1,Logistic Regression,0.8598017284468954,1
mimic_perform_af_010,1,Logistic Regression,0.8082623201678637,1
mimic_perform_af_010,1,Logistic Regression,0.9735951413267552,1
mimic_perform_af_010,1,Logistic Regression,0.980658564288619,1
mimic_perform_af_010,1,Logistic Regression,0.9330400843291651,1
mimic_perform_af_010,1,Logistic Regression,0.9058173128893448,1
mimic_perform_af_010,1,Logistic Regression,0.7635902632451612,1
mimic_perform_af_010,1,Logistic Regression,0.890845317974931,1
mimic_perform_af_010,1,Logistic Regression,0.7128870989706368,1
mimic_perform_af_010,1,Logistic Regression,0.4898082093378445,0
mimic_perform_af_010,1,Logistic Regression,0.6052754099655893,1
mimic_perform_af_010,1,Logistic Regression,0.7904143205713725,1
mimic_perform_af_010,1,Logistic Regression,0.7888208821361711,1
mimic_perform_af_010,1,Logistic Regression,0.43322644432714286,0
mimic_perform_af_010,1,Logistic Regression,0.2634788560300326,0
mimic_perform_af_010,1,Logistic Regression,0.37617482684164344,0
mimic_perform_af_010,1,Logistic Regression,0.8727190568764093,1
mimic_perform_af_010,1,Logistic Regression,0.9615902913899843,1
mimic_perform_af_010,1,Logistic Regression,0.8873856033858777,1
mimic_perform_af_010,1,Logistic Regression,0.9051130122047738,1
mimic_perform_af_010,1,Logistic Regression,0.9650086546729753,1
mimic_perform_af_010,1,Logistic Regression,0.9716785120590546,1
mimic_perform_af_010,1,Logistic Regression,0.9428418622806736,1
mimic_perform_af_010,1,Logistic Regression,0.9019391555292114,1
mimic_perform_af_010,1,Logistic Regression,0.835180966339979,1
mimic_perform_af_010,1,Logistic Regression,0.8569062440536666,1
mimic_perform_af_010,1,Logistic Regression,0.8976846664941254,1
mimic_perform_af_010,1,Logistic Regression,0.9201139325249796,1
mimic_perform_af_010,1,Logistic Regression,0.9526487929872441,1
mimic_perform_af_011,1,Logistic Regression,0.9723383306777255,1
mimic_perform_af_011,1,Logistic Regression,0.9450079294323172,1
mimic_perform_af_011,1,Logistic Regression,0.9682111841410836,1
mimic_perform_af_011,1,Logistic Regression,0.9628314182916416,1
mimic_perform_af_011,1,Logistic Regression,0.974347629758563,1
mimic_perform_af_011,1,Logistic Regression,0.9270956079178239,1
mimic_perform_af_011,1,Logistic Regression,0.9641635294704123,1
mimic_perform_af_011,1,Logistic Regression,0.9398287405694421,1
mimic_perform_af_011,1,Logistic Regression,0.9850505666053495,1
mimic_perform_af_011,1,Logistic Regression,0.9547762197662184,1
mimic_perform_af_011,1,Logistic Regression,0.9519512905133751,1
mimic_perform_af_011,1,Logistic Regression,0.97243978996836,1
mimic_perform_af_011,1,Logistic Regression,0.9840062355286868,1
mimic_perform_af_011,1,Logistic Regression,0.9901179780058812,1
mimic_perform_af_011,1,Logistic Regression,0.9843784488169876,1
mimic_perform_af_011,1,Logistic Regression,0.9754233842869581,1
mimic_perform_af_011,1,Logistic Regression,0.9529635361454797,1
mimic_perform_af_011,1,Logistic Regression,0.9647706541338544,1
mimic_perform_af_011,1,Logistic Regression,0.9782787250555008,1
mimic_perform_af_011,1,Logistic Regression,0.9758931380106005,1
mimic_perform_af_011,1,Logistic Regression,0.9861899216317361,1
mimic_perform_af_011,1,Logistic Regression,0.9620177011949697,1
mimic_perform_af_011,1,Logistic Regression,0.986374824488724,1
mimic_perform_af_011,1,Logistic Regression,0.9828940996699652,1
mimic_perform_af_011,1,Logistic Regression,0.9938763373046675,1
mimic_perform_af_011,1,Logistic Regression,0.9957486506820048,1
mimic_perform_af_011,1,Logistic Regression,0.9731029557205124,1
mimic_perform_af_011,1,Logistic Regression,0.9220722820982865,1
mimic_perform_af_011,1,Logistic Regression,0.8128639802073817,1
mimic_perform_af_011,1,Logistic Regression,0.6928968002527773,1
mimic_perform_af_011,1,Logistic Regression,0.8982661023449813,1
mimic_perform_af_011,1,Logistic Regression,0.9028981734436173,1
mimic_perform_af_011,1,Logistic Regression,0.9699524916136057,1
mimic_perform_af_011,1,Logistic Regression,0.932894138060002,1
mimic_perform_af_011,1,Logistic Regression,0.963803025212865,1
mimic_perform_af_011,1,Logistic Regression,0.9738146923517622,1
mimic_perform_af_011,1,Logistic Regression,0.966271614013769,1
mimic_perform_af_011,1,Logistic Regression,0.9601824295154376,1
mimic_perform_af_011,1,Logistic Regression,0.962279641882765,1
mimic_perform_af_011,1,Logistic Regression,0.9153854450906381,1
mimic_perform_af_011,1,Logistic Regression,0.9564457073325291,1
mimic_perform_af_011,1,Logistic Regression,0.9426814726405476,1
mimic_perform_af_011,1,Logistic Regression,0.991155010929263,1
mimic_perform_af_011,1,Logistic Regression,0.9639749341757791,1
mimic_perform_af_011,1,Logistic Regression,0.9716589841288311,1
mimic_perform_af_011,1,Logistic Regression,0.968980612404353,1
mimic_perform_af_011,1,Logistic Regression,0.9585761884226732,1
mimic_perform_af_011,1,Logistic Regression,0.9807784836704287,1
mimic_perform_af_011,1,Logistic Regression,0.990234892392077,1
mimic_perform_af_011,1,Logistic Regression,0.9874716130533479,1
mimic_perform_af_011,1,Logistic Regression,0.9725605697698737,1
mimic_perform_af_011,1,Logistic Regression,0.9600236716574637,1
mimic_perform_af_011,1,Logistic Regression,0.9516776035336889,1
mimic_perform_af_011,1,Logistic Regression,0.9330475807956321,1
mimic_perform_af_011,1,Logistic Regression,0.9717131657600945,1
mimic_perform_af_011,1,Logistic Regression,0.9851706727129463,1
mimic_perform_af_011,1,Logistic Regression,0.965700327223286,1
mimic_perform_af_011,1,Logistic Regression,0.9679835553314313,1
mimic_perform_af_011,1,Logistic Regression,0.9640293665570596,1
mimic_perform_af_011,1,Logistic Regression,0.9821097528339967,1
mimic_perform_af_011,1,Logistic Regression,0.9837191505711524,1
mimic_perform_af_011,1,Logistic Regression,0.9801972876274809,1
mimic_perform_af_011,1,Logistic Regression,0.9883802910600116,1
mimic_perform_af_011,1,Logistic Regression,0.9776136971958991,1
mimic_perform_af_011,1,Logistic Regression,0.9690235971865937,1
mimic_perform_af_011,1,Logistic Regression,0.9148259862006476,1
mimic_perform_af_011,1,Logistic Regression,0.9315909190473355,1
mimic_perform_af_011,1,Logistic Regression,0.9537056270268807,1
mimic_perform_af_011,1,Logistic Regression,0.9757063105952442,1
mimic_perform_af_011,1,Logistic Regression,0.988214080106472,1
mimic_perform_af_011,1,Logistic Regression,0.986100834580225,1
mimic_perform_af_011,1,Logistic Regression,0.9841954664024114,1
mimic_perform_af_011,1,Logistic Regression,0.950401684522752,1
mimic_perform_af_011,1,Logistic Regression,0.87539150776777,1
mimic_perform_af_011,1,Logistic Regression,0.8333454649383103,1
mimic_perform_af_011,1,Logistic Regression,0.9762678633785582,1
mimic_perform_af_011,1,Logistic Regression,0.9928814309056355,1
mimic_perform_af_011,1,Logistic Regression,0.9858385457094537,1
mimic_perform_af_011,1,Logistic Regression,0.908854046965482,1
mimic_perform_af_011,1,Logistic Regression,0.8272886665663592,1
mimic_perform_af_011,1,Logistic Regression,0.615503848150842,1
mimic_perform_af_011,1,Logistic Regression,0.7170035793101668,1
mimic_perform_af_011,1,Logistic Regression,0.8213532005471013,1
mimic_perform_af_011,1,Logistic Regression,0.9374505457875231,1
mimic_perform_af_011,1,Logistic Regression,0.9564006710346917,1
mimic_perform_af_011,1,Logistic Regression,0.9586617884427499,1
mimic_perform_af_011,1,Logistic Regression,0.9851743172061391,1
mimic_perform_af_011,1,Logistic Regression,0.9791711781696387,1
mimic_perform_af_011,1,Logistic Regression,0.9847471978923791,1
mimic_perform_af_011,1,Logistic Regression,0.941502319900207,1
mimic_perform_af_011,1,Logistic Regression,0.9703184980999715,1
mimic_perform_af_011,1,Logistic Regression,0.9832925267941035,1
mimic_perform_af_011,1,Logistic Regression,0.8813489465543144,1
mimic_perform_af_011,1,Logistic Regression,0.8624021267269849,1
mimic_perform_af_011,1,Logistic Regression,0.6937379767281446,1
mimic_perform_af_011,1,Logistic Regression,0.9806744775711465,1
mimic_perform_af_011,1,Logistic Regression,0.9807049145294835,1
mimic_perform_af_011,1,Logistic Regression,0.9896074941850749,1
mimic_perform_af_011,1,Logistic Regression,0.9835771638797987,1
mimic_perform_af_011,1,Logistic Regression,0.9774647665036781,1
mimic_perform_af_011,1,Logistic Regression,0.6006517205187922,1
mimic_perform_af_011,1,Logistic Regression,0.7750845309357581,1
mimic_perform_af_011,1,Logistic Regression,0.799860075910678,1
mimic_perform_af_011,1,Logistic Regression,0.9830273673107278,1
mimic_perform_af_011,1,Logistic Regression,0.9688920981549545,1
mimic_perform_af_011,1,Logistic Regression,0.9798251558194071,1
mimic_perform_af_011,1,Logistic Regression,0.9793575136538144,1
mimic_perform_af_011,1,Logistic Regression,0.9841693137687144,1
mimic_perform_af_011,1,Logistic Regression,0.9891021277843473,1
mimic_perform_af_011,1,Logistic Regression,0.9776498503685594,1
mimic_perform_af_011,1,Logistic Regression,0.9773101890215219,1
mimic_perform_af_011,1,Logistic Regression,0.9583533711826797,1
mimic_perform_af_011,1,Logistic Regression,0.9682165009265462,1
mimic_perform_af_011,1,Logistic Regression,0.983106072273915,1
mimic_perform_af_011,1,Logistic Regression,0.9549529640461285,1
mimic_perform_af_011,1,Logistic Regression,0.8398934801571436,1
mimic_perform_af_011,1,Logistic Regression,0.8664813516631469,1
mimic_perform_af_011,1,Logistic Regression,0.8954778695708223,1
mimic_perform_af_012,1,Logistic Regression,0.94489193108223,1
mimic_perform_af_012,1,Logistic Regression,0.8838029345446159,1
mimic_perform_af_012,1,Logistic Regression,0.9292219646222781,1
mimic_perform_af_012,1,Logistic Regression,0.8748322897908242,1
mimic_perform_af_012,1,Logistic Regression,0.9220768808013732,1
mimic_perform_af_012,1,Logistic Regression,0.9184880927519034,1
mimic_perform_af_012,1,Logistic Regression,0.9331365123083059,1
mimic_perform_af_012,1,Logistic Regression,0.9664256188116057,1
mimic_perform_af_012,1,Logistic Regression,0.9764495565346245,1
mimic_perform_af_012,1,Logistic Regression,0.7844158446881068,1
mimic_perform_af_012,1,Logistic Regression,0.6469120491474062,1
mimic_perform_af_012,1,Logistic Regression,0.5729305920227213,1
mimic_perform_af_012,1,Logistic Regression,0.7333719045815177,1
mimic_perform_af_012,1,Logistic Regression,0.9602057859485831,1
mimic_perform_af_012,1,Logistic Regression,0.9406586858839772,1
mimic_perform_af_012,1,Logistic Regression,0.9858828272073599,1
mimic_perform_af_012,1,Logistic Regression,0.9451073413388604,1
mimic_perform_af_012,1,Logistic Regression,0.9340644186289677,1
mimic_perform_af_012,1,Logistic Regression,0.7357256217511325,1
mimic_perform_af_012,1,Logistic Regression,0.8175399337245237,1
mimic_perform_af_012,1,Logistic Regression,0.743477868251709,1
mimic_perform_af_012,1,Logistic Regression,0.7056765384405953,1
mimic_perform_af_012,1,Logistic Regression,0.6064520476773991,1
mimic_perform_af_012,1,Logistic Regression,0.6550875743082197,1
mimic_perform_af_012,1,Logistic Regression,0.8836659426646314,1
mimic_perform_af_012,1,Logistic Regression,0.9110894323060124,1
mimic_perform_af_012,1,Logistic Regression,0.9142980984650529,1
mimic_perform_af_012,1,Logistic Regression,0.9135060909985779,1
mimic_perform_af_012,1,Logistic Regression,0.9259761749061691,1
mimic_perform_af_012,1,Logistic Regression,0.9087057854547015,1
mimic_perform_af_012,1,Logistic Regression,0.7773016341784436,1
mimic_perform_af_012,1,Logistic Regression,0.9125249611291353,1
mimic_perform_af_012,1,Logistic Regression,0.9423233128238502,1
mimic_perform_af_012,1,Logistic Regression,0.9476716750221076,1
mimic_perform_af_012,1,Logistic Regression,0.9139855409305769,1
mimic_perform_af_012,1,Logistic Regression,0.8737352568935806,1
mimic_perform_af_012,1,Logistic Regression,0.9267628760266169,1
mimic_perform_af_012,1,Logistic Regression,0.8932760805356147,1
mimic_perform_af_012,1,Logistic Regression,0.9319627124564196,1
mimic_perform_af_012,1,Logistic Regression,0.9413451401139362,1
mimic_perform_af_012,1,Logistic Regression,0.6508774877265554,1
mimic_perform_af_012,1,Logistic Regression,0.8107738470633028,1
mimic_perform_af_012,1,Logistic Regression,0.8855461138078604,1
mimic_perform_af_012,1,Logistic Regression,0.9791104211138817,1
mimic_perform_af_012,1,Logistic Regression,0.9223896397116256,1
mimic_perform_af_012,1,Logistic Regression,0.8158528104193414,1
mimic_perform_af_012,1,Logistic Regression,0.871119424158809,1
mimic_perform_af_012,1,Logistic Regression,0.959170680980414,1
mimic_perform_af_012,1,Logistic Regression,0.9455293778966375,1
mimic_perform_af_012,1,Logistic Regression,0.9153456399804037,1
mimic_perform_af_012,1,Logistic Regression,0.9503456756046396,1
mimic_perform_af_012,1,Logistic Regression,0.9691381448858832,1
mimic_perform_af_012,1,Logistic Regression,0.9329872959046163,1
mimic_perform_af_012,1,Logistic Regression,0.913154540603808,1
mimic_perform_af_012,1,Logistic Regression,0.9697903363830834,1
mimic_perform_af_012,1,Logistic Regression,0.916941705227203,1
mimic_perform_af_012,1,Logistic Regression,0.9636311810797872,1
mimic_perform_af_012,1,Logistic Regression,0.8993885874385227,1
mimic_perform_af_012,1,Logistic Regression,0.8907499348680771,1
mimic_perform_af_012,1,Logistic Regression,0.6990025690512722,1
mimic_perform_af_012,1,Logistic Regression,0.9110920852266371,1
mimic_perform_af_012,1,Logistic Regression,0.8769910149068681,1
mimic_perform_af_012,1,Logistic Regression,0.9146578550688875,1
mimic_perform_af_012,1,Logistic Regression,0.8912075640225241,1
mimic_perform_af_012,1,Logistic Regression,0.960120615386975,1
mimic_perform_af_012,1,Logistic Regression,0.9916364724534599,1
mimic_perform_af_012,1,Logistic Regression,0.9916806762713909,1
mimic_perform_af_012,1,Logistic Regression,0.9798339423532179,1
mimic_perform_af_012,1,Logistic Regression,0.9699837472473088,1
mimic_perform_af_012,1,Logistic Regression,0.9513089470197456,1
mimic_perform_af_012,1,Logistic Regression,0.8850147506138142,1
mimic_perform_af_012,1,Logistic Regression,0.8979375384497135,1
mimic_perform_af_012,1,Logistic Regression,0.9838001673538721,1
mimic_perform_af_012,1,Logistic Regression,0.9628074505654024,1
mimic_perform_af_012,1,Logistic Regression,0.9738372596606972,1
mimic_perform_af_012,1,Logistic Regression,0.9243040923524917,1
mimic_perform_af_012,1,Logistic Regression,0.9660699656872901,1
mimic_perform_af_012,1,Logistic Regression,0.9413109434999063,1
mimic_perform_af_012,1,Logistic Regression,0.9207651423293859,1
mimic_perform_af_012,1,Logistic Regression,0.9356062682065213,1
mimic_perform_af_012,1,Logistic Regression,0.936874276764544,1
mimic_perform_af_012,1,Logistic Regression,0.9821007101425708,1
mimic_perform_af_012,1,Logistic Regression,0.9653658381105266,1
mimic_perform_af_012,1,Logistic Regression,0.9537518555619274,1
mimic_perform_af_012,1,Logistic Regression,0.9416088956817177,1
mimic_perform_af_012,1,Logistic Regression,0.9613626313908091,1
mimic_perform_af_012,1,Logistic Regression,0.9726986158818316,1
mimic_perform_af_012,1,Logistic Regression,0.9595354932719167,1
mimic_perform_af_012,1,Logistic Regression,0.9735006679025188,1
mimic_perform_af_012,1,Logistic Regression,0.9750225219071624,1
mimic_perform_af_012,1,Logistic Regression,0.9546090365510466,1
mimic_perform_af_012,1,Logistic Regression,0.978706008272441,1
mimic_perform_af_012,1,Logistic Regression,0.904048569323376,1
mimic_perform_af_012,1,Logistic Regression,0.9448078503690784,1
mimic_perform_af_012,1,Logistic Regression,0.9557741418155373,1
mimic_perform_af_012,1,Logistic Regression,0.9487214175134822,1
mimic_perform_af_012,1,Logistic Regression,0.9025243773544709,1
mimic_perform_af_012,1,Logistic Regression,0.9017141182165411,1
mimic_perform_af_012,1,Logistic Regression,0.9812040279602643,1
mimic_perform_af_012,1,Logistic Regression,0.98573270974387,1
mimic_perform_af_012,1,Logistic Regression,0.9830719928097367,1
mimic_perform_af_012,1,Logistic Regression,0.9141818680110136,1
mimic_perform_af_012,1,Logistic Regression,0.8741641339189308,1
mimic_perform_af_012,1,Logistic Regression,0.8556947724643329,1
mimic_perform_af_012,1,Logistic Regression,0.9750098265410887,1
mimic_perform_af_012,1,Logistic Regression,0.9428231219954724,1
mimic_perform_af_012,1,Logistic Regression,0.9479311751058066,1
mimic_perform_af_012,1,Logistic Regression,0.8811795744175686,1
mimic_perform_af_012,1,Logistic Regression,0.8900255893838922,1
mimic_perform_af_012,1,Logistic Regression,0.8545779941810482,1
mimic_perform_af_012,1,Logistic Regression,0.921011507806651,1
mimic_perform_af_012,1,Logistic Regression,0.9376087448850331,1
mimic_perform_af_012,1,Logistic Regression,0.9687484320965798,1
mimic_perform_af_012,1,Logistic Regression,0.9606638635436735,1
mimic_perform_af_012,1,Logistic Regression,0.9383402878325792,1
mimic_perform_af_012,1,Logistic Regression,0.9525307361095523,1
mimic_perform_af_012,1,Logistic Regression,0.7924702223180012,1
mimic_perform_af_012,1,Logistic Regression,0.9488951343760403,1
mimic_perform_af_013,1,Logistic Regression,0.7980909069553189,1
mimic_perform_af_013,1,Logistic Regression,0.9435265031150896,1
mimic_perform_af_013,1,Logistic Regression,0.9740157405595598,1
mimic_perform_af_013,1,Logistic Regression,0.9958709749675596,1
mimic_perform_af_013,1,Logistic Regression,0.9873986426750431,1
mimic_perform_af_013,1,Logistic Regression,0.9870877572176314,1
mimic_perform_af_013,1,Logistic Regression,0.9639769045287508,1
mimic_perform_af_013,1,Logistic Regression,0.9631922082967955,1
mimic_perform_af_013,1,Logistic Regression,0.9610544936248089,1
mimic_perform_af_013,1,Logistic Regression,0.9337426033699198,1
mimic_perform_af_013,1,Logistic Regression,0.9798533389810358,1
mimic_perform_af_013,1,Logistic Regression,0.8913918094127193,1
mimic_perform_af_013,1,Logistic Regression,0.8836077407813567,1
mimic_perform_af_013,1,Logistic Regression,0.5935522630522455,1
mimic_perform_af_013,1,Logistic Regression,0.7831376717218523,1
mimic_perform_af_013,1,Logistic Regression,0.8634046392353241,1
mimic_perform_af_013,1,Logistic Regression,0.886295926225056,1
mimic_perform_af_013,1,Logistic Regression,0.7849138927029593,1
mimic_perform_af_013,1,Logistic Regression,0.9471811353420442,1
mimic_perform_af_013,1,Logistic Regression,0.8888855712941858,1
mimic_perform_af_013,1,Logistic Regression,0.8338335800152253,1
mimic_perform_af_013,1,Logistic Regression,0.7882804984837647,1
mimic_perform_af_013,1,Logistic Regression,0.9453696602790858,1
mimic_perform_af_013,1,Logistic Regression,0.9210398801577819,1
mimic_perform_af_013,1,Logistic Regression,0.9194254016513458,1
mimic_perform_af_013,1,Logistic Regression,0.731672013047076,1
mimic_perform_af_013,1,Logistic Regression,0.8268411003956739,1
mimic_perform_af_013,1,Logistic Regression,0.7979254824875277,1
mimic_perform_af_013,1,Logistic Regression,0.9505192095321069,1
mimic_perform_af_013,1,Logistic Regression,0.712681132219524,1
mimic_perform_af_013,1,Logistic Regression,0.5807817050428967,1
mimic_perform_af_013,1,Logistic Regression,0.370485391981881,0
mimic_perform_af_013,1,Logistic Regression,0.7282521334326103,1
mimic_perform_af_013,1,Logistic Regression,0.928091376891372,1
mimic_perform_af_013,1,Logistic Regression,0.9558052614267818,1
mimic_perform_af_013,1,Logistic Regression,0.9371048904157381,1
mimic_perform_af_013,1,Logistic Regression,0.6784248223789866,1
mimic_perform_af_013,1,Logistic Regression,0.8776542952850618,1
mimic_perform_af_013,1,Logistic Regression,0.800862053097258,1
mimic_perform_af_013,1,Logistic Regression,0.9028565118047485,1
mimic_perform_af_013,1,Logistic Regression,0.9076704838951736,1
mimic_perform_af_013,1,Logistic Regression,0.9517686222992771,1
mimic_perform_af_013,1,Logistic Regression,0.9733077113992569,1
mimic_perform_af_013,1,Logistic Regression,0.9530272253184374,1
mimic_perform_af_013,1,Logistic Regression,0.9598787863099197,1
mimic_perform_af_013,1,Logistic Regression,0.9861615585505067,1
mimic_perform_af_013,1,Logistic Regression,0.9742611862540311,1
mimic_perform_af_013,1,Logistic Regression,0.9714836865887211,1
mimic_perform_af_013,1,Logistic Regression,0.9155679233535875,1
mimic_perform_af_013,1,Logistic Regression,0.6802392885704256,1
mimic_perform_af_013,1,Logistic Regression,0.9134731241904771,1
mimic_perform_af_013,1,Logistic Regression,0.9541081458560836,1
mimic_perform_af_013,1,Logistic Regression,0.978513232084254,1
mimic_perform_af_013,1,Logistic Regression,0.9850537948987151,1
mimic_perform_af_013,1,Logistic Regression,0.9640567882099789,1
mimic_perform_af_013,1,Logistic Regression,0.6677110790397593,1
mimic_perform_af_013,1,Logistic Regression,0.883076949004297,1
mimic_perform_af_013,1,Logistic Regression,0.92313369388663,1
mimic_perform_af_013,1,Logistic Regression,0.9477515530355711,1
mimic_perform_af_013,1,Logistic Regression,0.9024882842407069,1
mimic_perform_af_013,1,Logistic Regression,0.9349827000499429,1
mimic_perform_af_013,1,Logistic Regression,0.9359017173727295,1
mimic_perform_af_013,1,Logistic Regression,0.8941271232212109,1
mimic_perform_af_013,1,Logistic Regression,0.9470125742712523,1
mimic_perform_af_013,1,Logistic Regression,0.8380918656797329,1
mimic_perform_af_013,1,Logistic Regression,0.9279508599858849,1
mimic_perform_af_013,1,Logistic Regression,0.9668452437881223,1
mimic_perform_af_013,1,Logistic Regression,0.956577490274567,1
mimic_perform_af_013,1,Logistic Regression,0.9444259071723378,1
mimic_perform_af_013,1,Logistic Regression,0.6547540927113756,1
mimic_perform_af_013,1,Logistic Regression,0.5080960355202957,1
mimic_perform_af_013,1,Logistic Regression,0.3786649978821116,0
mimic_perform_af_013,1,Logistic Regression,0.7916626187441305,1
mimic_perform_af_013,1,Logistic Regression,0.7177066024658248,1
mimic_perform_af_013,1,Logistic Regression,0.7980340478337808,1
mimic_perform_af_013,1,Logistic Regression,0.7600339428657358,1
mimic_perform_af_013,1,Logistic Regression,0.9655633964718415,1
mimic_perform_af_013,1,Logistic Regression,0.98382663419988,1
mimic_perform_af_013,1,Logistic Regression,0.7352730982644513,1
mimic_perform_af_013,1,Logistic Regression,0.8863291812931913,1
mimic_perform_af_013,1,Logistic Regression,0.6040524605876147,1
mimic_perform_af_013,1,Logistic Regression,0.9608759924693823,1
mimic_perform_af_013,1,Logistic Regression,0.9039859926020669,1
mimic_perform_af_013,1,Logistic Regression,0.8052777869723127,1
mimic_perform_af_013,1,Logistic Regression,0.7263741301637052,1
mimic_perform_af_013,1,Logistic Regression,0.34113462881011414,0
mimic_perform_af_013,1,Logistic Regression,0.5549151762604299,1
mimic_perform_af_013,1,Logistic Regression,0.8378127402467097,1
mimic_perform_af_013,1,Logistic Regression,0.9355787646900882,1
mimic_perform_af_013,1,Logistic Regression,0.9916542289230915,1
mimic_perform_af_013,1,Logistic Regression,0.971634247481817,1
mimic_perform_af_013,1,Logistic Regression,0.9368534462226573,1
mimic_perform_af_013,1,Logistic Regression,0.6947981857194365,1
mimic_perform_af_013,1,Logistic Regression,0.9488053281202834,1
mimic_perform_af_013,1,Logistic Regression,0.8616567410465594,1
mimic_perform_af_013,1,Logistic Regression,0.9006599967670558,1
mimic_perform_af_013,1,Logistic Regression,0.895956749785777,1
mimic_perform_af_013,1,Logistic Regression,0.7574771763818006,1
mimic_perform_af_013,1,Logistic Regression,0.5921754226063682,1
mimic_perform_af_013,1,Logistic Regression,0.5721176789493417,1
mimic_perform_af_013,1,Logistic Regression,0.5466737716686496,1
mimic_perform_af_013,1,Logistic Regression,0.7134839489568814,1
mimic_perform_af_013,1,Logistic Regression,0.5265699918780372,1
mimic_perform_af_013,1,Logistic Regression,0.6941619384705321,1
mimic_perform_af_013,1,Logistic Regression,0.6255508095669365,1
mimic_perform_af_013,1,Logistic Regression,0.7644817204254369,1
mimic_perform_af_013,1,Logistic Regression,0.8126116724498895,1
mimic_perform_af_013,1,Logistic Regression,0.909955222217818,1
mimic_perform_af_013,1,Logistic Regression,0.8469597860473475,1
mimic_perform_af_013,1,Logistic Regression,0.8905386400137744,1
mimic_perform_af_013,1,Logistic Regression,0.8421544652404755,1
mimic_perform_af_013,1,Logistic Regression,0.9173809446028224,1
mimic_perform_af_013,1,Logistic Regression,0.7603825406987071,1
mimic_perform_af_013,1,Logistic Regression,0.8624304986545196,1
mimic_perform_af_013,1,Logistic Regression,0.8550962843235091,1
mimic_perform_af_013,1,Logistic Regression,0.866928295324744,1
mimic_perform_af_013,1,Logistic Regression,0.8918382032530726,1
mimic_perform_af_013,1,Logistic Regression,0.9418128503743932,1
mimic_perform_af_014,1,Logistic Regression,0.9477119291879972,1
mimic_perform_af_014,1,Logistic Regression,0.9353854032003899,1
mimic_perform_af_014,1,Logistic Regression,0.9519390268811571,1
mimic_perform_af_014,1,Logistic Regression,0.9405775063331712,1
mimic_perform_af_014,1,Logistic Regression,0.9519362177751394,1
mimic_perform_af_014,1,Logistic Regression,0.9208019189129267,1
mimic_perform_af_014,1,Logistic Regression,0.9383114637707988,1
mimic_perform_af_014,1,Logistic Regression,0.8960803039236925,1
mimic_perform_af_014,1,Logistic Regression,0.9392511859767747,1
mimic_perform_af_014,1,Logistic Regression,0.9562178794139269,1
mimic_perform_af_014,1,Logistic Regression,0.9830269885397142,1
mimic_perform_af_014,1,Logistic Regression,0.9859583152792945,1
mimic_perform_af_014,1,Logistic Regression,0.9704060633682167,1
mimic_perform_af_014,1,Logistic Regression,0.9886475672889993,1
mimic_perform_af_014,1,Logistic Regression,0.9949579733095562,1
mimic_perform_af_014,1,Logistic Regression,0.9796746044051268,1
mimic_perform_af_014,1,Logistic Regression,0.9781518836536075,1
mimic_perform_af_014,1,Logistic Regression,0.9393028206349555,1
mimic_perform_af_014,1,Logistic Regression,0.986386815990415,1
mimic_perform_af_014,1,Logistic Regression,0.9527480856663243,1
mimic_perform_af_014,1,Logistic Regression,0.9304636452719667,1
mimic_perform_af_014,1,Logistic Regression,0.9333142137057638,1
mimic_perform_af_014,1,Logistic Regression,0.9534663326985139,1
mimic_perform_af_014,1,Logistic Regression,0.9538183793735411,1
mimic_perform_af_014,1,Logistic Regression,0.9240369794859888,1
mimic_perform_af_014,1,Logistic Regression,0.9360354094536605,1
mimic_perform_af_014,1,Logistic Regression,0.9241998297969972,1
mimic_perform_af_014,1,Logistic Regression,0.9769318683826637,1
mimic_perform_af_014,1,Logistic Regression,0.9715404566428367,1
mimic_perform_af_014,1,Logistic Regression,0.9668911237992505,1
mimic_perform_af_014,1,Logistic Regression,0.9462362614189954,1
mimic_perform_af_014,1,Logistic Regression,0.9682827346233867,1
mimic_perform_af_014,1,Logistic Regression,0.9738899128501732,1
mimic_perform_af_014,1,Logistic Regression,0.9702703545165386,1
mimic_perform_af_014,1,Logistic Regression,0.9412962661658636,1
mimic_perform_af_014,1,Logistic Regression,0.9052089777652625,1
mimic_perform_af_014,1,Logistic Regression,0.9290235148207866,1
mimic_perform_af_014,1,Logistic Regression,0.9743546944074107,1
mimic_perform_af_014,1,Logistic Regression,0.9663876233801583,1
mimic_perform_af_014,1,Logistic Regression,0.9634084327624074,1
mimic_perform_af_014,1,Logistic Regression,0.9845059222157954,1
mimic_perform_af_014,1,Logistic Regression,0.9428880561511501,1
mimic_perform_af_014,1,Logistic Regression,0.9423563239155617,1
mimic_perform_af_014,1,Logistic Regression,0.8077287705496666,1
mimic_perform_af_014,1,Logistic Regression,0.9056909146561375,1
mimic_perform_af_014,1,Logistic Regression,0.8472801050792297,1
mimic_perform_af_014,1,Logistic Regression,0.7989925948542225,1
mimic_perform_af_014,1,Logistic Regression,0.8437794796857917,1
mimic_perform_af_014,1,Logistic Regression,0.9754278647712248,1
mimic_perform_af_014,1,Logistic Regression,0.9798862963955698,1
mimic_perform_af_014,1,Logistic Regression,0.9712676409496912,1
mimic_perform_af_014,1,Logistic Regression,0.911957305851859,1
mimic_perform_af_014,1,Logistic Regression,0.8670574738123695,1
mimic_perform_af_014,1,Logistic Regression,0.915040006342749,1
mimic_perform_af_014,1,Logistic Regression,0.956559948986959,1
mimic_perform_af_014,1,Logistic Regression,0.9590126347046541,1
mimic_perform_af_014,1,Logistic Regression,0.9747047987872168,1
mimic_perform_af_014,1,Logistic Regression,0.9756206146457037,1
mimic_perform_af_014,1,Logistic Regression,0.9827394833812622,1
mimic_perform_af_014,1,Logistic Regression,0.9777254833311989,1
mimic_perform_af_014,1,Logistic Regression,0.9322104168039714,1
mimic_perform_af_014,1,Logistic Regression,0.9397494707511328,1
mimic_perform_af_014,1,Logistic Regression,0.8128092068312872,1
mimic_perform_af_014,1,Logistic Regression,0.9366761533682624,1
mimic_perform_af_014,1,Logistic Regression,0.7723605597087214,1
mimic_perform_af_014,1,Logistic Regression,0.9574212178236858,1
mimic_perform_af_014,1,Logistic Regression,0.9591334040736306,1
mimic_perform_af_014,1,Logistic Regression,0.9756150577694818,1
mimic_perform_af_014,1,Logistic Regression,0.9299986033443371,1
mimic_perform_af_014,1,Logistic Regression,0.5862813240717241,1
mimic_perform_af_014,1,Logistic Regression,0.673432468736693,1
mimic_perform_af_014,1,Logistic Regression,0.8652434596380518,1
mimic_perform_af_014,1,Logistic Regression,0.9867633897916307,1
mimic_perform_af_014,1,Logistic Regression,0.9487839916459205,1
mimic_perform_af_014,1,Logistic Regression,0.9549830770809579,1
mimic_perform_af_014,1,Logistic Regression,0.9380279695890423,1
mimic_perform_af_014,1,Logistic Regression,0.9718258331170849,1
mimic_perform_af_014,1,Logistic Regression,0.9750302142283129,1
mimic_perform_af_014,1,Logistic Regression,0.9721095019954892,1
mimic_perform_af_014,1,Logistic Regression,0.9687232893985531,1
mimic_perform_af_014,1,Logistic Regression,0.9365218912035947,1
mimic_perform_af_014,1,Logistic Regression,0.9885312536397625,1
mimic_perform_af_014,1,Logistic Regression,0.9918657823839594,1
mimic_perform_af_014,1,Logistic Regression,0.9938350012237203,1
mimic_perform_af_014,1,Logistic Regression,0.8367960016380629,1
mimic_perform_af_014,1,Logistic Regression,0.8858651151143951,1
mimic_perform_af_014,1,Logistic Regression,0.30874047691471623,0
mimic_perform_af_014,1,Logistic Regression,0.7168501105062736,1
mimic_perform_af_014,1,Logistic Regression,0.6187871697673009,1
mimic_perform_af_014,1,Logistic Regression,0.929267745092356,1
mimic_perform_af_014,1,Logistic Regression,0.9600426142682973,1
mimic_perform_af_014,1,Logistic Regression,0.9404799223027606,1
mimic_perform_af_014,1,Logistic Regression,0.8035661364264609,1
mimic_perform_af_014,1,Logistic Regression,0.8582018578586587,1
mimic_perform_af_014,1,Logistic Regression,0.6752052027378905,1
mimic_perform_af_014,1,Logistic Regression,0.9521762743616016,1
mimic_perform_af_014,1,Logistic Regression,0.9839482222032386,1
mimic_perform_af_014,1,Logistic Regression,0.9732175320379564,1
mimic_perform_af_014,1,Logistic Regression,0.9436662524892055,1
mimic_perform_af_014,1,Logistic Regression,0.9417501915472916,1
mimic_perform_af_014,1,Logistic Regression,0.7303439089763902,1
mimic_perform_af_014,1,Logistic Regression,0.8682788452813608,1
mimic_perform_af_014,1,Logistic Regression,0.8923959140054085,1
mimic_perform_af_014,1,Logistic Regression,0.911528145059544,1
mimic_perform_af_014,1,Logistic Regression,0.961038389747763,1
mimic_perform_af_014,1,Logistic Regression,0.9539806440615459,1
mimic_perform_af_014,1,Logistic Regression,0.9686568088708374,1
mimic_perform_af_014,1,Logistic Regression,0.9526814530553055,1
mimic_perform_af_014,1,Logistic Regression,0.9774944743843448,1
mimic_perform_af_014,1,Logistic Regression,0.9618307368375928,1
mimic_perform_af_014,1,Logistic Regression,0.9730610379472785,1
mimic_perform_af_014,1,Logistic Regression,0.9500099852270707,1
mimic_perform_af_014,1,Logistic Regression,0.9762162018064106,1
mimic_perform_af_014,1,Logistic Regression,0.9593775490138833,1
mimic_perform_af_014,1,Logistic Regression,0.9773003502965166,1
mimic_perform_af_014,1,Logistic Regression,0.8713035542902038,1
mimic_perform_af_014,1,Logistic Regression,0.8356156799793727,1
mimic_perform_af_014,1,Logistic Regression,0.9246580112138724,1
mimic_perform_af_015,1,Logistic Regression,0.5806218549985102,1
mimic_perform_af_015,1,Logistic Regression,0.6438778449527858,1
mimic_perform_af_015,1,Logistic Regression,0.8949903140060975,1
mimic_perform_af_015,1,Logistic Regression,0.885274916062927,1
mimic_perform_af_015,1,Logistic Regression,0.9202326105604395,1
mimic_perform_af_015,1,Logistic Regression,0.9557026779848456,1
mimic_perform_af_015,1,Logistic Regression,0.8760739080926447,1
mimic_perform_af_015,1,Logistic Regression,0.7794524316361973,1
mimic_perform_af_015,1,Logistic Regression,0.7595671493008513,1
mimic_perform_af_015,1,Logistic Regression,0.890313739968652,1
mimic_perform_af_015,1,Logistic Regression,0.8132484495396083,1
mimic_perform_af_015,1,Logistic Regression,0.9208622271327557,1
mimic_perform_af_015,1,Logistic Regression,0.9328318055817998,1
mimic_perform_af_015,1,Logistic Regression,0.7528704546135148,1
mimic_perform_af_015,1,Logistic Regression,0.5720992884621057,1
mimic_perform_af_015,1,Logistic Regression,0.5159482461097172,1
mimic_perform_af_015,1,Logistic Regression,0.8664409491856642,1
mimic_perform_af_015,1,Logistic Regression,0.8718126054700284,1
mimic_perform_af_015,1,Logistic Regression,0.9245081592080174,1
mimic_perform_af_015,1,Logistic Regression,0.9521016779637396,1
mimic_perform_af_015,1,Logistic Regression,0.9716034048727495,1
mimic_perform_af_015,1,Logistic Regression,0.9852700736707041,1
mimic_perform_af_015,1,Logistic Regression,0.9665246908448293,1
mimic_perform_af_015,1,Logistic Regression,0.9528532329044185,1
mimic_perform_af_015,1,Logistic Regression,0.9618203759303084,1
mimic_perform_af_015,1,Logistic Regression,0.9716655355049996,1
mimic_perform_af_015,1,Logistic Regression,0.9658099815655943,1
mimic_perform_af_015,1,Logistic Regression,0.9296990885775311,1
mimic_perform_af_015,1,Logistic Regression,0.8992452888451834,1
mimic_perform_af_015,1,Logistic Regression,0.9419781493351738,1
mimic_perform_af_015,1,Logistic Regression,0.9027833444102288,1
mimic_perform_af_015,1,Logistic Regression,0.8720434623826898,1
mimic_perform_af_015,1,Logistic Regression,0.7954149287835367,1
mimic_perform_af_015,1,Logistic Regression,0.9028497576127488,1
mimic_perform_af_015,1,Logistic Regression,0.845379540198114,1
mimic_perform_af_015,1,Logistic Regression,0.918743388363243,1
mimic_perform_af_015,1,Logistic Regression,0.9159040475101453,1
mimic_perform_af_015,1,Logistic Regression,0.9265580812966101,1
mimic_perform_af_015,1,Logistic Regression,0.9025658920068814,1
mimic_perform_af_015,1,Logistic Regression,0.8492963898801471,1
mimic_perform_af_015,1,Logistic Regression,0.6515274986930333,1
mimic_perform_af_015,1,Logistic Regression,0.2246705334868342,0
mimic_perform_af_015,1,Logistic Regression,0.3088950663891548,0
mimic_perform_af_015,1,Logistic Regression,0.6186563718412287,1
mimic_perform_af_015,1,Logistic Regression,0.8663092456681327,1
mimic_perform_af_015,1,Logistic Regression,0.651634610349938,1
mimic_perform_af_015,1,Logistic Regression,0.8309586280590875,1
mimic_perform_af_015,1,Logistic Regression,0.7229506258614168,1
mimic_perform_af_015,1,Logistic Regression,0.7796987915105491,1
mimic_perform_af_015,1,Logistic Regression,0.5729318082243181,1
mimic_perform_af_015,1,Logistic Regression,0.7903620047275692,1
mimic_perform_af_015,1,Logistic Regression,0.9129571332986016,1
mimic_perform_af_015,1,Logistic Regression,0.9547266595984183,1
mimic_perform_af_015,1,Logistic Regression,0.9034341905338829,1
mimic_perform_af_015,1,Logistic Regression,0.918679165474669,1
mimic_perform_af_015,1,Logistic Regression,0.7063128629437699,1
mimic_perform_af_015,1,Logistic Regression,0.27480241576034914,0
mimic_perform_af_015,1,Logistic Regression,0.34917954860571376,0
mimic_perform_af_015,1,Logistic Regression,0.6734019706337411,1
mimic_perform_af_015,1,Logistic Regression,0.8453023047176577,1
mimic_perform_af_015,1,Logistic Regression,0.47752759110043136,0
mimic_perform_af_015,1,Logistic Regression,0.7220838080634668,1
mimic_perform_af_015,1,Logistic Regression,0.7772962882365723,1
mimic_perform_af_015,1,Logistic Regression,0.9434905558393293,1
mimic_perform_af_015,1,Logistic Regression,0.902447789957624,1
mimic_perform_af_015,1,Logistic Regression,0.9103301549460484,1
mimic_perform_af_015,1,Logistic Regression,0.8364781557223048,1
mimic_perform_af_015,1,Logistic Regression,0.6721813674750712,1
mimic_perform_af_015,1,Logistic Regression,0.8627054052766489,1
mimic_perform_af_015,1,Logistic Regression,0.7939293288971256,1
mimic_perform_af_015,1,Logistic Regression,0.8783932547304485,1
mimic_perform_af_015,1,Logistic Regression,0.9293648240703959,1
mimic_perform_af_015,1,Logistic Regression,0.8764927303008405,1
mimic_perform_af_015,1,Logistic Regression,0.9308688359591648,1
mimic_perform_af_015,1,Logistic Regression,0.8594807885426159,1
mimic_perform_af_015,1,Logistic Regression,0.9691107181098702,1
mimic_perform_af_015,1,Logistic Regression,0.9667275002496589,1
mimic_perform_af_015,1,Logistic Regression,0.9178537539318538,1
mimic_perform_af_015,1,Logistic Regression,0.8661125006158146,1
mimic_perform_af_015,1,Logistic Regression,0.8022419239586374,1
mimic_perform_af_015,1,Logistic Regression,0.7402286727697197,1
mimic_perform_af_015,1,Logistic Regression,0.706616627009727,1
mimic_perform_af_015,1,Logistic Regression,0.9211603014993149,1
mimic_perform_af_015,1,Logistic Regression,0.8795512267757849,1
mimic_perform_af_015,1,Logistic Regression,0.8551029595511104,1
mimic_perform_af_015,1,Logistic Regression,0.5269483799433934,1
mimic_perform_af_015,1,Logistic Regression,0.5455685200019962,1
mimic_perform_af_015,1,Logistic Regression,0.8417155772141569,1
mimic_perform_af_015,1,Logistic Regression,0.7017621223208192,1
mimic_perform_af_015,1,Logistic Regression,0.6001312364534837,1
mimic_perform_af_015,1,Logistic Regression,0.7700052837011099,1
mimic_perform_af_015,1,Logistic Regression,0.957761431249926,1
mimic_perform_af_015,1,Logistic Regression,0.8396113693048923,1
mimic_perform_af_015,1,Logistic Regression,0.9330721137085319,1
mimic_perform_af_015,1,Logistic Regression,0.9511821770199793,1
mimic_perform_af_015,1,Logistic Regression,0.9531318315732451,1
mimic_perform_af_015,1,Logistic Regression,0.7272026027969952,1
mimic_perform_af_015,1,Logistic Regression,0.6393854232387005,1
mimic_perform_af_015,1,Logistic Regression,0.4844492964707288,0
mimic_perform_af_015,1,Logistic Regression,0.7835265091289809,1
mimic_perform_af_015,1,Logistic Regression,0.7384117779688749,1
mimic_perform_af_015,1,Logistic Regression,0.9403383478286286,1
mimic_perform_af_015,1,Logistic Regression,0.9199902597621141,1
mimic_perform_af_015,1,Logistic Regression,0.8673314846960766,1
mimic_perform_af_015,1,Logistic Regression,0.6923831765043706,1
mimic_perform_af_015,1,Logistic Regression,0.5952566868275825,1
mimic_perform_af_015,1,Logistic Regression,0.1185810378876014,0
mimic_perform_af_015,1,Logistic Regression,0.30792189013241594,0
mimic_perform_af_015,1,Logistic Regression,0.33475850842444027,0
mimic_perform_af_015,1,Logistic Regression,0.7836217011921952,1
mimic_perform_af_015,1,Logistic Regression,0.7781391168121745,1
mimic_perform_af_015,1,Logistic Regression,0.8767707481273309,1
mimic_perform_af_015,1,Logistic Regression,0.8687496783663442,1
mimic_perform_af_015,1,Logistic Regression,0.9535098139604674,1
mimic_perform_af_015,1,Logistic Regression,0.7778939462081929,1
mimic_perform_af_015,1,Logistic Regression,0.7512541419466948,1
mimic_perform_af_015,1,Logistic Regression,0.7195297254263457,1
mimic_perform_af_015,1,Logistic Regression,0.9044613019366982,1
mimic_perform_af_016,1,Logistic Regression,0.9953350988099204,1
mimic_perform_af_016,1,Logistic Regression,0.9973180704391862,1
mimic_perform_af_016,1,Logistic Regression,0.9941281012477243,1
mimic_perform_af_016,1,Logistic Regression,0.9863478189707598,1
mimic_perform_af_016,1,Logistic Regression,0.9498790292993913,1
mimic_perform_af_016,1,Logistic Regression,0.9434430956288055,1
mimic_perform_af_016,1,Logistic Regression,0.8199652230377908,1
mimic_perform_af_016,1,Logistic Regression,0.9425043670642475,1
mimic_perform_af_016,1,Logistic Regression,0.952373962099113,1
mimic_perform_af_016,1,Logistic Regression,0.9966043326760688,1
mimic_perform_af_016,1,Logistic Regression,0.9913981597951145,1
mimic_perform_af_016,1,Logistic Regression,0.9833962673469404,1
mimic_perform_af_016,1,Logistic Regression,0.9075096001633435,1
mimic_perform_af_016,1,Logistic Regression,0.5309148557302621,1
mimic_perform_af_016,1,Logistic Regression,0.34311442122132935,0
mimic_perform_af_016,1,Logistic Regression,0.13658733140533946,0
mimic_perform_af_016,1,Logistic Regression,0.27782002583676824,0
mimic_perform_af_016,1,Logistic Regression,0.2310661264199019,0
mimic_perform_af_016,1,Logistic Regression,0.14388750688484708,0
mimic_perform_af_016,1,Logistic Regression,0.052254751780267186,0
mimic_perform_af_016,1,Logistic Regression,0.9391214099102015,1
mimic_perform_af_016,1,Logistic Regression,0.9458705824345637,1
mimic_perform_af_016,1,Logistic Regression,0.9386329371336191,1
mimic_perform_af_016,1,Logistic Regression,0.9282976389408114,1
mimic_perform_af_016,1,Logistic Regression,0.9366186369690347,1
mimic_perform_af_016,1,Logistic Regression,0.9208547706496263,1
mimic_perform_af_016,1,Logistic Regression,0.9340382613673632,1
mimic_perform_af_016,1,Logistic Regression,0.9235130349016925,1
mimic_perform_af_016,1,Logistic Regression,0.6354510941540092,1
mimic_perform_af_016,1,Logistic Regression,0.706082162786502,1
mimic_perform_af_016,1,Logistic Regression,0.45056350224579006,0
mimic_perform_af_016,1,Logistic Regression,0.8153478599195039,1
mimic_perform_af_016,1,Logistic Regression,0.8966449215497959,1
mimic_perform_af_016,1,Logistic Regression,0.9588868491894273,1
mimic_perform_af_016,1,Logistic Regression,0.8824541324210369,1
mimic_perform_af_016,1,Logistic Regression,0.833621578074589,1
mimic_perform_af_016,1,Logistic Regression,0.800323803175295,1
mimic_perform_af_016,1,Logistic Regression,0.9322862905957403,1
mimic_perform_af_016,1,Logistic Regression,0.9645314584988086,1
mimic_perform_af_016,1,Logistic Regression,0.9182058752557837,1
mimic_perform_af_016,1,Logistic Regression,0.7023067595462894,1
mimic_perform_af_016,1,Logistic Regression,0.7489602157132179,1
mimic_perform_af_016,1,Logistic Regression,0.8788737116087538,1
mimic_perform_af_016,1,Logistic Regression,0.9325675455033451,1
mimic_perform_af_016,1,Logistic Regression,0.9074294605834445,1
mimic_perform_af_016,1,Logistic Regression,0.8786462278636556,1
mimic_perform_af_016,1,Logistic Regression,0.9054151787255895,1
mimic_perform_af_016,1,Logistic Regression,0.9267279075423405,1
mimic_perform_af_016,1,Logistic Regression,0.9751958278253007,1
mimic_perform_af_016,1,Logistic Regression,0.9564923724071527,1
mimic_perform_af_016,1,Logistic Regression,0.9571830382605684,1
mimic_perform_af_016,1,Logistic Regression,0.9563932772242928,1
mimic_perform_af_016,1,Logistic Regression,0.8950410326750442,1
mimic_perform_af_016,1,Logistic Regression,0.8839792564151072,1
mimic_perform_af_016,1,Logistic Regression,0.7527530000199878,1
mimic_perform_af_016,1,Logistic Regression,0.9419173192600517,1
mimic_perform_af_016,1,Logistic Regression,0.9028841695207045,1
mimic_perform_af_016,1,Logistic Regression,0.9711895641232727,1
mimic_perform_af_016,1,Logistic Regression,0.9260154158596079,1
mimic_perform_af_016,1,Logistic Regression,0.8847219534233247,1
mimic_perform_af_016,1,Logistic Regression,0.8213984749254223,1
mimic_perform_af_016,1,Logistic Regression,0.9056287235674275,1
mimic_perform_af_016,1,Logistic Regression,0.9589112574317007,1
mimic_perform_af_016,1,Logistic Regression,0.9835803406690261,1
mimic_perform_af_016,1,Logistic Regression,0.9873193467333176,1
mimic_perform_af_016,1,Logistic Regression,0.9178900453744895,1
mimic_perform_af_016,1,Logistic Regression,0.9228363482730403,1
mimic_perform_af_016,1,Logistic Regression,0.9848650502635493,1
mimic_perform_af_016,1,Logistic Regression,0.9939790367725688,1
mimic_perform_af_016,1,Logistic Regression,0.9871228341587144,1
mimic_perform_af_016,1,Logistic Regression,0.9737898775352407,1
mimic_perform_af_016,1,Logistic Regression,0.9713137603033916,1
mimic_perform_af_016,1,Logistic Regression,0.9451359678139992,1
mimic_perform_af_016,1,Logistic Regression,0.9771974756806423,1
mimic_perform_af_016,1,Logistic Regression,0.9939183089851525,1
mimic_perform_af_016,1,Logistic Regression,0.9809890977074277,1
mimic_perform_af_016,1,Logistic Regression,0.9635063880378509,1
mimic_perform_af_016,1,Logistic Regression,0.976837936368621,1
mimic_perform_af_016,1,Logistic Regression,0.9560426078763815,1
mimic_perform_af_016,1,Logistic Regression,0.9008807600305513,1
mimic_perform_af_016,1,Logistic Regression,0.9212803318036906,1
mimic_perform_af_016,1,Logistic Regression,0.9508769669976268,1
mimic_perform_af_016,1,Logistic Regression,0.9197869397584234,1
mimic_perform_af_016,1,Logistic Regression,0.8260232971397015,1
mimic_perform_af_016,1,Logistic Regression,0.6719395905655918,1
mimic_perform_af_016,1,Logistic Regression,0.8889282601046536,1
mimic_perform_af_016,1,Logistic Regression,0.9428213179136239,1
mimic_perform_af_016,1,Logistic Regression,0.9573972585545469,1
mimic_perform_af_016,1,Logistic Regression,0.9486130447863567,1
mimic_perform_af_016,1,Logistic Regression,0.9035966952627765,1
mimic_perform_af_016,1,Logistic Regression,0.5744192478349408,1
mimic_perform_af_016,1,Logistic Regression,0.4742003171697405,0
mimic_perform_af_016,1,Logistic Regression,0.5157192331829141,1
mimic_perform_af_016,1,Logistic Regression,0.8721386697121205,1
mimic_perform_af_016,1,Logistic Regression,0.9205256456064873,1
mimic_perform_af_016,1,Logistic Regression,0.8622792703848239,1
mimic_perform_af_016,1,Logistic Regression,0.9878811370106295,1
mimic_perform_af_016,1,Logistic Regression,0.9697520109020471,1
mimic_perform_af_016,1,Logistic Regression,0.9851244932605737,1
mimic_perform_af_016,1,Logistic Regression,0.9182048061493041,1
mimic_perform_af_016,1,Logistic Regression,0.9009974394116093,1
mimic_perform_af_016,1,Logistic Regression,0.9120255116759025,1
mimic_perform_af_016,1,Logistic Regression,0.9282393687010436,1
mimic_perform_af_016,1,Logistic Regression,0.992025646001725,1
mimic_perform_af_016,1,Logistic Regression,0.9598822982566975,1
mimic_perform_af_016,1,Logistic Regression,0.9576478522870485,1
mimic_perform_af_016,1,Logistic Regression,0.9555152237702597,1
mimic_perform_af_016,1,Logistic Regression,0.9907336115235559,1
mimic_perform_af_016,1,Logistic Regression,0.9771980563583044,1
mimic_perform_af_016,1,Logistic Regression,0.9273430428205404,1
mimic_perform_af_016,1,Logistic Regression,0.5704843541036058,1
mimic_perform_af_016,1,Logistic Regression,0.8901236536715903,1
mimic_perform_af_016,1,Logistic Regression,0.9483226075856669,1
mimic_perform_af_016,1,Logistic Regression,0.9824050993786917,1
mimic_perform_af_016,1,Logistic Regression,0.9926604046921108,1
mimic_perform_af_016,1,Logistic Regression,0.9956251736009649,1
mimic_perform_af_016,1,Logistic Regression,0.9938396388237658,1
mimic_perform_af_016,1,Logistic Regression,0.9486540532008213,1
mimic_perform_af_017,1,Logistic Regression,0.960862908222763,1
mimic_perform_af_017,1,Logistic Regression,0.9715279371947788,1
mimic_perform_af_017,1,Logistic Regression,0.9790468644874855,1
mimic_perform_af_017,1,Logistic Regression,0.9861142040488972,1
mimic_perform_af_017,1,Logistic Regression,0.951854670020133,1
mimic_perform_af_017,1,Logistic Regression,0.9301875566389205,1
mimic_perform_af_017,1,Logistic Regression,0.9321271148086583,1
mimic_perform_af_017,1,Logistic Regression,0.9390670419905104,1
mimic_perform_af_017,1,Logistic Regression,0.9865428522928125,1
mimic_perform_af_017,1,Logistic Regression,0.9891884970956019,1
mimic_perform_af_017,1,Logistic Regression,0.9901619017060735,1
mimic_perform_af_017,1,Logistic Regression,0.9728341362913577,1
mimic_perform_af_017,1,Logistic Regression,0.9671498101422996,1
mimic_perform_af_017,1,Logistic Regression,0.9777923863042095,1
mimic_perform_af_017,1,Logistic Regression,0.984933293278824,1
mimic_perform_af_017,1,Logistic Regression,0.9877218123100843,1
mimic_perform_af_017,1,Logistic Regression,0.9935638661222868,1
mimic_perform_af_017,1,Logistic Regression,0.9957191510843066,1
mimic_perform_af_017,1,Logistic Regression,0.9826595110846204,1
mimic_perform_af_017,1,Logistic Regression,0.9653758020118196,1
mimic_perform_af_017,1,Logistic Regression,0.8986491017238173,1
mimic_perform_af_017,1,Logistic Regression,0.8696504261806923,1
mimic_perform_af_017,1,Logistic Regression,0.9837519849067884,1
mimic_perform_af_017,1,Logistic Regression,0.9894670309680096,1
mimic_perform_af_017,1,Logistic Regression,0.9787680403072094,1
mimic_perform_af_017,1,Logistic Regression,0.9694028798818105,1
mimic_perform_af_017,1,Logistic Regression,0.9222848374320746,1
mimic_perform_af_017,1,Logistic Regression,0.9077733546694909,1
mimic_perform_af_017,1,Logistic Regression,0.9794755994876815,1
mimic_perform_af_017,1,Logistic Regression,0.9839580380447008,1
mimic_perform_af_017,1,Logistic Regression,0.9596470665261166,1
mimic_perform_af_017,1,Logistic Regression,0.971346141505642,1
mimic_perform_af_017,1,Logistic Regression,0.9657886255812408,1
mimic_perform_af_017,1,Logistic Regression,0.9843691751815474,1
mimic_perform_af_017,1,Logistic Regression,0.9930860447688626,1
mimic_perform_af_017,1,Logistic Regression,0.9877074170865228,1
mimic_perform_af_017,1,Logistic Regression,0.9794050074860626,1
mimic_perform_af_017,1,Logistic Regression,0.902071685034682,1
mimic_perform_af_017,1,Logistic Regression,0.8542048543145266,1
mimic_perform_af_017,1,Logistic Regression,0.8797463211623505,1
mimic_perform_af_017,1,Logistic Regression,0.9438452819935006,1
mimic_perform_af_017,1,Logistic Regression,0.9600779715462768,1
mimic_perform_af_017,1,Logistic Regression,0.9671716115715662,1
mimic_perform_af_017,1,Logistic Regression,0.9718305983603093,1
mimic_perform_af_017,1,Logistic Regression,0.9879751813260899,1
mimic_perform_af_017,1,Logistic Regression,0.9747841196572444,1
mimic_perform_af_017,1,Logistic Regression,0.9503390563065947,1
mimic_perform_af_017,1,Logistic Regression,0.9760585298006813,1
mimic_perform_af_017,1,Logistic Regression,0.9856625856093119,1
mimic_perform_af_017,1,Logistic Regression,0.9555721575349191,1
mimic_perform_af_017,1,Logistic Regression,0.9661994526013886,1
mimic_perform_af_017,1,Logistic Regression,0.9891635932300991,1
mimic_perform_af_017,1,Logistic Regression,0.9902117517964238,1
mimic_perform_af_017,1,Logistic Regression,0.9919678320005726,1
mimic_perform_af_017,1,Logistic Regression,0.9852470366039348,1
mimic_perform_af_017,1,Logistic Regression,0.9844723696876186,1
mimic_perform_af_017,1,Logistic Regression,0.9571961664264658,1
mimic_perform_af_017,1,Logistic Regression,0.7844998698224758,1
mimic_perform_af_017,1,Logistic Regression,0.7620104421178895,1
mimic_perform_af_017,1,Logistic Regression,0.8700488354174545,1
mimic_perform_af_017,1,Logistic Regression,0.986012653671181,1
mimic_perform_af_017,1,Logistic Regression,0.9838781536203862,1
mimic_perform_af_017,1,Logistic Regression,0.9945525163309002,1
mimic_perform_af_017,1,Logistic Regression,0.9911341913441375,1
mimic_perform_af_017,1,Logistic Regression,0.9034778916111478,1
mimic_perform_af_017,1,Logistic Regression,0.834553382944381,1
mimic_perform_af_017,1,Logistic Regression,0.7168556533451956,1
mimic_perform_af_017,1,Logistic Regression,0.7623184058903268,1
mimic_perform_af_017,1,Logistic Regression,0.9380826062092419,1
mimic_perform_af_017,1,Logistic Regression,0.9209111967894201,1
mimic_perform_af_017,1,Logistic Regression,0.9332291181340752,1
mimic_perform_af_017,1,Logistic Regression,0.9590116690603628,1
mimic_perform_af_017,1,Logistic Regression,0.981042607639169,1
mimic_perform_af_017,1,Logistic Regression,0.990151250724868,1
mimic_perform_af_017,1,Logistic Regression,0.9691629425062137,1
mimic_perform_af_017,1,Logistic Regression,0.7824375685683614,1
mimic_perform_af_017,1,Logistic Regression,0.884670212758237,1
mimic_perform_af_017,1,Logistic Regression,0.8618638311670248,1
mimic_perform_af_017,1,Logistic Regression,0.921481359989841,1
mimic_perform_af_017,1,Logistic Regression,0.9199763348657579,1
mimic_perform_af_017,1,Logistic Regression,0.9713636058610664,1
mimic_perform_af_017,1,Logistic Regression,0.9754307380324865,1
mimic_perform_af_017,1,Logistic Regression,0.9755210298653431,1
mimic_perform_af_017,1,Logistic Regression,0.9814542783275504,1
mimic_perform_af_017,1,Logistic Regression,0.9752649575350089,1
mimic_perform_af_017,1,Logistic Regression,0.9649200010583909,1
mimic_perform_af_017,1,Logistic Regression,0.9713584503850665,1
mimic_perform_af_017,1,Logistic Regression,0.9507296534377607,1
mimic_perform_af_017,1,Logistic Regression,0.9211035972883931,1
mimic_perform_af_017,1,Logistic Regression,0.9106849560384056,1
mimic_perform_af_017,1,Logistic Regression,0.9263108133367807,1
mimic_perform_af_017,1,Logistic Regression,0.8777983558181164,1
mimic_perform_af_017,1,Logistic Regression,0.8443537405505173,1
mimic_perform_af_017,1,Logistic Regression,0.9283861718463302,1
mimic_perform_af_017,1,Logistic Regression,0.9759309767939321,1
mimic_perform_af_017,1,Logistic Regression,0.9919266275694267,1
mimic_perform_af_017,1,Logistic Regression,0.9898848397869188,1
mimic_perform_af_017,1,Logistic Regression,0.9789066614736286,1
mimic_perform_af_017,1,Logistic Regression,0.9463469371461039,1
mimic_perform_af_017,1,Logistic Regression,0.9273071372049781,1
mimic_perform_af_017,1,Logistic Regression,0.9640992548288988,1
mimic_perform_af_017,1,Logistic Regression,0.976590087686501,1
mimic_perform_af_017,1,Logistic Regression,0.9926505501560238,1
mimic_perform_af_017,1,Logistic Regression,0.9927244548056268,1
mimic_perform_af_017,1,Logistic Regression,0.9896516355285662,1
mimic_perform_af_017,1,Logistic Regression,0.975439137057411,1
mimic_perform_af_017,1,Logistic Regression,0.9493470465384747,1
mimic_perform_af_017,1,Logistic Regression,0.9838815965479006,1
mimic_perform_af_017,1,Logistic Regression,0.9945632882153848,1
mimic_perform_af_017,1,Logistic Regression,0.9877520691601227,1
mimic_perform_af_017,1,Logistic Regression,0.9818322958040168,1
mimic_perform_af_017,1,Logistic Regression,0.9890757534975446,1
mimic_perform_af_017,1,Logistic Regression,0.9410450997863663,1
mimic_perform_af_017,1,Logistic Regression,0.44119472363318407,0
mimic_perform_af_017,1,Logistic Regression,0.09704121069845416,0
mimic_perform_af_017,1,Logistic Regression,0.018699648084566534,0
mimic_perform_af_017,1,Logistic Regression,0.03425876626290693,0
mimic_perform_af_017,1,Logistic Regression,0.04532687866051371,0
mimic_perform_af_018,1,Logistic Regression,0.9944930006614664,1
mimic_perform_af_018,1,Logistic Regression,0.9984320218844639,1
mimic_perform_af_018,1,Logistic Regression,0.9968038227988358,1
mimic_perform_af_018,1,Logistic Regression,0.9976806208709273,1
mimic_perform_af_018,1,Logistic Regression,0.9813979709259872,1
mimic_perform_af_018,1,Logistic Regression,0.9571829851367958,1
mimic_perform_af_018,1,Logistic Regression,0.9613403236823923,1
mimic_perform_af_018,1,Logistic Regression,0.9506869750238489,1
mimic_perform_af_018,1,Logistic Regression,0.9194280508354673,1
mimic_perform_af_018,1,Logistic Regression,0.9635323174360737,1
mimic_perform_af_018,1,Logistic Regression,0.976631153176706,1
mimic_perform_af_018,1,Logistic Regression,0.9902048586028127,1
mimic_perform_af_018,1,Logistic Regression,0.9932435052196805,1
mimic_perform_af_018,1,Logistic Regression,0.9784020454228872,1
mimic_perform_af_018,1,Logistic Regression,0.9368599175964408,1
mimic_perform_af_018,1,Logistic Regression,0.9649868430359176,1
mimic_perform_af_018,1,Logistic Regression,0.9626718532961944,1
mimic_perform_af_018,1,Logistic Regression,0.970020686092758,1
mimic_perform_af_018,1,Logistic Regression,0.9806342117141518,1
mimic_perform_af_018,1,Logistic Regression,0.9912035310002135,1
mimic_perform_af_018,1,Logistic Regression,0.986081767231667,1
mimic_perform_af_018,1,Logistic Regression,0.9887617037263899,1
mimic_perform_af_018,1,Logistic Regression,0.9879310344128559,1
mimic_perform_af_018,1,Logistic Regression,0.9835065838693325,1
mimic_perform_af_018,1,Logistic Regression,0.9879469409878804,1
mimic_perform_af_018,1,Logistic Regression,0.978629062953773,1
mimic_perform_af_018,1,Logistic Regression,0.9869291944284189,1
mimic_perform_af_018,1,Logistic Regression,0.9865571035905897,1
mimic_perform_af_018,1,Logistic Regression,0.9782560030536093,1
mimic_perform_af_018,1,Logistic Regression,0.9442300900016775,1
mimic_perform_af_018,1,Logistic Regression,0.9532323643547996,1
mimic_perform_af_018,1,Logistic Regression,0.9413708245361422,1
mimic_perform_af_018,1,Logistic Regression,0.969758523483854,1
mimic_perform_af_018,1,Logistic Regression,0.9705019343523905,1
mimic_perform_af_018,1,Logistic Regression,0.9565257721396896,1
mimic_perform_af_018,1,Logistic Regression,0.9627881790658649,1
mimic_perform_af_018,1,Logistic Regression,0.9458997010860553,1
mimic_perform_af_018,1,Logistic Regression,0.9523203263169261,1
mimic_perform_af_018,1,Logistic Regression,0.963719055569566,1
mimic_perform_af_018,1,Logistic Regression,0.9807979755971185,1
mimic_perform_af_018,1,Logistic Regression,0.9710165640413472,1
mimic_perform_af_018,1,Logistic Regression,0.9849200013039011,1
mimic_perform_af_018,1,Logistic Regression,0.9385599164841192,1
mimic_perform_af_018,1,Logistic Regression,0.9934250687155024,1
mimic_perform_af_018,1,Logistic Regression,0.9761108571965401,1
mimic_perform_af_018,1,Logistic Regression,0.9837861569675528,1
mimic_perform_af_018,1,Logistic Regression,0.9841236320144394,1
mimic_perform_af_018,1,Logistic Regression,0.9611130297886595,1
mimic_perform_af_018,1,Logistic Regression,0.9570124609790904,1
mimic_perform_af_018,1,Logistic Regression,0.8959990804917275,1
mimic_perform_af_018,1,Logistic Regression,0.9421833593580766,1
mimic_perform_af_018,1,Logistic Regression,0.9314670415971665,1
mimic_perform_af_018,1,Logistic Regression,0.977152124456328,1
mimic_perform_af_018,1,Logistic Regression,0.9736752525939157,1
mimic_perform_af_018,1,Logistic Regression,0.9895348907621232,1
mimic_perform_af_018,1,Logistic Regression,0.9858103083229459,1
mimic_perform_af_018,1,Logistic Regression,0.9879801835413022,1
mimic_perform_af_018,1,Logistic Regression,0.9835037959070829,1
mimic_perform_af_018,1,Logistic Regression,0.9645079394474322,1
mimic_perform_af_018,1,Logistic Regression,0.954458222629611,1
mimic_perform_af_018,1,Logistic Regression,0.9659722426150186,1
mimic_perform_af_018,1,Logistic Regression,0.9722376613286566,1
mimic_perform_af_018,1,Logistic Regression,0.9528624380617603,1
mimic_perform_af_018,1,Logistic Regression,0.9913947665792772,1
mimic_perform_af_018,1,Logistic Regression,0.9908699253449041,1
mimic_perform_af_018,1,Logistic Regression,0.9516767304112645,1
mimic_perform_af_018,1,Logistic Regression,0.9469762240109285,1
mimic_perform_af_018,1,Logistic Regression,0.9550319301573796,1
mimic_perform_af_018,1,Logistic Regression,0.9702323336236458,1
mimic_perform_af_018,1,Logistic Regression,0.967237456987397,1
mimic_perform_af_018,1,Logistic Regression,0.9578762936781287,1
mimic_perform_af_018,1,Logistic Regression,0.9729680901499008,1
mimic_perform_af_018,1,Logistic Regression,0.9667693548949822,1
mimic_perform_af_018,1,Logistic Regression,0.9790517799137904,1
mimic_perform_af_018,1,Logistic Regression,0.9606760951395459,1
mimic_perform_af_018,1,Logistic Regression,0.9610704668078371,1
mimic_perform_af_018,1,Logistic Regression,0.9602839483472463,1
mimic_perform_af_018,1,Logistic Regression,0.9612739085457714,1
mimic_perform_af_018,1,Logistic Regression,0.970715862743841,1
mimic_perform_af_018,1,Logistic Regression,0.9762341108864055,1
mimic_perform_af_018,1,Logistic Regression,0.9732608421171749,1
mimic_perform_af_018,1,Logistic Regression,0.9799963884699768,1
mimic_perform_af_018,1,Logistic Regression,0.9788691500430461,1
mimic_perform_af_018,1,Logistic Regression,0.9832782058574585,1
mimic_perform_af_018,1,Logistic Regression,0.9855946025611981,1
mimic_perform_af_018,1,Logistic Regression,0.9757218946271987,1
mimic_perform_af_018,1,Logistic Regression,0.9700712446513886,1
mimic_perform_af_018,1,Logistic Regression,0.9792166678383546,1
mimic_perform_af_018,1,Logistic Regression,0.9752873988879884,1
mimic_perform_af_018,1,Logistic Regression,0.9909355582714728,1
mimic_perform_af_018,1,Logistic Regression,0.96584370326998,1
mimic_perform_af_018,1,Logistic Regression,0.9650779684813379,1
mimic_perform_af_018,1,Logistic Regression,0.8663860054340321,1
mimic_perform_af_018,1,Logistic Regression,0.9609052504511474,1
mimic_perform_af_018,1,Logistic Regression,0.9806132642301142,1
mimic_perform_af_018,1,Logistic Regression,0.9924896722748616,1
mimic_perform_af_018,1,Logistic Regression,0.9806475851544466,1
mimic_perform_af_018,1,Logistic Regression,0.9732608650566935,1
mimic_perform_af_018,1,Logistic Regression,0.9588156592342256,1
mimic_perform_af_018,1,Logistic Regression,0.9858683652731107,1
mimic_perform_af_018,1,Logistic Regression,0.9839062286436784,1
mimic_perform_af_018,1,Logistic Regression,0.9459736896336328,1
mimic_perform_af_018,1,Logistic Regression,0.9620618589027272,1
mimic_perform_af_018,1,Logistic Regression,0.9500057902694458,1
mimic_perform_af_018,1,Logistic Regression,0.9898705967137237,1
mimic_perform_af_018,1,Logistic Regression,0.9627289634318522,1
mimic_perform_af_018,1,Logistic Regression,0.9508505354150122,1
mimic_perform_af_018,1,Logistic Regression,0.9515597947358462,1
mimic_perform_af_018,1,Logistic Regression,0.9486399015137937,1
mimic_perform_af_018,1,Logistic Regression,0.9062792372007068,1
mimic_perform_af_018,1,Logistic Regression,0.9466052711340298,1
mimic_perform_af_018,1,Logistic Regression,0.9878292997894275,1
mimic_perform_af_018,1,Logistic Regression,0.9840679572829186,1
mimic_perform_af_018,1,Logistic Regression,0.9784937031179569,1
mimic_perform_af_018,1,Logistic Regression,0.9559146168763214,1
mimic_perform_af_018,1,Logistic Regression,0.9766665484075032,1
mimic_perform_af_018,1,Logistic Regression,0.9754706815458163,1
mimic_perform_af_018,1,Logistic Regression,0.9756481855585629,1
mimic_perform_af_019,1,Logistic Regression,0.880314898343185,1
mimic_perform_af_019,1,Logistic Regression,0.958331938662689,1
mimic_perform_af_019,1,Logistic Regression,0.9711486878742392,1
mimic_perform_af_019,1,Logistic Regression,0.9832604406237548,1
mimic_perform_af_019,1,Logistic Regression,0.9854839748062452,1
mimic_perform_af_019,1,Logistic Regression,0.9833730279497139,1
mimic_perform_af_019,1,Logistic Regression,0.9620564762608947,1
mimic_perform_af_019,1,Logistic Regression,0.9848873653760546,1
mimic_perform_af_019,1,Logistic Regression,0.9710266719694128,1
mimic_perform_af_019,1,Logistic Regression,0.9819526907016435,1
mimic_perform_af_019,1,Logistic Regression,0.9494248804799275,1
mimic_perform_af_019,1,Logistic Regression,0.96047245438896,1
mimic_perform_af_019,1,Logistic Regression,0.9756123664939597,1
mimic_perform_af_019,1,Logistic Regression,0.8911061703283236,1
mimic_perform_af_019,1,Logistic Regression,0.9123398428575187,1
mimic_perform_af_019,1,Logistic Regression,0.8463898652517906,1
mimic_perform_af_019,1,Logistic Regression,0.9489604188879092,1
mimic_perform_af_019,1,Logistic Regression,0.9280184381124735,1
mimic_perform_af_019,1,Logistic Regression,0.9487402880716602,1
mimic_perform_af_019,1,Logistic Regression,0.8444545159952822,1
mimic_perform_af_019,1,Logistic Regression,0.9165788466404776,1
mimic_perform_af_019,1,Logistic Regression,0.9517381655939903,1
mimic_perform_af_019,1,Logistic Regression,0.9584882305432304,1
mimic_perform_af_019,1,Logistic Regression,0.9506856551016123,1
mimic_perform_af_019,1,Logistic Regression,0.9322666039303741,1
mimic_perform_af_019,1,Logistic Regression,0.9863320960536028,1
mimic_perform_af_019,1,Logistic Regression,0.9812583391742364,1
mimic_perform_af_019,1,Logistic Regression,0.9608299038027632,1
mimic_perform_af_019,1,Logistic Regression,0.6533862137792162,1
mimic_perform_af_019,1,Logistic Regression,0.8773201758049518,1
mimic_perform_af_019,1,Logistic Regression,0.9152186363367654,1
mimic_perform_af_019,1,Logistic Regression,0.9884407629330396,1
mimic_perform_af_019,1,Logistic Regression,0.9863173626424335,1
mimic_perform_af_019,1,Logistic Regression,0.970550036029736,1
mimic_perform_af_019,1,Logistic Regression,0.965533650844851,1
mimic_perform_af_019,1,Logistic Regression,0.9668981673789885,1
mimic_perform_af_019,1,Logistic Regression,0.9566233639684986,1
mimic_perform_af_019,1,Logistic Regression,0.9515956592665595,1
mimic_perform_af_019,1,Logistic Regression,0.9542277797675368,1
mimic_perform_af_019,1,Logistic Regression,0.9818312224566226,1
mimic_perform_af_019,1,Logistic Regression,0.9894937909099513,1
mimic_perform_af_019,1,Logistic Regression,0.9169372109452305,1
mimic_perform_af_019,1,Logistic Regression,0.9257545537484048,1
mimic_perform_af_019,1,Logistic Regression,0.7870689494201805,1
mimic_perform_af_019,1,Logistic Regression,0.8512435830224901,1
mimic_perform_af_019,1,Logistic Regression,0.8765259663112369,1
mimic_perform_af_019,1,Logistic Regression,0.994009676307312,1
mimic_perform_af_019,1,Logistic Regression,0.9864505567884851,1
mimic_perform_af_019,1,Logistic Regression,0.9901702206302718,1
mimic_perform_af_019,1,Logistic Regression,0.9809134266120308,1
mimic_perform_af_019,1,Logistic Regression,0.9899046984193878,1
mimic_perform_af_019,1,Logistic Regression,0.9938798433878943,1
mimic_perform_af_019,1,Logistic Regression,0.9949470025878896,1
mimic_perform_af_019,1,Logistic Regression,0.9975934810639935,1
mimic_perform_af_019,1,Logistic Regression,0.9825965163417959,1
mimic_perform_af_019,1,Logistic Regression,0.9738154370754584,1
mimic_perform_af_019,1,Logistic Regression,0.9624389966996916,1
mimic_perform_af_019,1,Logistic Regression,0.995678344231427,1
mimic_perform_af_019,1,Logistic Regression,0.9949721749555644,1
mimic_perform_af_019,1,Logistic Regression,0.9976738371988954,1
mimic_perform_af_019,1,Logistic Regression,0.9844517008037198,1
mimic_perform_af_019,1,Logistic Regression,0.9417888677093543,1
mimic_perform_af_019,1,Logistic Regression,0.9360847859761662,1
mimic_perform_af_019,1,Logistic Regression,0.9923087155445964,1
mimic_perform_af_019,1,Logistic Regression,0.9955235213612181,1
mimic_perform_af_019,1,Logistic Regression,0.9830071970055485,1
mimic_perform_af_019,1,Logistic Regression,0.9737473763422477,1
mimic_perform_af_019,1,Logistic Regression,0.9736698043407161,1
mimic_perform_af_019,1,Logistic Regression,0.9767580610000062,1
mimic_perform_af_019,1,Logistic Regression,0.932272137757062,1
mimic_perform_af_019,1,Logistic Regression,0.8799534306825245,1
mimic_perform_af_019,1,Logistic Regression,0.6181600117164489,1
mimic_perform_af_019,1,Logistic Regression,0.7378892389723327,1
mimic_perform_af_019,1,Logistic Regression,0.940274812553641,1
mimic_perform_af_019,1,Logistic Regression,0.9618246850941683,1
mimic_perform_af_019,1,Logistic Regression,0.9618282399272261,1
mimic_perform_af_019,1,Logistic Regression,0.9700579351258808,1
mimic_perform_af_019,1,Logistic Regression,0.9761424399372223,1
mimic_perform_af_019,1,Logistic Regression,0.9900949576429998,1
mimic_perform_af_019,1,Logistic Regression,0.9738192752343513,1
mimic_perform_af_019,1,Logistic Regression,0.9742044004895629,1
mimic_perform_af_019,1,Logistic Regression,0.9600143936424248,1
mimic_perform_af_019,1,Logistic Regression,0.9923063454047436,1
mimic_perform_af_019,1,Logistic Regression,0.9961639499592296,1
mimic_perform_af_019,1,Logistic Regression,0.9884167534179258,1
mimic_perform_af_019,1,Logistic Regression,0.986195217117922,1
mimic_perform_af_019,1,Logistic Regression,0.9871690846358896,1
mimic_perform_af_019,1,Logistic Regression,0.9864936021105137,1
mimic_perform_af_019,1,Logistic Regression,0.9109026186928995,1
mimic_perform_af_019,1,Logistic Regression,0.9518316169799931,1
mimic_perform_af_019,1,Logistic Regression,0.7985591883613115,1
mimic_perform_af_019,1,Logistic Regression,0.943439219726616,1
mimic_perform_af_019,1,Logistic Regression,0.8730084141155876,1
mimic_perform_af_019,1,Logistic Regression,0.9011826406634331,1
mimic_perform_af_019,1,Logistic Regression,0.8369225724498257,1
mimic_perform_af_019,1,Logistic Regression,0.9572277093654924,1
mimic_perform_af_019,1,Logistic Regression,0.9651226382336645,1
mimic_perform_af_019,1,Logistic Regression,0.7690935178559174,1
mimic_perform_af_019,1,Logistic Regression,0.859648651389616,1
mimic_perform_af_019,1,Logistic Regression,0.9212646767273597,1
mimic_perform_af_019,1,Logistic Regression,0.9598213492088412,1
mimic_perform_af_019,1,Logistic Regression,0.93201124109087,1
mimic_perform_af_019,1,Logistic Regression,0.9683573706849165,1
mimic_perform_af_019,1,Logistic Regression,0.9855320077498202,1
mimic_perform_af_019,1,Logistic Regression,0.9591495837798392,1
mimic_perform_af_019,1,Logistic Regression,0.9546794165024903,1
mimic_perform_af_019,1,Logistic Regression,0.84963735452544,1
mimic_perform_af_019,1,Logistic Regression,0.9274952207084661,1
mimic_perform_af_019,1,Logistic Regression,0.8826027574399987,1
mimic_perform_af_019,1,Logistic Regression,0.8585133326497782,1
mimic_perform_af_019,1,Logistic Regression,0.9332910006258552,1
mimic_perform_af_019,1,Logistic Regression,0.9770541185189728,1
mimic_perform_af_019,1,Logistic Regression,0.9353795019260605,1
mimic_perform_af_019,1,Logistic Regression,0.8391984756623354,1
mimic_perform_af_019,1,Logistic Regression,0.7818032101752534,1
mimic_perform_af_019,1,Logistic Regression,0.9642935415307822,1
mimic_perform_af_019,1,Logistic Regression,0.9209352000673939,1
mimic_perform_af_019,1,Logistic Regression,0.9431046985779948,1
mimic_perform_non_af_001,0,Logistic Regression,0.02432765271470073,0
mimic_perform_non_af_001,0,Logistic Regression,0.017042820187576354,0
mimic_perform_non_af_001,0,Logistic Regression,0.024390843577117228,0
mimic_perform_non_af_001,0,Logistic Regression,0.043221257425284446,0
mimic_perform_non_af_001,0,Logistic Regression,0.013547800280157628,0
mimic_perform_non_af_001,0,Logistic Regression,0.00907493556455163,0
mimic_perform_non_af_001,0,Logistic Regression,0.00792389256816284,0
mimic_perform_non_af_001,0,Logistic Regression,0.0037813097870579506,0
mimic_perform_non_af_001,0,Logistic Regression,0.0038598984174152253,0
mimic_perform_non_af_001,0,Logistic Regression,0.003652250858260712,0
mimic_perform_non_af_001,0,Logistic Regression,0.02683559308789354,0
mimic_perform_non_af_001,0,Logistic Regression,0.1916650481130579,0
mimic_perform_non_af_001,0,Logistic Regression,0.5829957076111509,1
mimic_perform_non_af_001,0,Logistic Regression,0.19983222637671405,0
mimic_perform_non_af_001,0,Logistic Regression,0.011734276882579563,0
mimic_perform_non_af_001,0,Logistic Regression,0.005224959247462542,0
mimic_perform_non_af_001,0,Logistic Regression,0.009046430814001935,0
mimic_perform_non_af_001,0,Logistic Regression,0.03367820105166481,0
mimic_perform_non_af_001,0,Logistic Regression,0.08120018739609468,0
mimic_perform_non_af_001,0,Logistic Regression,0.11720936880796369,0
mimic_perform_non_af_001,0,Logistic Regression,0.02886243619367192,0
mimic_perform_non_af_001,0,Logistic Regression,0.020608717253562354,0
mimic_perform_non_af_001,0,Logistic Regression,0.01169736223470058,0
mimic_perform_non_af_001,0,Logistic Regression,0.024376338586627768,0
mimic_perform_non_af_001,0,Logistic Regression,0.024550207839331244,0
mimic_perform_non_af_001,0,Logistic Regression,0.030126481000589546,0
mimic_perform_non_af_001,0,Logistic Regression,0.012115445354748556,0
mimic_perform_non_af_001,0,Logistic Regression,0.014228914501294664,0
mimic_perform_non_af_001,0,Logistic Regression,0.016436264209219766,0
mimic_perform_non_af_001,0,Logistic Regression,0.016820489975796698,0
mimic_perform_non_af_001,0,Logistic Regression,0.017762189971421316,0
mimic_perform_non_af_001,0,Logistic Regression,0.011508349949391195,0
mimic_perform_non_af_001,0,Logistic Regression,0.004279273245880137,0
mimic_perform_non_af_001,0,Logistic Regression,0.0075482630601288936,0
mimic_perform_non_af_001,0,Logistic Regression,0.007239235409364889,0
mimic_perform_non_af_001,0,Logistic Regression,0.18345279387329144,0
mimic_perform_non_af_001,0,Logistic Regression,0.3955081639783867,0
mimic_perform_non_af_001,0,Logistic Regression,0.7265723214750385,1
mimic_perform_non_af_001,0,Logistic Regression,0.485204432595538,0
mimic_perform_non_af_001,0,Logistic Regression,0.5635609162640559,1
mimic_perform_non_af_001,0,Logistic Regression,0.7711745356282147,1
mimic_perform_non_af_001,0,Logistic Regression,0.4767451471720316,0
mimic_perform_non_af_001,0,Logistic Regression,0.29531920618098595,0
mimic_perform_non_af_001,0,Logistic Regression,0.022558725782835482,0
mimic_perform_non_af_001,0,Logistic Regression,0.006473019301924452,0
mimic_perform_non_af_001,0,Logistic Regression,0.0024517183679098925,0
mimic_perform_non_af_001,0,Logistic Regression,0.0017568918966376166,0
mimic_perform_non_af_001,0,Logistic Regression,0.002886093225781569,0
mimic_perform_non_af_001,0,Logistic Regression,0.012894728192461498,0
mimic_perform_non_af_001,0,Logistic Regression,0.10109815322103553,0
mimic_perform_non_af_001,0,Logistic Regression,0.10585480429934221,0
mimic_perform_non_af_001,0,Logistic Regression,0.04603449669548414,0
mimic_perform_non_af_001,0,Logistic Regression,0.00780624636648713,0
mimic_perform_non_af_001,0,Logistic Regression,0.004439665222830374,0
mimic_perform_non_af_001,0,Logistic Regression,0.006118494210887226,0
mimic_perform_non_af_001,0,Logistic Regression,0.0068380435449230444,0
mimic_perform_non_af_001,0,Logistic Regression,0.006337415561332642,0
mimic_perform_non_af_001,0,Logistic Regression,0.0038800357841384664,0
mimic_perform_non_af_001,0,Logistic Regression,0.005482959438467538,0
mimic_perform_non_af_001,0,Logistic Regression,0.005919831695669519,0
mimic_perform_non_af_001,0,Logistic Regression,0.0024574827073478686,0
mimic_perform_non_af_001,0,Logistic Regression,0.003034628331777133,0
mimic_perform_non_af_001,0,Logistic Regression,0.003417747970602335,0
mimic_perform_non_af_001,0,Logistic Regression,0.014590113448517008,0
mimic_perform_non_af_001,0,Logistic Regression,0.023785856580961356,0
mimic_perform_non_af_001,0,Logistic Regression,0.18685210237837963,0
mimic_perform_non_af_001,0,Logistic Regression,0.5123019894861198,1
mimic_perform_non_af_001,0,Logistic Regression,0.18215498647472778,0
mimic_perform_non_af_001,0,Logistic Regression,0.009327127214815174,0
mimic_perform_non_af_001,0,Logistic Regression,0.003406364963529628,0
mimic_perform_non_af_001,0,Logistic Regression,0.0018474980515526872,0
mimic_perform_non_af_001,0,Logistic Regression,0.0023129900619714926,0
mimic_perform_non_af_001,0,Logistic Regression,0.004687030985026224,0
mimic_perform_non_af_001,0,Logistic Regression,0.004999608182445575,0
mimic_perform_non_af_001,0,Logistic Regression,0.012057698510670076,0
mimic_perform_non_af_001,0,Logistic Regression,0.007904630381685544,0
mimic_perform_non_af_001,0,Logistic Regression,0.007890763587047687,0
mimic_perform_non_af_001,0,Logistic Regression,0.004284718300655597,0
mimic_perform_non_af_001,0,Logistic Regression,0.00750137635514518,0
mimic_perform_non_af_001,0,Logistic Regression,0.00823700968710415,0
mimic_perform_non_af_001,0,Logistic Regression,0.007189728516564241,0
mimic_perform_non_af_001,0,Logistic Regression,0.0030697854640315187,0
mimic_perform_non_af_001,0,Logistic Regression,0.002624486394673532,0
mimic_perform_non_af_001,0,Logistic Regression,0.006738745805482045,0
mimic_perform_non_af_001,0,Logistic Regression,0.011119558868316448,0
mimic_perform_non_af_001,0,Logistic Regression,0.01621631190026297,0
mimic_perform_non_af_001,0,Logistic Regression,0.006786670994805608,0
mimic_perform_non_af_001,0,Logistic Regression,0.005434080336804461,0
mimic_perform_non_af_001,0,Logistic Regression,0.003967504929874805,0
mimic_perform_non_af_001,0,Logistic Regression,0.0035715256146841164,0
mimic_perform_non_af_001,0,Logistic Regression,0.002961290179562477,0
mimic_perform_non_af_001,0,Logistic Regression,0.003155564153589473,0
mimic_perform_non_af_001,0,Logistic Regression,0.0028461473781390065,0
mimic_perform_non_af_001,0,Logistic Regression,0.009526019407072811,0
mimic_perform_non_af_001,0,Logistic Regression,0.007872505002391849,0
mimic_perform_non_af_001,0,Logistic Regression,0.009022422199415613,0
mimic_perform_non_af_001,0,Logistic Regression,0.033396794071208734,0
mimic_perform_non_af_001,0,Logistic Regression,0.24773346610265395,0
mimic_perform_non_af_001,0,Logistic Regression,0.16319322696658614,0
mimic_perform_non_af_001,0,Logistic Regression,0.02382005136659963,0
mimic_perform_non_af_001,0,Logistic Regression,0.007448371563770284,0
mimic_perform_non_af_001,0,Logistic Regression,0.011194412374146525,0
mimic_perform_non_af_001,0,Logistic Regression,0.012354728323895213,0
mimic_perform_non_af_001,0,Logistic Regression,0.002003933830373633,0
mimic_perform_non_af_001,0,Logistic Regression,0.0022576580858532902,0
mimic_perform_non_af_001,0,Logistic Regression,0.013357640635848848,0
mimic_perform_non_af_001,0,Logistic Regression,0.022453909793061402,0
mimic_perform_non_af_001,0,Logistic Regression,0.029703392654533145,0
mimic_perform_non_af_001,0,Logistic Regression,0.017593541138696885,0
mimic_perform_non_af_001,0,Logistic Regression,0.08479323741893517,0
mimic_perform_non_af_001,0,Logistic Regression,0.18067704210792493,0
mimic_perform_non_af_001,0,Logistic Regression,0.3667118164214297,0
mimic_perform_non_af_001,0,Logistic Regression,0.2657093232218835,0
mimic_perform_non_af_001,0,Logistic Regression,0.3932177072233636,0
mimic_perform_non_af_001,0,Logistic Regression,0.513705969185676,1
mimic_perform_non_af_001,0,Logistic Regression,0.49709778271889726,0
mimic_perform_non_af_001,0,Logistic Regression,0.19978010715359634,0
mimic_perform_non_af_001,0,Logistic Regression,0.14251724679451017,0
mimic_perform_non_af_002,0,Logistic Regression,0.2041949205423797,0
mimic_perform_non_af_002,0,Logistic Regression,0.05877346927738409,0
mimic_perform_non_af_002,0,Logistic Regression,0.12063094256330857,0
mimic_perform_non_af_002,0,Logistic Regression,0.15470907678964488,0
mimic_perform_non_af_002,0,Logistic Regression,0.2939223131111488,0
mimic_perform_non_af_002,0,Logistic Regression,0.5137694438477091,1
mimic_perform_non_af_002,0,Logistic Regression,0.35072745460928634,0
mimic_perform_non_af_002,0,Logistic Regression,0.41999688257229617,0
mimic_perform_non_af_002,0,Logistic Regression,0.7528868230496837,1
mimic_perform_non_af_002,0,Logistic Regression,0.19315036063900112,0
mimic_perform_non_af_002,0,Logistic Regression,0.07442414423381032,0
mimic_perform_non_af_002,0,Logistic Regression,0.06788621837840851,0
mimic_perform_non_af_002,0,Logistic Regression,0.028471172715768073,0
mimic_perform_non_af_002,0,Logistic Regression,0.018922899538677197,0
mimic_perform_non_af_002,0,Logistic Regression,0.008379638443974841,0
mimic_perform_non_af_002,0,Logistic Regression,0.04373272326686999,0
mimic_perform_non_af_002,0,Logistic Regression,0.07909961289844336,0
mimic_perform_non_af_002,0,Logistic Regression,0.25141704168070905,0
mimic_perform_non_af_002,0,Logistic Regression,0.2485398395309723,0
mimic_perform_non_af_002,0,Logistic Regression,0.1496454205721534,0
mimic_perform_non_af_002,0,Logistic Regression,0.1444429262408727,0
mimic_perform_non_af_002,0,Logistic Regression,0.08492154080196293,0
mimic_perform_non_af_002,0,Logistic Regression,0.031481105394536295,0
mimic_perform_non_af_002,0,Logistic Regression,0.03737295542663827,0
mimic_perform_non_af_002,0,Logistic Regression,0.04584681285818114,0
mimic_perform_non_af_002,0,Logistic Regression,0.055452928334500745,0
mimic_perform_non_af_002,0,Logistic Regression,0.010717957227446692,0
mimic_perform_non_af_002,0,Logistic Regression,0.013852150282817919,0
mimic_perform_non_af_002,0,Logistic Regression,0.006990089801554351,0
mimic_perform_non_af_002,0,Logistic Regression,0.013747787477306827,0
mimic_perform_non_af_002,0,Logistic Regression,0.045236107494934244,0
mimic_perform_non_af_002,0,Logistic Regression,0.19247918260066169,0
mimic_perform_non_af_002,0,Logistic Regression,0.18336587545428643,0
mimic_perform_non_af_002,0,Logistic Regression,0.10335353088556459,0
mimic_perform_non_af_002,0,Logistic Regression,0.05516869011243826,0
mimic_perform_non_af_002,0,Logistic Regression,0.07713840080681014,0
mimic_perform_non_af_002,0,Logistic Regression,0.046017122448711555,0
mimic_perform_non_af_002,0,Logistic Regression,0.13067746026134408,0
mimic_perform_non_af_002,0,Logistic Regression,0.1660517678045096,0
mimic_perform_non_af_002,0,Logistic Regression,0.19394885985966373,0
mimic_perform_non_af_002,0,Logistic Regression,0.1927266988447662,0
mimic_perform_non_af_002,0,Logistic Regression,0.15222105967852387,0
mimic_perform_non_af_002,0,Logistic Regression,0.2892235219756585,0
mimic_perform_non_af_002,0,Logistic Regression,0.2769708178568966,0
mimic_perform_non_af_002,0,Logistic Regression,0.4745596540083857,0
mimic_perform_non_af_002,0,Logistic Regression,0.13626014444344672,0
mimic_perform_non_af_002,0,Logistic Regression,0.4080850614996047,0
mimic_perform_non_af_002,0,Logistic Regression,0.270535803492912,0
mimic_perform_non_af_002,0,Logistic Regression,0.07101895533480161,0
mimic_perform_non_af_002,0,Logistic Regression,0.15161693540688903,0
mimic_perform_non_af_002,0,Logistic Regression,0.11795100546684308,0
mimic_perform_non_af_002,0,Logistic Regression,0.06329687709268261,0
mimic_perform_non_af_002,0,Logistic Regression,0.06489104444846977,0
mimic_perform_non_af_002,0,Logistic Regression,0.12466064737305295,0
mimic_perform_non_af_002,0,Logistic Regression,0.2825061294416358,0
mimic_perform_non_af_002,0,Logistic Regression,0.22206547617177336,0
mimic_perform_non_af_002,0,Logistic Regression,0.29606191712475144,0
mimic_perform_non_af_002,0,Logistic Regression,0.590220136753483,1
mimic_perform_non_af_002,0,Logistic Regression,0.19856079299310028,0
mimic_perform_non_af_002,0,Logistic Regression,0.29828099868383556,0
mimic_perform_non_af_002,0,Logistic Regression,0.19891223990547632,0
mimic_perform_non_af_002,0,Logistic Regression,0.31161029372542653,0
mimic_perform_non_af_002,0,Logistic Regression,0.39008148175429985,0
mimic_perform_non_af_002,0,Logistic Regression,0.22413084798062255,0
mimic_perform_non_af_002,0,Logistic Regression,0.16995182958971186,0
mimic_perform_non_af_002,0,Logistic Regression,0.0524084979615925,0
mimic_perform_non_af_002,0,Logistic Regression,0.04014991004283264,0
mimic_perform_non_af_002,0,Logistic Regression,0.0846106396133201,0
mimic_perform_non_af_002,0,Logistic Regression,0.06866640674904437,0
mimic_perform_non_af_002,0,Logistic Regression,0.07400827861800527,0
mimic_perform_non_af_002,0,Logistic Regression,0.10865676091281823,0
mimic_perform_non_af_002,0,Logistic Regression,0.1173493146871781,0
mimic_perform_non_af_002,0,Logistic Regression,0.11405539927635484,0
mimic_perform_non_af_002,0,Logistic Regression,0.04295317714092785,0
mimic_perform_non_af_002,0,Logistic Regression,0.07036359776520143,0
mimic_perform_non_af_002,0,Logistic Regression,0.09139198626161749,0
mimic_perform_non_af_002,0,Logistic Regression,0.07607651509368403,0
mimic_perform_non_af_002,0,Logistic Regression,0.028683330086129426,0
mimic_perform_non_af_002,0,Logistic Regression,0.31300230755897707,0
mimic_perform_non_af_002,0,Logistic Regression,0.28219001533287613,0
mimic_perform_non_af_002,0,Logistic Regression,0.2902570763508665,0
mimic_perform_non_af_002,0,Logistic Regression,0.10462269219951142,0
mimic_perform_non_af_002,0,Logistic Regression,0.12185544754630316,0
mimic_perform_non_af_002,0,Logistic Regression,0.3150928120976822,0
mimic_perform_non_af_002,0,Logistic Regression,0.217164641275772,0
mimic_perform_non_af_002,0,Logistic Regression,0.0841072827749296,0
mimic_perform_non_af_002,0,Logistic Regression,0.06287004648185297,0
mimic_perform_non_af_002,0,Logistic Regression,0.013083909491690544,0
mimic_perform_non_af_002,0,Logistic Regression,0.002861254780526429,0
mimic_perform_non_af_002,0,Logistic Regression,0.0016336202647895687,0
mimic_perform_non_af_002,0,Logistic Regression,0.004269505667356456,0
mimic_perform_non_af_002,0,Logistic Regression,0.04413572633740954,0
mimic_perform_non_af_002,0,Logistic Regression,0.2704870567023745,0
mimic_perform_non_af_002,0,Logistic Regression,0.48528161377365353,0
mimic_perform_non_af_002,0,Logistic Regression,0.16135962888936237,0
mimic_perform_non_af_002,0,Logistic Regression,0.036679392256666464,0
mimic_perform_non_af_002,0,Logistic Regression,0.022440746889313048,0
mimic_perform_non_af_002,0,Logistic Regression,0.03641560227790608,0
mimic_perform_non_af_002,0,Logistic Regression,0.2515653189116362,0
mimic_perform_non_af_002,0,Logistic Regression,0.44625320022901693,0
mimic_perform_non_af_002,0,Logistic Regression,0.5911673045704111,1
mimic_perform_non_af_002,0,Logistic Regression,0.6159205334845117,1
mimic_perform_non_af_002,0,Logistic Regression,0.3561067420701566,0
mimic_perform_non_af_002,0,Logistic Regression,0.583110519127941,1
mimic_perform_non_af_002,0,Logistic Regression,0.5173548698009096,1
mimic_perform_non_af_002,0,Logistic Regression,0.5090843853879667,1
mimic_perform_non_af_002,0,Logistic Regression,0.31892431344542804,0
mimic_perform_non_af_002,0,Logistic Regression,0.2251091926401258,0
mimic_perform_non_af_002,0,Logistic Regression,0.37046629088882654,0
mimic_perform_non_af_002,0,Logistic Regression,0.2973180046379499,0
mimic_perform_non_af_002,0,Logistic Regression,0.6206028987116387,1
mimic_perform_non_af_002,0,Logistic Regression,0.5612997534710135,1
mimic_perform_non_af_002,0,Logistic Regression,0.5724719530872752,1
mimic_perform_non_af_002,0,Logistic Regression,0.6185884030854584,1
mimic_perform_non_af_002,0,Logistic Regression,0.7377316920516468,1
mimic_perform_non_af_002,0,Logistic Regression,0.7254520073645393,1
mimic_perform_non_af_002,0,Logistic Regression,0.7971080803447701,1
mimic_perform_non_af_002,0,Logistic Regression,0.48278095659002035,0
mimic_perform_non_af_003,0,Logistic Regression,0.007423306766388455,0
mimic_perform_non_af_003,0,Logistic Regression,0.014147710406754898,0
mimic_perform_non_af_003,0,Logistic Regression,0.0145810229919494,0
mimic_perform_non_af_003,0,Logistic Regression,0.015357243960133243,0
mimic_perform_non_af_003,0,Logistic Regression,0.008050679776637851,0
mimic_perform_non_af_003,0,Logistic Regression,0.006432249942522878,0
mimic_perform_non_af_003,0,Logistic Regression,0.016495234419588476,0
mimic_perform_non_af_003,0,Logistic Regression,0.01847078201393656,0
mimic_perform_non_af_003,0,Logistic Regression,0.01594667686901259,0
mimic_perform_non_af_003,0,Logistic Regression,0.023890194790246375,0
mimic_perform_non_af_003,0,Logistic Regression,0.03293623405185834,0
mimic_perform_non_af_003,0,Logistic Regression,0.03262018412910703,0
mimic_perform_non_af_003,0,Logistic Regression,0.010199842151088661,0
mimic_perform_non_af_003,0,Logistic Regression,0.010462005416015151,0
mimic_perform_non_af_003,0,Logistic Regression,0.008305039716525802,0
mimic_perform_non_af_003,0,Logistic Regression,0.012608318633928636,0
mimic_perform_non_af_003,0,Logistic Regression,0.013072820078326181,0
mimic_perform_non_af_003,0,Logistic Regression,0.01680242036329747,0
mimic_perform_non_af_003,0,Logistic Regression,0.013711691139190268,0
mimic_perform_non_af_003,0,Logistic Regression,0.013025384595782142,0
mimic_perform_non_af_003,0,Logistic Regression,0.007118178749619883,0
mimic_perform_non_af_003,0,Logistic Regression,0.008111441742129332,0
mimic_perform_non_af_003,0,Logistic Regression,0.013738201796568027,0
mimic_perform_non_af_003,0,Logistic Regression,0.008604824039117229,0
mimic_perform_non_af_003,0,Logistic Regression,0.012282385159980666,0
mimic_perform_non_af_003,0,Logistic Regression,0.012143860035838052,0
mimic_perform_non_af_003,0,Logistic Regression,0.013621820799518843,0
mimic_perform_non_af_003,0,Logistic Regression,0.008066742455429609,0
mimic_perform_non_af_003,0,Logistic Regression,0.01137021366781793,0
mimic_perform_non_af_003,0,Logistic Regression,0.02185369594806565,0
mimic_perform_non_af_003,0,Logistic Regression,0.05020101890639903,0
mimic_perform_non_af_003,0,Logistic Regression,0.0387027127686287,0
mimic_perform_non_af_003,0,Logistic Regression,0.06061761310474911,0
mimic_perform_non_af_003,0,Logistic Regression,0.036216849251174514,0
mimic_perform_non_af_003,0,Logistic Regression,0.04344933106853746,0
mimic_perform_non_af_003,0,Logistic Regression,0.011190481655116984,0
mimic_perform_non_af_003,0,Logistic Regression,0.014016239144256915,0
mimic_perform_non_af_003,0,Logistic Regression,0.012175298055252493,0
mimic_perform_non_af_003,0,Logistic Regression,0.007792598065249079,0
mimic_perform_non_af_003,0,Logistic Regression,0.008644733625475345,0
mimic_perform_non_af_003,0,Logistic Regression,0.007802688847986482,0
mimic_perform_non_af_003,0,Logistic Regression,0.0079484294407063,0
mimic_perform_non_af_003,0,Logistic Regression,0.007319000038259939,0
mimic_perform_non_af_003,0,Logistic Regression,0.007800603988960388,0
mimic_perform_non_af_003,0,Logistic Regression,0.007774231927377087,0
mimic_perform_non_af_003,0,Logistic Regression,0.00797990507359519,0
mimic_perform_non_af_003,0,Logistic Regression,0.00773403845736708,0
mimic_perform_non_af_003,0,Logistic Regression,0.007538964589240515,0
mimic_perform_non_af_003,0,Logistic Regression,0.011358743627120214,0
mimic_perform_non_af_003,0,Logistic Regression,0.019069007317095273,0
mimic_perform_non_af_003,0,Logistic Regression,0.024236614756144432,0
mimic_perform_non_af_003,0,Logistic Regression,0.010943242668056314,0
mimic_perform_non_af_003,0,Logistic Regression,0.006579229532033384,0
mimic_perform_non_af_003,0,Logistic Regression,0.006942787399885318,0
mimic_perform_non_af_003,0,Logistic Regression,0.0072682823497769,0
mimic_perform_non_af_003,0,Logistic Regression,0.0035305686657130203,0
mimic_perform_non_af_003,0,Logistic Regression,0.008458540557491255,0
mimic_perform_non_af_003,0,Logistic Regression,0.007794406932078908,0
mimic_perform_non_af_003,0,Logistic Regression,0.012040160643465133,0
mimic_perform_non_af_003,0,Logistic Regression,0.021748678588738753,0
mimic_perform_non_af_003,0,Logistic Regression,0.025032401482970562,0
mimic_perform_non_af_003,0,Logistic Regression,0.006866329754739153,0
mimic_perform_non_af_003,0,Logistic Regression,0.012366202744768412,0
mimic_perform_non_af_003,0,Logistic Regression,0.009344405156003334,0
mimic_perform_non_af_003,0,Logistic Regression,0.018006018021933294,0
mimic_perform_non_af_003,0,Logistic Regression,0.044637926968571495,0
mimic_perform_non_af_003,0,Logistic Regression,0.0736859582692773,0
mimic_perform_non_af_003,0,Logistic Regression,0.05680506292294828,0
mimic_perform_non_af_003,0,Logistic Regression,0.03489363338272829,0
mimic_perform_non_af_003,0,Logistic Regression,0.008192852756132617,0
mimic_perform_non_af_003,0,Logistic Regression,0.013267941142389517,0
mimic_perform_non_af_003,0,Logistic Regression,0.007090877603659704,0
mimic_perform_non_af_003,0,Logistic Regression,0.04939505252005611,0
mimic_perform_non_af_003,0,Logistic Regression,0.05202798196975363,0
mimic_perform_non_af_003,0,Logistic Regression,0.03183397064929922,0
mimic_perform_non_af_003,0,Logistic Regression,0.026913345786039676,0
mimic_perform_non_af_003,0,Logistic Regression,0.027706557634495702,0
mimic_perform_non_af_003,0,Logistic Regression,0.04972696189491213,0
mimic_perform_non_af_003,0,Logistic Regression,0.03290639326110288,0
mimic_perform_non_af_003,0,Logistic Regression,0.015059404271291989,0
mimic_perform_non_af_003,0,Logistic Regression,0.007059493815675218,0
mimic_perform_non_af_003,0,Logistic Regression,0.008488672368596208,0
mimic_perform_non_af_003,0,Logistic Regression,0.008464675696294298,0
mimic_perform_non_af_003,0,Logistic Regression,0.0081036868670207,0
mimic_perform_non_af_003,0,Logistic Regression,0.018051357115370995,0
mimic_perform_non_af_003,0,Logistic Regression,0.019640641609343295,0
mimic_perform_non_af_003,0,Logistic Regression,0.017770261404281347,0
mimic_perform_non_af_003,0,Logistic Regression,0.005487323729931996,0
mimic_perform_non_af_003,0,Logistic Regression,0.012055050211473533,0
mimic_perform_non_af_003,0,Logistic Regression,0.012463638953166744,0
mimic_perform_non_af_003,0,Logistic Regression,0.01578813675001799,0
mimic_perform_non_af_003,0,Logistic Regression,0.03119498927786862,0
mimic_perform_non_af_003,0,Logistic Regression,0.029461779415499083,0
mimic_perform_non_af_003,0,Logistic Regression,0.020082881924546877,0
mimic_perform_non_af_003,0,Logistic Regression,0.008193253439286943,0
mimic_perform_non_af_003,0,Logistic Regression,0.008613672504674695,0
mimic_perform_non_af_003,0,Logistic Regression,0.007775041431931233,0
mimic_perform_non_af_003,0,Logistic Regression,0.010909010110965489,0
mimic_perform_non_af_003,0,Logistic Regression,0.011498940080182669,0
mimic_perform_non_af_003,0,Logistic Regression,0.012852730764746237,0
mimic_perform_non_af_003,0,Logistic Regression,0.031248138803148886,0
mimic_perform_non_af_003,0,Logistic Regression,0.041399566047068605,0
mimic_perform_non_af_003,0,Logistic Regression,0.02810730167516649,0
mimic_perform_non_af_003,0,Logistic Regression,0.013489137981345906,0
mimic_perform_non_af_003,0,Logistic Regression,0.00875182057002861,0
mimic_perform_non_af_003,0,Logistic Regression,0.009868445180452908,0
mimic_perform_non_af_003,0,Logistic Regression,0.010748351972896758,0
mimic_perform_non_af_003,0,Logistic Regression,0.010708482396887707,0
mimic_perform_non_af_003,0,Logistic Regression,0.010156567798548875,0
mimic_perform_non_af_003,0,Logistic Regression,0.012065620368683902,0
mimic_perform_non_af_003,0,Logistic Regression,0.012640323969217174,0
mimic_perform_non_af_003,0,Logistic Regression,0.02619954922028753,0
mimic_perform_non_af_003,0,Logistic Regression,0.01601959040757356,0
mimic_perform_non_af_003,0,Logistic Regression,0.030789198933455754,0
mimic_perform_non_af_003,0,Logistic Regression,0.02758743693797699,0
mimic_perform_non_af_003,0,Logistic Regression,0.028799344678177338,0
mimic_perform_non_af_003,0,Logistic Regression,0.01270368318236305,0
mimic_perform_non_af_003,0,Logistic Regression,0.009337038599674974,0
mimic_perform_non_af_004,0,Logistic Regression,0.026735685776945593,0
mimic_perform_non_af_004,0,Logistic Regression,0.021319621144984802,0
mimic_perform_non_af_004,0,Logistic Regression,0.028058056629076195,0
mimic_perform_non_af_004,0,Logistic Regression,0.00661547940062901,0
mimic_perform_non_af_004,0,Logistic Regression,0.010698097076271427,0
mimic_perform_non_af_004,0,Logistic Regression,0.008192333735861652,0
mimic_perform_non_af_004,0,Logistic Regression,0.020154434738253728,0
mimic_perform_non_af_004,0,Logistic Regression,0.02110863339155479,0
mimic_perform_non_af_004,0,Logistic Regression,0.044781785971051105,0
mimic_perform_non_af_004,0,Logistic Regression,0.029042391712908778,0
mimic_perform_non_af_004,0,Logistic Regression,0.03122733679664558,0
mimic_perform_non_af_004,0,Logistic Regression,0.026303001945430032,0
mimic_perform_non_af_004,0,Logistic Regression,0.027950484590165588,0
mimic_perform_non_af_004,0,Logistic Regression,0.041168806739224816,0
mimic_perform_non_af_004,0,Logistic Regression,0.01955366706556475,0
mimic_perform_non_af_004,0,Logistic Regression,0.029299865157728023,0
mimic_perform_non_af_004,0,Logistic Regression,0.01598937829716878,0
mimic_perform_non_af_004,0,Logistic Regression,0.02860150070601502,0
mimic_perform_non_af_004,0,Logistic Regression,0.02289761769315756,0
mimic_perform_non_af_004,0,Logistic Regression,0.018673082772737264,0
mimic_perform_non_af_004,0,Logistic Regression,0.027723728322435626,0
mimic_perform_non_af_004,0,Logistic Regression,0.05499479952062176,0
mimic_perform_non_af_004,0,Logistic Regression,0.017146402484027115,0
mimic_perform_non_af_004,0,Logistic Regression,0.023782981244996924,0
mimic_perform_non_af_004,0,Logistic Regression,0.021418561304003984,0
mimic_perform_non_af_004,0,Logistic Regression,0.02671377276749468,0
mimic_perform_non_af_004,0,Logistic Regression,0.016313431950198017,0
mimic_perform_non_af_004,0,Logistic Regression,0.074533874092877,0
mimic_perform_non_af_004,0,Logistic Regression,0.04657483519995602,0
mimic_perform_non_af_004,0,Logistic Regression,0.025069764404193312,0
mimic_perform_non_af_004,0,Logistic Regression,0.009942391153940602,0
mimic_perform_non_af_004,0,Logistic Regression,0.0530809344964931,0
mimic_perform_non_af_004,0,Logistic Regression,0.03464122123677976,0
mimic_perform_non_af_004,0,Logistic Regression,0.019369790386020984,0
mimic_perform_non_af_004,0,Logistic Regression,0.033818585217202296,0
mimic_perform_non_af_004,0,Logistic Regression,0.016190625620332567,0
mimic_perform_non_af_004,0,Logistic Regression,0.018420986463534166,0
mimic_perform_non_af_004,0,Logistic Regression,0.01893178500604077,0
mimic_perform_non_af_004,0,Logistic Regression,0.030147152710847523,0
mimic_perform_non_af_004,0,Logistic Regression,0.026599036502102002,0
mimic_perform_non_af_004,0,Logistic Regression,0.016042873870751144,0
mimic_perform_non_af_004,0,Logistic Regression,0.027371272667833773,0
mimic_perform_non_af_004,0,Logistic Regression,0.03476197967662595,0
mimic_perform_non_af_004,0,Logistic Regression,0.026456376584983263,0
mimic_perform_non_af_004,0,Logistic Regression,0.021413131311375674,0
mimic_perform_non_af_004,0,Logistic Regression,0.03916706092902851,0
mimic_perform_non_af_004,0,Logistic Regression,0.019679800563058913,0
mimic_perform_non_af_004,0,Logistic Regression,0.011716021842186234,0
mimic_perform_non_af_004,0,Logistic Regression,0.011505168013918068,0
mimic_perform_non_af_004,0,Logistic Regression,0.18512316317848726,0
mimic_perform_non_af_004,0,Logistic Regression,0.09611516875329595,0
mimic_perform_non_af_004,0,Logistic Regression,0.05491073947941376,0
mimic_perform_non_af_004,0,Logistic Regression,0.028206959860715638,0
mimic_perform_non_af_004,0,Logistic Regression,0.03027250297551415,0
mimic_perform_non_af_004,0,Logistic Regression,0.038582564860134075,0
mimic_perform_non_af_004,0,Logistic Regression,0.027314313955940642,0
mimic_perform_non_af_004,0,Logistic Regression,0.03495102438589373,0
mimic_perform_non_af_004,0,Logistic Regression,0.04610365374440997,0
mimic_perform_non_af_004,0,Logistic Regression,0.02252871393877112,0
mimic_perform_non_af_004,0,Logistic Regression,0.02140937303212997,0
mimic_perform_non_af_004,0,Logistic Regression,0.03610650684726599,0
mimic_perform_non_af_004,0,Logistic Regression,0.028339313522729673,0
mimic_perform_non_af_004,0,Logistic Regression,0.027231754324133044,0
mimic_perform_non_af_004,0,Logistic Regression,0.01783941940891628,0
mimic_perform_non_af_004,0,Logistic Regression,0.03264974754234611,0
mimic_perform_non_af_004,0,Logistic Regression,0.03606961899130337,0
mimic_perform_non_af_004,0,Logistic Regression,0.04671780791406753,0
mimic_perform_non_af_004,0,Logistic Regression,0.04177309212697872,0
mimic_perform_non_af_004,0,Logistic Regression,0.037655941122364436,0
mimic_perform_non_af_004,0,Logistic Regression,0.03560971029164607,0
mimic_perform_non_af_004,0,Logistic Regression,0.01677218441528345,0
mimic_perform_non_af_004,0,Logistic Regression,0.017276754638732707,0
mimic_perform_non_af_004,0,Logistic Regression,0.018044652860667646,0
mimic_perform_non_af_004,0,Logistic Regression,0.024836407234587007,0
mimic_perform_non_af_004,0,Logistic Regression,0.043867133349719624,0
mimic_perform_non_af_004,0,Logistic Regression,0.028016653151984053,0
mimic_perform_non_af_004,0,Logistic Regression,0.01893828216479318,0
mimic_perform_non_af_004,0,Logistic Regression,0.025508173599412362,0
mimic_perform_non_af_004,0,Logistic Regression,0.06059983378055183,0
mimic_perform_non_af_004,0,Logistic Regression,0.03335564923728077,0
mimic_perform_non_af_004,0,Logistic Regression,0.014090178577497538,0
mimic_perform_non_af_004,0,Logistic Regression,0.012528084220638194,0
mimic_perform_non_af_004,0,Logistic Regression,0.013301454824546623,0
mimic_perform_non_af_004,0,Logistic Regression,0.007518645835088554,0
mimic_perform_non_af_004,0,Logistic Regression,0.027468342556728306,0
mimic_perform_non_af_004,0,Logistic Regression,0.03500740803154867,0
mimic_perform_non_af_004,0,Logistic Regression,0.03053173655935429,0
mimic_perform_non_af_004,0,Logistic Regression,0.006914978325478808,0
mimic_perform_non_af_004,0,Logistic Regression,0.03311508662444972,0
mimic_perform_non_af_004,0,Logistic Regression,0.03915548715338258,0
mimic_perform_non_af_004,0,Logistic Regression,0.023753653913404574,0
mimic_perform_non_af_004,0,Logistic Regression,0.04775650920709177,0
mimic_perform_non_af_004,0,Logistic Regression,0.0358386309750232,0
mimic_perform_non_af_004,0,Logistic Regression,0.0304226877324707,0
mimic_perform_non_af_004,0,Logistic Regression,0.027508595962217643,0
mimic_perform_non_af_004,0,Logistic Regression,0.018837408902532472,0
mimic_perform_non_af_004,0,Logistic Regression,0.030051227777839022,0
mimic_perform_non_af_004,0,Logistic Regression,0.03625987750740927,0
mimic_perform_non_af_004,0,Logistic Regression,0.03273496582025186,0
mimic_perform_non_af_004,0,Logistic Regression,0.026702330400045826,0
mimic_perform_non_af_004,0,Logistic Regression,0.03613076768475708,0
mimic_perform_non_af_004,0,Logistic Regression,0.037123761472934835,0
mimic_perform_non_af_004,0,Logistic Regression,0.056131270674014744,0
mimic_perform_non_af_004,0,Logistic Regression,0.03788954280675974,0
mimic_perform_non_af_004,0,Logistic Regression,0.017789359842817536,0
mimic_perform_non_af_004,0,Logistic Regression,0.0345907260908403,0
mimic_perform_non_af_004,0,Logistic Regression,0.05281286074972557,0
mimic_perform_non_af_004,0,Logistic Regression,0.03933419971846422,0
mimic_perform_non_af_004,0,Logistic Regression,0.01539410445151286,0
mimic_perform_non_af_004,0,Logistic Regression,0.01498682822529069,0
mimic_perform_non_af_004,0,Logistic Regression,0.03042227814424124,0
mimic_perform_non_af_004,0,Logistic Regression,0.06630519433337265,0
mimic_perform_non_af_004,0,Logistic Regression,0.015235158263093292,0
mimic_perform_non_af_004,0,Logistic Regression,0.015264378092913183,0
mimic_perform_non_af_004,0,Logistic Regression,0.04432890309669465,0
mimic_perform_non_af_004,0,Logistic Regression,0.0598822580456882,0
mimic_perform_non_af_004,0,Logistic Regression,0.137439881146132,0
mimic_perform_non_af_004,0,Logistic Regression,0.09338886901295328,0
mimic_perform_non_af_005,0,Logistic Regression,0.021428205952220065,0
mimic_perform_non_af_005,0,Logistic Regression,0.025750096795124768,0
mimic_perform_non_af_005,0,Logistic Regression,0.03020051578145412,0
mimic_perform_non_af_005,0,Logistic Regression,0.025415272787421676,0
mimic_perform_non_af_005,0,Logistic Regression,0.027621171058416643,0
mimic_perform_non_af_005,0,Logistic Regression,0.04296295768038321,0
mimic_perform_non_af_005,0,Logistic Regression,0.05596956815949462,0
mimic_perform_non_af_005,0,Logistic Regression,0.05255323103105099,0
mimic_perform_non_af_005,0,Logistic Regression,0.050366443396639836,0
mimic_perform_non_af_005,0,Logistic Regression,0.03779261282124567,0
mimic_perform_non_af_005,0,Logistic Regression,0.026300116776500085,0
mimic_perform_non_af_005,0,Logistic Regression,0.026337640092513367,0
mimic_perform_non_af_005,0,Logistic Regression,0.02679924722616427,0
mimic_perform_non_af_005,0,Logistic Regression,0.02039391708119809,0
mimic_perform_non_af_005,0,Logistic Regression,0.018328300059453097,0
mimic_perform_non_af_005,0,Logistic Regression,0.05808711243811799,0
mimic_perform_non_af_005,0,Logistic Regression,0.026549960509742072,0
mimic_perform_non_af_005,0,Logistic Regression,0.03153099755735247,0
mimic_perform_non_af_005,0,Logistic Regression,0.021979465364848176,0
mimic_perform_non_af_005,0,Logistic Regression,0.050700089157805606,0
mimic_perform_non_af_005,0,Logistic Regression,0.0701998185071322,0
mimic_perform_non_af_005,0,Logistic Regression,0.022160146887725538,0
mimic_perform_non_af_005,0,Logistic Regression,0.03794026118001389,0
mimic_perform_non_af_005,0,Logistic Regression,0.032471796787433595,0
mimic_perform_non_af_005,0,Logistic Regression,0.02781166659157102,0
mimic_perform_non_af_005,0,Logistic Regression,0.03492751022089325,0
mimic_perform_non_af_005,0,Logistic Regression,0.0450858366326118,0
mimic_perform_non_af_005,0,Logistic Regression,0.052763361873021115,0
mimic_perform_non_af_005,0,Logistic Regression,0.05421194375191297,0
mimic_perform_non_af_005,0,Logistic Regression,0.058818795327482985,0
mimic_perform_non_af_005,0,Logistic Regression,0.034835294531195285,0
mimic_perform_non_af_005,0,Logistic Regression,0.01420004458611112,0
mimic_perform_non_af_005,0,Logistic Regression,0.019279527896490182,0
mimic_perform_non_af_005,0,Logistic Regression,0.03731625094894168,0
mimic_perform_non_af_005,0,Logistic Regression,0.05463041608740795,0
mimic_perform_non_af_005,0,Logistic Regression,0.051436465164780176,0
mimic_perform_non_af_005,0,Logistic Regression,0.060699270210071515,0
mimic_perform_non_af_005,0,Logistic Regression,0.059225882771511355,0
mimic_perform_non_af_005,0,Logistic Regression,0.016359937868168098,0
mimic_perform_non_af_005,0,Logistic Regression,0.01454478543702852,0
mimic_perform_non_af_005,0,Logistic Regression,0.014607383369691716,0
mimic_perform_non_af_005,0,Logistic Regression,0.022974223776013946,0
mimic_perform_non_af_005,0,Logistic Regression,0.028222756887693802,0
mimic_perform_non_af_005,0,Logistic Regression,0.026631923393617207,0
mimic_perform_non_af_005,0,Logistic Regression,0.03567980039052557,0
mimic_perform_non_af_005,0,Logistic Regression,0.048564667951938444,0
mimic_perform_non_af_005,0,Logistic Regression,0.05087124921861699,0
mimic_perform_non_af_005,0,Logistic Regression,0.08329195761218064,0
mimic_perform_non_af_005,0,Logistic Regression,0.050362924217727645,0
mimic_perform_non_af_005,0,Logistic Regression,0.015750438576589844,0
mimic_perform_non_af_005,0,Logistic Regression,0.017213602142065344,0
mimic_perform_non_af_005,0,Logistic Regression,0.02047126339555828,0
mimic_perform_non_af_005,0,Logistic Regression,0.013814926346836516,0
mimic_perform_non_af_005,0,Logistic Regression,0.013330064143152843,0
mimic_perform_non_af_005,0,Logistic Regression,0.012370365243606846,0
mimic_perform_non_af_005,0,Logistic Regression,0.043885820009743906,0
mimic_perform_non_af_005,0,Logistic Regression,0.03873949708860324,0
mimic_perform_non_af_005,0,Logistic Regression,0.021847452509568054,0
mimic_perform_non_af_005,0,Logistic Regression,0.034428660900998116,0
mimic_perform_non_af_005,0,Logistic Regression,0.024514921837801074,0
mimic_perform_non_af_005,0,Logistic Regression,0.05188252818650699,0
mimic_perform_non_af_005,0,Logistic Regression,0.04940160816296252,0
mimic_perform_non_af_005,0,Logistic Regression,0.07574429261291898,0
mimic_perform_non_af_005,0,Logistic Regression,0.02965424182633438,0
mimic_perform_non_af_005,0,Logistic Regression,0.01729209604100958,0
mimic_perform_non_af_005,0,Logistic Regression,0.026748346983228047,0
mimic_perform_non_af_005,0,Logistic Regression,0.028116781582069428,0
mimic_perform_non_af_005,0,Logistic Regression,0.03662503478970072,0
mimic_perform_non_af_005,0,Logistic Regression,0.015973386508542572,0
mimic_perform_non_af_005,0,Logistic Regression,0.02804389960744184,0
mimic_perform_non_af_005,0,Logistic Regression,0.04468160339943821,0
mimic_perform_non_af_005,0,Logistic Regression,0.03435374918374093,0
mimic_perform_non_af_005,0,Logistic Regression,0.035034458477755694,0
mimic_perform_non_af_005,0,Logistic Regression,0.05202594011678737,0
mimic_perform_non_af_005,0,Logistic Regression,0.022142007054813558,0
mimic_perform_non_af_005,0,Logistic Regression,0.026005993697116658,0
mimic_perform_non_af_005,0,Logistic Regression,0.03178727220493557,0
mimic_perform_non_af_005,0,Logistic Regression,0.022273730996729333,0
mimic_perform_non_af_005,0,Logistic Regression,0.022645608050032674,0
mimic_perform_non_af_005,0,Logistic Regression,0.02263437835149068,0
mimic_perform_non_af_005,0,Logistic Regression,0.031371678072575196,0
mimic_perform_non_af_005,0,Logistic Regression,0.03878777868027401,0
mimic_perform_non_af_005,0,Logistic Regression,0.04795956866186137,0
mimic_perform_non_af_005,0,Logistic Regression,0.014722866204502772,0
mimic_perform_non_af_005,0,Logistic Regression,0.017125617234175362,0
mimic_perform_non_af_005,0,Logistic Regression,0.05636906126741338,0
mimic_perform_non_af_005,0,Logistic Regression,0.052126280817429684,0
mimic_perform_non_af_005,0,Logistic Regression,0.023979161452422175,0
mimic_perform_non_af_005,0,Logistic Regression,0.04428800787485746,0
mimic_perform_non_af_005,0,Logistic Regression,0.0909243454829241,0
mimic_perform_non_af_005,0,Logistic Regression,0.06004773200195785,0
mimic_perform_non_af_005,0,Logistic Regression,0.028649570239294722,0
mimic_perform_non_af_005,0,Logistic Regression,0.06665463627900359,0
mimic_perform_non_af_005,0,Logistic Regression,0.048977287841969995,0
mimic_perform_non_af_005,0,Logistic Regression,0.041148615303897226,0
mimic_perform_non_af_005,0,Logistic Regression,0.04135185992759071,0
mimic_perform_non_af_005,0,Logistic Regression,0.019279945594352872,0
mimic_perform_non_af_005,0,Logistic Regression,0.014782675879025412,0
mimic_perform_non_af_005,0,Logistic Regression,0.02197155307731957,0
mimic_perform_non_af_005,0,Logistic Regression,0.028221823934161637,0
mimic_perform_non_af_005,0,Logistic Regression,0.018352173167542028,0
mimic_perform_non_af_005,0,Logistic Regression,0.024479377137499203,0
mimic_perform_non_af_005,0,Logistic Regression,0.03015741131064786,0
mimic_perform_non_af_005,0,Logistic Regression,0.01508765977724042,0
mimic_perform_non_af_005,0,Logistic Regression,0.047297491377189936,0
mimic_perform_non_af_005,0,Logistic Regression,0.056575066757824116,0
mimic_perform_non_af_005,0,Logistic Regression,0.058855229149674525,0
mimic_perform_non_af_005,0,Logistic Regression,0.07109677574561442,0
mimic_perform_non_af_005,0,Logistic Regression,0.0206825611459721,0
mimic_perform_non_af_005,0,Logistic Regression,0.03335897011767812,0
mimic_perform_non_af_005,0,Logistic Regression,0.032448893251475666,0
mimic_perform_non_af_005,0,Logistic Regression,0.039244920958701544,0
mimic_perform_non_af_005,0,Logistic Regression,0.043882208680627866,0
mimic_perform_non_af_005,0,Logistic Regression,0.030887386615027664,0
mimic_perform_non_af_005,0,Logistic Regression,0.04981239251276457,0
mimic_perform_non_af_005,0,Logistic Regression,0.021066211337825245,0
mimic_perform_non_af_005,0,Logistic Regression,0.03208897599879342,0
mimic_perform_non_af_005,0,Logistic Regression,0.05275384075776019,0
mimic_perform_non_af_006,0,Logistic Regression,0.004038773345132403,0
mimic_perform_non_af_006,0,Logistic Regression,0.016443361924792937,0
mimic_perform_non_af_006,0,Logistic Regression,0.0031021714147861936,0
mimic_perform_non_af_006,0,Logistic Regression,0.04844268364633103,0
mimic_perform_non_af_006,0,Logistic Regression,0.032835282427484784,0
mimic_perform_non_af_006,0,Logistic Regression,0.046004327012200745,0
mimic_perform_non_af_006,0,Logistic Regression,0.024952624024828805,0
mimic_perform_non_af_006,0,Logistic Regression,0.013230909745106332,0
mimic_perform_non_af_006,0,Logistic Regression,0.012566672223980101,0
mimic_perform_non_af_006,0,Logistic Regression,0.019908439652254546,0
mimic_perform_non_af_006,0,Logistic Regression,0.038868229080451025,0
mimic_perform_non_af_006,0,Logistic Regression,0.07569943672726166,0
mimic_perform_non_af_006,0,Logistic Regression,0.005152834083249716,0
mimic_perform_non_af_006,0,Logistic Regression,0.00270438505844282,0
mimic_perform_non_af_006,0,Logistic Regression,0.0033794963860148412,0
mimic_perform_non_af_006,0,Logistic Regression,0.08895172235666456,0
mimic_perform_non_af_006,0,Logistic Regression,0.3746297951491864,0
mimic_perform_non_af_006,0,Logistic Regression,0.22436842316040204,0
mimic_perform_non_af_006,0,Logistic Regression,0.05874591179401249,0
mimic_perform_non_af_006,0,Logistic Regression,0.07854056039387788,0
mimic_perform_non_af_006,0,Logistic Regression,0.1294764240986924,0
mimic_perform_non_af_006,0,Logistic Regression,0.12490605204741476,0
mimic_perform_non_af_006,0,Logistic Regression,0.025254964947426402,0
mimic_perform_non_af_006,0,Logistic Regression,0.016863254055224926,0
mimic_perform_non_af_006,0,Logistic Regression,0.018887478354471653,0
mimic_perform_non_af_006,0,Logistic Regression,0.14420676375522906,0
mimic_perform_non_af_006,0,Logistic Regression,0.149540721145285,0
mimic_perform_non_af_006,0,Logistic Regression,0.44932968370187,0
mimic_perform_non_af_006,0,Logistic Regression,0.30835983374435894,0
mimic_perform_non_af_006,0,Logistic Regression,0.43726873894172585,0
mimic_perform_non_af_006,0,Logistic Regression,0.38874765997745486,0
mimic_perform_non_af_006,0,Logistic Regression,0.5257163451741595,1
mimic_perform_non_af_006,0,Logistic Regression,0.40519059268806706,0
mimic_perform_non_af_006,0,Logistic Regression,0.5321162790041702,1
mimic_perform_non_af_006,0,Logistic Regression,0.2783643660001268,0
mimic_perform_non_af_006,0,Logistic Regression,0.10992960360825275,0
mimic_perform_non_af_006,0,Logistic Regression,0.029611204472123967,0
mimic_perform_non_af_006,0,Logistic Regression,0.036100612822286944,0
mimic_perform_non_af_006,0,Logistic Regression,0.05281560955604854,0
mimic_perform_non_af_006,0,Logistic Regression,0.05572965444546261,0
mimic_perform_non_af_006,0,Logistic Regression,0.024038869465199463,0
mimic_perform_non_af_006,0,Logistic Regression,0.032312957299856504,0
mimic_perform_non_af_006,0,Logistic Regression,0.1470020381774697,0
mimic_perform_non_af_006,0,Logistic Regression,0.2731336445304019,0
mimic_perform_non_af_006,0,Logistic Regression,0.46479275003450693,0
mimic_perform_non_af_006,0,Logistic Regression,0.34251857039949657,0
mimic_perform_non_af_006,0,Logistic Regression,0.23154300748261553,0
mimic_perform_non_af_006,0,Logistic Regression,0.14796799565178606,0
mimic_perform_non_af_006,0,Logistic Regression,0.15698684265378826,0
mimic_perform_non_af_006,0,Logistic Regression,0.10352071772874197,0
mimic_perform_non_af_006,0,Logistic Regression,0.06716050623952956,0
mimic_perform_non_af_006,0,Logistic Regression,0.021152620602112322,0
mimic_perform_non_af_006,0,Logistic Regression,0.014985034120866655,0
mimic_perform_non_af_006,0,Logistic Regression,0.026395976739905087,0
mimic_perform_non_af_006,0,Logistic Regression,0.0125238152115896,0
mimic_perform_non_af_006,0,Logistic Regression,0.051752867628439836,0
mimic_perform_non_af_006,0,Logistic Regression,0.06183633942905879,0
mimic_perform_non_af_006,0,Logistic Regression,0.15025310848741483,0
mimic_perform_non_af_006,0,Logistic Regression,0.12777661615787034,0
mimic_perform_non_af_006,0,Logistic Regression,0.1284884777858612,0
mimic_perform_non_af_006,0,Logistic Regression,0.09761250431152546,0
mimic_perform_non_af_006,0,Logistic Regression,0.07929837376840719,0
mimic_perform_non_af_006,0,Logistic Regression,0.03751323378140362,0
mimic_perform_non_af_006,0,Logistic Regression,0.031212499910831127,0
mimic_perform_non_af_006,0,Logistic Regression,0.039324945947762556,0
mimic_perform_non_af_006,0,Logistic Regression,0.09947569115522441,0
mimic_perform_non_af_006,0,Logistic Regression,0.11843147465006366,0
mimic_perform_non_af_006,0,Logistic Regression,0.2126066400954536,0
mimic_perform_non_af_006,0,Logistic Regression,0.10574758284206527,0
mimic_perform_non_af_006,0,Logistic Regression,0.19388222928133014,0
mimic_perform_non_af_006,0,Logistic Regression,0.1399165434407804,0
mimic_perform_non_af_006,0,Logistic Regression,0.3199597717010627,0
mimic_perform_non_af_006,0,Logistic Regression,0.23785293651337155,0
mimic_perform_non_af_006,0,Logistic Regression,0.1466746400188448,0
mimic_perform_non_af_006,0,Logistic Regression,0.04370357954161957,0
mimic_perform_non_af_006,0,Logistic Regression,0.02315294008483969,0
mimic_perform_non_af_006,0,Logistic Regression,0.04101608426276224,0
mimic_perform_non_af_006,0,Logistic Regression,0.14086784305352704,0
mimic_perform_non_af_006,0,Logistic Regression,0.36243755654760973,0
mimic_perform_non_af_006,0,Logistic Regression,0.1819818713166263,0
mimic_perform_non_af_006,0,Logistic Regression,0.19072486802026256,0
mimic_perform_non_af_006,0,Logistic Regression,0.17248388530240444,0
mimic_perform_non_af_006,0,Logistic Regression,0.22343157392461402,0
mimic_perform_non_af_006,0,Logistic Regression,0.19419506110096288,0
mimic_perform_non_af_006,0,Logistic Regression,0.28368166184080246,0
mimic_perform_non_af_006,0,Logistic Regression,0.1538561995912565,0
mimic_perform_non_af_006,0,Logistic Regression,0.09784889428687008,0
mimic_perform_non_af_006,0,Logistic Regression,0.014844999057000935,0
mimic_perform_non_af_006,0,Logistic Regression,0.027188122021373256,0
mimic_perform_non_af_006,0,Logistic Regression,0.024075356598517075,0
mimic_perform_non_af_006,0,Logistic Regression,0.05198064916345522,0
mimic_perform_non_af_006,0,Logistic Regression,0.06901564689334379,0
mimic_perform_non_af_006,0,Logistic Regression,0.14923997188827354,0
mimic_perform_non_af_006,0,Logistic Regression,0.09030646722720943,0
mimic_perform_non_af_006,0,Logistic Regression,0.086753470054326,0
mimic_perform_non_af_006,0,Logistic Regression,0.04557079152081162,0
mimic_perform_non_af_006,0,Logistic Regression,0.024559367700647386,0
mimic_perform_non_af_006,0,Logistic Regression,0.048992096746408614,0
mimic_perform_non_af_006,0,Logistic Regression,0.028781871409250342,0
mimic_perform_non_af_006,0,Logistic Regression,0.03342191804393,0
mimic_perform_non_af_006,0,Logistic Regression,0.008001403345992046,0
mimic_perform_non_af_006,0,Logistic Regression,0.007464589585077835,0
mimic_perform_non_af_006,0,Logistic Regression,0.01224450414824048,0
mimic_perform_non_af_006,0,Logistic Regression,0.011936855166453373,0
mimic_perform_non_af_006,0,Logistic Regression,0.03687654138796221,0
mimic_perform_non_af_006,0,Logistic Regression,0.05058287881086757,0
mimic_perform_non_af_006,0,Logistic Regression,0.044468171537721604,0
mimic_perform_non_af_006,0,Logistic Regression,0.05251530700313359,0
mimic_perform_non_af_006,0,Logistic Regression,0.1234178915194796,0
mimic_perform_non_af_006,0,Logistic Regression,0.26632346662117534,0
mimic_perform_non_af_006,0,Logistic Regression,0.05104318198456453,0
mimic_perform_non_af_006,0,Logistic Regression,0.021776430358075895,0
mimic_perform_non_af_006,0,Logistic Regression,0.009782447841280862,0
mimic_perform_non_af_006,0,Logistic Regression,0.009322215830084494,0
mimic_perform_non_af_006,0,Logistic Regression,0.03443622274337458,0
mimic_perform_non_af_006,0,Logistic Regression,0.022737314603821383,0
mimic_perform_non_af_006,0,Logistic Regression,0.026381066202632412,0
mimic_perform_non_af_006,0,Logistic Regression,0.02079053644233571,0
mimic_perform_non_af_007,0,Logistic Regression,0.0387643669221625,0
mimic_perform_non_af_007,0,Logistic Regression,0.014189778022718631,0
mimic_perform_non_af_007,0,Logistic Regression,0.003145229136338857,0
mimic_perform_non_af_007,0,Logistic Regression,0.004780638846366985,0
mimic_perform_non_af_007,0,Logistic Regression,0.022047723646664,0
mimic_perform_non_af_007,0,Logistic Regression,0.04180214134653536,0
mimic_perform_non_af_007,0,Logistic Regression,0.12722819101785046,0
mimic_perform_non_af_007,0,Logistic Regression,0.02877524218449812,0
mimic_perform_non_af_007,0,Logistic Regression,0.01103832882663009,0
mimic_perform_non_af_007,0,Logistic Regression,0.008404436195460637,0
mimic_perform_non_af_007,0,Logistic Regression,0.01287687720444708,0
mimic_perform_non_af_007,0,Logistic Regression,0.0073189743099404325,0
mimic_perform_non_af_007,0,Logistic Regression,0.007817401785457222,0
mimic_perform_non_af_007,0,Logistic Regression,0.010779454147930672,0
mimic_perform_non_af_007,0,Logistic Regression,0.014983357830497347,0
mimic_perform_non_af_007,0,Logistic Regression,0.030243722529573715,0
mimic_perform_non_af_007,0,Logistic Regression,0.01925759407919903,0
mimic_perform_non_af_007,0,Logistic Regression,0.00521533922115597,0
mimic_perform_non_af_007,0,Logistic Regression,0.0027942476422872006,0
mimic_perform_non_af_007,0,Logistic Regression,0.0030885531511319958,0
mimic_perform_non_af_007,0,Logistic Regression,0.004457434161938658,0
mimic_perform_non_af_007,0,Logistic Regression,0.003286439361981189,0
mimic_perform_non_af_007,0,Logistic Regression,0.004414150507465588,0
mimic_perform_non_af_007,0,Logistic Regression,0.0024982137555827435,0
mimic_perform_non_af_007,0,Logistic Regression,0.017283570378935114,0
mimic_perform_non_af_007,0,Logistic Regression,0.02827066573009323,0
mimic_perform_non_af_007,0,Logistic Regression,0.06904195611313825,0
mimic_perform_non_af_007,0,Logistic Regression,0.021298683467903937,0
mimic_perform_non_af_007,0,Logistic Regression,0.005691328153135861,0
mimic_perform_non_af_007,0,Logistic Regression,0.006682046572242127,0
mimic_perform_non_af_007,0,Logistic Regression,0.002105466197923775,0
mimic_perform_non_af_007,0,Logistic Regression,0.03328655259464169,0
mimic_perform_non_af_007,0,Logistic Regression,0.09144953170407055,0
mimic_perform_non_af_007,0,Logistic Regression,0.05938262727158118,0
mimic_perform_non_af_007,0,Logistic Regression,0.008275395521818827,0
mimic_perform_non_af_007,0,Logistic Regression,0.015666013187597538,0
mimic_perform_non_af_007,0,Logistic Regression,0.016151269901591426,0
mimic_perform_non_af_007,0,Logistic Regression,0.011478534554753225,0
mimic_perform_non_af_007,0,Logistic Regression,0.05615537633487129,0
mimic_perform_non_af_007,0,Logistic Regression,0.4832386822913718,0
mimic_perform_non_af_007,0,Logistic Regression,0.03853510111392587,0
mimic_perform_non_af_007,0,Logistic Regression,0.010586129704268175,0
mimic_perform_non_af_007,0,Logistic Regression,0.0068412835725175395,0
mimic_perform_non_af_007,0,Logistic Regression,0.00327759608940184,0
mimic_perform_non_af_007,0,Logistic Regression,0.0036014412247418223,0
mimic_perform_non_af_007,0,Logistic Regression,0.00431482665932049,0
mimic_perform_non_af_007,0,Logistic Regression,0.0036402401002708328,0
mimic_perform_non_af_007,0,Logistic Regression,0.012027902143182603,0
mimic_perform_non_af_007,0,Logistic Regression,0.1407902480352947,0
mimic_perform_non_af_007,0,Logistic Regression,0.7659846963937147,1
mimic_perform_non_af_007,0,Logistic Regression,0.9660236675334416,1
mimic_perform_non_af_007,0,Logistic Regression,0.7924501957908203,1
mimic_perform_non_af_007,0,Logistic Regression,0.4433787175342521,0
mimic_perform_non_af_007,0,Logistic Regression,0.06539685220876112,0
mimic_perform_non_af_007,0,Logistic Regression,0.26267670921485037,0
mimic_perform_non_af_007,0,Logistic Regression,0.17360960231525543,0
mimic_perform_non_af_007,0,Logistic Regression,0.017991039215126445,0
mimic_perform_non_af_007,0,Logistic Regression,0.022593009185771742,0
mimic_perform_non_af_007,0,Logistic Regression,0.020910394975915805,0
mimic_perform_non_af_007,0,Logistic Regression,0.09359356032803247,0
mimic_perform_non_af_007,0,Logistic Regression,0.05784782138825913,0
mimic_perform_non_af_007,0,Logistic Regression,0.021073721033133395,0
mimic_perform_non_af_007,0,Logistic Regression,0.011115928077018616,0
mimic_perform_non_af_007,0,Logistic Regression,0.026361079998136944,0
mimic_perform_non_af_007,0,Logistic Regression,0.03295951511187907,0
mimic_perform_non_af_007,0,Logistic Regression,0.030689388772502452,0
mimic_perform_non_af_007,0,Logistic Regression,0.024910439524146566,0
mimic_perform_non_af_007,0,Logistic Regression,0.030113799266080907,0
mimic_perform_non_af_007,0,Logistic Regression,0.018895680359357764,0
mimic_perform_non_af_007,0,Logistic Regression,0.012293904859823939,0
mimic_perform_non_af_007,0,Logistic Regression,0.02284635278894128,0
mimic_perform_non_af_007,0,Logistic Regression,0.014443998825217111,0
mimic_perform_non_af_007,0,Logistic Regression,0.01003870303730034,0
mimic_perform_non_af_007,0,Logistic Regression,0.017924421334873465,0
mimic_perform_non_af_007,0,Logistic Regression,0.04810063965328153,0
mimic_perform_non_af_007,0,Logistic Regression,0.04464018977177655,0
mimic_perform_non_af_007,0,Logistic Regression,0.012720471455944819,0
mimic_perform_non_af_007,0,Logistic Regression,0.011185770055550198,0
mimic_perform_non_af_007,0,Logistic Regression,0.008904627634417133,0
mimic_perform_non_af_007,0,Logistic Regression,0.008836945966508433,0
mimic_perform_non_af_007,0,Logistic Regression,0.017738190756873926,0
mimic_perform_non_af_007,0,Logistic Regression,0.0803793646946188,0
mimic_perform_non_af_007,0,Logistic Regression,0.04740886361248147,0
mimic_perform_non_af_007,0,Logistic Regression,0.15340297388339666,0
mimic_perform_non_af_007,0,Logistic Regression,0.023905953106685467,0
mimic_perform_non_af_007,0,Logistic Regression,0.016443346280383606,0
mimic_perform_non_af_007,0,Logistic Regression,0.004807687145248271,0
mimic_perform_non_af_007,0,Logistic Regression,0.004563551303933429,0
mimic_perform_non_af_007,0,Logistic Regression,0.007859622030248637,0
mimic_perform_non_af_007,0,Logistic Regression,0.015937583579660256,0
mimic_perform_non_af_007,0,Logistic Regression,0.019949588499472832,0
mimic_perform_non_af_007,0,Logistic Regression,0.015993771233973768,0
mimic_perform_non_af_007,0,Logistic Regression,0.003337283336463129,0
mimic_perform_non_af_007,0,Logistic Regression,0.006139770168873745,0
mimic_perform_non_af_007,0,Logistic Regression,0.027772976599875328,0
mimic_perform_non_af_007,0,Logistic Regression,0.020303871862501648,0
mimic_perform_non_af_007,0,Logistic Regression,0.009329294880551746,0
mimic_perform_non_af_007,0,Logistic Regression,0.004505396854998953,0
mimic_perform_non_af_007,0,Logistic Regression,0.007885922257035874,0
mimic_perform_non_af_007,0,Logistic Regression,0.015050061861367934,0
mimic_perform_non_af_007,0,Logistic Regression,0.010208449816615154,0
mimic_perform_non_af_007,0,Logistic Regression,0.02505881886965093,0
mimic_perform_non_af_007,0,Logistic Regression,0.0916975379964823,0
mimic_perform_non_af_007,0,Logistic Regression,0.06940303989919985,0
mimic_perform_non_af_007,0,Logistic Regression,0.030273979764066282,0
mimic_perform_non_af_007,0,Logistic Regression,0.004064670521431364,0
mimic_perform_non_af_007,0,Logistic Regression,0.002365897817871182,0
mimic_perform_non_af_007,0,Logistic Regression,0.0026815695628349843,0
mimic_perform_non_af_007,0,Logistic Regression,0.005836083460558675,0
mimic_perform_non_af_007,0,Logistic Regression,0.004001845104503434,0
mimic_perform_non_af_007,0,Logistic Regression,0.028461005216953585,0
mimic_perform_non_af_007,0,Logistic Regression,0.11616575684402496,0
mimic_perform_non_af_007,0,Logistic Regression,0.025491159476996424,0
mimic_perform_non_af_007,0,Logistic Regression,0.027919727925154483,0
mimic_perform_non_af_007,0,Logistic Regression,0.07566041508045729,0
mimic_perform_non_af_007,0,Logistic Regression,0.11104231591350802,0
mimic_perform_non_af_007,0,Logistic Regression,0.1610201038475,0
mimic_perform_non_af_007,0,Logistic Regression,0.15215661575327186,0
mimic_perform_non_af_008,0,Logistic Regression,0.005974653235460953,0
mimic_perform_non_af_008,0,Logistic Regression,0.016477570657005666,0
mimic_perform_non_af_008,0,Logistic Regression,0.1477063438207189,0
mimic_perform_non_af_008,0,Logistic Regression,0.10987708728119101,0
mimic_perform_non_af_008,0,Logistic Regression,0.06497993344902614,0
mimic_perform_non_af_008,0,Logistic Regression,0.05488788959415037,0
mimic_perform_non_af_008,0,Logistic Regression,0.03326601151898221,0
mimic_perform_non_af_008,0,Logistic Regression,0.03614886025215541,0
mimic_perform_non_af_008,0,Logistic Regression,0.03133455406457181,0
mimic_perform_non_af_008,0,Logistic Regression,0.030130767454760694,0
mimic_perform_non_af_008,0,Logistic Regression,0.01402864804335556,0
mimic_perform_non_af_008,0,Logistic Regression,0.02297976974071164,0
mimic_perform_non_af_008,0,Logistic Regression,0.02194044900629677,0
mimic_perform_non_af_008,0,Logistic Regression,0.01249504706788278,0
mimic_perform_non_af_008,0,Logistic Regression,0.04813293697164344,0
mimic_perform_non_af_008,0,Logistic Regression,0.023792777456747998,0
mimic_perform_non_af_008,0,Logistic Regression,0.02977917875019806,0
mimic_perform_non_af_008,0,Logistic Regression,0.022181958470036962,0
mimic_perform_non_af_008,0,Logistic Regression,0.01681315686633107,0
mimic_perform_non_af_008,0,Logistic Regression,0.013989542850117564,0
mimic_perform_non_af_008,0,Logistic Regression,0.03876099849114162,0
mimic_perform_non_af_008,0,Logistic Regression,0.03053756871782822,0
mimic_perform_non_af_008,0,Logistic Regression,0.02149805450741072,0
mimic_perform_non_af_008,0,Logistic Regression,0.04811227712439568,0
mimic_perform_non_af_008,0,Logistic Regression,0.049097455696632965,0
mimic_perform_non_af_008,0,Logistic Regression,0.017695465644668704,0
mimic_perform_non_af_008,0,Logistic Regression,0.01159655205170544,0
mimic_perform_non_af_008,0,Logistic Regression,0.008532812251388577,0
mimic_perform_non_af_008,0,Logistic Regression,0.024505728351812597,0
mimic_perform_non_af_008,0,Logistic Regression,0.029147714896885505,0
mimic_perform_non_af_008,0,Logistic Regression,0.02654149239220341,0
mimic_perform_non_af_008,0,Logistic Regression,0.011416401104679865,0
mimic_perform_non_af_008,0,Logistic Regression,0.01080010470256806,0
mimic_perform_non_af_008,0,Logistic Regression,0.021313945767380743,0
mimic_perform_non_af_008,0,Logistic Regression,0.015092014992998351,0
mimic_perform_non_af_008,0,Logistic Regression,0.03692552634950134,0
mimic_perform_non_af_008,0,Logistic Regression,0.010718456013689056,0
mimic_perform_non_af_008,0,Logistic Regression,0.01847499795002139,0
mimic_perform_non_af_008,0,Logistic Regression,0.0441662960735006,0
mimic_perform_non_af_008,0,Logistic Regression,0.06618539035098349,0
mimic_perform_non_af_008,0,Logistic Regression,0.048202777000685856,0
mimic_perform_non_af_008,0,Logistic Regression,0.07314621637135581,0
mimic_perform_non_af_008,0,Logistic Regression,0.029487987183110763,0
mimic_perform_non_af_008,0,Logistic Regression,0.03497450128843224,0
mimic_perform_non_af_008,0,Logistic Regression,0.01701820899495949,0
mimic_perform_non_af_008,0,Logistic Regression,0.02759186141566721,0
mimic_perform_non_af_008,0,Logistic Regression,0.020426233832608654,0
mimic_perform_non_af_008,0,Logistic Regression,0.011948496131941521,0
mimic_perform_non_af_008,0,Logistic Regression,0.019324042511367562,0
mimic_perform_non_af_008,0,Logistic Regression,0.04722648504009797,0
mimic_perform_non_af_008,0,Logistic Regression,0.012429388283992695,0
mimic_perform_non_af_008,0,Logistic Regression,0.04036439221792049,0
mimic_perform_non_af_008,0,Logistic Regression,0.010956369576470056,0
mimic_perform_non_af_008,0,Logistic Regression,0.010562097268185553,0
mimic_perform_non_af_008,0,Logistic Regression,0.009133496186994354,0
mimic_perform_non_af_008,0,Logistic Regression,0.012380714775596706,0
mimic_perform_non_af_008,0,Logistic Regression,0.008318109481646047,0
mimic_perform_non_af_008,0,Logistic Regression,0.01709245208767402,0
mimic_perform_non_af_008,0,Logistic Regression,0.07040836239904943,0
mimic_perform_non_af_008,0,Logistic Regression,0.03624462510458554,0
mimic_perform_non_af_008,0,Logistic Regression,0.013363249946130936,0
mimic_perform_non_af_008,0,Logistic Regression,0.020357422369898945,0
mimic_perform_non_af_008,0,Logistic Regression,0.014383208633208385,0
mimic_perform_non_af_008,0,Logistic Regression,0.010531509165058359,0
mimic_perform_non_af_008,0,Logistic Regression,0.03704580838217862,0
mimic_perform_non_af_008,0,Logistic Regression,0.07083828789306641,0
mimic_perform_non_af_008,0,Logistic Regression,0.03494850402560396,0
mimic_perform_non_af_008,0,Logistic Regression,0.03159685728270152,0
mimic_perform_non_af_008,0,Logistic Regression,0.014536663092736013,0
mimic_perform_non_af_008,0,Logistic Regression,0.03134850177968831,0
mimic_perform_non_af_008,0,Logistic Regression,0.01105673435318996,0
mimic_perform_non_af_008,0,Logistic Regression,0.05499630171348773,0
mimic_perform_non_af_008,0,Logistic Regression,0.026195526145765525,0
mimic_perform_non_af_008,0,Logistic Regression,0.03279054233860634,0
mimic_perform_non_af_008,0,Logistic Regression,0.01095619411055933,0
mimic_perform_non_af_008,0,Logistic Regression,0.009210270954763506,0
mimic_perform_non_af_008,0,Logistic Regression,0.012378258152343592,0
mimic_perform_non_af_008,0,Logistic Regression,0.009555895197823143,0
mimic_perform_non_af_008,0,Logistic Regression,0.01330366721966169,0
mimic_perform_non_af_008,0,Logistic Regression,0.014810931989982647,0
mimic_perform_non_af_008,0,Logistic Regression,0.016413342257073398,0
mimic_perform_non_af_008,0,Logistic Regression,0.01580659825340483,0
mimic_perform_non_af_008,0,Logistic Regression,0.006699496114023087,0
mimic_perform_non_af_008,0,Logistic Regression,0.0038367819962876353,0
mimic_perform_non_af_008,0,Logistic Regression,0.005546722538398413,0
mimic_perform_non_af_008,0,Logistic Regression,0.010086137516930615,0
mimic_perform_non_af_008,0,Logistic Regression,0.01839921320628108,0
mimic_perform_non_af_008,0,Logistic Regression,0.008919406919567194,0
mimic_perform_non_af_008,0,Logistic Regression,0.005911868557441156,0
mimic_perform_non_af_008,0,Logistic Regression,0.008655193910188827,0
mimic_perform_non_af_008,0,Logistic Regression,0.012080239781888621,0
mimic_perform_non_af_008,0,Logistic Regression,0.015869136753639768,0
mimic_perform_non_af_008,0,Logistic Regression,0.009072494617437012,0
mimic_perform_non_af_008,0,Logistic Regression,0.008542760297745856,0
mimic_perform_non_af_008,0,Logistic Regression,0.021714744590766825,0
mimic_perform_non_af_008,0,Logistic Regression,0.01917759234953515,0
mimic_perform_non_af_008,0,Logistic Regression,0.04994028307514604,0
mimic_perform_non_af_008,0,Logistic Regression,0.014901311687968167,0
mimic_perform_non_af_008,0,Logistic Regression,0.01403192271740007,0
mimic_perform_non_af_008,0,Logistic Regression,0.01940067538682917,0
mimic_perform_non_af_008,0,Logistic Regression,0.024231406602036848,0
mimic_perform_non_af_008,0,Logistic Regression,0.012165307202173658,0
mimic_perform_non_af_008,0,Logistic Regression,0.009354871110084881,0
mimic_perform_non_af_008,0,Logistic Regression,0.023280033240476613,0
mimic_perform_non_af_008,0,Logistic Regression,0.021064466226633105,0
mimic_perform_non_af_008,0,Logistic Regression,0.014218005596400032,0
mimic_perform_non_af_008,0,Logistic Regression,0.015795490866915708,0
mimic_perform_non_af_008,0,Logistic Regression,0.013741381861286256,0
mimic_perform_non_af_008,0,Logistic Regression,0.03223551942363973,0
mimic_perform_non_af_008,0,Logistic Regression,0.026964995835281926,0
mimic_perform_non_af_008,0,Logistic Regression,0.017249153669183327,0
mimic_perform_non_af_008,0,Logistic Regression,0.006368198690058222,0
mimic_perform_non_af_008,0,Logistic Regression,0.00692930572033741,0
mimic_perform_non_af_008,0,Logistic Regression,0.010302531299133392,0
mimic_perform_non_af_008,0,Logistic Regression,0.02725955399275687,0
mimic_perform_non_af_008,0,Logistic Regression,0.06084113959304233,0
mimic_perform_non_af_008,0,Logistic Regression,0.050452586438123295,0
mimic_perform_non_af_008,0,Logistic Regression,0.01312999754430782,0
mimic_perform_non_af_009,0,Logistic Regression,0.0028359289020190846,0
mimic_perform_non_af_009,0,Logistic Regression,0.0011517796263390155,0
mimic_perform_non_af_009,0,Logistic Regression,0.0011695791956348007,0
mimic_perform_non_af_009,0,Logistic Regression,0.0018086631775514454,0
mimic_perform_non_af_009,0,Logistic Regression,0.0030961855761280767,0
mimic_perform_non_af_009,0,Logistic Regression,0.0014050235659825027,0
mimic_perform_non_af_009,0,Logistic Regression,0.0013268197367356123,0
mimic_perform_non_af_009,0,Logistic Regression,0.0010788303224104547,0
mimic_perform_non_af_009,0,Logistic Regression,0.002344185779507643,0
mimic_perform_non_af_009,0,Logistic Regression,0.003033871485965467,0
mimic_perform_non_af_009,0,Logistic Regression,0.0035015627451519937,0
mimic_perform_non_af_009,0,Logistic Regression,0.0035017715667933383,0
mimic_perform_non_af_009,0,Logistic Regression,0.000992503743712995,0
mimic_perform_non_af_009,0,Logistic Regression,0.0009463140059287726,0
mimic_perform_non_af_009,0,Logistic Regression,0.0013671594333329127,0
mimic_perform_non_af_009,0,Logistic Regression,0.0017342683704116815,0
mimic_perform_non_af_009,0,Logistic Regression,0.003123152804408144,0
mimic_perform_non_af_009,0,Logistic Regression,0.0013906232554475278,0
mimic_perform_non_af_009,0,Logistic Regression,0.010672544840294253,0
mimic_perform_non_af_009,0,Logistic Regression,0.012189606003691176,0
mimic_perform_non_af_009,0,Logistic Regression,0.009743976504565285,0
mimic_perform_non_af_009,0,Logistic Regression,0.0038409030732696483,0
mimic_perform_non_af_009,0,Logistic Regression,0.0038343509302152527,0
mimic_perform_non_af_009,0,Logistic Regression,0.0007473331989391289,0
mimic_perform_non_af_009,0,Logistic Regression,0.0008360334627802033,0
mimic_perform_non_af_009,0,Logistic Regression,0.000920056773829211,0
mimic_perform_non_af_009,0,Logistic Regression,0.0008681787372574087,0
mimic_perform_non_af_009,0,Logistic Regression,0.0014007374270368963,0
mimic_perform_non_af_009,0,Logistic Regression,0.0024398743690556804,0
mimic_perform_non_af_009,0,Logistic Regression,0.003020033460532002,0
mimic_perform_non_af_009,0,Logistic Regression,0.0024289740129431066,0
mimic_perform_non_af_009,0,Logistic Regression,0.001425187074269968,0
mimic_perform_non_af_009,0,Logistic Regression,0.0013063436839727955,0
mimic_perform_non_af_009,0,Logistic Regression,0.0010532821487395547,0
mimic_perform_non_af_009,0,Logistic Regression,0.0008615083214023934,0
mimic_perform_non_af_009,0,Logistic Regression,0.0012439009505052165,0
mimic_perform_non_af_009,0,Logistic Regression,0.0018573417021862187,0
mimic_perform_non_af_009,0,Logistic Regression,0.001623355517532534,0
mimic_perform_non_af_009,0,Logistic Regression,0.002172208692599252,0
mimic_perform_non_af_009,0,Logistic Regression,0.0009221270713748816,0
mimic_perform_non_af_009,0,Logistic Regression,0.0009817662581947085,0
mimic_perform_non_af_009,0,Logistic Regression,0.0007185717312188046,0
mimic_perform_non_af_009,0,Logistic Regression,0.0010697300293834662,0
mimic_perform_non_af_009,0,Logistic Regression,0.0011490293628570632,0
mimic_perform_non_af_009,0,Logistic Regression,0.0016869396689937765,0
mimic_perform_non_af_009,0,Logistic Regression,0.00608299348977335,0
mimic_perform_non_af_009,0,Logistic Regression,0.005028170363600214,0
mimic_perform_non_af_009,0,Logistic Regression,0.004035186982196918,0
mimic_perform_non_af_009,0,Logistic Regression,0.001772060558909298,0
mimic_perform_non_af_009,0,Logistic Regression,0.0016833124046319481,0
mimic_perform_non_af_009,0,Logistic Regression,0.0016665260217942394,0
mimic_perform_non_af_009,0,Logistic Regression,0.0012966343088028488,0
mimic_perform_non_af_009,0,Logistic Regression,0.001227727100196059,0
mimic_perform_non_af_009,0,Logistic Regression,0.0017403069318574962,0
mimic_perform_non_af_009,0,Logistic Regression,0.0019870021134981582,0
mimic_perform_non_af_009,0,Logistic Regression,0.001898661473844428,0
mimic_perform_non_af_009,0,Logistic Regression,0.0014436203992868977,0
mimic_perform_non_af_009,0,Logistic Regression,0.0011795419366177782,0
mimic_perform_non_af_009,0,Logistic Regression,0.001447802759912655,0
mimic_perform_non_af_009,0,Logistic Regression,0.0013390297353286828,0
mimic_perform_non_af_009,0,Logistic Regression,0.0024285496763101163,0
mimic_perform_non_af_009,0,Logistic Regression,0.0010515840378059577,0
mimic_perform_non_af_009,0,Logistic Regression,0.001651985042858979,0
mimic_perform_non_af_009,0,Logistic Regression,0.0008786644155629719,0
mimic_perform_non_af_009,0,Logistic Regression,0.0010795755677021268,0
mimic_perform_non_af_009,0,Logistic Regression,0.0009765510749092445,0
mimic_perform_non_af_009,0,Logistic Regression,0.0010283312386123913,0
mimic_perform_non_af_009,0,Logistic Regression,0.0014863085566206074,0
mimic_perform_non_af_009,0,Logistic Regression,0.000986399867303366,0
mimic_perform_non_af_009,0,Logistic Regression,0.0012905685373494607,0
mimic_perform_non_af_009,0,Logistic Regression,0.0017078296886746706,0
mimic_perform_non_af_009,0,Logistic Regression,0.0017565249693033418,0
mimic_perform_non_af_009,0,Logistic Regression,0.018996762762336195,0
mimic_perform_non_af_009,0,Logistic Regression,0.025394649143623244,0
mimic_perform_non_af_009,0,Logistic Regression,0.04718061882908143,0
mimic_perform_non_af_009,0,Logistic Regression,0.008653975512902153,0
mimic_perform_non_af_009,0,Logistic Regression,0.010578977554876788,0
mimic_perform_non_af_009,0,Logistic Regression,0.007025473811814579,0
mimic_perform_non_af_009,0,Logistic Regression,0.05906702098598603,0
mimic_perform_non_af_009,0,Logistic Regression,0.0362273942699378,0
mimic_perform_non_af_009,0,Logistic Regression,0.044753643323661704,0
mimic_perform_non_af_009,0,Logistic Regression,0.034862374700894525,0
mimic_perform_non_af_009,0,Logistic Regression,0.011795862255529746,0
mimic_perform_non_af_009,0,Logistic Regression,0.00854731905475537,0
mimic_perform_non_af_009,0,Logistic Regression,0.004067803733261684,0
mimic_perform_non_af_009,0,Logistic Regression,0.017406540272427832,0
mimic_perform_non_af_009,0,Logistic Regression,0.06872725952330255,0
mimic_perform_non_af_009,0,Logistic Regression,0.1488012829155211,0
mimic_perform_non_af_009,0,Logistic Regression,0.037583384809810716,0
mimic_perform_non_af_009,0,Logistic Regression,0.054231424056630756,0
mimic_perform_non_af_009,0,Logistic Regression,0.09574590231119971,0
mimic_perform_non_af_009,0,Logistic Regression,0.10629550227252084,0
mimic_perform_non_af_009,0,Logistic Regression,0.23676700383925772,0
mimic_perform_non_af_009,0,Logistic Regression,0.027711353988228733,0
mimic_perform_non_af_009,0,Logistic Regression,0.10471324919101252,0
mimic_perform_non_af_009,0,Logistic Regression,0.05086085822745308,0
mimic_perform_non_af_009,0,Logistic Regression,0.42667038093029547,0
mimic_perform_non_af_009,0,Logistic Regression,0.7252024693982106,1
mimic_perform_non_af_009,0,Logistic Regression,0.8367929166036919,1
mimic_perform_non_af_009,0,Logistic Regression,0.7213405794782894,1
mimic_perform_non_af_009,0,Logistic Regression,0.6179391982264327,1
mimic_perform_non_af_009,0,Logistic Regression,0.6732353082782387,1
mimic_perform_non_af_009,0,Logistic Regression,0.16745661184346622,0
mimic_perform_non_af_009,0,Logistic Regression,0.059274539422609074,0
mimic_perform_non_af_009,0,Logistic Regression,0.019380928121892252,0
mimic_perform_non_af_009,0,Logistic Regression,0.18509616010200589,0
mimic_perform_non_af_009,0,Logistic Regression,0.15071875664005968,0
mimic_perform_non_af_009,0,Logistic Regression,0.2683038736372467,0
mimic_perform_non_af_009,0,Logistic Regression,0.184701016844198,0
mimic_perform_non_af_009,0,Logistic Regression,0.5055890163505535,1
mimic_perform_non_af_009,0,Logistic Regression,0.4787858500856568,0
mimic_perform_non_af_009,0,Logistic Regression,0.0820309969210963,0
mimic_perform_non_af_009,0,Logistic Regression,0.052849619877611206,0
mimic_perform_non_af_009,0,Logistic Regression,0.02259122651070805,0
mimic_perform_non_af_009,0,Logistic Regression,0.02170816604272145,0
mimic_perform_non_af_009,0,Logistic Regression,0.015349893313971305,0
mimic_perform_non_af_009,0,Logistic Regression,0.16268616323088383,0
mimic_perform_non_af_009,0,Logistic Regression,0.8428982359307254,1
mimic_perform_non_af_010,0,Logistic Regression,0.5377388737894675,1
mimic_perform_non_af_010,0,Logistic Regression,0.0840426354789008,0
mimic_perform_non_af_010,0,Logistic Regression,0.00986341821292534,0
mimic_perform_non_af_010,0,Logistic Regression,0.007724556779615372,0
mimic_perform_non_af_010,0,Logistic Regression,0.01447303858567489,0
mimic_perform_non_af_010,0,Logistic Regression,0.15886317455864418,0
mimic_perform_non_af_010,0,Logistic Regression,0.0893368909672164,0
mimic_perform_non_af_010,0,Logistic Regression,0.03611669038633747,0
mimic_perform_non_af_010,0,Logistic Regression,0.07197103526646118,0
mimic_perform_non_af_010,0,Logistic Regression,0.093997956654177,0
mimic_perform_non_af_010,0,Logistic Regression,0.3328599926245029,0
mimic_perform_non_af_010,0,Logistic Regression,0.17174907160387962,0
mimic_perform_non_af_010,0,Logistic Regression,0.4010892760972289,0
mimic_perform_non_af_010,0,Logistic Regression,0.22900003962815532,0
mimic_perform_non_af_010,0,Logistic Regression,0.17486783077869988,0
mimic_perform_non_af_010,0,Logistic Regression,0.07362950652853809,0
mimic_perform_non_af_010,0,Logistic Regression,0.45770198769324083,0
mimic_perform_non_af_010,0,Logistic Regression,0.9298111969636045,1
mimic_perform_non_af_010,0,Logistic Regression,0.6922568891269626,1
mimic_perform_non_af_010,0,Logistic Regression,0.6882044241148008,1
mimic_perform_non_af_010,0,Logistic Regression,0.5877454186109967,1
mimic_perform_non_af_010,0,Logistic Regression,0.14053429248012125,0
mimic_perform_non_af_010,0,Logistic Regression,0.05055732033753055,0
mimic_perform_non_af_010,0,Logistic Regression,0.04407782448605044,0
mimic_perform_non_af_010,0,Logistic Regression,0.1964240384709842,0
mimic_perform_non_af_010,0,Logistic Regression,0.27930789316731525,0
mimic_perform_non_af_010,0,Logistic Regression,0.0650603284744687,0
mimic_perform_non_af_010,0,Logistic Regression,0.02238404048877924,0
mimic_perform_non_af_010,0,Logistic Regression,0.07783195658263839,0
mimic_perform_non_af_010,0,Logistic Regression,0.1747334448873601,0
mimic_perform_non_af_010,0,Logistic Regression,0.43183323121303896,0
mimic_perform_non_af_010,0,Logistic Regression,0.22723423064937975,0
mimic_perform_non_af_010,0,Logistic Regression,0.32070803168557466,0
mimic_perform_non_af_010,0,Logistic Regression,0.30258069268669263,0
mimic_perform_non_af_010,0,Logistic Regression,0.1289735259824678,0
mimic_perform_non_af_010,0,Logistic Regression,0.058867690939278225,0
mimic_perform_non_af_010,0,Logistic Regression,0.07877990132598772,0
mimic_perform_non_af_010,0,Logistic Regression,0.1344632192629584,0
mimic_perform_non_af_010,0,Logistic Regression,0.101596609350426,0
mimic_perform_non_af_010,0,Logistic Regression,0.10180847092842954,0
mimic_perform_non_af_010,0,Logistic Regression,0.15540003244979142,0
mimic_perform_non_af_010,0,Logistic Regression,0.08520224139731783,0
mimic_perform_non_af_010,0,Logistic Regression,0.02572671195104356,0
mimic_perform_non_af_010,0,Logistic Regression,0.019459827139014417,0
mimic_perform_non_af_010,0,Logistic Regression,0.013398936690248586,0
mimic_perform_non_af_010,0,Logistic Regression,0.01784267794614476,0
mimic_perform_non_af_010,0,Logistic Regression,0.038533816822823336,0
mimic_perform_non_af_010,0,Logistic Regression,0.01599017453324019,0
mimic_perform_non_af_010,0,Logistic Regression,0.0166769505184238,0
mimic_perform_non_af_010,0,Logistic Regression,0.012968036392844684,0
mimic_perform_non_af_010,0,Logistic Regression,0.006824541763347031,0
mimic_perform_non_af_010,0,Logistic Regression,0.008660273190630917,0
mimic_perform_non_af_010,0,Logistic Regression,0.02309770174389797,0
mimic_perform_non_af_010,0,Logistic Regression,0.028450713488954876,0
mimic_perform_non_af_010,0,Logistic Regression,0.00814349294278676,0
mimic_perform_non_af_010,0,Logistic Regression,0.011575133327510635,0
mimic_perform_non_af_010,0,Logistic Regression,0.016166175343871998,0
mimic_perform_non_af_010,0,Logistic Regression,0.02931465283773608,0
mimic_perform_non_af_010,0,Logistic Regression,0.01815381604757947,0
mimic_perform_non_af_010,0,Logistic Regression,0.007728973969553286,0
mimic_perform_non_af_010,0,Logistic Regression,0.009181601775433833,0
mimic_perform_non_af_010,0,Logistic Regression,0.0199932208854927,0
mimic_perform_non_af_010,0,Logistic Regression,0.024722948119840913,0
mimic_perform_non_af_010,0,Logistic Regression,0.00969000573087888,0
mimic_perform_non_af_010,0,Logistic Regression,0.009692484086123946,0
mimic_perform_non_af_010,0,Logistic Regression,0.011035899384320362,0
mimic_perform_non_af_010,0,Logistic Regression,0.01163866601187911,0
mimic_perform_non_af_010,0,Logistic Regression,0.020727659247665165,0
mimic_perform_non_af_010,0,Logistic Regression,0.030045823480260754,0
mimic_perform_non_af_010,0,Logistic Regression,0.05776200730981941,0
mimic_perform_non_af_010,0,Logistic Regression,0.04128332246951803,0
mimic_perform_non_af_010,0,Logistic Regression,0.06599816406316504,0
mimic_perform_non_af_010,0,Logistic Regression,0.011728829817088903,0
mimic_perform_non_af_010,0,Logistic Regression,0.01855953773772799,0
mimic_perform_non_af_010,0,Logistic Regression,0.014167473154328411,0
mimic_perform_non_af_010,0,Logistic Regression,0.035732001342188784,0
mimic_perform_non_af_010,0,Logistic Regression,0.008148210601407304,0
mimic_perform_non_af_010,0,Logistic Regression,0.01933022892058244,0
mimic_perform_non_af_010,0,Logistic Regression,0.01150717298937851,0
mimic_perform_non_af_010,0,Logistic Regression,0.003941145471552437,0
mimic_perform_non_af_010,0,Logistic Regression,0.00423939317912921,0
mimic_perform_non_af_010,0,Logistic Regression,0.0058255885945631795,0
mimic_perform_non_af_010,0,Logistic Regression,0.009725649607474903,0
mimic_perform_non_af_010,0,Logistic Regression,0.045681068207088435,0
mimic_perform_non_af_010,0,Logistic Regression,0.013241928465593397,0
mimic_perform_non_af_010,0,Logistic Regression,0.015162091723702796,0
mimic_perform_non_af_010,0,Logistic Regression,0.007893752127983149,0
mimic_perform_non_af_010,0,Logistic Regression,0.050968261661018206,0
mimic_perform_non_af_010,0,Logistic Regression,0.4678747710581653,0
mimic_perform_non_af_010,0,Logistic Regression,0.44545535035072975,0
mimic_perform_non_af_010,0,Logistic Regression,0.41977725579283887,0
mimic_perform_non_af_010,0,Logistic Regression,0.3655842837495258,0
mimic_perform_non_af_010,0,Logistic Regression,0.10654151910735778,0
mimic_perform_non_af_010,0,Logistic Regression,0.029709686485090068,0
mimic_perform_non_af_010,0,Logistic Regression,0.01988702903429216,0
mimic_perform_non_af_010,0,Logistic Regression,0.01038471188208373,0
mimic_perform_non_af_010,0,Logistic Regression,0.010038963848402013,0
mimic_perform_non_af_010,0,Logistic Regression,0.05104292859443017,0
mimic_perform_non_af_010,0,Logistic Regression,0.03885525699935941,0
mimic_perform_non_af_010,0,Logistic Regression,0.047054410574437426,0
mimic_perform_non_af_010,0,Logistic Regression,0.03660864167454147,0
mimic_perform_non_af_010,0,Logistic Regression,0.01806861482788026,0
mimic_perform_non_af_010,0,Logistic Regression,0.007718666818590516,0
mimic_perform_non_af_010,0,Logistic Regression,0.005883464570355103,0
mimic_perform_non_af_010,0,Logistic Regression,0.005789270589037566,0
mimic_perform_non_af_010,0,Logistic Regression,0.002309748455816377,0
mimic_perform_non_af_010,0,Logistic Regression,1.7875488197725812e-13,0
mimic_perform_non_af_010,0,Logistic Regression,1.0509952666585767e-13,0
mimic_perform_non_af_010,0,Logistic Regression,0.009601746876886568,0
mimic_perform_non_af_010,0,Logistic Regression,0.06704292901036465,0
mimic_perform_non_af_010,0,Logistic Regression,0.06674856773929227,0
mimic_perform_non_af_010,0,Logistic Regression,0.12001314089434802,0
mimic_perform_non_af_010,0,Logistic Regression,0.06779142092347498,0
mimic_perform_non_af_010,0,Logistic Regression,0.027642998993247035,0
mimic_perform_non_af_010,0,Logistic Regression,0.012230473565612635,0
mimic_perform_non_af_010,0,Logistic Regression,0.01618518748735136,0
mimic_perform_non_af_010,0,Logistic Regression,0.008685981207023855,0
mimic_perform_non_af_010,0,Logistic Regression,0.00621962018938332,0
mimic_perform_non_af_011,0,Logistic Regression,0.009136119083429796,0
mimic_perform_non_af_011,0,Logistic Regression,0.04518456022920963,0
mimic_perform_non_af_011,0,Logistic Regression,0.07459821039701425,0
mimic_perform_non_af_011,0,Logistic Regression,0.08072406666670981,0
mimic_perform_non_af_011,0,Logistic Regression,0.036590866590256545,0
mimic_perform_non_af_011,0,Logistic Regression,0.019316626998259843,0
mimic_perform_non_af_011,0,Logistic Regression,0.052573692580035435,0
mimic_perform_non_af_011,0,Logistic Regression,0.31540585136266247,0
mimic_perform_non_af_011,0,Logistic Regression,0.4508939988469259,0
mimic_perform_non_af_011,0,Logistic Regression,0.17139058647278482,0
mimic_perform_non_af_011,0,Logistic Regression,0.08829514224895,0
mimic_perform_non_af_011,0,Logistic Regression,0.10455706466511831,0
mimic_perform_non_af_011,0,Logistic Regression,0.032813159775023165,0
mimic_perform_non_af_011,0,Logistic Regression,0.061401270799545396,0
mimic_perform_non_af_011,0,Logistic Regression,0.049070928218468035,0
mimic_perform_non_af_011,0,Logistic Regression,0.050115182477386125,0
mimic_perform_non_af_011,0,Logistic Regression,0.021600361105334347,0
mimic_perform_non_af_011,0,Logistic Regression,0.06716178857592504,0
mimic_perform_non_af_011,0,Logistic Regression,0.03326348642893504,0
mimic_perform_non_af_011,0,Logistic Regression,0.034276802783493335,0
mimic_perform_non_af_011,0,Logistic Regression,0.019804603033392834,0
mimic_perform_non_af_011,0,Logistic Regression,0.026261266153217437,0
mimic_perform_non_af_011,0,Logistic Regression,0.05004096650635965,0
mimic_perform_non_af_011,0,Logistic Regression,0.016925589859241977,0
mimic_perform_non_af_011,0,Logistic Regression,0.022119375558869128,0
mimic_perform_non_af_011,0,Logistic Regression,0.08870062015086566,0
mimic_perform_non_af_011,0,Logistic Regression,0.31880287244647665,0
mimic_perform_non_af_011,0,Logistic Regression,0.17342821355186122,0
mimic_perform_non_af_011,0,Logistic Regression,0.041049994014972405,0
mimic_perform_non_af_011,0,Logistic Regression,0.03183052869814841,0
mimic_perform_non_af_011,0,Logistic Regression,0.06109545255360588,0
mimic_perform_non_af_011,0,Logistic Regression,0.12942322839733375,0
mimic_perform_non_af_011,0,Logistic Regression,0.07312741364377756,0
mimic_perform_non_af_011,0,Logistic Regression,0.1331342000873222,0
mimic_perform_non_af_011,0,Logistic Regression,0.16859928118469092,0
mimic_perform_non_af_011,0,Logistic Regression,0.04380680577972488,0
mimic_perform_non_af_011,0,Logistic Regression,0.10501005200834787,0
mimic_perform_non_af_011,0,Logistic Regression,0.11457593882578368,0
mimic_perform_non_af_011,0,Logistic Regression,0.07589945244190631,0
mimic_perform_non_af_011,0,Logistic Regression,0.04496539387997065,0
mimic_perform_non_af_011,0,Logistic Regression,0.09734425779333403,0
mimic_perform_non_af_011,0,Logistic Regression,0.120767794275942,0
mimic_perform_non_af_011,0,Logistic Regression,0.04297498515671869,0
mimic_perform_non_af_011,0,Logistic Regression,0.03983193000184122,0
mimic_perform_non_af_011,0,Logistic Regression,0.03167428410166091,0
mimic_perform_non_af_011,0,Logistic Regression,0.03505090711567433,0
mimic_perform_non_af_011,0,Logistic Regression,0.015629346222156032,0
mimic_perform_non_af_011,0,Logistic Regression,0.015559476983189739,0
mimic_perform_non_af_011,0,Logistic Regression,0.05272990226399937,0
mimic_perform_non_af_011,0,Logistic Regression,0.02458493028811322,0
mimic_perform_non_af_011,0,Logistic Regression,0.021785661763541502,0
mimic_perform_non_af_011,0,Logistic Regression,0.021878456419260728,0
mimic_perform_non_af_011,0,Logistic Regression,0.019058688282880043,0
mimic_perform_non_af_011,0,Logistic Regression,0.0376438562809645,0
mimic_perform_non_af_011,0,Logistic Regression,0.014013182624079332,0
mimic_perform_non_af_011,0,Logistic Regression,0.014563865343662446,0
mimic_perform_non_af_011,0,Logistic Regression,0.027164772835294036,0
mimic_perform_non_af_011,0,Logistic Regression,0.03388153461998501,0
mimic_perform_non_af_011,0,Logistic Regression,0.043063006323068684,0
mimic_perform_non_af_011,0,Logistic Regression,0.01634787819524034,0
mimic_perform_non_af_011,0,Logistic Regression,0.009682134450913498,0
mimic_perform_non_af_011,0,Logistic Regression,0.010876919109239724,0
mimic_perform_non_af_011,0,Logistic Regression,0.01022114933866809,0
mimic_perform_non_af_011,0,Logistic Regression,0.00952580879669528,0
mimic_perform_non_af_011,0,Logistic Regression,0.00950869205657512,0
mimic_perform_non_af_011,0,Logistic Regression,0.04077709647107977,0
mimic_perform_non_af_011,0,Logistic Regression,0.03411035232172342,0
mimic_perform_non_af_011,0,Logistic Regression,0.02086034748928859,0
mimic_perform_non_af_011,0,Logistic Regression,0.011377899399993755,0
mimic_perform_non_af_011,0,Logistic Regression,0.013132985190912591,0
mimic_perform_non_af_011,0,Logistic Regression,0.020071286176782818,0
mimic_perform_non_af_011,0,Logistic Regression,0.02424175586795946,0
mimic_perform_non_af_011,0,Logistic Regression,0.02400023210222282,0
mimic_perform_non_af_011,0,Logistic Regression,0.036202419311356426,0
mimic_perform_non_af_011,0,Logistic Regression,0.014746957650344393,0
mimic_perform_non_af_011,0,Logistic Regression,0.011260526496872064,0
mimic_perform_non_af_011,0,Logistic Regression,0.048469530432338946,0
mimic_perform_non_af_011,0,Logistic Regression,0.03642764017597816,0
mimic_perform_non_af_011,0,Logistic Regression,0.09866647782876854,0
mimic_perform_non_af_011,0,Logistic Regression,0.025949314289797024,0
mimic_perform_non_af_011,0,Logistic Regression,0.0241073220399866,0
mimic_perform_non_af_011,0,Logistic Regression,0.010901858109069974,0
mimic_perform_non_af_011,0,Logistic Regression,0.012169063476341047,0
mimic_perform_non_af_011,0,Logistic Regression,0.04656006297334688,0
mimic_perform_non_af_011,0,Logistic Regression,0.02624243649753384,0
mimic_perform_non_af_011,0,Logistic Regression,0.011325437937681641,0
mimic_perform_non_af_011,0,Logistic Regression,0.012368989139894726,0
mimic_perform_non_af_011,0,Logistic Regression,0.01948713481165111,0
mimic_perform_non_af_011,0,Logistic Regression,0.017706006021424817,0
mimic_perform_non_af_011,0,Logistic Regression,0.0068271361763258005,0
mimic_perform_non_af_011,0,Logistic Regression,0.011140500600216787,0
mimic_perform_non_af_011,0,Logistic Regression,0.02268879311645512,0
mimic_perform_non_af_011,0,Logistic Regression,0.023073768957239036,0
mimic_perform_non_af_011,0,Logistic Regression,0.01885452197073769,0
mimic_perform_non_af_011,0,Logistic Regression,0.035765792159145576,0
mimic_perform_non_af_011,0,Logistic Regression,0.031710126663278874,0
mimic_perform_non_af_011,0,Logistic Regression,0.018684845478007125,0
mimic_perform_non_af_011,0,Logistic Regression,0.017816641750796756,0
mimic_perform_non_af_011,0,Logistic Regression,0.013569072508527572,0
mimic_perform_non_af_011,0,Logistic Regression,0.017015538504739906,0
mimic_perform_non_af_011,0,Logistic Regression,0.005546196044970324,0
mimic_perform_non_af_011,0,Logistic Regression,0.012751016986733709,0
mimic_perform_non_af_011,0,Logistic Regression,0.017511615527730333,0
mimic_perform_non_af_011,0,Logistic Regression,0.02810618011537703,0
mimic_perform_non_af_011,0,Logistic Regression,0.01427692837349022,0
mimic_perform_non_af_011,0,Logistic Regression,0.013535129657498582,0
mimic_perform_non_af_011,0,Logistic Regression,0.011582866932137321,0
mimic_perform_non_af_011,0,Logistic Regression,0.00968925319517087,0
mimic_perform_non_af_011,0,Logistic Regression,0.010277633115179595,0
mimic_perform_non_af_011,0,Logistic Regression,0.010048117586286133,0
mimic_perform_non_af_011,0,Logistic Regression,0.010047739723381455,0
mimic_perform_non_af_011,0,Logistic Regression,0.007998210726678782,0
mimic_perform_non_af_011,0,Logistic Regression,0.008854136216012786,0
mimic_perform_non_af_011,0,Logistic Regression,0.014526962835666206,0
mimic_perform_non_af_011,0,Logistic Regression,0.013555879118254071,0
mimic_perform_non_af_011,0,Logistic Regression,0.009267861601165838,0
mimic_perform_non_af_011,0,Logistic Regression,0.010067230694742002,0
mimic_perform_non_af_011,0,Logistic Regression,0.00949909712408002,0
mimic_perform_non_af_012,0,Logistic Regression,0.9749145552089462,1
mimic_perform_non_af_012,0,Logistic Regression,0.9798594985907109,1
mimic_perform_non_af_012,0,Logistic Regression,0.9470191863554063,1
mimic_perform_non_af_012,0,Logistic Regression,0.9959365943061785,1
mimic_perform_non_af_012,0,Logistic Regression,0.9981516534921369,1
mimic_perform_non_af_012,0,Logistic Regression,0.9997822800443759,1
mimic_perform_non_af_012,0,Logistic Regression,0.9996310454086624,1
mimic_perform_non_af_012,0,Logistic Regression,0.999878317074668,1
mimic_perform_non_af_012,0,Logistic Regression,0.9995491091651153,1
mimic_perform_non_af_012,0,Logistic Regression,0.9999995445148816,1
mimic_perform_non_af_012,0,Logistic Regression,0.9996755105955272,1
mimic_perform_non_af_012,0,Logistic Regression,0.9994216212595584,1
mimic_perform_non_af_012,0,Logistic Regression,0.9994470750501538,1
mimic_perform_non_af_012,0,Logistic Regression,0.999546053849032,1
mimic_perform_non_af_012,0,Logistic Regression,0.9999908008155999,1
mimic_perform_non_af_012,0,Logistic Regression,0.9999911486078773,1
mimic_perform_non_af_012,0,Logistic Regression,0.9998801272112534,1
mimic_perform_non_af_012,0,Logistic Regression,0.9992803950738218,1
mimic_perform_non_af_012,0,Logistic Regression,0.9990646457669777,1
mimic_perform_non_af_012,0,Logistic Regression,0.9825714906110414,1
mimic_perform_non_af_012,0,Logistic Regression,0.8653569768808252,1
mimic_perform_non_af_012,0,Logistic Regression,0.9613384502844102,1
mimic_perform_non_af_012,0,Logistic Regression,0.9928720194350424,1
mimic_perform_non_af_012,0,Logistic Regression,0.9997643747942965,1
mimic_perform_non_af_012,0,Logistic Regression,0.9999556456623134,1
mimic_perform_non_af_012,0,Logistic Regression,0.9999761924067794,1
mimic_perform_non_af_012,0,Logistic Regression,0.9997575113024424,1
mimic_perform_non_af_012,0,Logistic Regression,0.9993053232636853,1
mimic_perform_non_af_012,0,Logistic Regression,0.9779389214753058,1
mimic_perform_non_af_012,0,Logistic Regression,0.9917030665238277,1
mimic_perform_non_af_012,0,Logistic Regression,0.9896926925374394,1
mimic_perform_non_af_012,0,Logistic Regression,0.9990132416647705,1
mimic_perform_non_af_012,0,Logistic Regression,0.9997833738774266,1
mimic_perform_non_af_012,0,Logistic Regression,0.9997465280135526,1
mimic_perform_non_af_012,0,Logistic Regression,0.9993772681995174,1
mimic_perform_non_af_012,0,Logistic Regression,0.9994647646785619,1
mimic_perform_non_af_012,0,Logistic Regression,0.9969547993354488,1
mimic_perform_non_af_012,0,Logistic Regression,0.9977218572307398,1
mimic_perform_non_af_012,0,Logistic Regression,0.9929584594851526,1
mimic_perform_non_af_012,0,Logistic Regression,0.9998358838470074,1
mimic_perform_non_af_012,0,Logistic Regression,0.9999487198814442,1
mimic_perform_non_af_012,0,Logistic Regression,0.9998426819250251,1
mimic_perform_non_af_012,0,Logistic Regression,0.9998211216773099,1
mimic_perform_non_af_012,0,Logistic Regression,0.9999995051156716,1
mimic_perform_non_af_012,0,Logistic Regression,0.9997272080036382,1
mimic_perform_non_af_012,0,Logistic Regression,0.9997530474441721,1
mimic_perform_non_af_012,0,Logistic Regression,0.9996995704790158,1
mimic_perform_non_af_012,0,Logistic Regression,0.9993999058123972,1
mimic_perform_non_af_012,0,Logistic Regression,0.999937840216379,1
mimic_perform_non_af_012,0,Logistic Regression,0.9995231688868146,1
mimic_perform_non_af_012,0,Logistic Regression,0.9961647670606993,1
mimic_perform_non_af_012,0,Logistic Regression,0.9996241661458631,1
mimic_perform_non_af_012,0,Logistic Regression,0.9984827696629458,1
mimic_perform_non_af_012,0,Logistic Regression,0.9982709518254353,1
mimic_perform_non_af_012,0,Logistic Regression,0.9993240048536856,1
mimic_perform_non_af_012,0,Logistic Regression,0.9814522849059828,1
mimic_perform_non_af_012,0,Logistic Regression,0.9946819714452434,1
mimic_perform_non_af_012,0,Logistic Regression,0.9823778283201017,1
mimic_perform_non_af_012,0,Logistic Regression,0.9670619055321527,1
mimic_perform_non_af_012,0,Logistic Regression,0.9916246365034016,1
mimic_perform_non_af_012,0,Logistic Regression,0.9952639689722184,1
mimic_perform_non_af_012,0,Logistic Regression,0.9976049702858096,1
mimic_perform_non_af_012,0,Logistic Regression,0.9951537587098677,1
mimic_perform_non_af_012,0,Logistic Regression,0.9978934920712701,1
mimic_perform_non_af_012,0,Logistic Regression,0.9885290193160364,1
mimic_perform_non_af_012,0,Logistic Regression,0.9928567002989129,1
mimic_perform_non_af_012,0,Logistic Regression,0.9649799018481678,1
mimic_perform_non_af_012,0,Logistic Regression,0.9926627786673233,1
mimic_perform_non_af_012,0,Logistic Regression,0.9760860435540818,1
mimic_perform_non_af_012,0,Logistic Regression,0.9917632747319466,1
mimic_perform_non_af_012,0,Logistic Regression,0.9976981867661459,1
mimic_perform_non_af_012,0,Logistic Regression,0.9857020623152443,1
mimic_perform_non_af_012,0,Logistic Regression,0.9972227617691547,1
mimic_perform_non_af_012,0,Logistic Regression,0.9983491277640291,1
mimic_perform_non_af_012,0,Logistic Regression,0.9875263833052061,1
mimic_perform_non_af_012,0,Logistic Regression,0.9484812682139534,1
mimic_perform_non_af_012,0,Logistic Regression,0.9868781965973213,1
mimic_perform_non_af_012,0,Logistic Regression,0.9937314738918547,1
mimic_perform_non_af_012,0,Logistic Regression,0.9962067428935072,1
mimic_perform_non_af_012,0,Logistic Regression,0.9980316986623387,1
mimic_perform_non_af_012,0,Logistic Regression,0.9997745639077733,1
mimic_perform_non_af_012,0,Logistic Regression,0.99885347281681,1
mimic_perform_non_af_012,0,Logistic Regression,0.9993296036843111,1
mimic_perform_non_af_012,0,Logistic Regression,0.9991464883762751,1
mimic_perform_non_af_012,0,Logistic Regression,0.99892010027518,1
mimic_perform_non_af_012,0,Logistic Regression,0.9991033487658231,1
mimic_perform_non_af_012,0,Logistic Regression,0.9994854779299662,1
mimic_perform_non_af_012,0,Logistic Regression,0.9997148498687867,1
mimic_perform_non_af_012,0,Logistic Regression,0.9998628168690595,1
mimic_perform_non_af_012,0,Logistic Regression,0.9996075266602152,1
mimic_perform_non_af_012,0,Logistic Regression,0.9992293906279721,1
mimic_perform_non_af_012,0,Logistic Regression,0.9999701328329446,1
mimic_perform_non_af_012,0,Logistic Regression,0.9997797676996841,1
mimic_perform_non_af_012,0,Logistic Regression,0.9996712682993727,1
mimic_perform_non_af_012,0,Logistic Regression,0.9984920510016464,1
mimic_perform_non_af_012,0,Logistic Regression,0.9978788306770318,1
mimic_perform_non_af_012,0,Logistic Regression,0.9952669799408954,1
mimic_perform_non_af_012,0,Logistic Regression,0.9983853183389882,1
mimic_perform_non_af_012,0,Logistic Regression,0.9999984130940297,1
mimic_perform_non_af_012,0,Logistic Regression,0.9997434053506631,1
mimic_perform_non_af_012,0,Logistic Regression,0.9999646858205191,1
mimic_perform_non_af_012,0,Logistic Regression,0.9998197002965657,1
mimic_perform_non_af_012,0,Logistic Regression,0.9987364152449861,1
mimic_perform_non_af_012,0,Logistic Regression,0.9994846142291659,1
mimic_perform_non_af_012,0,Logistic Regression,0.9590347586669833,1
mimic_perform_non_af_012,0,Logistic Regression,0.9863106116496375,1
mimic_perform_non_af_012,0,Logistic Regression,0.9980202431916764,1
mimic_perform_non_af_012,0,Logistic Regression,0.9931594923868257,1
mimic_perform_non_af_012,0,Logistic Regression,0.9887177111385911,1
mimic_perform_non_af_012,0,Logistic Regression,0.9951258902725886,1
mimic_perform_non_af_012,0,Logistic Regression,0.9977297853974653,1
mimic_perform_non_af_012,0,Logistic Regression,0.9987001481458676,1
mimic_perform_non_af_012,0,Logistic Regression,0.9973676544097234,1
mimic_perform_non_af_012,0,Logistic Regression,0.9739585555627319,1
mimic_perform_non_af_012,0,Logistic Regression,0.9947564854043288,1
mimic_perform_non_af_012,0,Logistic Regression,0.9974190119939357,1
mimic_perform_non_af_012,0,Logistic Regression,0.9858303251584384,1
mimic_perform_non_af_012,0,Logistic Regression,0.9433411897724422,1
mimic_perform_non_af_013,0,Logistic Regression,0.026660481915998534,0
mimic_perform_non_af_013,0,Logistic Regression,0.026218603983280173,0
mimic_perform_non_af_013,0,Logistic Regression,0.01130040980014261,0
mimic_perform_non_af_013,0,Logistic Regression,0.037930075567793715,0
mimic_perform_non_af_013,0,Logistic Regression,0.011662955729972958,0
mimic_perform_non_af_013,0,Logistic Regression,0.016884242439235628,0
mimic_perform_non_af_013,0,Logistic Regression,0.011430491308188746,0
mimic_perform_non_af_013,0,Logistic Regression,0.016535319440286442,0
mimic_perform_non_af_013,0,Logistic Regression,0.018647024244266754,0
mimic_perform_non_af_013,0,Logistic Regression,0.010143683289507602,0
mimic_perform_non_af_013,0,Logistic Regression,0.010337117389281752,0
mimic_perform_non_af_013,0,Logistic Regression,0.007316600377394093,0
mimic_perform_non_af_013,0,Logistic Regression,0.01169015315473521,0
mimic_perform_non_af_013,0,Logistic Regression,0.013557763007284384,0
mimic_perform_non_af_013,0,Logistic Regression,0.051473367391282394,0
mimic_perform_non_af_013,0,Logistic Regression,0.0367734488232672,0
mimic_perform_non_af_013,0,Logistic Regression,0.03297089701934397,0
mimic_perform_non_af_013,0,Logistic Regression,0.014708660240308093,0
mimic_perform_non_af_013,0,Logistic Regression,0.012539250748009165,0
mimic_perform_non_af_013,0,Logistic Regression,0.01155009994665725,0
mimic_perform_non_af_013,0,Logistic Regression,0.009833855750714068,0
mimic_perform_non_af_013,0,Logistic Regression,0.014165359061319044,0
mimic_perform_non_af_013,0,Logistic Regression,0.011786906109635696,0
mimic_perform_non_af_013,0,Logistic Regression,0.016218017000014916,0
mimic_perform_non_af_013,0,Logistic Regression,0.01166202160884234,0
mimic_perform_non_af_013,0,Logistic Regression,0.01941187684965309,0
mimic_perform_non_af_013,0,Logistic Regression,0.025495536150810266,0
mimic_perform_non_af_013,0,Logistic Regression,0.025291795482796715,0
mimic_perform_non_af_013,0,Logistic Regression,0.019178376749477404,0
mimic_perform_non_af_013,0,Logistic Regression,0.00925879019959716,0
mimic_perform_non_af_013,0,Logistic Regression,0.004680377339411354,0
mimic_perform_non_af_013,0,Logistic Regression,0.007981342024786802,0
mimic_perform_non_af_013,0,Logistic Regression,0.0037759181659332976,0
mimic_perform_non_af_013,0,Logistic Regression,0.020692139452591733,0
mimic_perform_non_af_013,0,Logistic Regression,0.01960516350411204,0
mimic_perform_non_af_013,0,Logistic Regression,0.011128558705794924,0
mimic_perform_non_af_013,0,Logistic Regression,0.010408808369326832,0
mimic_perform_non_af_013,0,Logistic Regression,0.02809030159525341,0
mimic_perform_non_af_013,0,Logistic Regression,0.018923901225759824,0
mimic_perform_non_af_013,0,Logistic Regression,0.024275649494529688,0
mimic_perform_non_af_013,0,Logistic Regression,0.016409044747295057,0
mimic_perform_non_af_013,0,Logistic Regression,0.0269179595280612,0
mimic_perform_non_af_013,0,Logistic Regression,0.03409996111129719,0
mimic_perform_non_af_013,0,Logistic Regression,0.05052628955536912,0
mimic_perform_non_af_013,0,Logistic Regression,0.015975621622649136,0
mimic_perform_non_af_013,0,Logistic Regression,0.012834628708378032,0
mimic_perform_non_af_013,0,Logistic Regression,0.011471287093206233,0
mimic_perform_non_af_013,0,Logistic Regression,0.01119776035934666,0
mimic_perform_non_af_013,0,Logistic Regression,0.01511487745686618,0
mimic_perform_non_af_013,0,Logistic Regression,0.0217973204276214,0
mimic_perform_non_af_013,0,Logistic Regression,0.01448713579578228,0
mimic_perform_non_af_013,0,Logistic Regression,0.016495490805809896,0
mimic_perform_non_af_013,0,Logistic Regression,0.02124283334313297,0
mimic_perform_non_af_013,0,Logistic Regression,0.016338495536970497,0
mimic_perform_non_af_013,0,Logistic Regression,0.018549687542141684,0
mimic_perform_non_af_013,0,Logistic Regression,0.011300064780162794,0
mimic_perform_non_af_013,0,Logistic Regression,0.016971962366417855,0
mimic_perform_non_af_013,0,Logistic Regression,0.01538225909593117,0
mimic_perform_non_af_013,0,Logistic Regression,0.01543978565505459,0
mimic_perform_non_af_013,0,Logistic Regression,0.012570578957722898,0
mimic_perform_non_af_013,0,Logistic Regression,0.020078288615703554,0
mimic_perform_non_af_013,0,Logistic Regression,0.010154613518202512,0
mimic_perform_non_af_013,0,Logistic Regression,0.018876326230157715,0
mimic_perform_non_af_013,0,Logistic Regression,0.01214221617641049,0
mimic_perform_non_af_013,0,Logistic Regression,0.008465894525792573,0
mimic_perform_non_af_013,0,Logistic Regression,0.014290322128693616,0
mimic_perform_non_af_013,0,Logistic Regression,0.009643247430034167,0
mimic_perform_non_af_013,0,Logistic Regression,0.01532491920065931,0
mimic_perform_non_af_013,0,Logistic Regression,0.013653331704477295,0
mimic_perform_non_af_013,0,Logistic Regression,0.010677069495713348,0
mimic_perform_non_af_013,0,Logistic Regression,0.023749364081284974,0
mimic_perform_non_af_013,0,Logistic Regression,0.01235110953904994,0
mimic_perform_non_af_013,0,Logistic Regression,0.023640290437344315,0
mimic_perform_non_af_013,0,Logistic Regression,0.010985305106463216,0
mimic_perform_non_af_013,0,Logistic Regression,0.010876515394552755,0
mimic_perform_non_af_013,0,Logistic Regression,0.010652621705926445,0
mimic_perform_non_af_013,0,Logistic Regression,0.018258935773815595,0
mimic_perform_non_af_013,0,Logistic Regression,0.010535826882775361,0
mimic_perform_non_af_013,0,Logistic Regression,0.03438945611768503,0
mimic_perform_non_af_013,0,Logistic Regression,0.016941792091521655,0
mimic_perform_non_af_013,0,Logistic Regression,0.021132118972968517,0
mimic_perform_non_af_013,0,Logistic Regression,0.01496650642571129,0
mimic_perform_non_af_013,0,Logistic Regression,0.011744905704268319,0
mimic_perform_non_af_013,0,Logistic Regression,0.034052928597230206,0
mimic_perform_non_af_013,0,Logistic Regression,0.009734793588106732,0
mimic_perform_non_af_013,0,Logistic Regression,0.01557201395718243,0
mimic_perform_non_af_013,0,Logistic Regression,0.013268425121953647,0
mimic_perform_non_af_013,0,Logistic Regression,0.01261964326223688,0
mimic_perform_non_af_013,0,Logistic Regression,0.016282411932614354,0
mimic_perform_non_af_013,0,Logistic Regression,0.014814336220832001,0
mimic_perform_non_af_013,0,Logistic Regression,0.015857203760024155,0
mimic_perform_non_af_013,0,Logistic Regression,0.014466774488160123,0
mimic_perform_non_af_013,0,Logistic Regression,0.018112693662203645,0
mimic_perform_non_af_013,0,Logistic Regression,0.02925982673878529,0
mimic_perform_non_af_013,0,Logistic Regression,0.025606020313198308,0
mimic_perform_non_af_013,0,Logistic Regression,0.026895136343383207,0
mimic_perform_non_af_013,0,Logistic Regression,0.009769872124819898,0
mimic_perform_non_af_013,0,Logistic Regression,0.013062552516011393,0
mimic_perform_non_af_013,0,Logistic Regression,0.03073727505747017,0
mimic_perform_non_af_013,0,Logistic Regression,0.027615036662672853,0
mimic_perform_non_af_013,0,Logistic Regression,0.037245571123936276,0
mimic_perform_non_af_013,0,Logistic Regression,0.04033719613878045,0
mimic_perform_non_af_013,0,Logistic Regression,0.025919760505967306,0
mimic_perform_non_af_013,0,Logistic Regression,0.052373490390975705,0
mimic_perform_non_af_013,0,Logistic Regression,0.02899248748320129,0
mimic_perform_non_af_013,0,Logistic Regression,0.017155353005171355,0
mimic_perform_non_af_013,0,Logistic Regression,0.014949576974568533,0
mimic_perform_non_af_013,0,Logistic Regression,0.005498636204282036,0
mimic_perform_non_af_013,0,Logistic Regression,0.011017711847983634,0
mimic_perform_non_af_013,0,Logistic Regression,0.010948783607038921,0
mimic_perform_non_af_013,0,Logistic Regression,0.015431465756713175,0
mimic_perform_non_af_013,0,Logistic Regression,0.02889788607247094,0
mimic_perform_non_af_013,0,Logistic Regression,0.017640540719330154,0
mimic_perform_non_af_013,0,Logistic Regression,0.009886800001201413,0
mimic_perform_non_af_013,0,Logistic Regression,0.010754631420991048,0
mimic_perform_non_af_013,0,Logistic Regression,0.026770331566611526,0
mimic_perform_non_af_013,0,Logistic Regression,0.012415960290393468,0
mimic_perform_non_af_013,0,Logistic Regression,0.024101907125016957,0
mimic_perform_non_af_014,0,Logistic Regression,0.9996345907285785,1
mimic_perform_non_af_014,0,Logistic Regression,0.9998773326547953,1
mimic_perform_non_af_014,0,Logistic Regression,0.9999030974983796,1
mimic_perform_non_af_014,0,Logistic Regression,0.9999321224919911,1
mimic_perform_non_af_014,0,Logistic Regression,0.9997755775524356,1
mimic_perform_non_af_014,0,Logistic Regression,0.9999328683585181,1
mimic_perform_non_af_014,0,Logistic Regression,0.9999818286377352,1
mimic_perform_non_af_014,0,Logistic Regression,0.9999470747954055,1
mimic_perform_non_af_014,0,Logistic Regression,0.9998862334164188,1
mimic_perform_non_af_014,0,Logistic Regression,0.9988449340881337,1
mimic_perform_non_af_014,0,Logistic Regression,0.9929488868622188,1
mimic_perform_non_af_014,0,Logistic Regression,0.9995124268210879,1
mimic_perform_non_af_014,0,Logistic Regression,0.9983892424070935,1
mimic_perform_non_af_014,0,Logistic Regression,0.9992269844413127,1
mimic_perform_non_af_014,0,Logistic Regression,0.9988675088284237,1
mimic_perform_non_af_014,0,Logistic Regression,0.9998332484036245,1
mimic_perform_non_af_014,0,Logistic Regression,0.9993851152074933,1
mimic_perform_non_af_014,0,Logistic Regression,0.9998013950489102,1
mimic_perform_non_af_014,0,Logistic Regression,0.9987918078486329,1
mimic_perform_non_af_014,0,Logistic Regression,0.9975541324924104,1
mimic_perform_non_af_014,0,Logistic Regression,0.9960908368463218,1
mimic_perform_non_af_014,0,Logistic Regression,0.9975409264591122,1
mimic_perform_non_af_014,0,Logistic Regression,0.9998665502159411,1
mimic_perform_non_af_014,0,Logistic Regression,0.9999041235720971,1
mimic_perform_non_af_014,0,Logistic Regression,0.9999236263903282,1
mimic_perform_non_af_014,0,Logistic Regression,0.9996336319319973,1
mimic_perform_non_af_014,0,Logistic Regression,0.9999613971850225,1
mimic_perform_non_af_014,0,Logistic Regression,0.9999840327236315,1
mimic_perform_non_af_014,0,Logistic Regression,0.999949798323631,1
mimic_perform_non_af_014,0,Logistic Regression,0.999847659846385,1
mimic_perform_non_af_014,0,Logistic Regression,0.9994132119371044,1
mimic_perform_non_af_014,0,Logistic Regression,0.9999846108483994,1
mimic_perform_non_af_014,0,Logistic Regression,0.9999272147750027,1
mimic_perform_non_af_014,0,Logistic Regression,0.9999813952913713,1
mimic_perform_non_af_014,0,Logistic Regression,0.9999707989463354,1
mimic_perform_non_af_014,0,Logistic Regression,0.9999520066909222,1
mimic_perform_non_af_014,0,Logistic Regression,0.9999765060478373,1
mimic_perform_non_af_014,0,Logistic Regression,0.9999963031976573,1
mimic_perform_non_af_014,0,Logistic Regression,0.9999869523307584,1
mimic_perform_non_af_014,0,Logistic Regression,0.9997867293872463,1
mimic_perform_non_af_014,0,Logistic Regression,0.9999840402093122,1
mimic_perform_non_af_014,0,Logistic Regression,0.999989543706217,1
mimic_perform_non_af_014,0,Logistic Regression,0.9999985256250874,1
mimic_perform_non_af_014,0,Logistic Regression,0.9999875213041808,1
mimic_perform_non_af_014,0,Logistic Regression,0.9999901765866173,1
mimic_perform_non_af_014,0,Logistic Regression,0.9999918875016538,1
mimic_perform_non_af_014,0,Logistic Regression,0.9999958201724609,1
mimic_perform_non_af_014,0,Logistic Regression,0.9999908063835549,1
mimic_perform_non_af_014,0,Logistic Regression,0.9998090017895882,1
mimic_perform_non_af_014,0,Logistic Regression,0.9995850701869758,1
mimic_perform_non_af_014,0,Logistic Regression,0.9996486577336459,1
mimic_perform_non_af_014,0,Logistic Regression,0.9998267063126292,1
mimic_perform_non_af_014,0,Logistic Regression,0.9991509437716057,1
mimic_perform_non_af_014,0,Logistic Regression,0.9899057805699014,1
mimic_perform_non_af_014,0,Logistic Regression,0.9952944697338316,1
mimic_perform_non_af_014,0,Logistic Regression,0.9997911336111432,1
mimic_perform_non_af_014,0,Logistic Regression,0.9999049121884948,1
mimic_perform_non_af_014,0,Logistic Regression,0.9995518522177177,1
mimic_perform_non_af_014,0,Logistic Regression,0.9999717918594474,1
mimic_perform_non_af_014,0,Logistic Regression,0.999993421032187,1
mimic_perform_non_af_014,0,Logistic Regression,0.9999977797347912,1
mimic_perform_non_af_014,0,Logistic Regression,0.9999714796766868,1
mimic_perform_non_af_014,0,Logistic Regression,0.9999534451947939,1
mimic_perform_non_af_014,0,Logistic Regression,0.9994907340904456,1
mimic_perform_non_af_014,0,Logistic Regression,0.9995280144293447,1
mimic_perform_non_af_014,0,Logistic Regression,0.9999253051307166,1
mimic_perform_non_af_014,0,Logistic Regression,0.999980328575239,1
mimic_perform_non_af_014,0,Logistic Regression,0.9998725847182397,1
mimic_perform_non_af_014,0,Logistic Regression,0.9999859093560975,1
mimic_perform_non_af_014,0,Logistic Regression,0.9999973288236708,1
mimic_perform_non_af_014,0,Logistic Regression,0.9999981225669281,1
mimic_perform_non_af_014,0,Logistic Regression,0.9999748123887594,1
mimic_perform_non_af_014,0,Logistic Regression,0.9998547879198549,1
mimic_perform_non_af_014,0,Logistic Regression,0.9989350933411658,1
mimic_perform_non_af_014,0,Logistic Regression,0.9994080096879843,1
mimic_perform_non_af_014,0,Logistic Regression,0.9998517578095738,1
mimic_perform_non_af_014,0,Logistic Regression,0.9999567458816764,1
mimic_perform_non_af_014,0,Logistic Regression,0.9992760121926635,1
mimic_perform_non_af_014,0,Logistic Regression,0.9997417127502581,1
mimic_perform_non_af_014,0,Logistic Regression,0.9997324224569195,1
mimic_perform_non_af_014,0,Logistic Regression,0.999989160116323,1
mimic_perform_non_af_014,0,Logistic Regression,0.9999859270813831,1
mimic_perform_non_af_014,0,Logistic Regression,0.9999909558960205,1
mimic_perform_non_af_014,0,Logistic Regression,0.999994822278775,1
mimic_perform_non_af_014,0,Logistic Regression,0.999676518453002,1
mimic_perform_non_af_014,0,Logistic Regression,0.9976863383963841,1
mimic_perform_non_af_014,0,Logistic Regression,0.9848857178358188,1
mimic_perform_non_af_014,0,Logistic Regression,0.9998106441048472,1
mimic_perform_non_af_014,0,Logistic Regression,0.9999414401337237,1
mimic_perform_non_af_014,0,Logistic Regression,0.9999282026406826,1
mimic_perform_non_af_014,0,Logistic Regression,0.9999745329400855,1
mimic_perform_non_af_014,0,Logistic Regression,0.9999428505470775,1
mimic_perform_non_af_014,0,Logistic Regression,0.9998160474362149,1
mimic_perform_non_af_014,0,Logistic Regression,0.9999195115661943,1
mimic_perform_non_af_014,0,Logistic Regression,0.9999068841660433,1
mimic_perform_non_af_014,0,Logistic Regression,0.9995964425734526,1
mimic_perform_non_af_014,0,Logistic Regression,0.9999812597946675,1
mimic_perform_non_af_014,0,Logistic Regression,0.9999584241840174,1
mimic_perform_non_af_014,0,Logistic Regression,0.9999627977011386,1
mimic_perform_non_af_014,0,Logistic Regression,0.9999676905037537,1
mimic_perform_non_af_014,0,Logistic Regression,0.9999026085156768,1
mimic_perform_non_af_014,0,Logistic Regression,0.9998094732072628,1
mimic_perform_non_af_014,0,Logistic Regression,0.9990344661908857,1
mimic_perform_non_af_014,0,Logistic Regression,0.9999880418528824,1
mimic_perform_non_af_014,0,Logistic Regression,0.9999995242163301,1
mimic_perform_non_af_014,0,Logistic Regression,0.9999987516319083,1
mimic_perform_non_af_014,0,Logistic Regression,0.9999911311358399,1
mimic_perform_non_af_014,0,Logistic Regression,0.9999546824990964,1
mimic_perform_non_af_014,0,Logistic Regression,0.999965813528118,1
mimic_perform_non_af_014,0,Logistic Regression,0.9997814915775466,1
mimic_perform_non_af_014,0,Logistic Regression,0.9999691029330325,1
mimic_perform_non_af_014,0,Logistic Regression,0.9999383498196057,1
mimic_perform_non_af_014,0,Logistic Regression,0.9998669951863147,1
mimic_perform_non_af_014,0,Logistic Regression,0.9997972391559683,1
mimic_perform_non_af_014,0,Logistic Regression,0.9999036851819243,1
mimic_perform_non_af_014,0,Logistic Regression,0.9999826295119796,1
mimic_perform_non_af_014,0,Logistic Regression,0.9999389519151776,1
mimic_perform_non_af_014,0,Logistic Regression,0.9999965871608237,1
mimic_perform_non_af_015,0,Logistic Regression,0.15660980861908036,0
mimic_perform_non_af_015,0,Logistic Regression,0.45632487417965023,0
mimic_perform_non_af_015,0,Logistic Regression,0.13154478745262949,0
mimic_perform_non_af_015,0,Logistic Regression,0.035196550195424725,0
mimic_perform_non_af_015,0,Logistic Regression,0.022260455504384723,0
mimic_perform_non_af_015,0,Logistic Regression,0.297350928154478,0
mimic_perform_non_af_015,0,Logistic Regression,0.5319261981001007,1
mimic_perform_non_af_015,0,Logistic Regression,0.6492507252401382,1
mimic_perform_non_af_015,0,Logistic Regression,0.09135421555963213,0
mimic_perform_non_af_015,0,Logistic Regression,0.1295482311791436,0
mimic_perform_non_af_015,0,Logistic Regression,0.08868411393769875,0
mimic_perform_non_af_015,0,Logistic Regression,0.052522510948091086,0
mimic_perform_non_af_015,0,Logistic Regression,0.053701775619228544,0
mimic_perform_non_af_015,0,Logistic Regression,0.057074786507545085,0
mimic_perform_non_af_015,0,Logistic Regression,0.06927540923659227,0
mimic_perform_non_af_015,0,Logistic Regression,0.0354546369057914,0
mimic_perform_non_af_015,0,Logistic Regression,0.010509289862240515,0
mimic_perform_non_af_015,0,Logistic Regression,0.012613538773434433,0
mimic_perform_non_af_015,0,Logistic Regression,0.12158425290631651,0
mimic_perform_non_af_015,0,Logistic Regression,0.20864598574375448,0
mimic_perform_non_af_015,0,Logistic Regression,0.28891103521223577,0
mimic_perform_non_af_015,0,Logistic Regression,0.13707572771272178,0
mimic_perform_non_af_015,0,Logistic Regression,0.25823175560640027,0
mimic_perform_non_af_015,0,Logistic Regression,0.2518261281917884,0
mimic_perform_non_af_015,0,Logistic Regression,0.11778996473348305,0
mimic_perform_non_af_015,0,Logistic Regression,0.027353616132746363,0
mimic_perform_non_af_015,0,Logistic Regression,0.02134637498588271,0
mimic_perform_non_af_015,0,Logistic Regression,0.018178120119176296,0
mimic_perform_non_af_015,0,Logistic Regression,0.09247840466721816,0
mimic_perform_non_af_015,0,Logistic Regression,0.1052232329591576,0
mimic_perform_non_af_015,0,Logistic Regression,0.039497304923068716,0
mimic_perform_non_af_015,0,Logistic Regression,0.00511888111257726,0
mimic_perform_non_af_015,0,Logistic Regression,0.009531194907500345,0
mimic_perform_non_af_015,0,Logistic Regression,0.013898531583232359,0
mimic_perform_non_af_015,0,Logistic Regression,0.006218497213818064,0
mimic_perform_non_af_015,0,Logistic Regression,0.004055733158455128,0
mimic_perform_non_af_015,0,Logistic Regression,0.0023471825721917395,0
mimic_perform_non_af_015,0,Logistic Regression,0.011260785165857382,0
mimic_perform_non_af_015,0,Logistic Regression,0.009945101224294057,0
mimic_perform_non_af_015,0,Logistic Regression,0.015165051853969201,0
mimic_perform_non_af_015,0,Logistic Regression,0.009097009606080859,0
mimic_perform_non_af_015,0,Logistic Regression,0.0054566874420911545,0
mimic_perform_non_af_015,0,Logistic Regression,0.006544059322452222,0
mimic_perform_non_af_015,0,Logistic Regression,0.0072254627399769775,0
mimic_perform_non_af_015,0,Logistic Regression,0.01119430483295929,0
mimic_perform_non_af_015,0,Logistic Regression,0.014514911300326233,0
mimic_perform_non_af_015,0,Logistic Regression,0.014536446872545778,0
mimic_perform_non_af_015,0,Logistic Regression,0.009297815253253853,0
mimic_perform_non_af_015,0,Logistic Regression,0.01743501827496872,0
mimic_perform_non_af_015,0,Logistic Regression,0.018031992970497034,0
mimic_perform_non_af_015,0,Logistic Regression,0.029324070518800135,0
mimic_perform_non_af_015,0,Logistic Regression,0.012958893161931042,0
mimic_perform_non_af_015,0,Logistic Regression,0.010499374309998937,0
mimic_perform_non_af_015,0,Logistic Regression,0.021697336877918257,0
mimic_perform_non_af_015,0,Logistic Regression,0.019927851693387528,0
mimic_perform_non_af_015,0,Logistic Regression,0.03867701290984297,0
mimic_perform_non_af_015,0,Logistic Regression,0.008822416596317302,0
mimic_perform_non_af_015,0,Logistic Regression,0.010392525341638743,0
mimic_perform_non_af_015,0,Logistic Regression,0.0043600217552783775,0
mimic_perform_non_af_015,0,Logistic Regression,0.018872567074991253,0
mimic_perform_non_af_015,0,Logistic Regression,0.34543982152843977,0
mimic_perform_non_af_015,0,Logistic Regression,0.8422983854810865,1
mimic_perform_non_af_015,0,Logistic Regression,0.40993865464470775,0
mimic_perform_non_af_015,0,Logistic Regression,0.06551685884353947,0
mimic_perform_non_af_015,0,Logistic Regression,0.009481281903657187,0
mimic_perform_non_af_015,0,Logistic Regression,0.027780403978526772,0
mimic_perform_non_af_015,0,Logistic Regression,0.01899411545161814,0
mimic_perform_non_af_015,0,Logistic Regression,0.008401981525275952,0
mimic_perform_non_af_015,0,Logistic Regression,0.008583213670632358,0
mimic_perform_non_af_015,0,Logistic Regression,0.005415826242892158,0
mimic_perform_non_af_015,0,Logistic Regression,0.004040552383547877,0
mimic_perform_non_af_015,0,Logistic Regression,0.0019931478780030863,0
mimic_perform_non_af_015,0,Logistic Regression,0.0032293398089826664,0
mimic_perform_non_af_015,0,Logistic Regression,0.004637834494759197,0
mimic_perform_non_af_015,0,Logistic Regression,0.006173202505213826,0
mimic_perform_non_af_015,0,Logistic Regression,0.002844831639340479,0
mimic_perform_non_af_015,0,Logistic Regression,0.005655888559538586,0
mimic_perform_non_af_015,0,Logistic Regression,0.005761686275641609,0
mimic_perform_non_af_015,0,Logistic Regression,0.01642156993126947,0
mimic_perform_non_af_015,0,Logistic Regression,0.060109353530578565,0
mimic_perform_non_af_015,0,Logistic Regression,0.027624663015064287,0
mimic_perform_non_af_015,0,Logistic Regression,0.012386198291808863,0
mimic_perform_non_af_015,0,Logistic Regression,0.003500969837114254,0
mimic_perform_non_af_015,0,Logistic Regression,0.005559053819260981,0
mimic_perform_non_af_015,0,Logistic Regression,0.007070778211878116,0
mimic_perform_non_af_015,0,Logistic Regression,0.023176333482854104,0
mimic_perform_non_af_015,0,Logistic Regression,0.02389376668037409,0
mimic_perform_non_af_015,0,Logistic Regression,0.02466912981798845,0
mimic_perform_non_af_015,0,Logistic Regression,0.0565603775798468,0
mimic_perform_non_af_015,0,Logistic Regression,0.014157456623678833,0
mimic_perform_non_af_015,0,Logistic Regression,0.07856695033192197,0
mimic_perform_non_af_015,0,Logistic Regression,0.23175716169336333,0
mimic_perform_non_af_015,0,Logistic Regression,0.20586615451920146,0
mimic_perform_non_af_015,0,Logistic Regression,0.03244456545335494,0
mimic_perform_non_af_015,0,Logistic Regression,0.004797558423517848,0
mimic_perform_non_af_015,0,Logistic Regression,0.0070466095358206055,0
mimic_perform_non_af_015,0,Logistic Regression,0.032825196252493985,0
mimic_perform_non_af_015,0,Logistic Regression,0.07275881212540371,0
mimic_perform_non_af_015,0,Logistic Regression,0.06587418200904385,0
mimic_perform_non_af_015,0,Logistic Regression,0.023134103881654294,0
mimic_perform_non_af_015,0,Logistic Regression,0.07158738804912644,0
mimic_perform_non_af_015,0,Logistic Regression,0.059372561279370614,0
mimic_perform_non_af_015,0,Logistic Regression,0.30378034249050084,0
mimic_perform_non_af_015,0,Logistic Regression,0.27142536752433305,0
mimic_perform_non_af_015,0,Logistic Regression,0.3454042893603058,0
mimic_perform_non_af_015,0,Logistic Regression,0.06034429480077869,0
mimic_perform_non_af_015,0,Logistic Regression,0.00822993137329138,0
mimic_perform_non_af_015,0,Logistic Regression,0.0028855268987804756,0
mimic_perform_non_af_015,0,Logistic Regression,0.0029624624607830813,0
mimic_perform_non_af_015,0,Logistic Regression,0.012865136350987674,0
mimic_perform_non_af_015,0,Logistic Regression,0.052383170609349515,0
mimic_perform_non_af_015,0,Logistic Regression,0.06393163663465719,0
mimic_perform_non_af_015,0,Logistic Regression,0.034063196695201255,0
mimic_perform_non_af_015,0,Logistic Regression,0.036223408057927654,0
mimic_perform_non_af_015,0,Logistic Regression,0.012474948268570756,0
mimic_perform_non_af_015,0,Logistic Regression,0.16053837580754263,0
mimic_perform_non_af_015,0,Logistic Regression,0.15488697774828752,0
mimic_perform_non_af_015,0,Logistic Regression,0.0681751280119117,0
mimic_perform_non_af_016,0,Logistic Regression,0.020438608866240663,0
mimic_perform_non_af_016,0,Logistic Regression,0.02394678875160084,0
mimic_perform_non_af_016,0,Logistic Regression,0.010292316956946703,0
mimic_perform_non_af_016,0,Logistic Regression,0.036327243463296834,0
mimic_perform_non_af_016,0,Logistic Regression,0.05390948856612986,0
mimic_perform_non_af_016,0,Logistic Regression,0.13539767783710144,0
mimic_perform_non_af_016,0,Logistic Regression,0.40406025329049494,0
mimic_perform_non_af_016,0,Logistic Regression,0.5032919394892579,1
mimic_perform_non_af_016,0,Logistic Regression,0.28984941343204806,0
mimic_perform_non_af_016,0,Logistic Regression,0.08196304862342113,0
mimic_perform_non_af_016,0,Logistic Regression,0.029278959025715274,0
mimic_perform_non_af_016,0,Logistic Regression,0.07357476369840314,0
mimic_perform_non_af_016,0,Logistic Regression,0.21423536544116123,0
mimic_perform_non_af_016,0,Logistic Regression,0.19168872037808554,0
mimic_perform_non_af_016,0,Logistic Regression,0.057544990250022104,0
mimic_perform_non_af_016,0,Logistic Regression,0.019264974782055116,0
mimic_perform_non_af_016,0,Logistic Regression,0.014656596012424684,0
mimic_perform_non_af_016,0,Logistic Regression,0.00808127796706378,0
mimic_perform_non_af_016,0,Logistic Regression,0.017064502008349705,0
mimic_perform_non_af_016,0,Logistic Regression,0.01416908534721754,0
mimic_perform_non_af_016,0,Logistic Regression,0.010299885753698501,0
mimic_perform_non_af_016,0,Logistic Regression,0.011529049884251116,0
mimic_perform_non_af_016,0,Logistic Regression,0.011923228237616938,0
mimic_perform_non_af_016,0,Logistic Regression,0.013871096500933048,0
mimic_perform_non_af_016,0,Logistic Regression,0.019269647144696738,0
mimic_perform_non_af_016,0,Logistic Regression,0.004072020342112598,0
mimic_perform_non_af_016,0,Logistic Regression,0.006322744664265147,0
mimic_perform_non_af_016,0,Logistic Regression,0.022273542528075736,0
mimic_perform_non_af_016,0,Logistic Regression,0.014606033078670401,0
mimic_perform_non_af_016,0,Logistic Regression,0.035201803653389756,0
mimic_perform_non_af_016,0,Logistic Regression,0.06542319527595276,0
mimic_perform_non_af_016,0,Logistic Regression,0.15544723996668922,0
mimic_perform_non_af_016,0,Logistic Regression,0.08840086872838285,0
mimic_perform_non_af_016,0,Logistic Regression,0.05254242175996591,0
mimic_perform_non_af_016,0,Logistic Regression,0.0471046320062442,0
mimic_perform_non_af_016,0,Logistic Regression,0.0024589111569915524,0
mimic_perform_non_af_016,0,Logistic Regression,0.014805318988061296,0
mimic_perform_non_af_016,0,Logistic Regression,0.02684356668868395,0
mimic_perform_non_af_016,0,Logistic Regression,0.037896830605766006,0
mimic_perform_non_af_016,0,Logistic Regression,0.04277884379041694,0
mimic_perform_non_af_016,0,Logistic Regression,0.015758432349213647,0
mimic_perform_non_af_016,0,Logistic Regression,0.016210014379885118,0
mimic_perform_non_af_016,0,Logistic Regression,0.007769108345039248,0
mimic_perform_non_af_016,0,Logistic Regression,0.0077852149734075485,0
mimic_perform_non_af_016,0,Logistic Regression,0.07841581414809688,0
mimic_perform_non_af_016,0,Logistic Regression,0.21902256820212831,0
mimic_perform_non_af_016,0,Logistic Regression,0.4259170933231581,0
mimic_perform_non_af_016,0,Logistic Regression,0.09862996762178426,0
mimic_perform_non_af_016,0,Logistic Regression,0.06531978753971049,0
mimic_perform_non_af_016,0,Logistic Regression,0.008255924373672357,0
mimic_perform_non_af_016,0,Logistic Regression,0.007936903631228752,0
mimic_perform_non_af_016,0,Logistic Regression,0.00924021299091903,0
mimic_perform_non_af_016,0,Logistic Regression,0.019720967065716292,0
mimic_perform_non_af_016,0,Logistic Regression,0.01368448202271053,0
mimic_perform_non_af_016,0,Logistic Regression,0.014542637362354437,0
mimic_perform_non_af_016,0,Logistic Regression,0.016091775996155272,0
mimic_perform_non_af_016,0,Logistic Regression,0.01361172209627265,0
mimic_perform_non_af_016,0,Logistic Regression,0.02809644244372036,0
mimic_perform_non_af_016,0,Logistic Regression,0.021162238501940996,0
mimic_perform_non_af_016,0,Logistic Regression,0.05541080710865094,0
mimic_perform_non_af_016,0,Logistic Regression,0.06497075838439563,0
mimic_perform_non_af_016,0,Logistic Regression,0.19632404621818234,0
mimic_perform_non_af_016,0,Logistic Regression,0.07926361795394266,0
mimic_perform_non_af_016,0,Logistic Regression,0.07293023660871312,0
mimic_perform_non_af_016,0,Logistic Regression,0.024240919921438866,0
mimic_perform_non_af_016,0,Logistic Regression,0.0028353860551383137,0
mimic_perform_non_af_016,0,Logistic Regression,0.0013102657890926804,0
mimic_perform_non_af_016,0,Logistic Regression,0.001466461442963345,0
mimic_perform_non_af_016,0,Logistic Regression,0.008132644664149842,0
mimic_perform_non_af_016,0,Logistic Regression,0.0087660578242141,0
mimic_perform_non_af_016,0,Logistic Regression,0.010676438218894913,0
mimic_perform_non_af_016,0,Logistic Regression,0.02091609242657134,0
mimic_perform_non_af_016,0,Logistic Regression,0.019752519068749242,0
mimic_perform_non_af_016,0,Logistic Regression,0.03245275345641247,0
mimic_perform_non_af_016,0,Logistic Regression,0.014894999548787258,0
mimic_perform_non_af_016,0,Logistic Regression,0.019561388089261368,0
mimic_perform_non_af_016,0,Logistic Regression,0.029321211490852633,0
mimic_perform_non_af_016,0,Logistic Regression,0.012754512225461149,0
mimic_perform_non_af_016,0,Logistic Regression,0.014792310915804009,0
mimic_perform_non_af_016,0,Logistic Regression,0.020944615840330767,0
mimic_perform_non_af_016,0,Logistic Regression,0.007694262368389197,0
mimic_perform_non_af_016,0,Logistic Regression,0.006968135379629854,0
mimic_perform_non_af_016,0,Logistic Regression,0.006302723478683437,0
mimic_perform_non_af_016,0,Logistic Regression,0.012415317353958158,0
mimic_perform_non_af_016,0,Logistic Regression,0.009891071453707947,0
mimic_perform_non_af_016,0,Logistic Regression,0.017053379092119687,0
mimic_perform_non_af_016,0,Logistic Regression,0.016523933781604966,0
mimic_perform_non_af_016,0,Logistic Regression,0.012787820706108026,0
mimic_perform_non_af_016,0,Logistic Regression,0.018349280631071482,0
mimic_perform_non_af_016,0,Logistic Regression,0.012298478064166203,0
mimic_perform_non_af_016,0,Logistic Regression,0.024025235575104675,0
mimic_perform_non_af_016,0,Logistic Regression,0.019218382016794825,0
mimic_perform_non_af_016,0,Logistic Regression,0.022526874329428345,0
mimic_perform_non_af_016,0,Logistic Regression,0.01576655152243501,0
mimic_perform_non_af_016,0,Logistic Regression,0.010494340674092306,0
mimic_perform_non_af_016,0,Logistic Regression,0.011985720021824136,0
mimic_perform_non_af_016,0,Logistic Regression,0.012843446918607103,0
mimic_perform_non_af_016,0,Logistic Regression,0.008724650168709828,0
mimic_perform_non_af_016,0,Logistic Regression,0.01151615800899787,0
mimic_perform_non_af_016,0,Logistic Regression,0.018658529529172144,0
mimic_perform_non_af_016,0,Logistic Regression,0.01315881361480262,0
mimic_perform_non_af_016,0,Logistic Regression,0.019775032970718167,0
mimic_perform_non_af_016,0,Logistic Regression,0.011804457726526002,0
mimic_perform_non_af_016,0,Logistic Regression,0.010773310055328963,0
mimic_perform_non_af_016,0,Logistic Regression,0.02814151740749851,0
mimic_perform_non_af_016,0,Logistic Regression,0.010415894237552051,0
mimic_perform_non_af_016,0,Logistic Regression,0.008532655181809151,0
mimic_perform_non_af_016,0,Logistic Regression,0.01075440345597022,0
mimic_perform_non_af_016,0,Logistic Regression,0.011047119214868487,0
mimic_perform_non_af_016,0,Logistic Regression,0.004850182466617297,0
mimic_perform_non_af_016,0,Logistic Regression,0.0037658233223887114,0
mimic_perform_non_af_016,0,Logistic Regression,0.003982925725478938,0
mimic_perform_non_af_016,0,Logistic Regression,0.01185218117798982,0
mimic_perform_non_af_016,0,Logistic Regression,0.017680951498019275,0
mimic_perform_non_af_016,0,Logistic Regression,0.01638448277974649,0
mimic_perform_non_af_016,0,Logistic Regression,0.012146798055121939,0
mimic_perform_non_af_016,0,Logistic Regression,0.018815828656632717,0
mimic_perform_non_af_016,0,Logistic Regression,0.030530688451192767,0
mimic_perform_af_001,1,Random Forest,0.9852472283817025,1
mimic_perform_af_001,1,Random Forest,0.9849042578785966,1
mimic_perform_af_001,1,Random Forest,0.9824469436080604,1
mimic_perform_af_001,1,Random Forest,0.9832209884038444,1
mimic_perform_af_001,1,Random Forest,0.9852472283817025,1
mimic_perform_af_001,1,Random Forest,0.9808598839016639,1
mimic_perform_af_001,1,Random Forest,0.9836471463209646,1
mimic_perform_af_001,1,Random Forest,0.9836471463209646,1
mimic_perform_af_001,1,Random Forest,0.9852472283817025,1
mimic_perform_af_001,1,Random Forest,0.9852472283817025,1
mimic_perform_af_001,1,Random Forest,0.9852472283817025,1
mimic_perform_af_001,1,Random Forest,0.985247250190838,1
mimic_perform_af_001,1,Random Forest,0.9562903081561371,1
mimic_perform_af_001,1,Random Forest,0.9666566730615697,1
mimic_perform_af_001,1,Random Forest,0.9835824214018707,1
mimic_perform_af_001,1,Random Forest,0.9825303315758641,1
mimic_perform_af_001,1,Random Forest,0.982595056494958,1
mimic_perform_af_001,1,Random Forest,0.9794830017741709,1
mimic_perform_af_001,1,Random Forest,0.9852472283817025,1
mimic_perform_af_001,1,Random Forest,0.9851825034626086,1
mimic_perform_af_001,1,Random Forest,0.9835824214018707,1
mimic_perform_af_001,1,Random Forest,0.9830331895055224,1
mimic_perform_af_001,1,Random Forest,0.9773394030689982,1
mimic_perform_af_001,1,Random Forest,0.9745755751275175,1
mimic_perform_af_001,1,Random Forest,0.9788959089746027,1
mimic_perform_af_001,1,Random Forest,0.9840926241280264,1
mimic_perform_af_001,1,Random Forest,0.9840278992089329,1
mimic_perform_af_001,1,Random Forest,0.9856927061887643,1
mimic_perform_af_001,1,Random Forest,0.9660717481295967,1
mimic_perform_af_001,1,Random Forest,0.9819265253924649,1
mimic_perform_af_001,1,Random Forest,0.9848395329595028,1
mimic_perform_af_001,1,Random Forest,0.9844731835859184,1
mimic_perform_af_001,1,Random Forest,0.9852472283817025,1
mimic_perform_af_001,1,Random Forest,0.9852472283817025,1
mimic_perform_af_001,1,Random Forest,0.9836471463209646,1
mimic_perform_af_001,1,Random Forest,0.9849042578785966,1
mimic_perform_af_001,1,Random Forest,0.9753460586905631,1
mimic_perform_af_001,1,Random Forest,0.9852472283817025,1
mimic_perform_af_001,1,Random Forest,0.9852472283817025,1
mimic_perform_af_001,1,Random Forest,0.982893326719405,1
mimic_perform_af_001,1,Random Forest,0.9852472283817025,1
mimic_perform_af_001,1,Random Forest,0.9852472283817025,1
mimic_perform_af_001,1,Random Forest,0.9871130840459174,1
mimic_perform_af_001,1,Random Forest,0.9773137527078268,1
mimic_perform_af_001,1,Random Forest,0.9864338538456271,1
mimic_perform_af_001,1,Random Forest,0.9852472283817025,1
mimic_perform_af_001,1,Random Forest,0.9851825034626086,1
mimic_perform_af_001,1,Random Forest,0.9853730145452243,1
mimic_perform_af_001,1,Random Forest,0.9832118492742908,1
mimic_perform_af_001,1,Random Forest,0.9842004463133491,1
mimic_perform_af_001,1,Random Forest,0.9852472283817025,1
mimic_perform_af_001,1,Random Forest,0.9852472283817025,1
mimic_perform_af_001,1,Random Forest,0.9816490088288373,1
mimic_perform_af_001,1,Random Forest,0.9835824214018707,1
mimic_perform_af_001,1,Random Forest,0.9835824214018707,1
mimic_perform_af_001,1,Random Forest,0.9835824214018707,1
mimic_perform_af_001,1,Random Forest,0.9836471463209646,1
mimic_perform_af_001,1,Random Forest,0.9852472283817025,1
mimic_perform_af_001,1,Random Forest,0.9852472283817025,1
mimic_perform_af_001,1,Random Forest,0.9838574758102433,1
mimic_perform_af_001,1,Random Forest,0.9835824214018707,1
mimic_perform_af_001,1,Random Forest,0.9851825034626086,1
mimic_perform_af_001,1,Random Forest,0.980196417015913,1
mimic_perform_af_001,1,Random Forest,0.672135501691463,1
mimic_perform_af_001,1,Random Forest,0.79350627610802,1
mimic_perform_af_001,1,Random Forest,0.9836471463209646,1
mimic_perform_af_001,1,Random Forest,0.9859806230791935,1
mimic_perform_af_001,1,Random Forest,0.9849042578785966,1
mimic_perform_af_001,1,Random Forest,0.9821261756046346,1
mimic_perform_af_001,1,Random Forest,0.9838574758102433,1
mimic_perform_af_001,1,Random Forest,0.8951966898129562,1
mimic_perform_af_001,1,Random Forest,0.9852472283817025,1
mimic_perform_af_001,1,Random Forest,0.9838574758102433,1
mimic_perform_af_001,1,Random Forest,0.9851825034626086,1
mimic_perform_af_001,1,Random Forest,0.9852472283817025,1
mimic_perform_af_001,1,Random Forest,0.9764731726995564,1
mimic_perform_af_001,1,Random Forest,0.9856099044059345,1
mimic_perform_af_001,1,Random Forest,0.9838574758102433,1
mimic_perform_af_001,1,Random Forest,0.9836690341545102,1
mimic_perform_af_001,1,Random Forest,0.9815723395726492,1
mimic_perform_af_001,1,Random Forest,0.9842004463133491,1
mimic_perform_af_001,1,Random Forest,0.9831562634847505,1
mimic_perform_af_001,1,Random Forest,0.9389234652970067,1
mimic_perform_af_001,1,Random Forest,0.9516723830459245,1
mimic_perform_af_001,1,Random Forest,0.9838574758102433,1
mimic_perform_af_001,1,Random Forest,0.9852472283817025,1
mimic_perform_af_001,1,Random Forest,0.9849042578785966,1
mimic_perform_af_001,1,Random Forest,0.9832209884038444,1
mimic_perform_af_001,1,Random Forest,0.9849042578785966,1
mimic_perform_af_001,1,Random Forest,0.9838574758102433,1
mimic_perform_af_001,1,Random Forest,0.984924961812344,1
mimic_perform_af_001,1,Random Forest,0.9827369046466825,1
mimic_perform_af_001,1,Random Forest,0.9852472283817025,1
mimic_perform_af_001,1,Random Forest,0.9802886299292777,1
mimic_perform_af_001,1,Random Forest,0.9796796031341857,1
mimic_perform_af_001,1,Random Forest,0.9852472283817025,1
mimic_perform_af_001,1,Random Forest,0.9852472283817025,1
mimic_perform_af_001,1,Random Forest,0.9828907798908803,1
mimic_perform_af_001,1,Random Forest,0.9852472283817025,1
mimic_perform_af_001,1,Random Forest,0.9852472283817025,1
mimic_perform_af_001,1,Random Forest,0.9835824214018707,1
mimic_perform_af_001,1,Random Forest,0.9836471463209646,1
mimic_perform_af_001,1,Random Forest,0.9852472283817025,1
mimic_perform_af_001,1,Random Forest,0.9845016648641461,1
mimic_perform_af_001,1,Random Forest,0.9836177267274845,1
mimic_perform_af_001,1,Random Forest,0.9852472283817025,1
mimic_perform_af_001,1,Random Forest,0.9819444114097591,1
mimic_perform_af_001,1,Random Forest,0.9849042578785966,1
mimic_perform_af_001,1,Random Forest,0.9836471463209646,1
mimic_perform_af_001,1,Random Forest,0.9836471463209646,1
mimic_perform_af_001,1,Random Forest,0.9852472283817025,1
mimic_perform_af_001,1,Random Forest,0.9852472283817025,1
mimic_perform_af_001,1,Random Forest,0.9852472283817025,1
mimic_perform_af_001,1,Random Forest,0.9852472283817025,1
mimic_perform_af_001,1,Random Forest,0.9852472283817025,1
mimic_perform_af_001,1,Random Forest,0.9852472283817025,1
mimic_perform_af_001,1,Random Forest,0.9825517285398659,1
mimic_perform_af_001,1,Random Forest,0.9830331895055224,1
mimic_perform_af_002,1,Random Forest,0.9873276012419747,1
mimic_perform_af_002,1,Random Forest,0.9763950337495798,1
mimic_perform_af_002,1,Random Forest,0.9864207998551704,1
mimic_perform_af_002,1,Random Forest,0.9685330781059766,1
mimic_perform_af_002,1,Random Forest,0.9781393719633437,1
mimic_perform_af_002,1,Random Forest,0.9759547181340484,1
mimic_perform_af_002,1,Random Forest,0.9375492710771037,1
mimic_perform_af_002,1,Random Forest,0.9920223242556063,1
mimic_perform_af_002,1,Random Forest,0.9593742532299081,1
mimic_perform_af_002,1,Random Forest,0.9572681230151681,1
mimic_perform_af_002,1,Random Forest,0.9685566233004385,1
mimic_perform_af_002,1,Random Forest,0.9986792029957131,1
mimic_perform_af_002,1,Random Forest,0.9862111283904587,1
mimic_perform_af_002,1,Random Forest,0.9886983711886776,1
mimic_perform_af_002,1,Random Forest,0.9666137192600782,1
mimic_perform_af_002,1,Random Forest,0.9350401594508511,1
mimic_perform_af_002,1,Random Forest,0.9652647745998396,1
mimic_perform_af_002,1,Random Forest,0.9719566878134335,1
mimic_perform_af_002,1,Random Forest,0.9877527191142659,1
mimic_perform_af_002,1,Random Forest,0.9537530367376994,1
mimic_perform_af_002,1,Random Forest,0.9971238922459372,1
mimic_perform_af_002,1,Random Forest,0.9881375193354972,1
mimic_perform_af_002,1,Random Forest,0.9982911263259463,1
mimic_perform_af_002,1,Random Forest,0.998163635008821,1
mimic_perform_af_002,1,Random Forest,0.9494893078525177,1
mimic_perform_af_002,1,Random Forest,0.6751187047886654,1
mimic_perform_af_002,1,Random Forest,0.9856981363825185,1
mimic_perform_af_002,1,Random Forest,0.9685741545720393,1
mimic_perform_af_002,1,Random Forest,0.9785566233004385,1
mimic_perform_af_002,1,Random Forest,0.9970722912976667,1
mimic_perform_af_002,1,Random Forest,0.9546194782580916,1
mimic_perform_af_002,1,Random Forest,0.9873121691432093,1
mimic_perform_af_002,1,Random Forest,0.9888169828289588,1
mimic_perform_af_002,1,Random Forest,0.9871484110627844,1
mimic_perform_af_002,1,Random Forest,0.9685741545720393,1
mimic_perform_af_002,1,Random Forest,0.9881384356269615,1
mimic_perform_af_002,1,Random Forest,0.9583918229864704,1
mimic_perform_af_002,1,Random Forest,0.747722121295634,1
mimic_perform_af_002,1,Random Forest,0.9723378921639773,1
mimic_perform_af_002,1,Random Forest,0.8661990798764684,1
mimic_perform_af_002,1,Random Forest,0.9549904855634014,1
mimic_perform_af_002,1,Random Forest,0.9771890782463335,1
mimic_perform_af_002,1,Random Forest,0.9736560303935632,1
mimic_perform_af_002,1,Random Forest,0.9297233056969259,1
mimic_perform_af_002,1,Random Forest,0.9732145612861669,1
mimic_perform_af_002,1,Random Forest,0.9835812616359683,1
mimic_perform_af_002,1,Random Forest,0.969736499761018,1
mimic_perform_af_002,1,Random Forest,0.9335798318368,1
mimic_perform_af_002,1,Random Forest,0.986107031812068,1
mimic_perform_af_002,1,Random Forest,0.9962862492317067,1
mimic_perform_af_002,1,Random Forest,0.9873080211533862,1
mimic_perform_af_002,1,Random Forest,0.9683229980839702,1
mimic_perform_af_002,1,Random Forest,0.9660344635458563,1
mimic_perform_af_002,1,Random Forest,0.9650344635458563,1
mimic_perform_af_002,1,Random Forest,0.9932666323096945,1
mimic_perform_af_002,1,Random Forest,0.9842978308639752,1
mimic_perform_af_002,1,Random Forest,0.9988426019579084,1
mimic_perform_af_002,1,Random Forest,0.9778735029164461,1
mimic_perform_af_002,1,Random Forest,0.9987081983110858,1
mimic_perform_af_002,1,Random Forest,0.9883918229864704,1
mimic_perform_af_002,1,Random Forest,0.9785360537557013,1
mimic_perform_af_002,1,Random Forest,0.9980294944932128,1
mimic_perform_af_002,1,Random Forest,0.9672281818814175,1
mimic_perform_af_002,1,Random Forest,0.9875490520884256,1
mimic_perform_af_002,1,Random Forest,0.997440921085158,1
mimic_perform_af_002,1,Random Forest,0.9787397627517387,1
mimic_perform_af_002,1,Random Forest,0.9682483062496439,1
mimic_perform_af_002,1,Random Forest,0.9882822466491022,1
mimic_perform_af_002,1,Random Forest,0.9810834390899003,1
mimic_perform_af_002,1,Random Forest,0.9748268932811918,1
mimic_perform_af_002,1,Random Forest,0.9408044694198747,1
mimic_perform_af_002,1,Random Forest,0.9305907992257721,1
mimic_perform_af_002,1,Random Forest,0.9552470545265994,1
mimic_perform_af_002,1,Random Forest,0.9269422872800648,1
mimic_perform_af_002,1,Random Forest,0.9762192569011146,1
mimic_perform_af_002,1,Random Forest,0.983619873278789,1
mimic_perform_af_002,1,Random Forest,0.9841263644193979,1
mimic_perform_af_002,1,Random Forest,0.974980474121801,1
mimic_perform_af_002,1,Random Forest,0.9372810713499449,1
mimic_perform_af_002,1,Random Forest,0.9634969609526668,1
mimic_perform_af_002,1,Random Forest,0.9650182993875133,1
mimic_perform_af_002,1,Random Forest,0.9532627955056724,1
mimic_perform_af_002,1,Random Forest,0.9265072772568048,1
mimic_perform_af_002,1,Random Forest,0.9563167942569725,1
mimic_perform_af_002,1,Random Forest,0.9559740629719168,1
mimic_perform_af_002,1,Random Forest,0.9819528542430943,1
mimic_perform_af_002,1,Random Forest,0.9793491510566353,1
mimic_perform_af_002,1,Random Forest,0.9594513358541268,1
mimic_perform_af_002,1,Random Forest,0.9595548545344754,1
mimic_perform_af_002,1,Random Forest,0.9576327842247813,1
mimic_perform_af_002,1,Random Forest,0.9970914835773906,1
mimic_perform_af_002,1,Random Forest,0.9975746712173752,1
mimic_perform_af_002,1,Random Forest,0.9661754492822067,1
mimic_perform_af_002,1,Random Forest,0.9555900240884279,1
mimic_perform_af_002,1,Random Forest,0.9405147877410793,1
mimic_perform_af_002,1,Random Forest,0.9780368474343892,1
mimic_perform_af_002,1,Random Forest,0.985860297569723,1
mimic_perform_af_002,1,Random Forest,0.981877884421575,1
mimic_perform_af_002,1,Random Forest,0.937377646090943,1
mimic_perform_af_002,1,Random Forest,0.9843813759108728,1
mimic_perform_af_002,1,Random Forest,0.9466507132058851,1
mimic_perform_af_002,1,Random Forest,0.9780683330305686,1
mimic_perform_af_002,1,Random Forest,0.9845070044767746,1
mimic_perform_af_002,1,Random Forest,0.9726185915662622,1
mimic_perform_af_002,1,Random Forest,0.9497443790987801,1
mimic_perform_af_002,1,Random Forest,0.9630543850314323,1
mimic_perform_af_002,1,Random Forest,0.9655889148512162,1
mimic_perform_af_002,1,Random Forest,0.9766967865574914,1
mimic_perform_af_002,1,Random Forest,0.9968961240153779,1
mimic_perform_af_002,1,Random Forest,0.9873893892204293,1
mimic_perform_af_002,1,Random Forest,0.9971495113748868,1
mimic_perform_af_002,1,Random Forest,0.927402376021432,1
mimic_perform_af_002,1,Random Forest,0.9523783178282631,1
mimic_perform_af_002,1,Random Forest,0.9957486821602736,1
mimic_perform_af_002,1,Random Forest,0.9971238922459372,1
mimic_perform_af_002,1,Random Forest,0.9971238922459372,1
mimic_perform_af_002,1,Random Forest,0.9375490520884255,1
mimic_perform_af_002,1,Random Forest,0.9887397627517387,1
mimic_perform_af_003,1,Random Forest,0.9925793563041004,1
mimic_perform_af_003,1,Random Forest,0.9716041711288935,1
mimic_perform_af_003,1,Random Forest,0.9695027973400446,1
mimic_perform_af_003,1,Random Forest,0.9924071342447763,1
mimic_perform_af_003,1,Random Forest,0.962765158704279,1
mimic_perform_af_003,1,Random Forest,0.9757478111471802,1
mimic_perform_af_003,1,Random Forest,0.9328167637232967,1
mimic_perform_af_003,1,Random Forest,0.96980397110756,1
mimic_perform_af_003,1,Random Forest,0.8807515705150628,1
mimic_perform_af_003,1,Random Forest,0.9836790238520485,1
mimic_perform_af_003,1,Random Forest,0.9809132691466934,1
mimic_perform_af_003,1,Random Forest,0.9922441920196726,1
mimic_perform_af_003,1,Random Forest,0.8859874143745222,1
mimic_perform_af_003,1,Random Forest,0.9599799561871101,1
mimic_perform_af_003,1,Random Forest,0.9661940655491609,1
mimic_perform_af_003,1,Random Forest,0.9615658587089934,1
mimic_perform_af_003,1,Random Forest,0.9612077560377925,1
mimic_perform_af_003,1,Random Forest,0.9515203533567298,1
mimic_perform_af_003,1,Random Forest,0.9555594898136333,1
mimic_perform_af_003,1,Random Forest,0.964342073729669,1
mimic_perform_af_003,1,Random Forest,0.9655987764449957,1
mimic_perform_af_003,1,Random Forest,0.9767806647627133,1
mimic_perform_af_003,1,Random Forest,0.9825351630588844,1
mimic_perform_af_003,1,Random Forest,0.9661129353074306,1
mimic_perform_af_003,1,Random Forest,0.9914047240910278,1
mimic_perform_af_003,1,Random Forest,0.9753899724843024,1
mimic_perform_af_003,1,Random Forest,0.9843578294733127,1
mimic_perform_af_003,1,Random Forest,0.9534790717630649,1
mimic_perform_af_003,1,Random Forest,0.8671965986804366,1
mimic_perform_af_003,1,Random Forest,0.8292353656950082,1
mimic_perform_af_003,1,Random Forest,0.8657749159991853,1
mimic_perform_af_003,1,Random Forest,0.9669757442889064,1
mimic_perform_af_003,1,Random Forest,0.9736871906797109,1
mimic_perform_af_003,1,Random Forest,0.9814213371469884,1
mimic_perform_af_003,1,Random Forest,0.9457116565803106,1
mimic_perform_af_003,1,Random Forest,0.8702977223411383,1
mimic_perform_af_003,1,Random Forest,0.9725482339182314,1
mimic_perform_af_003,1,Random Forest,0.9624396055547814,1
mimic_perform_af_003,1,Random Forest,0.9279450773045091,1
mimic_perform_af_003,1,Random Forest,0.9022068406334861,1
mimic_perform_af_003,1,Random Forest,0.8022865336576259,1
mimic_perform_af_003,1,Random Forest,0.9658413654127125,1
mimic_perform_af_003,1,Random Forest,0.9241222800740612,1
mimic_perform_af_003,1,Random Forest,0.9460684329079092,1
mimic_perform_af_003,1,Random Forest,0.9838380137869343,1
mimic_perform_af_003,1,Random Forest,0.9607078461443783,1
mimic_perform_af_003,1,Random Forest,0.945364111554088,1
mimic_perform_af_003,1,Random Forest,0.9804541808322912,1
mimic_perform_af_003,1,Random Forest,0.9629840452475393,1
mimic_perform_af_003,1,Random Forest,0.9882834324963319,1
mimic_perform_af_003,1,Random Forest,0.9725071586690361,1
mimic_perform_af_003,1,Random Forest,0.9162020172364042,1
mimic_perform_af_003,1,Random Forest,0.95575579387214,1
mimic_perform_af_003,1,Random Forest,0.9167672284582004,1
mimic_perform_af_003,1,Random Forest,0.9645195336599918,1
mimic_perform_af_003,1,Random Forest,0.9668574122840599,1
mimic_perform_af_003,1,Random Forest,0.8544742006291703,1
mimic_perform_af_003,1,Random Forest,0.8929528060890383,1
mimic_perform_af_003,1,Random Forest,0.9302926417050246,1
mimic_perform_af_003,1,Random Forest,0.9810648359403583,1
mimic_perform_af_003,1,Random Forest,0.9401778178293217,1
mimic_perform_af_003,1,Random Forest,0.9801261662728217,1
mimic_perform_af_003,1,Random Forest,0.9499425640261147,1
mimic_perform_af_003,1,Random Forest,0.9736633994896059,1
mimic_perform_af_003,1,Random Forest,0.9465310062598323,1
mimic_perform_af_003,1,Random Forest,0.9732695120174901,1
mimic_perform_af_003,1,Random Forest,0.9691061198636891,1
mimic_perform_af_003,1,Random Forest,0.9359811475808688,1
mimic_perform_af_003,1,Random Forest,0.9632039862959441,1
mimic_perform_af_003,1,Random Forest,0.965546480786525,1
mimic_perform_af_003,1,Random Forest,0.9747333584229447,1
mimic_perform_af_003,1,Random Forest,0.9714750693248491,1
mimic_perform_af_003,1,Random Forest,0.9639292420640108,1
mimic_perform_af_003,1,Random Forest,0.9714951376307858,1
mimic_perform_af_003,1,Random Forest,0.9120309031455828,1
mimic_perform_af_003,1,Random Forest,0.9273763560435601,1
mimic_perform_af_003,1,Random Forest,0.9823952672267179,1
mimic_perform_af_003,1,Random Forest,0.9452525927885581,1
mimic_perform_af_003,1,Random Forest,0.9630011679118243,1
mimic_perform_af_003,1,Random Forest,0.9510505150051536,1
mimic_perform_af_003,1,Random Forest,0.9913991443870976,1
mimic_perform_af_003,1,Random Forest,0.9855443110835158,1
mimic_perform_af_003,1,Random Forest,0.973945398583818,1
mimic_perform_af_003,1,Random Forest,0.9673008293368558,1
mimic_perform_af_003,1,Random Forest,0.917587698855638,1
mimic_perform_af_003,1,Random Forest,0.992078301507531,1
mimic_perform_af_003,1,Random Forest,0.9787809224218202,1
mimic_perform_af_003,1,Random Forest,0.9508593819812002,1
mimic_perform_af_003,1,Random Forest,0.9437235451883654,1
mimic_perform_af_003,1,Random Forest,0.8735002510647084,1
mimic_perform_af_003,1,Random Forest,0.9037931848877289,1
mimic_perform_af_003,1,Random Forest,0.8720065448690427,1
mimic_perform_af_003,1,Random Forest,0.939848548783514,1
mimic_perform_af_003,1,Random Forest,0.9706910618850845,1
mimic_perform_af_003,1,Random Forest,0.9204875379123035,1
mimic_perform_af_003,1,Random Forest,0.951267331600991,1
mimic_perform_af_003,1,Random Forest,0.9178630143845922,1
mimic_perform_af_003,1,Random Forest,0.8726887376822267,1
mimic_perform_af_003,1,Random Forest,0.8586000569224482,1
mimic_perform_af_003,1,Random Forest,0.9197115271582038,1
mimic_perform_af_003,1,Random Forest,0.8883905904759776,1
mimic_perform_af_003,1,Random Forest,0.9429845911312228,1
mimic_perform_af_003,1,Random Forest,0.974128674340369,1
mimic_perform_af_003,1,Random Forest,0.9510603827088727,1
mimic_perform_af_003,1,Random Forest,0.948932824337585,1
mimic_perform_af_003,1,Random Forest,0.8851362160927673,1
mimic_perform_af_003,1,Random Forest,0.9491785084421717,1
mimic_perform_af_003,1,Random Forest,0.9501166535823105,1
mimic_perform_af_003,1,Random Forest,0.9783005316023639,1
mimic_perform_af_003,1,Random Forest,0.9863444249518887,1
mimic_perform_af_003,1,Random Forest,0.9716235700123331,1
mimic_perform_af_003,1,Random Forest,0.9864563429227817,1
mimic_perform_af_003,1,Random Forest,0.9624425116595232,1
mimic_perform_af_003,1,Random Forest,0.9339370733493172,1
mimic_perform_af_003,1,Random Forest,0.9223975775403133,1
mimic_perform_af_003,1,Random Forest,0.9895650397859819,1
mimic_perform_af_003,1,Random Forest,0.9674594215756982,1
mimic_perform_af_003,1,Random Forest,0.9653118619638609,1
mimic_perform_af_004,1,Random Forest,0.9943693245713505,1
mimic_perform_af_004,1,Random Forest,0.9630943467931297,1
mimic_perform_af_004,1,Random Forest,0.5124282512556205,1
mimic_perform_af_004,1,Random Forest,0.7714139329754607,1
mimic_perform_af_004,1,Random Forest,0.8507718546446273,1
mimic_perform_af_004,1,Random Forest,0.7446263210102112,1
mimic_perform_af_004,1,Random Forest,0.8224938306989651,1
mimic_perform_af_004,1,Random Forest,0.3817253116375902,0
mimic_perform_af_004,1,Random Forest,0.7556316426762969,1
mimic_perform_af_004,1,Random Forest,0.8832387686890164,1
mimic_perform_af_004,1,Random Forest,0.8014583322197042,1
mimic_perform_af_004,1,Random Forest,0.8314632643083495,1
mimic_perform_af_004,1,Random Forest,0.8160444767311948,1
mimic_perform_af_004,1,Random Forest,0.9936824768824977,1
mimic_perform_af_004,1,Random Forest,0.5024772449878571,1
mimic_perform_af_004,1,Random Forest,0.6998800307598931,1
mimic_perform_af_004,1,Random Forest,0.6349023074399365,1
mimic_perform_af_004,1,Random Forest,0.8072489571581062,1
mimic_perform_af_004,1,Random Forest,0.5191230106531908,1
mimic_perform_af_004,1,Random Forest,0.7788716896202299,1
mimic_perform_af_004,1,Random Forest,0.562872491267167,1
mimic_perform_af_004,1,Random Forest,0.9956017849592507,1
mimic_perform_af_004,1,Random Forest,0.995242603183246,1
mimic_perform_af_004,1,Random Forest,0.9949330833271152,1
mimic_perform_af_004,1,Random Forest,0.9951553745368438,1
mimic_perform_af_004,1,Random Forest,0.995645176024366,1
mimic_perform_af_004,1,Random Forest,0.9956363160418549,1
mimic_perform_af_004,1,Random Forest,0.9949979167601841,1
mimic_perform_af_004,1,Random Forest,0.8620641325113172,1
mimic_perform_af_004,1,Random Forest,0.8978147216085108,1
mimic_perform_af_004,1,Random Forest,0.884908134022768,1
mimic_perform_af_004,1,Random Forest,0.6135070933203773,1
mimic_perform_af_004,1,Random Forest,0.9941131046397059,1
mimic_perform_af_004,1,Random Forest,0.9935974225522195,1
mimic_perform_af_004,1,Random Forest,0.9937500848006575,1
mimic_perform_af_004,1,Random Forest,0.9950677332923461,1
mimic_perform_af_004,1,Random Forest,0.9950263196820257,1
mimic_perform_af_004,1,Random Forest,0.9931089928834506,1
mimic_perform_af_004,1,Random Forest,0.9944471885018912,1
mimic_perform_af_004,1,Random Forest,0.9840650227743742,1
mimic_perform_af_004,1,Random Forest,0.9953464609693911,1
mimic_perform_af_004,1,Random Forest,0.990205905023297,1
mimic_perform_af_004,1,Random Forest,0.9947607806830749,1
mimic_perform_af_004,1,Random Forest,0.995335554717024,1
mimic_perform_af_004,1,Random Forest,0.9955016660766239,1
mimic_perform_af_004,1,Random Forest,0.9956363160418549,1
mimic_perform_af_004,1,Random Forest,0.9951905968627238,1
mimic_perform_af_004,1,Random Forest,0.9955914407776517,1
mimic_perform_af_004,1,Random Forest,0.9949407538753585,1
mimic_perform_af_004,1,Random Forest,0.9956842776725502,1
mimic_perform_af_004,1,Random Forest,0.7197203112057639,1
mimic_perform_af_004,1,Random Forest,0.7350640286993189,1
mimic_perform_af_004,1,Random Forest,0.7086998755980969,1
mimic_perform_af_004,1,Random Forest,0.9950775701414836,1
mimic_perform_af_004,1,Random Forest,0.9950775701414836,1
mimic_perform_af_004,1,Random Forest,0.9954763274078169,1
mimic_perform_af_004,1,Random Forest,0.9524441317171183,1
mimic_perform_af_004,1,Random Forest,0.9901995880688821,1
mimic_perform_af_004,1,Random Forest,0.9907642569501292,1
mimic_perform_af_004,1,Random Forest,0.9956842776725502,1
mimic_perform_af_004,1,Random Forest,0.9939702760198246,1
mimic_perform_af_004,1,Random Forest,0.9904987179511784,1
mimic_perform_af_004,1,Random Forest,0.9936711049015114,1
mimic_perform_af_004,1,Random Forest,0.8438385960965459,1
mimic_perform_af_004,1,Random Forest,0.783098438628151,1
mimic_perform_af_004,1,Random Forest,0.7939433643359853,1
mimic_perform_af_004,1,Random Forest,0.8243138607963822,1
mimic_perform_af_004,1,Random Forest,0.8432887886540913,1
mimic_perform_af_004,1,Random Forest,0.8347231851183186,1
mimic_perform_af_004,1,Random Forest,0.718599179941085,1
mimic_perform_af_004,1,Random Forest,0.9710852820614962,1
mimic_perform_af_004,1,Random Forest,0.9708415622925805,1
mimic_perform_af_004,1,Random Forest,0.9928852898161163,1
mimic_perform_af_004,1,Random Forest,0.9927765432081563,1
mimic_perform_af_004,1,Random Forest,0.9504031583434712,1
mimic_perform_af_004,1,Random Forest,0.99393013520167,1
mimic_perform_af_004,1,Random Forest,0.9947972584477145,1
mimic_perform_af_004,1,Random Forest,0.995335554717024,1
mimic_perform_af_004,1,Random Forest,0.9950458535396772,1
mimic_perform_af_004,1,Random Forest,0.9950983492908987,1
mimic_perform_af_004,1,Random Forest,0.9889948205121921,1
mimic_perform_af_004,1,Random Forest,0.9949102842965143,1
mimic_perform_af_004,1,Random Forest,0.9954521834896529,1
mimic_perform_af_004,1,Random Forest,0.9948411136391531,1
mimic_perform_af_004,1,Random Forest,0.9945538525502584,1
mimic_perform_af_004,1,Random Forest,0.989018320688134,1
mimic_perform_af_004,1,Random Forest,0.995004193074355,1
mimic_perform_af_004,1,Random Forest,0.9956842776725502,1
mimic_perform_af_004,1,Random Forest,0.9956842776725502,1
mimic_perform_af_004,1,Random Forest,0.9959180018971212,1
mimic_perform_af_004,1,Random Forest,0.9959180018971212,1
mimic_perform_af_004,1,Random Forest,0.9964260698585728,1
mimic_perform_af_004,1,Random Forest,0.9956363160418549,1
mimic_perform_af_004,1,Random Forest,0.9956363160418549,1
mimic_perform_af_004,1,Random Forest,0.9956363160418549,1
mimic_perform_af_004,1,Random Forest,0.9942241461460558,1
mimic_perform_af_004,1,Random Forest,0.9933787458884094,1
mimic_perform_af_004,1,Random Forest,0.9951553745368438,1
mimic_perform_af_004,1,Random Forest,0.9952033361675391,1
mimic_perform_af_004,1,Random Forest,0.9842620157642532,1
mimic_perform_af_004,1,Random Forest,0.9941109244637315,1
mimic_perform_af_004,1,Random Forest,0.994586791787335,1
mimic_perform_af_004,1,Random Forest,0.9944243981649947,1
mimic_perform_af_004,1,Random Forest,0.99393013520167,1
mimic_perform_af_004,1,Random Forest,0.9936794003510135,1
mimic_perform_af_004,1,Random Forest,0.9905177502666661,1
mimic_perform_af_004,1,Random Forest,0.9366034438889415,1
mimic_perform_af_004,1,Random Forest,0.9621134254805488,1
mimic_perform_af_004,1,Random Forest,0.9916309152242957,1
mimic_perform_af_004,1,Random Forest,0.9941021300520883,1
mimic_perform_af_004,1,Random Forest,0.9951258901682448,1
mimic_perform_af_004,1,Random Forest,0.9931058546876034,1
mimic_perform_af_004,1,Random Forest,0.993595767031908,1
mimic_perform_af_004,1,Random Forest,0.9947711313330113,1
mimic_perform_af_004,1,Random Forest,0.9952634557591349,1
mimic_perform_af_004,1,Random Forest,0.9949466811077637,1
mimic_perform_af_004,1,Random Forest,0.9898566553118461,1
mimic_perform_af_004,1,Random Forest,0.9932026149061614,1
mimic_perform_af_005,1,Random Forest,0.21526318449343118,0
mimic_perform_af_005,1,Random Forest,0.7171474766917754,1
mimic_perform_af_005,1,Random Forest,0.9140326592932055,1
mimic_perform_af_005,1,Random Forest,0.9050267931214322,1
mimic_perform_af_005,1,Random Forest,0.6703050364598907,1
mimic_perform_af_005,1,Random Forest,0.46535318412233045,0
mimic_perform_af_005,1,Random Forest,0.4514912130376765,0
mimic_perform_af_005,1,Random Forest,0.9648294368723755,1
mimic_perform_af_005,1,Random Forest,0.8954914706038148,1
mimic_perform_af_005,1,Random Forest,0.9724718295934176,1
mimic_perform_af_005,1,Random Forest,0.9250761963956904,1
mimic_perform_af_005,1,Random Forest,0.9235884325228588,1
mimic_perform_af_005,1,Random Forest,0.7640411634301465,1
mimic_perform_af_005,1,Random Forest,0.38372788395675655,0
mimic_perform_af_005,1,Random Forest,0.4223196629154857,0
mimic_perform_af_005,1,Random Forest,0.38273654049629546,0
mimic_perform_af_005,1,Random Forest,0.4534499583158788,0
mimic_perform_af_005,1,Random Forest,0.91302621166043,1
mimic_perform_af_005,1,Random Forest,0.48152468736830256,0
mimic_perform_af_005,1,Random Forest,0.9833100980229491,1
mimic_perform_af_005,1,Random Forest,0.994419466151342,1
mimic_perform_af_005,1,Random Forest,0.9916953990685157,1
mimic_perform_af_005,1,Random Forest,0.9359192902777047,1
mimic_perform_af_005,1,Random Forest,0.9735915168821883,1
mimic_perform_af_005,1,Random Forest,0.9292883815240681,1
mimic_perform_af_005,1,Random Forest,0.9904945870984253,1
mimic_perform_af_005,1,Random Forest,0.9914954855639256,1
mimic_perform_af_005,1,Random Forest,0.9813482333393041,1
mimic_perform_af_005,1,Random Forest,0.9799741509374182,1
mimic_perform_af_005,1,Random Forest,0.6669488876161896,1
mimic_perform_af_005,1,Random Forest,0.6630376462664933,1
mimic_perform_af_005,1,Random Forest,0.8910206896993421,1
mimic_perform_af_005,1,Random Forest,0.9573411493317168,1
mimic_perform_af_005,1,Random Forest,0.9502383088403815,1
mimic_perform_af_005,1,Random Forest,0.9190814250378412,1
mimic_perform_af_005,1,Random Forest,0.9126018489708606,1
mimic_perform_af_005,1,Random Forest,0.9620068061974817,1
mimic_perform_af_005,1,Random Forest,0.9713591892279255,1
mimic_perform_af_005,1,Random Forest,0.9730566913169821,1
mimic_perform_af_005,1,Random Forest,0.9686609046257262,1
mimic_perform_af_005,1,Random Forest,0.9835902296407899,1
mimic_perform_af_005,1,Random Forest,0.96296186491361,1
mimic_perform_af_005,1,Random Forest,0.9657140245927271,1
mimic_perform_af_005,1,Random Forest,0.6823696808738575,1
mimic_perform_af_005,1,Random Forest,0.5681762475549623,1
mimic_perform_af_005,1,Random Forest,0.6416459890544612,1
mimic_perform_af_005,1,Random Forest,0.7149535741540872,1
mimic_perform_af_005,1,Random Forest,0.5998357658732111,1
mimic_perform_af_005,1,Random Forest,0.3142121021223137,0
mimic_perform_af_005,1,Random Forest,0.33817380623261833,0
mimic_perform_af_005,1,Random Forest,0.8466306212336066,1
mimic_perform_af_005,1,Random Forest,0.9321886096536848,1
mimic_perform_af_005,1,Random Forest,0.8617041234640458,1
mimic_perform_af_005,1,Random Forest,0.903617409003499,1
mimic_perform_af_005,1,Random Forest,0.8634161852733365,1
mimic_perform_af_005,1,Random Forest,0.9431531482807638,1
mimic_perform_af_005,1,Random Forest,0.9324028534641079,1
mimic_perform_af_005,1,Random Forest,0.584428314688933,1
mimic_perform_af_005,1,Random Forest,0.6505313911195937,1
mimic_perform_af_005,1,Random Forest,0.5167875755644269,1
mimic_perform_af_005,1,Random Forest,0.6285708780231807,1
mimic_perform_af_005,1,Random Forest,0.6423029193691502,1
mimic_perform_af_005,1,Random Forest,0.6797615777273106,1
mimic_perform_af_005,1,Random Forest,0.7331947036566892,1
mimic_perform_af_005,1,Random Forest,0.9593821647281071,1
mimic_perform_af_005,1,Random Forest,0.9511754619856656,1
mimic_perform_af_005,1,Random Forest,0.9714380795384062,1
mimic_perform_af_005,1,Random Forest,0.3021175707156488,0
mimic_perform_af_005,1,Random Forest,0.35758212917568294,0
mimic_perform_af_005,1,Random Forest,0.555809597543585,1
mimic_perform_af_005,1,Random Forest,0.9551739089469484,1
mimic_perform_af_005,1,Random Forest,0.9537283725548769,1
mimic_perform_af_005,1,Random Forest,0.9629790831902869,1
mimic_perform_af_005,1,Random Forest,0.9889027671294192,1
mimic_perform_af_005,1,Random Forest,0.9649224217645039,1
mimic_perform_af_005,1,Random Forest,0.9592390014926093,1
mimic_perform_af_005,1,Random Forest,0.6605843011725037,1
mimic_perform_af_005,1,Random Forest,0.7091235372516564,1
mimic_perform_af_005,1,Random Forest,0.9323327668307521,1
mimic_perform_af_005,1,Random Forest,0.808622428632924,1
mimic_perform_af_005,1,Random Forest,0.2487688148009624,0
mimic_perform_af_005,1,Random Forest,0.18730242833025293,0
mimic_perform_af_005,1,Random Forest,0.2927365540996298,0
mimic_perform_af_005,1,Random Forest,0.6687442287807651,1
mimic_perform_af_005,1,Random Forest,0.6072810006152431,1
mimic_perform_af_005,1,Random Forest,0.9539003878765658,1
mimic_perform_af_005,1,Random Forest,0.9451214638526738,1
mimic_perform_af_005,1,Random Forest,0.9442664716946843,1
mimic_perform_af_005,1,Random Forest,0.6154370810505785,1
mimic_perform_af_005,1,Random Forest,0.22501110247782927,0
mimic_perform_af_005,1,Random Forest,0.4763317630579777,0
mimic_perform_af_005,1,Random Forest,0.6407421322964761,1
mimic_perform_af_005,1,Random Forest,0.715886194747067,1
mimic_perform_af_005,1,Random Forest,0.9191960175074694,1
mimic_perform_af_005,1,Random Forest,0.9029889957704934,1
mimic_perform_af_005,1,Random Forest,0.8658165887053287,1
mimic_perform_af_005,1,Random Forest,0.5902810963029378,1
mimic_perform_af_005,1,Random Forest,0.6004002899644776,1
mimic_perform_af_005,1,Random Forest,0.6791653655130456,1
mimic_perform_af_005,1,Random Forest,0.6831869037213152,1
mimic_perform_af_005,1,Random Forest,0.7155179554346103,1
mimic_perform_af_005,1,Random Forest,0.6497432321277175,1
mimic_perform_af_005,1,Random Forest,0.7063130283971681,1
mimic_perform_af_005,1,Random Forest,0.4674802599564658,0
mimic_perform_af_005,1,Random Forest,0.31718320392710464,0
mimic_perform_af_005,1,Random Forest,0.6772162118413608,1
mimic_perform_af_005,1,Random Forest,0.6425371377965474,1
mimic_perform_af_005,1,Random Forest,0.6420676319783033,1
mimic_perform_af_005,1,Random Forest,0.7735869958740856,1
mimic_perform_af_005,1,Random Forest,0.3536553541370702,0
mimic_perform_af_005,1,Random Forest,0.29878172711799,0
mimic_perform_af_005,1,Random Forest,0.2911683637546266,0
mimic_perform_af_005,1,Random Forest,0.5751862180983636,1
mimic_perform_af_005,1,Random Forest,0.6475252319592097,1
mimic_perform_af_005,1,Random Forest,0.659751768728727,1
mimic_perform_af_005,1,Random Forest,0.6756441835476278,1
mimic_perform_af_005,1,Random Forest,0.6303579023440004,1
mimic_perform_af_005,1,Random Forest,0.7300361294674369,1
mimic_perform_af_006,1,Random Forest,0.9942407257830103,1
mimic_perform_af_006,1,Random Forest,0.9926186612522427,1
mimic_perform_af_006,1,Random Forest,0.9925170197219921,1
mimic_perform_af_006,1,Random Forest,0.9924924263455468,1
mimic_perform_af_006,1,Random Forest,0.9948646915303546,1
mimic_perform_af_006,1,Random Forest,0.9945861619923214,1
mimic_perform_af_006,1,Random Forest,0.9929286064621501,1
mimic_perform_af_006,1,Random Forest,0.7471921978316436,1
mimic_perform_af_006,1,Random Forest,0.767591810344589,1
mimic_perform_af_006,1,Random Forest,0.9261907302966115,1
mimic_perform_af_006,1,Random Forest,0.9560658258131639,1
mimic_perform_af_006,1,Random Forest,0.9841527731407664,1
mimic_perform_af_006,1,Random Forest,0.9815512521331208,1
mimic_perform_af_006,1,Random Forest,0.9945229907983858,1
mimic_perform_af_006,1,Random Forest,0.9946857327451051,1
mimic_perform_af_006,1,Random Forest,0.9927205331178698,1
mimic_perform_af_006,1,Random Forest,0.9927511500644697,1
mimic_perform_af_006,1,Random Forest,0.9945229907983858,1
mimic_perform_af_006,1,Random Forest,0.9946583354848312,1
mimic_perform_af_006,1,Random Forest,0.9944515622269573,1
mimic_perform_af_006,1,Random Forest,0.9935236861686494,1
mimic_perform_af_006,1,Random Forest,0.9932333826972167,1
mimic_perform_af_006,1,Random Forest,0.9932368595353392,1
mimic_perform_af_006,1,Random Forest,0.9932382827696391,1
mimic_perform_af_006,1,Random Forest,0.9928314035117655,1
mimic_perform_af_006,1,Random Forest,0.9902158225595046,1
mimic_perform_af_006,1,Random Forest,0.9875015284544517,1
mimic_perform_af_006,1,Random Forest,0.9877952976161708,1
mimic_perform_af_006,1,Random Forest,0.993183173445141,1
mimic_perform_af_006,1,Random Forest,0.9928040062514916,1
mimic_perform_af_006,1,Random Forest,0.9930000350335786,1
mimic_perform_af_006,1,Random Forest,0.6795950473078163,1
mimic_perform_af_006,1,Random Forest,0.6965219108985763,1
mimic_perform_af_006,1,Random Forest,0.9855936587323206,1
mimic_perform_af_006,1,Random Forest,0.995093334974657,1
mimic_perform_af_006,1,Random Forest,0.9945699347340292,1
mimic_perform_af_006,1,Random Forest,0.9919089030528059,1
mimic_perform_af_006,1,Random Forest,0.9940275462504488,1
mimic_perform_af_006,1,Random Forest,0.9332525705536997,1
mimic_perform_af_006,1,Random Forest,0.9946857327451051,1
mimic_perform_af_006,1,Random Forest,0.5241549343172263,1
mimic_perform_af_006,1,Random Forest,0.7001484980735238,1
mimic_perform_af_006,1,Random Forest,0.5381279744705519,1
mimic_perform_af_006,1,Random Forest,0.4867681035730336,0
mimic_perform_af_006,1,Random Forest,0.8837495782197419,1
mimic_perform_af_006,1,Random Forest,0.8645875456334601,1
mimic_perform_af_006,1,Random Forest,0.4811549722409154,0
mimic_perform_af_006,1,Random Forest,0.8186964222960477,1
mimic_perform_af_006,1,Random Forest,0.8100509279546744,1
mimic_perform_af_006,1,Random Forest,0.9919238609417711,1
mimic_perform_af_006,1,Random Forest,0.9750539674509529,1
mimic_perform_af_006,1,Random Forest,0.9925884482934206,1
mimic_perform_af_006,1,Random Forest,0.8312337000560196,1
mimic_perform_af_006,1,Random Forest,0.7590523596263593,1
mimic_perform_af_006,1,Random Forest,0.9823062297638561,1
mimic_perform_af_006,1,Random Forest,0.9930000350335786,1
mimic_perform_af_006,1,Random Forest,0.7867520890280651,1
mimic_perform_af_006,1,Random Forest,0.992450671359739,1
mimic_perform_af_006,1,Random Forest,0.9929480695827649,1
mimic_perform_af_006,1,Random Forest,0.9932382827696391,1
mimic_perform_af_006,1,Random Forest,0.9940710297219489,1
mimic_perform_af_006,1,Random Forest,0.9925494971914415,1
mimic_perform_af_006,1,Random Forest,0.9856410561767847,1
mimic_perform_af_006,1,Random Forest,0.9932607799574906,1
mimic_perform_af_006,1,Random Forest,0.9621503652766075,1
mimic_perform_af_006,1,Random Forest,0.980742758127448,1
mimic_perform_af_006,1,Random Forest,0.962989883885168,1
mimic_perform_af_006,1,Random Forest,0.8493659829628548,1
mimic_perform_af_006,1,Random Forest,0.913960262384272,1
mimic_perform_af_006,1,Random Forest,0.9906034968976501,1
mimic_perform_af_006,1,Random Forest,0.9934324103553659,1
mimic_perform_af_006,1,Random Forest,0.9934065555964006,1
mimic_perform_af_006,1,Random Forest,0.9925089785528678,1
mimic_perform_af_006,1,Random Forest,0.9940450556959749,1
mimic_perform_af_006,1,Random Forest,0.9948830201093959,1
mimic_perform_af_006,1,Random Forest,0.9946128809393767,1
mimic_perform_af_006,1,Random Forest,0.9948632682960546,1
mimic_perform_af_006,1,Random Forest,0.9924924263455468,1
mimic_perform_af_006,1,Random Forest,0.9930000350335786,1
mimic_perform_af_006,1,Random Forest,0.9945215675640859,1
mimic_perform_af_006,1,Random Forest,0.9929595163950049,1
mimic_perform_af_006,1,Random Forest,0.9932607799574906,1
mimic_perform_af_006,1,Random Forest,0.9906124315098169,1
mimic_perform_af_006,1,Random Forest,0.9150976244860567,1
mimic_perform_af_006,1,Random Forest,0.9160847071285206,1
mimic_perform_af_006,1,Random Forest,0.807557861784532,1
mimic_perform_af_006,1,Random Forest,0.7479606261155961,1
mimic_perform_af_006,1,Random Forest,0.9723794209659542,1
mimic_perform_af_006,1,Random Forest,0.9917170540316803,1
mimic_perform_af_006,1,Random Forest,0.992260968355713,1
mimic_perform_af_006,1,Random Forest,0.951214435039072,1
mimic_perform_af_006,1,Random Forest,0.9894951327130892,1
mimic_perform_af_006,1,Random Forest,0.9932382827696391,1
mimic_perform_af_006,1,Random Forest,0.9930000350335786,1
mimic_perform_af_006,1,Random Forest,0.9939817570833986,1
mimic_perform_af_006,1,Random Forest,0.9921244554132181,1
mimic_perform_af_006,1,Random Forest,0.9946857327451051,1
mimic_perform_af_006,1,Random Forest,0.9948646915303546,1
mimic_perform_af_006,1,Random Forest,0.9822364695027693,1
mimic_perform_af_006,1,Random Forest,0.9920487239070535,1
mimic_perform_af_006,1,Random Forest,0.8454580315149149,1
mimic_perform_af_006,1,Random Forest,0.8659758280305465,1
mimic_perform_af_006,1,Random Forest,0.6502829009420222,1
mimic_perform_af_006,1,Random Forest,0.6358344764863165,1
mimic_perform_af_006,1,Random Forest,0.2890174451574879,0
mimic_perform_af_006,1,Random Forest,0.8323226253210358,1
mimic_perform_af_006,1,Random Forest,0.9916939600047594,1
mimic_perform_af_006,1,Random Forest,0.9932814266230917,1
mimic_perform_af_006,1,Random Forest,0.9921039792083228,1
mimic_perform_af_006,1,Random Forest,0.9892481543220544,1
mimic_perform_af_006,1,Random Forest,0.4071083775081386,0
mimic_perform_af_006,1,Random Forest,0.8828003652761364,1
mimic_perform_af_006,1,Random Forest,0.8898457837138826,1
mimic_perform_af_006,1,Random Forest,0.7440414095317572,1
mimic_perform_af_006,1,Random Forest,0.9871094541656973,1
mimic_perform_af_006,1,Random Forest,0.9911099267960195,1
mimic_perform_af_006,1,Random Forest,0.9943146244678506,1
mimic_perform_af_006,1,Random Forest,0.9946583354848312,1
mimic_perform_af_007,1,Random Forest,0.46292561697421597,0
mimic_perform_af_007,1,Random Forest,0.6079755302995142,1
mimic_perform_af_007,1,Random Forest,0.8922671839560172,1
mimic_perform_af_007,1,Random Forest,0.9944512028728334,1
mimic_perform_af_007,1,Random Forest,0.9939356752531407,1
mimic_perform_af_007,1,Random Forest,0.9937049052529277,1
mimic_perform_af_007,1,Random Forest,0.9840410749527878,1
mimic_perform_af_007,1,Random Forest,0.9933161859498743,1
mimic_perform_af_007,1,Random Forest,0.9943546840454701,1
mimic_perform_af_007,1,Random Forest,0.9939345267196016,1
mimic_perform_af_007,1,Random Forest,0.9944355042857063,1
mimic_perform_af_007,1,Random Forest,0.9937564280433079,1
mimic_perform_af_007,1,Random Forest,0.9908494136948455,1
mimic_perform_af_007,1,Random Forest,0.9917171703919064,1
mimic_perform_af_007,1,Random Forest,0.9910472159988861,1
mimic_perform_af_007,1,Random Forest,0.9916769034191619,1
mimic_perform_af_007,1,Random Forest,0.9899621959082401,1
mimic_perform_af_007,1,Random Forest,0.9924811989963517,1
mimic_perform_af_007,1,Random Forest,0.9929242979599515,1
mimic_perform_af_007,1,Random Forest,0.9804613941278613,1
mimic_perform_af_007,1,Random Forest,0.9922460742820872,1
mimic_perform_af_007,1,Random Forest,0.9928910753685894,1
mimic_perform_af_007,1,Random Forest,0.9941727999874991,1
mimic_perform_af_007,1,Random Forest,0.9941727999874991,1
mimic_perform_af_007,1,Random Forest,0.9930553213269727,1
mimic_perform_af_007,1,Random Forest,0.9944239054204291,1
mimic_perform_af_007,1,Random Forest,0.9948187899106335,1
mimic_perform_af_007,1,Random Forest,0.9869889695532599,1
mimic_perform_af_007,1,Random Forest,0.9944446367057975,1
mimic_perform_af_007,1,Random Forest,0.994290732561775,1
mimic_perform_af_007,1,Random Forest,0.993004886018053,1
mimic_perform_af_007,1,Random Forest,0.9927860363468946,1
mimic_perform_af_007,1,Random Forest,0.99211952135065,1
mimic_perform_af_007,1,Random Forest,0.992971663426691,1
mimic_perform_af_007,1,Random Forest,0.9929722595906469,1
mimic_perform_af_007,1,Random Forest,0.9871917068366853,1
mimic_perform_af_007,1,Random Forest,0.9267230429500194,1
mimic_perform_af_007,1,Random Forest,0.975681816888932,1
mimic_perform_af_007,1,Random Forest,0.9943123290340166,1
mimic_perform_af_007,1,Random Forest,0.9941272376949121,1
mimic_perform_af_007,1,Random Forest,0.9939345267196016,1
mimic_perform_af_007,1,Random Forest,0.9915249868179595,1
mimic_perform_af_007,1,Random Forest,0.9841441986421431,1
mimic_perform_af_007,1,Random Forest,0.9792939492920906,1
mimic_perform_af_007,1,Random Forest,0.9910771561734981,1
mimic_perform_af_007,1,Random Forest,0.992687490508047,1
mimic_perform_af_007,1,Random Forest,0.9939631646576623,1
mimic_perform_af_007,1,Random Forest,0.9921963083972857,1
mimic_perform_af_007,1,Random Forest,0.9941395773961369,1
mimic_perform_af_007,1,Random Forest,0.9941727999874991,1
mimic_perform_af_007,1,Random Forest,0.9872232967730774,1
mimic_perform_af_007,1,Random Forest,0.9942957050272996,1
mimic_perform_af_007,1,Random Forest,0.9943156447959234,1
mimic_perform_af_007,1,Random Forest,0.9944819384006487,1
mimic_perform_af_007,1,Random Forest,0.9936234620959107,1
mimic_perform_af_007,1,Random Forest,0.9934327346049061,1
mimic_perform_af_007,1,Random Forest,0.9683941673669895,1
mimic_perform_af_007,1,Random Forest,0.9944709089117458,1
mimic_perform_af_007,1,Random Forest,0.9944355042857063,1
mimic_perform_af_007,1,Random Forest,0.9944026456761654,1
mimic_perform_af_007,1,Random Forest,0.9940525705029527,1
mimic_perform_af_007,1,Random Forest,0.9926062592154252,1
mimic_perform_af_007,1,Random Forest,0.9932929353464993,1
mimic_perform_af_007,1,Random Forest,0.9927604061661608,1
mimic_perform_af_007,1,Random Forest,0.9920596363058163,1
mimic_perform_af_007,1,Random Forest,0.9943546840454701,1
mimic_perform_af_007,1,Random Forest,0.9925172560284015,1
mimic_perform_af_007,1,Random Forest,0.9943214614541079,1
mimic_perform_af_007,1,Random Forest,0.9928910753685894,1
mimic_perform_af_007,1,Random Forest,0.9900289904608909,1
mimic_perform_af_007,1,Random Forest,0.9878329855726509,1
mimic_perform_af_007,1,Random Forest,0.992486844894064,1
mimic_perform_af_007,1,Random Forest,0.9917432668003237,1
mimic_perform_af_007,1,Random Forest,0.9943182541729745,1
mimic_perform_af_007,1,Random Forest,0.9943570833835786,1
mimic_perform_af_007,1,Random Forest,0.9928910753685894,1
mimic_perform_af_007,1,Random Forest,0.9937207427798247,1
mimic_perform_af_007,1,Random Forest,0.965166165964417,1
mimic_perform_af_007,1,Random Forest,0.9933161859498743,1
mimic_perform_af_007,1,Random Forest,0.9936624246204853,1
mimic_perform_af_007,1,Random Forest,0.9939356752531407,1
mimic_perform_af_007,1,Random Forest,0.9916485361904953,1
mimic_perform_af_007,1,Random Forest,0.9936960294419444,1
mimic_perform_af_007,1,Random Forest,0.9944932683636951,1
mimic_perform_af_007,1,Random Forest,0.9942684227526282,1
mimic_perform_af_007,1,Random Forest,0.9673358092640137,1
mimic_perform_af_007,1,Random Forest,0.9697666861426655,1
mimic_perform_af_007,1,Random Forest,0.9620359646752331,1
mimic_perform_af_007,1,Random Forest,0.992537758894016,1
mimic_perform_af_007,1,Random Forest,0.9928746568656021,1
mimic_perform_af_007,1,Random Forest,0.993570842631571,1
mimic_perform_af_007,1,Random Forest,0.9932651473431616,1
mimic_perform_af_007,1,Random Forest,0.9937444322545081,1
mimic_perform_af_007,1,Random Forest,0.9856983968436155,1
mimic_perform_af_007,1,Random Forest,0.9847979261577533,1
mimic_perform_af_007,1,Random Forest,0.990409563045962,1
mimic_perform_af_007,1,Random Forest,0.9909346640030492,1
mimic_perform_af_007,1,Random Forest,0.9928898776661867,1
mimic_perform_af_007,1,Random Forest,0.9710771935853374,1
mimic_perform_af_007,1,Random Forest,0.8270870845318973,1
mimic_perform_af_007,1,Random Forest,0.6722871870489077,1
mimic_perform_af_007,1,Random Forest,0.7856122984284726,1
mimic_perform_af_007,1,Random Forest,0.9030848809935531,1
mimic_perform_af_007,1,Random Forest,0.753935033253528,1
mimic_perform_af_007,1,Random Forest,0.32082812833242275,0
mimic_perform_af_007,1,Random Forest,0.1590357344902229,0
mimic_perform_af_007,1,Random Forest,0.05691872262894703,0
mimic_perform_af_007,1,Random Forest,0.0831352184047175,0
mimic_perform_af_007,1,Random Forest,0.025120414725111045,0
mimic_perform_af_007,1,Random Forest,0.3876700861967888,0
mimic_perform_af_007,1,Random Forest,0.4801277267028852,0
mimic_perform_af_007,1,Random Forest,0.3518071314885869,0
mimic_perform_af_007,1,Random Forest,0.19351750343744786,0
mimic_perform_af_007,1,Random Forest,0.40612927544517374,0
mimic_perform_af_007,1,Random Forest,0.1443373965135534,0
mimic_perform_af_007,1,Random Forest,0.0332022013130207,0
mimic_perform_af_007,1,Random Forest,0.08919439491655791,0
mimic_perform_af_007,1,Random Forest,0.2110581631997791,0
mimic_perform_af_008,1,Random Forest,0.9979125663883963,1
mimic_perform_af_008,1,Random Forest,0.9987888606598364,1
mimic_perform_af_008,1,Random Forest,0.9919998034280667,1
mimic_perform_af_008,1,Random Forest,0.9321568862350188,1
mimic_perform_af_008,1,Random Forest,0.9925008842822317,1
mimic_perform_af_008,1,Random Forest,0.9988142092022954,1
mimic_perform_af_008,1,Random Forest,0.9474240595970512,1
mimic_perform_af_008,1,Random Forest,0.8604094226157213,1
mimic_perform_af_008,1,Random Forest,0.8522181002524956,1
mimic_perform_af_008,1,Random Forest,0.8748562625470158,1
mimic_perform_af_008,1,Random Forest,0.8586565432488203,1
mimic_perform_af_008,1,Random Forest,0.8691417681108614,1
mimic_perform_af_008,1,Random Forest,0.9985390084780748,1
mimic_perform_af_008,1,Random Forest,0.9986795069458277,1
mimic_perform_af_008,1,Random Forest,0.964486726175628,1
mimic_perform_af_008,1,Random Forest,0.9945740292648954,1
mimic_perform_af_008,1,Random Forest,0.8236155073909447,1
mimic_perform_af_008,1,Random Forest,0.7658293290843061,1
mimic_perform_af_008,1,Random Forest,0.7253854942356982,1
mimic_perform_af_008,1,Random Forest,0.8001352037480077,1
mimic_perform_af_008,1,Random Forest,0.9543562422014429,1
mimic_perform_af_008,1,Random Forest,0.815116576434035,1
mimic_perform_af_008,1,Random Forest,0.9987048554882866,1
mimic_perform_af_008,1,Random Forest,0.9039251189566462,1
mimic_perform_af_008,1,Random Forest,0.9985868935657709,1
mimic_perform_af_008,1,Random Forest,0.9802457340720355,1
mimic_perform_af_008,1,Random Forest,0.9570485194443284,1
mimic_perform_af_008,1,Random Forest,0.9596989499702956,1
mimic_perform_af_008,1,Random Forest,0.8268641668875958,1
mimic_perform_af_008,1,Random Forest,0.8810093332032083,1
mimic_perform_af_008,1,Random Forest,0.9721478673006956,1
mimic_perform_af_008,1,Random Forest,0.9855654972804668,1
mimic_perform_af_008,1,Random Forest,0.9856354978329847,1
mimic_perform_af_008,1,Random Forest,0.9835254865539658,1
mimic_perform_af_008,1,Random Forest,0.9680973168486133,1
mimic_perform_af_008,1,Random Forest,0.8292142776969239,1
mimic_perform_af_008,1,Random Forest,0.807643558913946,1
mimic_perform_af_008,1,Random Forest,0.8282706692491563,1
mimic_perform_af_008,1,Random Forest,0.7990340512087134,1
mimic_perform_af_008,1,Random Forest,0.7793392368153291,1
mimic_perform_af_008,1,Random Forest,0.45398517648335446,0
mimic_perform_af_008,1,Random Forest,0.7864280851607163,1
mimic_perform_af_008,1,Random Forest,0.8088861520904356,1
mimic_perform_af_008,1,Random Forest,0.7029370200432608,1
mimic_perform_af_008,1,Random Forest,0.985720481604682,1
mimic_perform_af_008,1,Random Forest,0.998902961172778,1
mimic_perform_af_008,1,Random Forest,0.9922921604949706,1
mimic_perform_af_008,1,Random Forest,0.8340232684482553,1
mimic_perform_af_008,1,Random Forest,0.8557516717944835,1
mimic_perform_af_008,1,Random Forest,0.8437402713825465,1
mimic_perform_af_008,1,Random Forest,0.8309567874374547,1
mimic_perform_af_008,1,Random Forest,0.9091392053961128,1
mimic_perform_af_008,1,Random Forest,0.86511154987282,1
mimic_perform_af_008,1,Random Forest,0.9679893724743249,1
mimic_perform_af_008,1,Random Forest,0.9615307882807212,1
mimic_perform_af_008,1,Random Forest,0.9769262199895519,1
mimic_perform_af_008,1,Random Forest,0.8333763926896683,1
mimic_perform_af_008,1,Random Forest,0.732035873655236,1
mimic_perform_af_008,1,Random Forest,0.7683448903685716,1
mimic_perform_af_008,1,Random Forest,0.8471565578313068,1
mimic_perform_af_008,1,Random Forest,0.8944596635872377,1
mimic_perform_af_008,1,Random Forest,0.9389814554515463,1
mimic_perform_af_008,1,Random Forest,0.9566896896311028,1
mimic_perform_af_008,1,Random Forest,0.987060398351073,1
mimic_perform_af_008,1,Random Forest,0.9961624124241045,1
mimic_perform_af_008,1,Random Forest,0.9978220670678223,1
mimic_perform_af_008,1,Random Forest,0.9728342957353587,1
mimic_perform_af_008,1,Random Forest,0.9677479333444957,1
mimic_perform_af_008,1,Random Forest,0.9633836735299174,1
mimic_perform_af_008,1,Random Forest,0.9817002867301232,1
mimic_perform_af_008,1,Random Forest,0.9119298240499506,1
mimic_perform_af_008,1,Random Forest,0.8296453003976384,1
mimic_perform_af_008,1,Random Forest,0.7975603319877101,1
mimic_perform_af_008,1,Random Forest,0.9701627472984463,1
mimic_perform_af_008,1,Random Forest,0.9565598929476202,1
mimic_perform_af_008,1,Random Forest,0.7085553527980536,1
mimic_perform_af_008,1,Random Forest,0.9901676358144107,1
mimic_perform_af_008,1,Random Forest,0.8825385111376078,1
mimic_perform_af_008,1,Random Forest,0.9270121179251508,1
mimic_perform_af_008,1,Random Forest,0.9198477444107158,1
mimic_perform_af_008,1,Random Forest,0.9396744771812108,1
mimic_perform_af_008,1,Random Forest,0.998544186743642,1
mimic_perform_af_008,1,Random Forest,0.9952448670157509,1
mimic_perform_af_008,1,Random Forest,0.9885782003490842,1
mimic_perform_af_008,1,Random Forest,0.9931974682941794,1
mimic_perform_af_008,1,Random Forest,0.9889107474861806,1
mimic_perform_af_008,1,Random Forest,0.8238231353817567,1
mimic_perform_af_008,1,Random Forest,0.9716771911280673,1
mimic_perform_af_008,1,Random Forest,0.724595342130175,1
mimic_perform_af_008,1,Random Forest,0.8811505730457974,1
mimic_perform_af_008,1,Random Forest,0.9587052970017779,1
mimic_perform_af_008,1,Random Forest,0.9922350403262243,1
mimic_perform_af_008,1,Random Forest,0.9983183695711565,1
mimic_perform_af_008,1,Random Forest,0.9986486219608327,1
mimic_perform_af_008,1,Random Forest,0.9986919258512038,1
mimic_perform_af_008,1,Random Forest,0.9984126038698751,1
mimic_perform_af_008,1,Random Forest,0.9986929077992112,1
mimic_perform_af_008,1,Random Forest,0.9813562196486112,1
mimic_perform_af_008,1,Random Forest,0.9385862926600419,1
mimic_perform_af_008,1,Random Forest,0.6762958471036888,1
mimic_perform_af_008,1,Random Forest,0.976576249447387,1
mimic_perform_af_008,1,Random Forest,0.9737132186739321,1
mimic_perform_af_008,1,Random Forest,0.9750145260106667,1
mimic_perform_af_008,1,Random Forest,0.7926813590765716,1
mimic_perform_af_008,1,Random Forest,0.6826470409128769,1
mimic_perform_af_008,1,Random Forest,0.9500000565311746,1
mimic_perform_af_008,1,Random Forest,0.7902409072722064,1
mimic_perform_af_008,1,Random Forest,0.8901561302507526,1
mimic_perform_af_008,1,Random Forest,0.7277218130624612,1
mimic_perform_af_008,1,Random Forest,0.8173375957455814,1
mimic_perform_af_008,1,Random Forest,0.82244946145222,1
mimic_perform_af_008,1,Random Forest,0.24651428521921404,0
mimic_perform_af_008,1,Random Forest,0.6467072504760636,1
mimic_perform_af_008,1,Random Forest,0.7996286062736246,1
mimic_perform_af_008,1,Random Forest,0.9800666658439547,1
mimic_perform_af_008,1,Random Forest,0.9756752383521717,1
mimic_perform_af_008,1,Random Forest,0.9834656312561803,1
mimic_perform_af_008,1,Random Forest,0.9813627673944317,1
mimic_perform_af_009,1,Random Forest,0.7657810307853358,1
mimic_perform_af_009,1,Random Forest,0.9067409068880729,1
mimic_perform_af_009,1,Random Forest,0.397718081848923,0
mimic_perform_af_009,1,Random Forest,0.5974181077951758,1
mimic_perform_af_009,1,Random Forest,0.9180128148378236,1
mimic_perform_af_009,1,Random Forest,0.9982977035937097,1
mimic_perform_af_009,1,Random Forest,0.9699773601113632,1
mimic_perform_af_009,1,Random Forest,0.984780997393478,1
mimic_perform_af_009,1,Random Forest,0.9993266953664764,1
mimic_perform_af_009,1,Random Forest,0.9993064319419578,1
mimic_perform_af_009,1,Random Forest,0.999425498508361,1
mimic_perform_af_009,1,Random Forest,0.9993113462781616,1
mimic_perform_af_009,1,Random Forest,0.9990342594940531,1
mimic_perform_af_009,1,Random Forest,0.9991423676021611,1
mimic_perform_af_009,1,Random Forest,0.9994732149364457,1
mimic_perform_af_009,1,Random Forest,0.9994180195673897,1
mimic_perform_af_009,1,Random Forest,0.9994180195673897,1
mimic_perform_af_009,1,Random Forest,0.9990739040300479,1
mimic_perform_af_009,1,Random Forest,0.9993755947371471,1
mimic_perform_af_009,1,Random Forest,0.9991947352851465,1
mimic_perform_af_009,1,Random Forest,0.9928613022696078,1
mimic_perform_af_009,1,Random Forest,0.9995633230354893,1
mimic_perform_af_009,1,Random Forest,0.9995633230354893,1
mimic_perform_af_009,1,Random Forest,0.9986599255032085,1
mimic_perform_af_009,1,Random Forest,0.8539421184203426,1
mimic_perform_af_009,1,Random Forest,0.8696192146863283,1
mimic_perform_af_009,1,Random Forest,0.9471069635051734,1
mimic_perform_af_009,1,Random Forest,0.9715169612839181,1
mimic_perform_af_009,1,Random Forest,0.95958708223521,1
mimic_perform_af_009,1,Random Forest,0.9994194543862701,1
mimic_perform_af_009,1,Random Forest,0.8004773679939415,1
mimic_perform_af_009,1,Random Forest,0.8776530261648149,1
mimic_perform_af_009,1,Random Forest,0.7916579598306787,1
mimic_perform_af_009,1,Random Forest,0.999511653978877,1
mimic_perform_af_009,1,Random Forest,0.9992985891304251,1
mimic_perform_af_009,1,Random Forest,0.9994010340712585,1
mimic_perform_af_009,1,Random Forest,0.9942658755146586,1
mimic_perform_af_009,1,Random Forest,0.9220160706765421,1
mimic_perform_af_009,1,Random Forest,0.9426678786402755,1
mimic_perform_af_009,1,Random Forest,0.541550985354993,1
mimic_perform_af_009,1,Random Forest,0.9990358081019396,1
mimic_perform_af_009,1,Random Forest,0.992450493760294,1
mimic_perform_af_009,1,Random Forest,0.9931755149081212,1
mimic_perform_af_009,1,Random Forest,0.9991947352851465,1
mimic_perform_af_009,1,Random Forest,0.9825627723086181,1
mimic_perform_af_009,1,Random Forest,0.999307131165034,1
mimic_perform_af_009,1,Random Forest,0.9981821953433658,1
mimic_perform_af_009,1,Random Forest,0.9989350175116397,1
mimic_perform_af_009,1,Random Forest,0.9994043372282958,1
mimic_perform_af_009,1,Random Forest,0.9993190571494737,1
mimic_perform_af_009,1,Random Forest,0.9994043372282958,1
mimic_perform_af_009,1,Random Forest,0.9238189432122336,1
mimic_perform_af_009,1,Random Forest,0.8719434657433065,1
mimic_perform_af_009,1,Random Forest,0.7301156460278767,1
mimic_perform_af_009,1,Random Forest,0.8544104782635045,1
mimic_perform_af_009,1,Random Forest,0.9992180110180493,1
mimic_perform_af_009,1,Random Forest,0.9994180195673897,1
mimic_perform_af_009,1,Random Forest,0.9994180195673897,1
mimic_perform_af_009,1,Random Forest,0.9994732149364457,1
mimic_perform_af_009,1,Random Forest,0.999511653978877,1
mimic_perform_af_009,1,Random Forest,0.999452951511927,1
mimic_perform_af_009,1,Random Forest,0.9993555831889226,1
mimic_perform_af_009,1,Random Forest,0.9993991909617513,1
mimic_perform_af_009,1,Random Forest,0.9993807706467398,1
mimic_perform_af_009,1,Random Forest,0.999489232808236,1
mimic_perform_af_009,1,Random Forest,0.9994195185478955,1
mimic_perform_af_009,1,Random Forest,0.9993616273110135,1
mimic_perform_af_009,1,Random Forest,0.9992424517132308,1
mimic_perform_af_009,1,Random Forest,0.9992484958353222,1
mimic_perform_af_009,1,Random Forest,0.9992424517132308,1
mimic_perform_af_009,1,Random Forest,0.9991560515456163,1
mimic_perform_af_009,1,Random Forest,0.9993604775791728,1
mimic_perform_af_009,1,Random Forest,0.99945205365638,1
mimic_perform_af_009,1,Random Forest,0.9992424517132308,1
mimic_perform_af_009,1,Random Forest,0.9992480654877687,1
mimic_perform_af_009,1,Random Forest,0.9859497332717208,1
mimic_perform_af_009,1,Random Forest,0.9856419400273065,1
mimic_perform_af_009,1,Random Forest,0.9992869348777534,1
mimic_perform_af_009,1,Random Forest,0.9992484958353222,1
mimic_perform_af_009,1,Random Forest,0.9990253048814446,1
mimic_perform_af_009,1,Random Forest,0.9994043372282958,1
mimic_perform_af_009,1,Random Forest,0.9991446194547889,1
mimic_perform_af_009,1,Random Forest,0.9990788918698857,1
mimic_perform_af_009,1,Random Forest,0.9991947352851465,1
mimic_perform_af_009,1,Random Forest,0.999425498508361,1
mimic_perform_af_009,1,Random Forest,0.9994194543862701,1
mimic_perform_af_009,1,Random Forest,0.9994469073898357,1
mimic_perform_af_009,1,Random Forest,0.9987409338859597,1
mimic_perform_af_009,1,Random Forest,0.9990932232740469,1
mimic_perform_af_009,1,Random Forest,0.9993755947371471,1
mimic_perform_af_009,1,Random Forest,0.9984440356118007,1
mimic_perform_af_009,1,Random Forest,0.9994194543862701,1
mimic_perform_af_009,1,Random Forest,0.9991423676021611,1
mimic_perform_af_009,1,Random Forest,0.9993979086073226,1
mimic_perform_af_009,1,Random Forest,0.9993616273110135,1
mimic_perform_af_009,1,Random Forest,0.9923086221872883,1
mimic_perform_af_009,1,Random Forest,0.9993991909617513,1
mimic_perform_af_009,1,Random Forest,0.9994194543862701,1
mimic_perform_af_009,1,Random Forest,0.9989290036719968,1
mimic_perform_af_009,1,Random Forest,0.9873143942754449,1
mimic_perform_af_009,1,Random Forest,0.9555843635737657,1
mimic_perform_af_009,1,Random Forest,0.9991423676021611,1
mimic_perform_af_009,1,Random Forest,0.9991622088720025,1
mimic_perform_af_009,1,Random Forest,0.9990739040300479,1
mimic_perform_af_009,1,Random Forest,0.9991947352851465,1
mimic_perform_af_009,1,Random Forest,0.9992491855765612,1
mimic_perform_af_009,1,Random Forest,0.9974541029925729,1
mimic_perform_af_009,1,Random Forest,0.9954937491680369,1
mimic_perform_af_009,1,Random Forest,0.9939569978563054,1
mimic_perform_af_009,1,Random Forest,0.9869460984261531,1
mimic_perform_af_009,1,Random Forest,0.9277518650143096,1
mimic_perform_af_009,1,Random Forest,0.9845578931208778,1
mimic_perform_af_009,1,Random Forest,0.9219622487677024,1
mimic_perform_af_009,1,Random Forest,0.9927625778500241,1
mimic_perform_af_009,1,Random Forest,0.947880537880864,1
mimic_perform_af_009,1,Random Forest,0.855668361122395,1
mimic_perform_af_009,1,Random Forest,0.9212419899411498,1
mimic_perform_af_009,1,Random Forest,0.9451071449844708,1
mimic_perform_af_010,1,Random Forest,0.9666158642336045,1
mimic_perform_af_010,1,Random Forest,0.997053074768974,1
mimic_perform_af_010,1,Random Forest,0.9843063156114833,1
mimic_perform_af_010,1,Random Forest,0.9496515686533071,1
mimic_perform_af_010,1,Random Forest,0.9448849757245125,1
mimic_perform_af_010,1,Random Forest,0.9566613159106472,1
mimic_perform_af_010,1,Random Forest,0.9331176240248592,1
mimic_perform_af_010,1,Random Forest,0.9691469336649357,1
mimic_perform_af_010,1,Random Forest,0.9344583607925391,1
mimic_perform_af_010,1,Random Forest,0.9748279539121559,1
mimic_perform_af_010,1,Random Forest,0.9834015853379272,1
mimic_perform_af_010,1,Random Forest,0.9753440177867975,1
mimic_perform_af_010,1,Random Forest,0.9846612403953927,1
mimic_perform_af_010,1,Random Forest,0.985211612677126,1
mimic_perform_af_010,1,Random Forest,0.9657541178808045,1
mimic_perform_af_010,1,Random Forest,0.9803621293028634,1
mimic_perform_af_010,1,Random Forest,0.9791394131573316,1
mimic_perform_af_010,1,Random Forest,0.8582568672503381,1
mimic_perform_af_010,1,Random Forest,0.9811674588645464,1
mimic_perform_af_010,1,Random Forest,0.9784619657577545,1
mimic_perform_af_010,1,Random Forest,0.9690128979699204,1
mimic_perform_af_010,1,Random Forest,0.8758834251095619,1
mimic_perform_af_010,1,Random Forest,0.8917556937387877,1
mimic_perform_af_010,1,Random Forest,0.8298332490231431,1
mimic_perform_af_010,1,Random Forest,0.9932873926191047,1
mimic_perform_af_010,1,Random Forest,0.8631802203736716,1
mimic_perform_af_010,1,Random Forest,0.938283569140096,1
mimic_perform_af_010,1,Random Forest,0.8865534666281458,1
mimic_perform_af_010,1,Random Forest,0.7838999790176273,1
mimic_perform_af_010,1,Random Forest,0.9078740190633423,1
mimic_perform_af_010,1,Random Forest,0.9390093975874214,1
mimic_perform_af_010,1,Random Forest,0.9436965884777796,1
mimic_perform_af_010,1,Random Forest,0.8175996227119433,1
mimic_perform_af_010,1,Random Forest,0.8995343132362691,1
mimic_perform_af_010,1,Random Forest,0.8895119971946275,1
mimic_perform_af_010,1,Random Forest,0.9904741378279633,1
mimic_perform_af_010,1,Random Forest,0.9345430621887192,1
mimic_perform_af_010,1,Random Forest,0.9598758366062553,1
mimic_perform_af_010,1,Random Forest,0.9769097385404406,1
mimic_perform_af_010,1,Random Forest,0.9785905059760154,1
mimic_perform_af_010,1,Random Forest,0.36503997064089966,0
mimic_perform_af_010,1,Random Forest,0.4643377495917163,0
mimic_perform_af_010,1,Random Forest,0.708146365860781,1
mimic_perform_af_010,1,Random Forest,0.13418037628414822,0
mimic_perform_af_010,1,Random Forest,0.15049823312716384,0
mimic_perform_af_010,1,Random Forest,0.7525645656301182,1
mimic_perform_af_010,1,Random Forest,0.9354255162673056,1
mimic_perform_af_010,1,Random Forest,0.9398559431339036,1
mimic_perform_af_010,1,Random Forest,0.9591037306586304,1
mimic_perform_af_010,1,Random Forest,0.9636788647057015,1
mimic_perform_af_010,1,Random Forest,0.9841217452438722,1
mimic_perform_af_010,1,Random Forest,0.9364466027591162,1
mimic_perform_af_010,1,Random Forest,0.9218416745741964,1
mimic_perform_af_010,1,Random Forest,0.9138280390718855,1
mimic_perform_af_010,1,Random Forest,0.9223361285744466,1
mimic_perform_af_010,1,Random Forest,0.950159539635877,1
mimic_perform_af_010,1,Random Forest,0.9483150142918949,1
mimic_perform_af_010,1,Random Forest,0.9023582588106427,1
mimic_perform_af_010,1,Random Forest,0.9761259453308037,1
mimic_perform_af_010,1,Random Forest,0.9799071546955234,1
mimic_perform_af_010,1,Random Forest,0.9901430606484738,1
mimic_perform_af_010,1,Random Forest,0.9876010803355807,1
mimic_perform_af_010,1,Random Forest,0.9882154357186606,1
mimic_perform_af_010,1,Random Forest,0.9765718021590117,1
mimic_perform_af_010,1,Random Forest,0.9965898613130982,1
mimic_perform_af_010,1,Random Forest,0.9819847345318283,1
mimic_perform_af_010,1,Random Forest,0.9724731967251582,1
mimic_perform_af_010,1,Random Forest,0.98787274148328,1
mimic_perform_af_010,1,Random Forest,0.9857418886122501,1
mimic_perform_af_010,1,Random Forest,0.9852876867835325,1
mimic_perform_af_010,1,Random Forest,0.9855339934064647,1
mimic_perform_af_010,1,Random Forest,0.9696977679186436,1
mimic_perform_af_010,1,Random Forest,0.9576812615836972,1
mimic_perform_af_010,1,Random Forest,0.978532236288922,1
mimic_perform_af_010,1,Random Forest,0.9659526529923755,1
mimic_perform_af_010,1,Random Forest,0.9850781095480274,1
mimic_perform_af_010,1,Random Forest,0.9763539398955678,1
mimic_perform_af_010,1,Random Forest,0.9437075697522115,1
mimic_perform_af_010,1,Random Forest,0.9586532984938698,1
mimic_perform_af_010,1,Random Forest,0.927451683059171,1
mimic_perform_af_010,1,Random Forest,0.9715610124049576,1
mimic_perform_af_010,1,Random Forest,0.9630613470597937,1
mimic_perform_af_010,1,Random Forest,0.92486824502604,1
mimic_perform_af_010,1,Random Forest,0.9161153609316576,1
mimic_perform_af_010,1,Random Forest,0.9974856638057679,1
mimic_perform_af_010,1,Random Forest,0.9863444968376982,1
mimic_perform_af_010,1,Random Forest,0.9947495523530919,1
mimic_perform_af_010,1,Random Forest,0.9903452611237619,1
mimic_perform_af_010,1,Random Forest,0.9493433996244361,1
mimic_perform_af_010,1,Random Forest,0.9503130038624374,1
mimic_perform_af_010,1,Random Forest,0.9342523986231572,1
mimic_perform_af_010,1,Random Forest,0.9676998619836417,1
mimic_perform_af_010,1,Random Forest,0.9365208832494297,1
mimic_perform_af_010,1,Random Forest,0.9832988906118072,1
mimic_perform_af_010,1,Random Forest,0.9687363638409323,1
mimic_perform_af_010,1,Random Forest,0.9507158251751034,1
mimic_perform_af_010,1,Random Forest,0.9173880858684983,1
mimic_perform_af_010,1,Random Forest,0.44366296788128845,0
mimic_perform_af_010,1,Random Forest,0.5088774307112113,1
mimic_perform_af_010,1,Random Forest,0.08,0
mimic_perform_af_010,1,Random Forest,0.5495475289273709,1
mimic_perform_af_010,1,Random Forest,0.8228700549320204,1
mimic_perform_af_010,1,Random Forest,0.15092270531400967,0
mimic_perform_af_010,1,Random Forest,0.21782500434067675,0
mimic_perform_af_010,1,Random Forest,0.2160969696969697,0
mimic_perform_af_010,1,Random Forest,0.7348550921131087,1
mimic_perform_af_010,1,Random Forest,0.9149312261008792,1
mimic_perform_af_010,1,Random Forest,0.8077880042649528,1
mimic_perform_af_010,1,Random Forest,0.969731265082706,1
mimic_perform_af_010,1,Random Forest,0.9891863417110185,1
mimic_perform_af_010,1,Random Forest,0.9867849525527277,1
mimic_perform_af_010,1,Random Forest,0.9816678554160622,1
mimic_perform_af_010,1,Random Forest,0.9776343913784745,1
mimic_perform_af_010,1,Random Forest,0.9548813894943092,1
mimic_perform_af_010,1,Random Forest,0.9221828453997951,1
mimic_perform_af_010,1,Random Forest,0.9131192527742114,1
mimic_perform_af_010,1,Random Forest,0.9895100371909941,1
mimic_perform_af_010,1,Random Forest,0.9791243553700731,1
mimic_perform_af_011,1,Random Forest,0.9822294838968467,1
mimic_perform_af_011,1,Random Forest,0.9943815681963621,1
mimic_perform_af_011,1,Random Forest,0.9982412536150745,1
mimic_perform_af_011,1,Random Forest,0.9992774212705171,1
mimic_perform_af_011,1,Random Forest,0.789611050844861,1
mimic_perform_af_011,1,Random Forest,0.9525305747787409,1
mimic_perform_af_011,1,Random Forest,0.9251171829534299,1
mimic_perform_af_011,1,Random Forest,0.943212914440557,1
mimic_perform_af_011,1,Random Forest,0.9915733958651815,1
mimic_perform_af_011,1,Random Forest,0.9597222621593522,1
mimic_perform_af_011,1,Random Forest,0.9897637377348522,1
mimic_perform_af_011,1,Random Forest,0.9386742949057784,1
mimic_perform_af_011,1,Random Forest,0.9768220674775269,1
mimic_perform_af_011,1,Random Forest,0.9230958981151764,1
mimic_perform_af_011,1,Random Forest,0.9986047333738918,1
mimic_perform_af_011,1,Random Forest,0.9970323633417699,1
mimic_perform_af_011,1,Random Forest,0.9918715310166565,1
mimic_perform_af_011,1,Random Forest,0.9824145217209261,1
mimic_perform_af_011,1,Random Forest,0.9918957670074263,1
mimic_perform_af_011,1,Random Forest,0.9991072038799085,1
mimic_perform_af_011,1,Random Forest,0.9925825660874401,1
mimic_perform_af_011,1,Random Forest,0.9991229994132365,1
mimic_perform_af_011,1,Random Forest,0.9983325426695634,1
mimic_perform_af_011,1,Random Forest,0.9984636194448439,1
mimic_perform_af_011,1,Random Forest,0.9917122235734126,1
mimic_perform_af_011,1,Random Forest,0.9674046254250838,1
mimic_perform_af_011,1,Random Forest,0.8632463962875757,1
mimic_perform_af_011,1,Random Forest,0.8475398076299867,1
mimic_perform_af_011,1,Random Forest,0.8745823330148208,1
mimic_perform_af_011,1,Random Forest,0.8489637013051259,1
mimic_perform_af_011,1,Random Forest,0.991027566076098,1
mimic_perform_af_011,1,Random Forest,0.9992218136424854,1
mimic_perform_af_011,1,Random Forest,0.9994662120031057,1
mimic_perform_af_011,1,Random Forest,0.998400062745286,1
mimic_perform_af_011,1,Random Forest,0.999367397773857,1
mimic_perform_af_011,1,Random Forest,0.9988944400609823,1
mimic_perform_af_011,1,Random Forest,0.9469903843824331,1
mimic_perform_af_011,1,Random Forest,0.9738709699495138,1
mimic_perform_af_011,1,Random Forest,0.9670251995794276,1
mimic_perform_af_011,1,Random Forest,0.6742878625737528,1
mimic_perform_af_011,1,Random Forest,0.6728902966904513,1
mimic_perform_af_011,1,Random Forest,0.7357479462666728,1
mimic_perform_af_011,1,Random Forest,0.9994878718680235,1
mimic_perform_af_011,1,Random Forest,0.9994049217617205,1
mimic_perform_af_011,1,Random Forest,0.9993867564574517,1
mimic_perform_af_011,1,Random Forest,0.9993740575641897,1
mimic_perform_af_011,1,Random Forest,0.9989168358433763,1
mimic_perform_af_011,1,Random Forest,0.9994215606968289,1
mimic_perform_af_011,1,Random Forest,0.9994049217617205,1
mimic_perform_af_011,1,Random Forest,0.9991854575821076,1
mimic_perform_af_011,1,Random Forest,0.9994237491580953,1
mimic_perform_af_011,1,Random Forest,0.9994662120031057,1
mimic_perform_af_011,1,Random Forest,0.9986832951893038,1
mimic_perform_af_011,1,Random Forest,0.9984834880924816,1
mimic_perform_af_011,1,Random Forest,0.9955572389630551,1
mimic_perform_af_011,1,Random Forest,0.9983003086669054,1
mimic_perform_af_011,1,Random Forest,0.9991684941212937,1
mimic_perform_af_011,1,Random Forest,0.9957266394311167,1
mimic_perform_af_011,1,Random Forest,0.9956875097662609,1
mimic_perform_af_011,1,Random Forest,0.7349312389674716,1
mimic_perform_af_011,1,Random Forest,0.8882710464625382,1
mimic_perform_af_011,1,Random Forest,0.8428731005284542,1
mimic_perform_af_011,1,Random Forest,0.9929579991989012,1
mimic_perform_af_011,1,Random Forest,0.9985773695257948,1
mimic_perform_af_011,1,Random Forest,0.9988518946130017,1
mimic_perform_af_011,1,Random Forest,0.9709141813073895,1
mimic_perform_af_011,1,Random Forest,0.9691246859076937,1
mimic_perform_af_011,1,Random Forest,0.9300141463073168,1
mimic_perform_af_011,1,Random Forest,0.9977012603935372,1
mimic_perform_af_011,1,Random Forest,0.9848591179394153,1
mimic_perform_af_011,1,Random Forest,0.9989975001803834,1
mimic_perform_af_011,1,Random Forest,0.9687791453155145,1
mimic_perform_af_011,1,Random Forest,0.9898613409621606,1
mimic_perform_af_011,1,Random Forest,0.9776718325674589,1
mimic_perform_af_011,1,Random Forest,0.9861543284257698,1
mimic_perform_af_011,1,Random Forest,0.9993746246658014,1
mimic_perform_af_011,1,Random Forest,0.9986030840805971,1
mimic_perform_af_011,1,Random Forest,0.9994049217617205,1
mimic_perform_af_011,1,Random Forest,0.9990089902822926,1
mimic_perform_af_011,1,Random Forest,0.9986718735597748,1
mimic_perform_af_011,1,Random Forest,0.9436350029919343,1
mimic_perform_af_011,1,Random Forest,0.8795980180874898,1
mimic_perform_af_011,1,Random Forest,0.8748329049493974,1
mimic_perform_af_011,1,Random Forest,0.999050887985263,1
mimic_perform_af_011,1,Random Forest,0.992501827454627,1
mimic_perform_af_011,1,Random Forest,0.9990658003058127,1
mimic_perform_af_011,1,Random Forest,0.9986755353182828,1
mimic_perform_af_011,1,Random Forest,0.9770373947220715,1
mimic_perform_af_011,1,Random Forest,0.9547199670565634,1
mimic_perform_af_011,1,Random Forest,0.9686091709045335,1
mimic_perform_af_011,1,Random Forest,0.9994662120031057,1
mimic_perform_af_011,1,Random Forest,0.9992218136424854,1
mimic_perform_af_011,1,Random Forest,0.8025613550555895,1
mimic_perform_af_011,1,Random Forest,0.9241461261077808,1
mimic_perform_af_011,1,Random Forest,0.8967166743103014,1
mimic_perform_af_011,1,Random Forest,0.9868068625182427,1
mimic_perform_af_011,1,Random Forest,0.9922497748548782,1
mimic_perform_af_011,1,Random Forest,0.9882762233941129,1
mimic_perform_af_011,1,Random Forest,0.999460069351644,1
mimic_perform_af_011,1,Random Forest,0.9994049217617205,1
mimic_perform_af_011,1,Random Forest,0.9142846347943138,1
mimic_perform_af_011,1,Random Forest,0.9079728571031668,1
mimic_perform_af_011,1,Random Forest,0.8956246864900834,1
mimic_perform_af_011,1,Random Forest,0.9987196346362766,1
mimic_perform_af_011,1,Random Forest,0.8924292273447366,1
mimic_perform_af_011,1,Random Forest,0.9335811791459447,1
mimic_perform_af_011,1,Random Forest,0.9887890660847025,1
mimic_perform_af_011,1,Random Forest,0.9992365636394192,1
mimic_perform_af_011,1,Random Forest,0.9992183983351504,1
mimic_perform_af_011,1,Random Forest,0.9875646289560129,1
mimic_perform_af_011,1,Random Forest,0.9738960290698843,1
mimic_perform_af_011,1,Random Forest,0.9806438041696837,1
mimic_perform_af_011,1,Random Forest,0.9991684941212937,1
mimic_perform_af_011,1,Random Forest,0.9359658113952251,1
mimic_perform_af_011,1,Random Forest,0.9988628055192881,1
mimic_perform_af_011,1,Random Forest,0.6327370958280651,1
mimic_perform_af_011,1,Random Forest,0.9627973183805585,1
mimic_perform_af_011,1,Random Forest,0.9472879534918388,1
mimic_perform_af_012,1,Random Forest,0.9991580332410244,1
mimic_perform_af_012,1,Random Forest,0.9983047112699148,1
mimic_perform_af_012,1,Random Forest,0.9994659664011135,1
mimic_perform_af_012,1,Random Forest,0.9991528134034083,1
mimic_perform_af_012,1,Random Forest,0.9993999002834709,1
mimic_perform_af_012,1,Random Forest,0.9991528134034083,1
mimic_perform_af_012,1,Random Forest,0.9994659664011135,1
mimic_perform_af_012,1,Random Forest,0.9989863940175628,1
mimic_perform_af_012,1,Random Forest,0.9994871336913572,1
mimic_perform_af_012,1,Random Forest,0.9447718097537025,1
mimic_perform_af_012,1,Random Forest,0.9412536486016607,1
mimic_perform_af_012,1,Random Forest,0.9728766366725807,1
mimic_perform_af_012,1,Random Forest,0.9393952240748809,1
mimic_perform_af_012,1,Random Forest,0.9995061270436838,1
mimic_perform_af_012,1,Random Forest,0.9971509473272908,1
mimic_perform_af_012,1,Random Forest,0.9852203940294734,1
mimic_perform_af_012,1,Random Forest,0.9592935707918554,1
mimic_perform_af_012,1,Random Forest,0.998615900868095,1
mimic_perform_af_012,1,Random Forest,0.9980872395145766,1
mimic_perform_af_012,1,Random Forest,0.9991543729776186,1
mimic_perform_af_012,1,Random Forest,0.9982301088688024,1
mimic_perform_af_012,1,Random Forest,0.9982301088688024,1
mimic_perform_af_012,1,Random Forest,0.9984833819089832,1
mimic_perform_af_012,1,Random Forest,0.9551251379219662,1
mimic_perform_af_012,1,Random Forest,0.7490233949824905,1
mimic_perform_af_012,1,Random Forest,0.6893311193005096,1
mimic_perform_af_012,1,Random Forest,0.998665667204656,1
mimic_perform_af_012,1,Random Forest,0.9992447980925321,1
mimic_perform_af_012,1,Random Forest,0.9994659664011135,1
mimic_perform_af_012,1,Random Forest,0.9994669113574094,1
mimic_perform_af_012,1,Random Forest,0.995888076977148,1
mimic_perform_af_012,1,Random Forest,0.966084166551004,1
mimic_perform_af_012,1,Random Forest,0.9682716330666779,1
mimic_perform_af_012,1,Random Forest,0.9995061270436838,1
mimic_perform_af_012,1,Random Forest,0.9928394603770172,1
mimic_perform_af_012,1,Random Forest,0.999047325196031,1
mimic_perform_af_012,1,Random Forest,0.9993803408801618,1
mimic_perform_af_012,1,Random Forest,0.9992447980925321,1
mimic_perform_af_012,1,Random Forest,0.9993803408801618,1
mimic_perform_af_012,1,Random Forest,0.9981193894482852,1
mimic_perform_af_012,1,Random Forest,0.8276098519407274,1
mimic_perform_af_012,1,Random Forest,0.9988082364896527,1
mimic_perform_af_012,1,Random Forest,0.9988370988682679,1
mimic_perform_af_012,1,Random Forest,0.9995061270436838,1
mimic_perform_af_012,1,Random Forest,0.9995061270436838,1
mimic_perform_af_012,1,Random Forest,0.9983863279266436,1
mimic_perform_af_012,1,Random Forest,0.9987955758476943,1
mimic_perform_af_012,1,Random Forest,0.9994871336913572,1
mimic_perform_af_012,1,Random Forest,0.9990600380768179,1
mimic_perform_af_012,1,Random Forest,0.9994659664011135,1
mimic_perform_af_012,1,Random Forest,0.9987205935383209,1
mimic_perform_af_012,1,Random Forest,0.9960812404662053,1
mimic_perform_af_012,1,Random Forest,0.9990405569800667,1
mimic_perform_af_012,1,Random Forest,0.9988405359730099,1
mimic_perform_af_012,1,Random Forest,0.9985547711765306,1
mimic_perform_af_012,1,Random Forest,0.9992268776947352,1
mimic_perform_af_012,1,Random Forest,0.9994659664011135,1
mimic_perform_af_012,1,Random Forest,0.9995061270436838,1
mimic_perform_af_012,1,Random Forest,0.9808218758930989,1
mimic_perform_af_012,1,Random Forest,0.9850777145278115,1
mimic_perform_af_012,1,Random Forest,0.9995061270436838,1
mimic_perform_af_012,1,Random Forest,0.9990497137865937,1
mimic_perform_af_012,1,Random Forest,0.9994659664011135,1
mimic_perform_af_012,1,Random Forest,0.9918237272308219,1
mimic_perform_af_012,1,Random Forest,0.9987652257089814,1
mimic_perform_af_012,1,Random Forest,0.9992829649165436,1
mimic_perform_af_012,1,Random Forest,0.9994654886697121,1
mimic_perform_af_012,1,Random Forest,0.9965795643087141,1
mimic_perform_af_012,1,Random Forest,0.9995061270436838,1
mimic_perform_af_012,1,Random Forest,0.9992518677284458,1
mimic_perform_af_012,1,Random Forest,0.9925409065418834,1
mimic_perform_af_012,1,Random Forest,0.9370210065634298,1
mimic_perform_af_012,1,Random Forest,0.996751397969014,1
mimic_perform_af_012,1,Random Forest,0.9992845485658339,1
mimic_perform_af_012,1,Random Forest,0.9986170584493992,1
mimic_perform_af_012,1,Random Forest,0.9993949224501592,1
mimic_perform_af_012,1,Random Forest,0.9991713018236743,1
mimic_perform_af_012,1,Random Forest,0.9992621743829013,1
mimic_perform_af_012,1,Random Forest,0.9990151062157814,1
mimic_perform_af_012,1,Random Forest,0.9923109817481625,1
mimic_perform_af_012,1,Random Forest,0.9988576159783429,1
mimic_perform_af_012,1,Random Forest,0.9992605421416859,1
mimic_perform_af_012,1,Random Forest,0.9992447980925321,1
mimic_perform_af_012,1,Random Forest,0.9995061270436838,1
mimic_perform_af_012,1,Random Forest,0.9992447980925321,1
mimic_perform_af_012,1,Random Forest,0.9995061270436838,1
mimic_perform_af_012,1,Random Forest,0.9995061270436838,1
mimic_perform_af_012,1,Random Forest,0.9995061270436838,1
mimic_perform_af_012,1,Random Forest,0.9995061270436838,1
mimic_perform_af_012,1,Random Forest,0.9995061270436838,1
mimic_perform_af_012,1,Random Forest,0.9992447980925321,1
mimic_perform_af_012,1,Random Forest,0.9995061270436838,1
mimic_perform_af_012,1,Random Forest,0.978569175588864,1
mimic_perform_af_012,1,Random Forest,0.9992268776947352,1
mimic_perform_af_012,1,Random Forest,0.9995061270436838,1
mimic_perform_af_012,1,Random Forest,0.9995061270436838,1
mimic_perform_af_012,1,Random Forest,0.9992268776947352,1
mimic_perform_af_012,1,Random Forest,0.9991721192331998,1
mimic_perform_af_012,1,Random Forest,0.9995061270436838,1
mimic_perform_af_012,1,Random Forest,0.9995061270436838,1
mimic_perform_af_012,1,Random Forest,0.9994844820220387,1
mimic_perform_af_012,1,Random Forest,0.9981593976819412,1
mimic_perform_af_012,1,Random Forest,0.9992655947973962,1
mimic_perform_af_012,1,Random Forest,0.999088306859976,1
mimic_perform_af_012,1,Random Forest,0.9992900776609677,1
mimic_perform_af_012,1,Random Forest,0.9991963478299264,1
mimic_perform_af_012,1,Random Forest,0.9984395604877236,1
mimic_perform_af_012,1,Random Forest,0.9982047550825454,1
mimic_perform_af_012,1,Random Forest,0.9923992258063205,1
mimic_perform_af_012,1,Random Forest,0.9989332046690371,1
mimic_perform_af_012,1,Random Forest,0.9992670383373055,1
mimic_perform_af_012,1,Random Forest,0.9992670383373055,1
mimic_perform_af_012,1,Random Forest,0.9995061270436838,1
mimic_perform_af_012,1,Random Forest,0.9994112079395782,1
mimic_perform_af_012,1,Random Forest,0.7762110751926885,1
mimic_perform_af_012,1,Random Forest,0.8312982076726704,1
mimic_perform_af_012,1,Random Forest,0.8788464775377947,1
mimic_perform_af_012,1,Random Forest,0.986186047520821,1
mimic_perform_af_013,1,Random Forest,0.9616272948914879,1
mimic_perform_af_013,1,Random Forest,0.9936507917829238,1
mimic_perform_af_013,1,Random Forest,0.998263579441937,1
mimic_perform_af_013,1,Random Forest,0.9494059382215508,1
mimic_perform_af_013,1,Random Forest,0.9891539456953059,1
mimic_perform_af_013,1,Random Forest,0.9953797223043278,1
mimic_perform_af_013,1,Random Forest,0.9688111348571448,1
mimic_perform_af_013,1,Random Forest,0.8367530224284935,1
mimic_perform_af_013,1,Random Forest,0.8297040334362288,1
mimic_perform_af_013,1,Random Forest,0.7239264630922171,1
mimic_perform_af_013,1,Random Forest,0.9391578941290495,1
mimic_perform_af_013,1,Random Forest,0.9349299345824889,1
mimic_perform_af_013,1,Random Forest,0.9677651116834182,1
mimic_perform_af_013,1,Random Forest,0.9144192186522281,1
mimic_perform_af_013,1,Random Forest,0.9750007746430428,1
mimic_perform_af_013,1,Random Forest,0.9660333697181731,1
mimic_perform_af_013,1,Random Forest,0.9820469770987063,1
mimic_perform_af_013,1,Random Forest,0.8816957090153797,1
mimic_perform_af_013,1,Random Forest,0.8962694556882208,1
mimic_perform_af_013,1,Random Forest,0.905379542972081,1
mimic_perform_af_013,1,Random Forest,0.7732630801624458,1
mimic_perform_af_013,1,Random Forest,0.9727968445479996,1
mimic_perform_af_013,1,Random Forest,0.92195116839139,1
mimic_perform_af_013,1,Random Forest,0.7981268886342222,1
mimic_perform_af_013,1,Random Forest,0.9280722998747865,1
mimic_perform_af_013,1,Random Forest,0.890386931183984,1
mimic_perform_af_013,1,Random Forest,0.8328449317609833,1
mimic_perform_af_013,1,Random Forest,0.7332341529692511,1
mimic_perform_af_013,1,Random Forest,0.8601207514185234,1
mimic_perform_af_013,1,Random Forest,0.9349929811789559,1
mimic_perform_af_013,1,Random Forest,0.807348485161533,1
mimic_perform_af_013,1,Random Forest,0.9079443826364718,1
mimic_perform_af_013,1,Random Forest,0.8083511311751572,1
mimic_perform_af_013,1,Random Forest,0.9799887293257817,1
mimic_perform_af_013,1,Random Forest,0.8836096871793037,1
mimic_perform_af_013,1,Random Forest,0.78644358945635,1
mimic_perform_af_013,1,Random Forest,0.945342979123022,1
mimic_perform_af_013,1,Random Forest,0.9076205011103716,1
mimic_perform_af_013,1,Random Forest,0.8702533627135388,1
mimic_perform_af_013,1,Random Forest,0.8621047162403772,1
mimic_perform_af_013,1,Random Forest,0.897163862485101,1
mimic_perform_af_013,1,Random Forest,0.8490331863183933,1
mimic_perform_af_013,1,Random Forest,0.9670862628534261,1
mimic_perform_af_013,1,Random Forest,0.8652607948943891,1
mimic_perform_af_013,1,Random Forest,0.8786506581819108,1
mimic_perform_af_013,1,Random Forest,0.9822549010787373,1
mimic_perform_af_013,1,Random Forest,0.9985814174283569,1
mimic_perform_af_013,1,Random Forest,0.997513615227488,1
mimic_perform_af_013,1,Random Forest,0.9499264301803145,1
mimic_perform_af_013,1,Random Forest,0.8112200732388527,1
mimic_perform_af_013,1,Random Forest,0.7578759639415271,1
mimic_perform_af_013,1,Random Forest,0.7821773684977426,1
mimic_perform_af_013,1,Random Forest,0.7415271349226087,1
mimic_perform_af_013,1,Random Forest,0.9428150325161204,1
mimic_perform_af_013,1,Random Forest,0.8840693925505598,1
mimic_perform_af_013,1,Random Forest,0.9482474693111488,1
mimic_perform_af_013,1,Random Forest,0.9960414018235627,1
mimic_perform_af_013,1,Random Forest,0.9910243975236827,1
mimic_perform_af_013,1,Random Forest,0.9848643810102758,1
mimic_perform_af_013,1,Random Forest,0.815569042312259,1
mimic_perform_af_013,1,Random Forest,0.9709359493917087,1
mimic_perform_af_013,1,Random Forest,0.9900058126147735,1
mimic_perform_af_013,1,Random Forest,0.9994805668826435,1
mimic_perform_af_013,1,Random Forest,0.9993286657095652,1
mimic_perform_af_013,1,Random Forest,0.8305222691399187,1
mimic_perform_af_013,1,Random Forest,0.812071191044247,1
mimic_perform_af_013,1,Random Forest,0.7706344091692439,1
mimic_perform_af_013,1,Random Forest,0.6935091028426628,1
mimic_perform_af_013,1,Random Forest,0.8599749739570279,1
mimic_perform_af_013,1,Random Forest,0.8325550360794622,1
mimic_perform_af_013,1,Random Forest,0.8487056516941872,1
mimic_perform_af_013,1,Random Forest,0.8633744343843962,1
mimic_perform_af_013,1,Random Forest,0.8733992218100827,1
mimic_perform_af_013,1,Random Forest,0.8134260379942599,1
mimic_perform_af_013,1,Random Forest,0.8656371362918454,1
mimic_perform_af_013,1,Random Forest,0.8066943916621678,1
mimic_perform_af_013,1,Random Forest,0.6783435766759084,1
mimic_perform_af_013,1,Random Forest,0.9309613241358642,1
mimic_perform_af_013,1,Random Forest,0.9028558509693164,1
mimic_perform_af_013,1,Random Forest,0.8878813890264269,1
mimic_perform_af_013,1,Random Forest,0.9757896114023618,1
mimic_perform_af_013,1,Random Forest,0.9675909159804265,1
mimic_perform_af_013,1,Random Forest,0.963474026582258,1
mimic_perform_af_013,1,Random Forest,0.9382968252357422,1
mimic_perform_af_013,1,Random Forest,0.7913390866921372,1
mimic_perform_af_013,1,Random Forest,0.7496411399692426,1
mimic_perform_af_013,1,Random Forest,0.9044758549114795,1
mimic_perform_af_013,1,Random Forest,0.9172609577440485,1
mimic_perform_af_013,1,Random Forest,0.9923284469309451,1
mimic_perform_af_013,1,Random Forest,0.9902651139434803,1
mimic_perform_af_013,1,Random Forest,0.9619669942544575,1
mimic_perform_af_013,1,Random Forest,0.9351574423097653,1
mimic_perform_af_013,1,Random Forest,0.8392072369282476,1
mimic_perform_af_013,1,Random Forest,0.6064513976382014,1
mimic_perform_af_013,1,Random Forest,0.9671978006854633,1
mimic_perform_af_013,1,Random Forest,0.9939690768517901,1
mimic_perform_af_013,1,Random Forest,0.9870764652481412,1
mimic_perform_af_013,1,Random Forest,0.8090467336435134,1
mimic_perform_af_013,1,Random Forest,0.8892897891052552,1
mimic_perform_af_013,1,Random Forest,0.8272942321829885,1
mimic_perform_af_013,1,Random Forest,0.7805549195951274,1
mimic_perform_af_013,1,Random Forest,0.8207695078640164,1
mimic_perform_af_013,1,Random Forest,0.7617573436929035,1
mimic_perform_af_013,1,Random Forest,0.8559328663552259,1
mimic_perform_af_013,1,Random Forest,0.7760857420783696,1
mimic_perform_af_013,1,Random Forest,0.7972122802524616,1
mimic_perform_af_013,1,Random Forest,0.9994689943628134,1
mimic_perform_af_013,1,Random Forest,0.9982629011420808,1
mimic_perform_af_013,1,Random Forest,0.988053579627403,1
mimic_perform_af_013,1,Random Forest,0.9646611550210322,1
mimic_perform_af_013,1,Random Forest,0.9358302986554567,1
mimic_perform_af_013,1,Random Forest,0.9013737211844621,1
mimic_perform_af_013,1,Random Forest,0.8730114390988831,1
mimic_perform_af_013,1,Random Forest,0.9247640934494437,1
mimic_perform_af_013,1,Random Forest,0.9466959296920954,1
mimic_perform_af_013,1,Random Forest,0.9343834009000734,1
mimic_perform_af_013,1,Random Forest,0.8591413088214904,1
mimic_perform_af_013,1,Random Forest,0.7442376107944116,1
mimic_perform_af_014,1,Random Forest,0.9992191676036892,1
mimic_perform_af_014,1,Random Forest,0.9992568323871167,1
mimic_perform_af_014,1,Random Forest,0.9992568323871167,1
mimic_perform_af_014,1,Random Forest,0.999025651032525,1
mimic_perform_af_014,1,Random Forest,0.998720153358925,1
mimic_perform_af_014,1,Random Forest,0.9983039237778906,1
mimic_perform_af_014,1,Random Forest,0.9983517246813727,1
mimic_perform_af_014,1,Random Forest,0.9985458474802353,1
mimic_perform_af_014,1,Random Forest,0.9986698807503359,1
mimic_perform_af_014,1,Random Forest,0.9992568323871167,1
mimic_perform_af_014,1,Random Forest,0.9992568323871167,1
mimic_perform_af_014,1,Random Forest,0.9992568323871167,1
mimic_perform_af_014,1,Random Forest,0.9992568323871167,1
mimic_perform_af_014,1,Random Forest,0.9982651803345597,1
mimic_perform_af_014,1,Random Forest,0.9988820287210394,1
mimic_perform_af_014,1,Random Forest,0.9987423941151108,1
mimic_perform_af_014,1,Random Forest,0.999025651032525,1
mimic_perform_af_014,1,Random Forest,0.9985121503356312,1
mimic_perform_af_014,1,Random Forest,0.9989217472272756,1
mimic_perform_af_014,1,Random Forest,0.998955860754986,1
mimic_perform_af_014,1,Random Forest,0.9982994393451653,1
mimic_perform_af_014,1,Random Forest,0.9988751073823288,1
mimic_perform_af_014,1,Random Forest,0.9989130897503817,1
mimic_perform_af_014,1,Random Forest,0.9976944629948139,1
mimic_perform_af_014,1,Random Forest,0.9975382750738534,1
mimic_perform_af_014,1,Random Forest,0.996263827047146,1
mimic_perform_af_014,1,Random Forest,0.9981267713985832,1
mimic_perform_af_014,1,Random Forest,0.9987624980036874,1
mimic_perform_af_014,1,Random Forest,0.9984133963753231,1
mimic_perform_af_014,1,Random Forest,0.9991638637782796,1
mimic_perform_af_014,1,Random Forest,0.9992568323871167,1
mimic_perform_af_014,1,Random Forest,0.998720153358925,1
mimic_perform_af_014,1,Random Forest,0.999132799117016,1
mimic_perform_af_014,1,Random Forest,0.9991638637782796,1
mimic_perform_af_014,1,Random Forest,0.9992191676036892,1
mimic_perform_af_014,1,Random Forest,0.9992191676036892,1
mimic_perform_af_014,1,Random Forest,0.9992040924079579,1
mimic_perform_af_014,1,Random Forest,0.9989107580320808,1
mimic_perform_af_014,1,Random Forest,0.9870784606723805,1
mimic_perform_af_014,1,Random Forest,0.9992263331641437,1
mimic_perform_af_014,1,Random Forest,0.9976501914240108,1
mimic_perform_af_014,1,Random Forest,0.9832828956713958,1
mimic_perform_af_014,1,Random Forest,0.9881387144901055,1
mimic_perform_af_014,1,Random Forest,0.9883353112808307,1
mimic_perform_af_014,1,Random Forest,0.9989903358939621,1
mimic_perform_af_014,1,Random Forest,0.9987968060409569,1
mimic_perform_af_014,1,Random Forest,0.9987508855422262,1
mimic_perform_af_014,1,Random Forest,0.9989197588794324,1
mimic_perform_af_014,1,Random Forest,0.9991638637782796,1
mimic_perform_af_014,1,Random Forest,0.9991147022712437,1
mimic_perform_af_014,1,Random Forest,0.9992568323871167,1
mimic_perform_af_014,1,Random Forest,0.999025651032525,1
mimic_perform_af_014,1,Random Forest,0.9988297355306199,1
mimic_perform_af_014,1,Random Forest,0.9989679503276409,1
mimic_perform_af_014,1,Random Forest,0.9989854224028467,1
mimic_perform_af_014,1,Random Forest,0.9941907866510803,1
mimic_perform_af_014,1,Random Forest,0.9992166037574384,1
mimic_perform_af_014,1,Random Forest,0.9981182363614963,1
mimic_perform_af_014,1,Random Forest,0.9984358221425053,1
mimic_perform_af_014,1,Random Forest,0.9885809813018275,1
mimic_perform_af_014,1,Random Forest,0.9973723049270569,1
mimic_perform_af_014,1,Random Forest,0.9985121503356312,1
mimic_perform_af_014,1,Random Forest,0.9953157433221488,1
mimic_perform_af_014,1,Random Forest,0.992071709649501,1
mimic_perform_af_014,1,Random Forest,0.9986396720718929,1
mimic_perform_af_014,1,Random Forest,0.9992568323871167,1
mimic_perform_af_014,1,Random Forest,0.9992568323871167,1
mimic_perform_af_014,1,Random Forest,0.9987603819886033,1
mimic_perform_af_014,1,Random Forest,0.9992568323871167,1
mimic_perform_af_014,1,Random Forest,0.931868618633923,1
mimic_perform_af_014,1,Random Forest,0.9952223529364858,1
mimic_perform_af_014,1,Random Forest,0.9985121503356312,1
mimic_perform_af_014,1,Random Forest,0.9914731407816694,1
mimic_perform_af_014,1,Random Forest,0.9987514670033477,1
mimic_perform_af_014,1,Random Forest,0.9985231211015501,1
mimic_perform_af_014,1,Random Forest,0.9984166393518681,1
mimic_perform_af_014,1,Random Forest,0.9986483723325336,1
mimic_perform_af_014,1,Random Forest,0.9986700007140809,1
mimic_perform_af_014,1,Random Forest,0.998213781652038,1
mimic_perform_af_014,1,Random Forest,0.9921442128425718,1
mimic_perform_af_014,1,Random Forest,0.99883941770155,1
mimic_perform_af_014,1,Random Forest,0.9886919987615072,1
mimic_perform_af_014,1,Random Forest,0.9992858772238474,1
mimic_perform_af_014,1,Random Forest,0.9902809561598355,1
mimic_perform_af_014,1,Random Forest,0.9587939958364738,1
mimic_perform_af_014,1,Random Forest,0.9012585040582954,1
mimic_perform_af_014,1,Random Forest,0.9261350500832549,1
mimic_perform_af_014,1,Random Forest,0.931233880962858,1
mimic_perform_af_014,1,Random Forest,0.9172497850893433,1
mimic_perform_af_014,1,Random Forest,0.9987140048580556,1
mimic_perform_af_014,1,Random Forest,0.9881949585422711,1
mimic_perform_af_014,1,Random Forest,0.9985603665472731,1
mimic_perform_af_014,1,Random Forest,0.9289281079712637,1
mimic_perform_af_014,1,Random Forest,0.9466095208225099,1
mimic_perform_af_014,1,Random Forest,0.8860097280444126,1
mimic_perform_af_014,1,Random Forest,0.9987279841897145,1
mimic_perform_af_014,1,Random Forest,0.9992166037574384,1
mimic_perform_af_014,1,Random Forest,0.9759233570459298,1
mimic_perform_af_014,1,Random Forest,0.9989729110533662,1
mimic_perform_af_014,1,Random Forest,0.9983407602391943,1
mimic_perform_af_014,1,Random Forest,0.9962478033950262,1
mimic_perform_af_014,1,Random Forest,0.9993906690595791,1
mimic_perform_af_014,1,Random Forest,0.9983493971798678,1
mimic_perform_af_014,1,Random Forest,0.9982445765968816,1
mimic_perform_af_014,1,Random Forest,0.9973806365040775,1
mimic_perform_af_014,1,Random Forest,0.9915421937044513,1
mimic_perform_af_014,1,Random Forest,0.9901169208737948,1
mimic_perform_af_014,1,Random Forest,0.9889149882758388,1
mimic_perform_af_014,1,Random Forest,0.9971322202026562,1
mimic_perform_af_014,1,Random Forest,0.9906419810351103,1
mimic_perform_af_014,1,Random Forest,0.99826044629445,1
mimic_perform_af_014,1,Random Forest,0.9916738868298124,1
mimic_perform_af_014,1,Random Forest,0.994930304486622,1
mimic_perform_af_014,1,Random Forest,0.9943610094166627,1
mimic_perform_af_014,1,Random Forest,0.9985292006340114,1
mimic_perform_af_014,1,Random Forest,0.9991910382084711,1
mimic_perform_af_014,1,Random Forest,0.9976955326904696,1
mimic_perform_af_014,1,Random Forest,0.994349287126297,1
mimic_perform_af_015,1,Random Forest,0.9332426388212832,1
mimic_perform_af_015,1,Random Forest,0.8986292057125671,1
mimic_perform_af_015,1,Random Forest,0.9715922289045735,1
mimic_perform_af_015,1,Random Forest,0.9688517070272721,1
mimic_perform_af_015,1,Random Forest,0.9840069743499638,1
mimic_perform_af_015,1,Random Forest,0.9229248643191963,1
mimic_perform_af_015,1,Random Forest,0.996336268107719,1
mimic_perform_af_015,1,Random Forest,0.9960793342591339,1
mimic_perform_af_015,1,Random Forest,0.9452561827006478,1
mimic_perform_af_015,1,Random Forest,0.9695653949233468,1
mimic_perform_af_015,1,Random Forest,0.9788297126413208,1
mimic_perform_af_015,1,Random Forest,0.9777041900413775,1
mimic_perform_af_015,1,Random Forest,0.9655209975727643,1
mimic_perform_af_015,1,Random Forest,0.9879547403085951,1
mimic_perform_af_015,1,Random Forest,0.9252857042417759,1
mimic_perform_af_015,1,Random Forest,0.9476334151162997,1
mimic_perform_af_015,1,Random Forest,0.9670313998934518,1
mimic_perform_af_015,1,Random Forest,0.984394171786348,1
mimic_perform_af_015,1,Random Forest,0.971478681416196,1
mimic_perform_af_015,1,Random Forest,0.967599856402593,1
mimic_perform_af_015,1,Random Forest,0.9780170324069632,1
mimic_perform_af_015,1,Random Forest,0.9659005315207811,1
mimic_perform_af_015,1,Random Forest,0.9702458355321305,1
mimic_perform_af_015,1,Random Forest,0.9886695250036324,1
mimic_perform_af_015,1,Random Forest,0.9913801323195777,1
mimic_perform_af_015,1,Random Forest,0.9936638401081833,1
mimic_perform_af_015,1,Random Forest,0.9718070344521932,1
mimic_perform_af_015,1,Random Forest,0.9855583317951175,1
mimic_perform_af_015,1,Random Forest,0.8661992673400128,1
mimic_perform_af_015,1,Random Forest,0.978163884849922,1
mimic_perform_af_015,1,Random Forest,0.9867635102119752,1
mimic_perform_af_015,1,Random Forest,0.9793636109660346,1
mimic_perform_af_015,1,Random Forest,0.9941659042395501,1
mimic_perform_af_015,1,Random Forest,0.9963278042919957,1
mimic_perform_af_015,1,Random Forest,0.9696046281702969,1
mimic_perform_af_015,1,Random Forest,0.9724916630377214,1
mimic_perform_af_015,1,Random Forest,0.9852099542936188,1
mimic_perform_af_015,1,Random Forest,0.9827767625207373,1
mimic_perform_af_015,1,Random Forest,0.9925067495854918,1
mimic_perform_af_015,1,Random Forest,0.959753479802924,1
mimic_perform_af_015,1,Random Forest,0.9674028749099242,1
mimic_perform_af_015,1,Random Forest,0.1809090909090909,0
mimic_perform_af_015,1,Random Forest,0.5076036616260474,1
mimic_perform_af_015,1,Random Forest,0.8826339864125055,1
mimic_perform_af_015,1,Random Forest,0.9473606928345609,1
mimic_perform_af_015,1,Random Forest,0.9359869190765115,1
mimic_perform_af_015,1,Random Forest,0.9753327338425365,1
mimic_perform_af_015,1,Random Forest,0.9943007220351049,1
mimic_perform_af_015,1,Random Forest,0.9987268619424903,1
mimic_perform_af_015,1,Random Forest,0.9306551681939129,1
mimic_perform_af_015,1,Random Forest,0.9737819971969397,1
mimic_perform_af_015,1,Random Forest,0.9835769033040808,1
mimic_perform_af_015,1,Random Forest,0.9936229549008649,1
mimic_perform_af_015,1,Random Forest,0.9635848400704065,1
mimic_perform_af_015,1,Random Forest,0.9729367857706492,1
mimic_perform_af_015,1,Random Forest,0.9668358535279338,1
mimic_perform_af_015,1,Random Forest,0.18082689775903268,0
mimic_perform_af_015,1,Random Forest,0.46695866252907064,0
mimic_perform_af_015,1,Random Forest,0.9415766817958016,1
mimic_perform_af_015,1,Random Forest,0.9840971085137806,1
mimic_perform_af_015,1,Random Forest,0.9220401282187427,1
mimic_perform_af_015,1,Random Forest,0.9805547888402212,1
mimic_perform_af_015,1,Random Forest,0.9859130273718371,1
mimic_perform_af_015,1,Random Forest,0.9820415118833051,1
mimic_perform_af_015,1,Random Forest,0.9912597652146061,1
mimic_perform_af_015,1,Random Forest,0.9972436681652291,1
mimic_perform_af_015,1,Random Forest,0.9982472034420143,1
mimic_perform_af_015,1,Random Forest,0.9622775441770814,1
mimic_perform_af_015,1,Random Forest,0.9535368770692039,1
mimic_perform_af_015,1,Random Forest,0.9642422047464342,1
mimic_perform_af_015,1,Random Forest,0.9845522803551148,1
mimic_perform_af_015,1,Random Forest,0.9886695250036324,1
mimic_perform_af_015,1,Random Forest,0.9874064162585314,1
mimic_perform_af_015,1,Random Forest,0.9713986523559273,1
mimic_perform_af_015,1,Random Forest,0.912276131901606,1
mimic_perform_af_015,1,Random Forest,0.9969352725429015,1
mimic_perform_af_015,1,Random Forest,0.9867560195260985,1
mimic_perform_af_015,1,Random Forest,0.9861243050216396,1
mimic_perform_af_015,1,Random Forest,0.986100214473495,1
mimic_perform_af_015,1,Random Forest,0.9773832674246664,1
mimic_perform_af_015,1,Random Forest,0.9692151750412333,1
mimic_perform_af_015,1,Random Forest,0.9320908183165076,1
mimic_perform_af_015,1,Random Forest,0.9936869374602232,1
mimic_perform_af_015,1,Random Forest,0.9841103503465096,1
mimic_perform_af_015,1,Random Forest,0.9769280794727134,1
mimic_perform_af_015,1,Random Forest,0.8632454088990233,1
mimic_perform_af_015,1,Random Forest,0.9403833649870001,1
mimic_perform_af_015,1,Random Forest,0.9701739038774457,1
mimic_perform_af_015,1,Random Forest,0.9376108951452811,1
mimic_perform_af_015,1,Random Forest,0.9474967512162585,1
mimic_perform_af_015,1,Random Forest,0.9770366832925639,1
mimic_perform_af_015,1,Random Forest,0.994677476455481,1
mimic_perform_af_015,1,Random Forest,0.9773375294258301,1
mimic_perform_af_015,1,Random Forest,0.981046606257005,1
mimic_perform_af_015,1,Random Forest,0.9697654320938887,1
mimic_perform_af_015,1,Random Forest,0.9976406736532449,1
mimic_perform_af_015,1,Random Forest,0.9775589211639429,1
mimic_perform_af_015,1,Random Forest,0.9603093442862051,1
mimic_perform_af_015,1,Random Forest,0.8924258090814895,1
mimic_perform_af_015,1,Random Forest,0.9669710044412828,1
mimic_perform_af_015,1,Random Forest,0.9884645813854047,1
mimic_perform_af_015,1,Random Forest,0.9932319740227007,1
mimic_perform_af_015,1,Random Forest,0.9902751774992435,1
mimic_perform_af_015,1,Random Forest,0.9861077308757638,1
mimic_perform_af_015,1,Random Forest,0.9942345488068242,1
mimic_perform_af_015,1,Random Forest,0.7164260750678144,1
mimic_perform_af_015,1,Random Forest,0.0,0
mimic_perform_af_015,1,Random Forest,0.37551958250579104,0
mimic_perform_af_015,1,Random Forest,0.704549756641641,1
mimic_perform_af_015,1,Random Forest,0.9678066085507423,1
mimic_perform_af_015,1,Random Forest,0.9355219183727873,1
mimic_perform_af_015,1,Random Forest,0.9970601952758236,1
mimic_perform_af_015,1,Random Forest,0.9908343678489652,1
mimic_perform_af_015,1,Random Forest,0.9986832957700001,1
mimic_perform_af_015,1,Random Forest,0.9987344024334389,1
mimic_perform_af_015,1,Random Forest,0.9872595338277654,1
mimic_perform_af_015,1,Random Forest,0.9599221308087634,1
mimic_perform_af_015,1,Random Forest,0.9810604948156463,1
mimic_perform_af_016,1,Random Forest,0.992671359787891,1
mimic_perform_af_016,1,Random Forest,0.9930253295532562,1
mimic_perform_af_016,1,Random Forest,0.9995399445368256,1
mimic_perform_af_016,1,Random Forest,0.9995595814199008,1
mimic_perform_af_016,1,Random Forest,0.9994056683365652,1
mimic_perform_af_016,1,Random Forest,0.9994056683365652,1
mimic_perform_af_016,1,Random Forest,0.9721570300353402,1
mimic_perform_af_016,1,Random Forest,0.9920985830282207,1
mimic_perform_af_016,1,Random Forest,0.9652042090890609,1
mimic_perform_af_016,1,Random Forest,0.9925934038084282,1
mimic_perform_af_016,1,Random Forest,0.9995595814199008,1
mimic_perform_af_016,1,Random Forest,0.999498518847243,1
mimic_perform_af_016,1,Random Forest,0.9928487298177072,1
mimic_perform_af_016,1,Random Forest,0.8736283704421685,1
mimic_perform_af_016,1,Random Forest,0.8276203838402387,1
mimic_perform_af_016,1,Random Forest,0.002666666666666667,0
mimic_perform_af_016,1,Random Forest,0.030666666666666665,0
mimic_perform_af_016,1,Random Forest,0.006666666666666667,0
mimic_perform_af_016,1,Random Forest,0.5357056985732963,1
mimic_perform_af_016,1,Random Forest,0.6814718361615285,1
mimic_perform_af_016,1,Random Forest,0.9853499035013383,1
mimic_perform_af_016,1,Random Forest,0.9508154380350563,1
mimic_perform_af_016,1,Random Forest,0.9716286414866179,1
mimic_perform_af_016,1,Random Forest,0.9787548823850191,1
mimic_perform_af_016,1,Random Forest,0.9995036195868503,1
mimic_perform_af_016,1,Random Forest,0.999498518847243,1
mimic_perform_af_016,1,Random Forest,0.999498518847243,1
mimic_perform_af_016,1,Random Forest,0.999498518847243,1
mimic_perform_af_016,1,Random Forest,0.859380263583048,1
mimic_perform_af_016,1,Random Forest,0.5421481481481482,1
mimic_perform_af_016,1,Random Forest,0.24214814814814814,0
mimic_perform_af_016,1,Random Forest,0.9777084953931541,1
mimic_perform_af_016,1,Random Forest,0.9941228528392017,1
mimic_perform_af_016,1,Random Forest,0.9995041494778737,1
mimic_perform_af_016,1,Random Forest,0.9565442843355885,1
mimic_perform_af_016,1,Random Forest,0.9557647094659719,1
mimic_perform_af_016,1,Random Forest,0.8053285552358221,1
mimic_perform_af_016,1,Random Forest,0.9986081860917208,1
mimic_perform_af_016,1,Random Forest,0.99966385040395,1
mimic_perform_af_016,1,Random Forest,0.9854498495441697,1
mimic_perform_af_016,1,Random Forest,0.8728607303617463,1
mimic_perform_af_016,1,Random Forest,0.952829679926887,1
mimic_perform_af_016,1,Random Forest,0.992816276441151,1
mimic_perform_af_016,1,Random Forest,0.9988752187624819,1
mimic_perform_af_016,1,Random Forest,0.9727576156018645,1
mimic_perform_af_016,1,Random Forest,0.9857531634582329,1
mimic_perform_af_016,1,Random Forest,0.9981026055414923,1
mimic_perform_af_016,1,Random Forest,0.991467394517959,1
mimic_perform_af_016,1,Random Forest,0.999498518847243,1
mimic_perform_af_016,1,Random Forest,0.9727498158269792,1
mimic_perform_af_016,1,Random Forest,0.9995408960976907,1
mimic_perform_af_016,1,Random Forest,0.9719883801614295,1
mimic_perform_af_016,1,Random Forest,0.829660547566677,1
mimic_perform_af_016,1,Random Forest,0.8228676664815058,1
mimic_perform_af_016,1,Random Forest,0.7991547437848807,1
mimic_perform_af_016,1,Random Forest,0.9631283649778999,1
mimic_perform_af_016,1,Random Forest,0.8027935924074316,1
mimic_perform_af_016,1,Random Forest,0.9651825490719707,1
mimic_perform_af_016,1,Random Forest,0.9779050658110452,1
mimic_perform_af_016,1,Random Forest,0.9994056683365652,1
mimic_perform_af_016,1,Random Forest,0.9497608845430389,1
mimic_perform_af_016,1,Random Forest,0.999498518847243,1
mimic_perform_af_016,1,Random Forest,0.9862341632696598,1
mimic_perform_af_016,1,Random Forest,0.9994480455870128,1
mimic_perform_af_016,1,Random Forest,0.9860831491603125,1
mimic_perform_af_016,1,Random Forest,0.9929008299363264,1
mimic_perform_af_016,1,Random Forest,0.9719655021014889,1
mimic_perform_af_016,1,Random Forest,0.9995674966029932,1
mimic_perform_af_016,1,Random Forest,0.9928238899010533,1
mimic_perform_af_016,1,Random Forest,0.9928238899010533,1
mimic_perform_af_016,1,Random Forest,0.9860831491603125,1
mimic_perform_af_016,1,Random Forest,0.9995059477403054,1
mimic_perform_af_016,1,Random Forest,0.9981340611846257,1
mimic_perform_af_016,1,Random Forest,0.9995036195868503,1
mimic_perform_af_016,1,Random Forest,0.9927226417450926,1
mimic_perform_af_016,1,Random Forest,0.9983395609124415,1
mimic_perform_af_016,1,Random Forest,0.999498518847243,1
mimic_perform_af_016,1,Random Forest,0.9995041494778737,1
mimic_perform_af_016,1,Random Forest,0.9995041494778737,1
mimic_perform_af_016,1,Random Forest,0.9995384720369697,1
mimic_perform_af_016,1,Random Forest,0.9994056683365652,1
mimic_perform_af_016,1,Random Forest,0.999498518847243,1
mimic_perform_af_016,1,Random Forest,0.999498518847243,1
mimic_perform_af_016,1,Random Forest,0.9527441183830856,1
mimic_perform_af_016,1,Random Forest,0.7533333333333333,1
mimic_perform_af_016,1,Random Forest,0.9646389631880051,1
mimic_perform_af_016,1,Random Forest,0.9993641947974222,1
mimic_perform_af_016,1,Random Forest,0.977619388425699,1
mimic_perform_af_016,1,Random Forest,0.9787062428422297,1
mimic_perform_af_016,1,Random Forest,0.9391560547507742,1
mimic_perform_af_016,1,Random Forest,0.8602569790042272,1
mimic_perform_af_016,1,Random Forest,0.7845026781916766,1
mimic_perform_af_016,1,Random Forest,0.9033373962123301,1
mimic_perform_af_016,1,Random Forest,0.9247181255148449,1
mimic_perform_af_016,1,Random Forest,0.883981182493524,1
mimic_perform_af_016,1,Random Forest,0.9203157586537175,1
mimic_perform_af_016,1,Random Forest,0.9994997597575747,1
mimic_perform_af_016,1,Random Forest,0.999498518847243,1
mimic_perform_af_016,1,Random Forest,0.992338180291346,1
mimic_perform_af_016,1,Random Forest,0.7859660085945935,1
mimic_perform_af_016,1,Random Forest,0.8941347963803283,1
mimic_perform_af_016,1,Random Forest,0.884698112543816,1
mimic_perform_af_016,1,Random Forest,0.6373014031859727,1
mimic_perform_af_016,1,Random Forest,0.999498518847243,1
mimic_perform_af_016,1,Random Forest,0.9995036195868503,1
mimic_perform_af_016,1,Random Forest,0.999498518847243,1
mimic_perform_af_016,1,Random Forest,0.9994411711769919,1
mimic_perform_af_016,1,Random Forest,0.9994135773308227,1
mimic_perform_af_016,1,Random Forest,0.399899965108215,0
mimic_perform_af_016,1,Random Forest,0.9336981350456635,1
mimic_perform_af_016,1,Random Forest,0.95152500106544,1
mimic_perform_af_016,1,Random Forest,0.9994056683365652,1
mimic_perform_af_016,1,Random Forest,0.999498518847243,1
mimic_perform_af_016,1,Random Forest,0.999391848595079,1
mimic_perform_af_016,1,Random Forest,0.999368730630294,1
mimic_perform_af_016,1,Random Forest,0.9994040698358923,1
mimic_perform_af_016,1,Random Forest,0.999498518847243,1
mimic_perform_af_016,1,Random Forest,0.999498518847243,1
mimic_perform_af_017,1,Random Forest,0.9879513105849973,1
mimic_perform_af_017,1,Random Forest,0.9864550378208099,1
mimic_perform_af_017,1,Random Forest,0.9809504954422466,1
mimic_perform_af_017,1,Random Forest,0.95023877618702,1
mimic_perform_af_017,1,Random Forest,0.9949536406466397,1
mimic_perform_af_017,1,Random Forest,0.9935092510537135,1
mimic_perform_af_017,1,Random Forest,0.9610417806857017,1
mimic_perform_af_017,1,Random Forest,0.9805022776879206,1
mimic_perform_af_017,1,Random Forest,0.9955859107737477,1
mimic_perform_af_017,1,Random Forest,0.9924543825470844,1
mimic_perform_af_017,1,Random Forest,0.9834044302974807,1
mimic_perform_af_017,1,Random Forest,0.9943120574118443,1
mimic_perform_af_017,1,Random Forest,0.9924809388944855,1
mimic_perform_af_017,1,Random Forest,0.9592307589092002,1
mimic_perform_af_017,1,Random Forest,0.946091699245798,1
mimic_perform_af_017,1,Random Forest,0.9895154008573653,1
mimic_perform_af_017,1,Random Forest,0.9878039359443221,1
mimic_perform_af_017,1,Random Forest,0.9809609229282901,1
mimic_perform_af_017,1,Random Forest,0.9914476029644103,1
mimic_perform_af_017,1,Random Forest,0.995004759775104,1
mimic_perform_af_017,1,Random Forest,0.9946083920511177,1
mimic_perform_af_017,1,Random Forest,0.9948075602045894,1
mimic_perform_af_017,1,Random Forest,0.9936332235500428,1
mimic_perform_af_017,1,Random Forest,0.9833256055335661,1
mimic_perform_af_017,1,Random Forest,0.9708433631222816,1
mimic_perform_af_017,1,Random Forest,0.9227404747581118,1
mimic_perform_af_017,1,Random Forest,0.992647220448834,1
mimic_perform_af_017,1,Random Forest,0.9947552286863742,1
mimic_perform_af_017,1,Random Forest,0.9944580772013545,1
mimic_perform_af_017,1,Random Forest,0.9942118185545251,1
mimic_perform_af_017,1,Random Forest,0.9615867483114929,1
mimic_perform_af_017,1,Random Forest,0.9857421305525327,1
mimic_perform_af_017,1,Random Forest,0.9859221513074571,1
mimic_perform_af_017,1,Random Forest,0.990139757364348,1
mimic_perform_af_017,1,Random Forest,0.9842052019668556,1
mimic_perform_af_017,1,Random Forest,0.986110573191176,1
mimic_perform_af_017,1,Random Forest,0.9881072671086452,1
mimic_perform_af_017,1,Random Forest,0.9677582216507884,1
mimic_perform_af_017,1,Random Forest,0.9777399823237408,1
mimic_perform_af_017,1,Random Forest,0.9724219578266662,1
mimic_perform_af_017,1,Random Forest,0.967963809736936,1
mimic_perform_af_017,1,Random Forest,0.9803927448311831,1
mimic_perform_af_017,1,Random Forest,0.9951749300205969,1
mimic_perform_af_017,1,Random Forest,0.9950143291684664,1
mimic_perform_af_017,1,Random Forest,0.9951550744897344,1
mimic_perform_af_017,1,Random Forest,0.995462634631988,1
mimic_perform_af_017,1,Random Forest,0.987501552533086,1
mimic_perform_af_017,1,Random Forest,0.9847283512788446,1
mimic_perform_af_017,1,Random Forest,0.9804541016519137,1
mimic_perform_af_017,1,Random Forest,0.9914730920498981,1
mimic_perform_af_017,1,Random Forest,0.9880621383890628,1
mimic_perform_af_017,1,Random Forest,0.9869546675814431,1
mimic_perform_af_017,1,Random Forest,0.9897496996262101,1
mimic_perform_af_017,1,Random Forest,0.9902523227947021,1
mimic_perform_af_017,1,Random Forest,0.9934472883586917,1
mimic_perform_af_017,1,Random Forest,0.9923760757755198,1
mimic_perform_af_017,1,Random Forest,0.9942450242277268,1
mimic_perform_af_017,1,Random Forest,0.9926199812894847,1
mimic_perform_af_017,1,Random Forest,0.9926288194798167,1
mimic_perform_af_017,1,Random Forest,0.9918172829237083,1
mimic_perform_af_017,1,Random Forest,0.9946459226292748,1
mimic_perform_af_017,1,Random Forest,0.9956479751217764,1
mimic_perform_af_017,1,Random Forest,0.9955592656967039,1
mimic_perform_af_017,1,Random Forest,0.995660585578299,1
mimic_perform_af_017,1,Random Forest,0.994222756360771,1
mimic_perform_af_017,1,Random Forest,0.99071644067919,1
mimic_perform_af_017,1,Random Forest,0.9920117066330049,1
mimic_perform_af_017,1,Random Forest,0.9929665490973063,1
mimic_perform_af_017,1,Random Forest,0.9936414313964912,1
mimic_perform_af_017,1,Random Forest,0.9951769314024109,1
mimic_perform_af_017,1,Random Forest,0.9931529103980861,1
mimic_perform_af_017,1,Random Forest,0.9929433754738771,1
mimic_perform_af_017,1,Random Forest,0.9956802184591044,1
mimic_perform_af_017,1,Random Forest,0.994417989698688,1
mimic_perform_af_017,1,Random Forest,0.9952912343998416,1
mimic_perform_af_017,1,Random Forest,0.9931834786015192,1
mimic_perform_af_017,1,Random Forest,0.9943130083310352,1
mimic_perform_af_017,1,Random Forest,0.9944887515072365,1
mimic_perform_af_017,1,Random Forest,0.9952737823928608,1
mimic_perform_af_017,1,Random Forest,0.9936414313964912,1
mimic_perform_af_017,1,Random Forest,0.995660585578299,1
mimic_perform_af_017,1,Random Forest,0.9955802548655887,1
mimic_perform_af_017,1,Random Forest,0.9948801179883484,1
mimic_perform_af_017,1,Random Forest,0.9954560215190342,1
mimic_perform_af_017,1,Random Forest,0.9944504931533545,1
mimic_perform_af_017,1,Random Forest,0.9946944124464684,1
mimic_perform_af_017,1,Random Forest,0.9952737823928608,1
mimic_perform_af_017,1,Random Forest,0.9939184696069387,1
mimic_perform_af_017,1,Random Forest,0.9532074895732302,1
mimic_perform_af_017,1,Random Forest,0.9200709245013159,1
mimic_perform_af_017,1,Random Forest,0.6860857090032385,1
mimic_perform_af_017,1,Random Forest,0.9601498838762276,1
mimic_perform_af_017,1,Random Forest,0.9944234347323211,1
mimic_perform_af_017,1,Random Forest,0.9953688346758575,1
mimic_perform_af_017,1,Random Forest,0.995492153087128,1
mimic_perform_af_017,1,Random Forest,0.9955072158102265,1
mimic_perform_af_017,1,Random Forest,0.9956523639804628,1
mimic_perform_af_017,1,Random Forest,0.9953183503922819,1
mimic_perform_af_017,1,Random Forest,0.9937553889124974,1
mimic_perform_af_017,1,Random Forest,0.9907463337629104,1
mimic_perform_af_017,1,Random Forest,0.9790508356280392,1
mimic_perform_af_017,1,Random Forest,0.988081605434996,1
mimic_perform_af_017,1,Random Forest,0.9595167941952192,1
mimic_perform_af_017,1,Random Forest,0.9912500824069027,1
mimic_perform_af_017,1,Random Forest,0.9628558119529923,1
mimic_perform_af_017,1,Random Forest,0.9931893133294306,1
mimic_perform_af_017,1,Random Forest,0.975324141105793,1
mimic_perform_af_017,1,Random Forest,0.9810356277184,1
mimic_perform_af_017,1,Random Forest,0.9736485007244111,1
mimic_perform_af_017,1,Random Forest,0.9690462791077544,1
mimic_perform_af_017,1,Random Forest,0.9613271554075834,1
mimic_perform_af_017,1,Random Forest,0.9260339633263872,1
mimic_perform_af_017,1,Random Forest,0.9936027026045681,1
mimic_perform_af_017,1,Random Forest,0.03333333333333333,0
mimic_perform_af_017,1,Random Forest,0.0,0
mimic_perform_af_017,1,Random Forest,0.0,0
mimic_perform_af_017,1,Random Forest,0.0,0
mimic_perform_af_017,1,Random Forest,0.0,0
mimic_perform_af_018,1,Random Forest,0.9851606531686748,1
mimic_perform_af_018,1,Random Forest,0.9587920535264293,1
mimic_perform_af_018,1,Random Forest,0.9845025351473712,1
mimic_perform_af_018,1,Random Forest,0.9713475334161509,1
mimic_perform_af_018,1,Random Forest,0.9910783719230059,1
mimic_perform_af_018,1,Random Forest,0.9990216973670492,1
mimic_perform_af_018,1,Random Forest,0.9992961380423373,1
mimic_perform_af_018,1,Random Forest,0.9992908696160163,1
mimic_perform_af_018,1,Random Forest,0.9990929986148211,1
mimic_perform_af_018,1,Random Forest,0.9992908696160163,1
mimic_perform_af_018,1,Random Forest,0.9990820179785932,1
mimic_perform_af_018,1,Random Forest,0.9991966780932533,1
mimic_perform_af_018,1,Random Forest,0.9992019465195743,1
mimic_perform_af_018,1,Random Forest,0.9993058846310312,1
mimic_perform_af_018,1,Random Forest,0.9992961380423373,1
mimic_perform_af_018,1,Random Forest,0.9983028209794796,1
mimic_perform_af_018,1,Random Forest,0.9993058846310312,1
mimic_perform_af_018,1,Random Forest,0.998987270982855,1
mimic_perform_af_018,1,Random Forest,0.9992961380423373,1
mimic_perform_af_018,1,Random Forest,0.9989832397419434,1
mimic_perform_af_018,1,Random Forest,0.9990526841863879,1
mimic_perform_af_018,1,Random Forest,0.999047415760067,1
mimic_perform_af_018,1,Random Forest,0.9983781587054693,1
mimic_perform_af_018,1,Random Forest,0.9989226581453374,1
mimic_perform_af_018,1,Random Forest,0.9707140336506896,1
mimic_perform_af_018,1,Random Forest,0.9787409081766287,1
mimic_perform_af_018,1,Random Forest,0.9055026123054213,1
mimic_perform_af_018,1,Random Forest,0.5771856588475299,1
mimic_perform_af_018,1,Random Forest,0.931307584520802,1
mimic_perform_af_018,1,Random Forest,0.937710171639196,1
mimic_perform_af_018,1,Random Forest,0.9971939652072563,1
mimic_perform_af_018,1,Random Forest,0.9992908696160163,1
mimic_perform_af_018,1,Random Forest,0.9992961380423373,1
mimic_perform_af_018,1,Random Forest,0.9992908696160163,1
mimic_perform_af_018,1,Random Forest,0.9991027452035152,1
mimic_perform_af_018,1,Random Forest,0.9988549479062313,1
mimic_perform_af_018,1,Random Forest,0.9981414054871116,1
mimic_perform_af_018,1,Random Forest,0.9985647175571652,1
mimic_perform_af_018,1,Random Forest,0.9985647175571652,1
mimic_perform_af_018,1,Random Forest,0.9991966780932533,1
mimic_perform_af_018,1,Random Forest,0.9977714645041463,1
mimic_perform_af_018,1,Random Forest,0.9987887921896322,1
mimic_perform_af_018,1,Random Forest,0.9992961380423373,1
mimic_perform_af_018,1,Random Forest,0.992487189437511,1
mimic_perform_af_018,1,Random Forest,0.9993058846310312,1
mimic_perform_af_018,1,Random Forest,0.9987191582484273,1
mimic_perform_af_018,1,Random Forest,0.9991484866269331,1
mimic_perform_af_018,1,Random Forest,0.9989491394289943,1
mimic_perform_af_018,1,Random Forest,0.998552012896652,1
mimic_perform_af_018,1,Random Forest,0.9976675347403587,1
mimic_perform_af_018,1,Random Forest,0.9989407859434558,1
mimic_perform_af_018,1,Random Forest,0.9993058846310312,1
mimic_perform_af_018,1,Random Forest,0.9992961380423373,1
mimic_perform_af_018,1,Random Forest,0.9992961380423373,1
mimic_perform_af_018,1,Random Forest,0.9985135233512026,1
mimic_perform_af_018,1,Random Forest,0.9992019465195743,1
mimic_perform_af_018,1,Random Forest,0.9992019465195743,1
mimic_perform_af_018,1,Random Forest,0.9992961380423373,1
mimic_perform_af_018,1,Random Forest,0.996505181327093,1
mimic_perform_af_018,1,Random Forest,0.9891125216258496,1
mimic_perform_af_018,1,Random Forest,0.7624605797472911,1
mimic_perform_af_018,1,Random Forest,0.834778838744573,1
mimic_perform_af_018,1,Random Forest,0.714609060609374,1
mimic_perform_af_018,1,Random Forest,0.995836601615141,1
mimic_perform_af_018,1,Random Forest,0.9965337510377004,1
mimic_perform_af_018,1,Random Forest,0.9990216973670492,1
mimic_perform_af_018,1,Random Forest,0.9971005708569599,1
mimic_perform_af_018,1,Random Forest,0.9971005708569599,1
mimic_perform_af_018,1,Random Forest,0.9993058846310312,1
mimic_perform_af_018,1,Random Forest,0.9992961380423373,1
mimic_perform_af_018,1,Random Forest,0.9990216973670492,1
mimic_perform_af_018,1,Random Forest,0.9990992407708321,1
mimic_perform_af_018,1,Random Forest,0.9970014238863971,1
mimic_perform_af_018,1,Random Forest,0.9989668687058357,1
mimic_perform_af_018,1,Random Forest,0.9786098979364237,1
mimic_perform_af_018,1,Random Forest,0.994074997849155,1
mimic_perform_af_018,1,Random Forest,0.9987590028791381,1
mimic_perform_af_018,1,Random Forest,0.9990216973670492,1
mimic_perform_af_018,1,Random Forest,0.9992961380423373,1
mimic_perform_af_018,1,Random Forest,0.9992961380423373,1
mimic_perform_af_018,1,Random Forest,0.9992961380423373,1
mimic_perform_af_018,1,Random Forest,0.9993058846310312,1
mimic_perform_af_018,1,Random Forest,0.9987204387949195,1
mimic_perform_af_018,1,Random Forest,0.9917618303414506,1
mimic_perform_af_018,1,Random Forest,0.998472529983902,1
mimic_perform_af_018,1,Random Forest,0.9809954705096858,1
mimic_perform_af_018,1,Random Forest,0.9992090574520216,1
mimic_perform_af_018,1,Random Forest,0.9986077148739656,1
mimic_perform_af_018,1,Random Forest,0.9990994733708487,1
mimic_perform_af_018,1,Random Forest,0.9989517311875988,1
mimic_perform_af_018,1,Random Forest,0.9990419370569458,1
mimic_perform_af_018,1,Random Forest,0.9992908696160163,1
mimic_perform_af_018,1,Random Forest,0.9989771973746088,1
mimic_perform_af_018,1,Random Forest,0.9989654141393206,1
mimic_perform_af_018,1,Random Forest,0.9992019465195743,1
mimic_perform_af_018,1,Random Forest,0.9992961380423373,1
mimic_perform_af_018,1,Random Forest,0.9992295260439187,1
mimic_perform_af_018,1,Random Forest,0.994328206046589,1
mimic_perform_af_018,1,Random Forest,0.9990624765056272,1
mimic_perform_af_018,1,Random Forest,0.9992019465195743,1
mimic_perform_af_018,1,Random Forest,0.9848952684276135,1
mimic_perform_af_018,1,Random Forest,0.99921690279852,1
mimic_perform_af_018,1,Random Forest,0.9993237175666817,1
mimic_perform_af_018,1,Random Forest,0.9978728087227534,1
mimic_perform_af_018,1,Random Forest,0.999245806168697,1
mimic_perform_af_018,1,Random Forest,0.9993058846310312,1
mimic_perform_af_018,1,Random Forest,0.9993058846310312,1
mimic_perform_af_018,1,Random Forest,0.9993237175666817,1
mimic_perform_af_018,1,Random Forest,0.9992961380423373,1
mimic_perform_af_018,1,Random Forest,0.9985104651573715,1
mimic_perform_af_018,1,Random Forest,0.9992961380423373,1
mimic_perform_af_018,1,Random Forest,0.9992019465195743,1
mimic_perform_af_018,1,Random Forest,0.9880171230888546,1
mimic_perform_af_018,1,Random Forest,0.9992908696160163,1
mimic_perform_af_018,1,Random Forest,0.9990216973670492,1
mimic_perform_af_018,1,Random Forest,0.9985135233512026,1
mimic_perform_af_018,1,Random Forest,0.9992360595800032,1
mimic_perform_af_018,1,Random Forest,0.9992961380423373,1
mimic_perform_af_019,1,Random Forest,0.9532070685774746,1
mimic_perform_af_019,1,Random Forest,0.9498130919815331,1
mimic_perform_af_019,1,Random Forest,0.9716668663033876,1
mimic_perform_af_019,1,Random Forest,0.9917570481170956,1
mimic_perform_af_019,1,Random Forest,0.9927200133947468,1
mimic_perform_af_019,1,Random Forest,0.9929891718120871,1
mimic_perform_af_019,1,Random Forest,0.9935449722958721,1
mimic_perform_af_019,1,Random Forest,0.9918352078331703,1
mimic_perform_af_019,1,Random Forest,0.9909633316385178,1
mimic_perform_af_019,1,Random Forest,0.9923399392995013,1
mimic_perform_af_019,1,Random Forest,0.9938264539672036,1
mimic_perform_af_019,1,Random Forest,0.9939880738556095,1
mimic_perform_af_019,1,Random Forest,0.9939602960778318,1
mimic_perform_af_019,1,Random Forest,0.9808300234459127,1
mimic_perform_af_019,1,Random Forest,0.9877191238400235,1
mimic_perform_af_019,1,Random Forest,0.9948303776035448,1
mimic_perform_af_019,1,Random Forest,0.9943655704938746,1
mimic_perform_af_019,1,Random Forest,0.992552000835318,1
mimic_perform_af_019,1,Random Forest,0.9920764199251708,1
mimic_perform_af_019,1,Random Forest,0.9919310557828578,1
mimic_perform_af_019,1,Random Forest,0.9845318412351094,1
mimic_perform_af_019,1,Random Forest,0.9896857402015735,1
mimic_perform_af_019,1,Random Forest,0.9903550936878748,1
mimic_perform_af_019,1,Random Forest,0.9903206257216816,1
mimic_perform_af_019,1,Random Forest,0.992419068212052,1
mimic_perform_af_019,1,Random Forest,0.9923407853285173,1
mimic_perform_af_019,1,Random Forest,0.9912383985828166,1
mimic_perform_af_019,1,Random Forest,0.9941393977641099,1
mimic_perform_af_019,1,Random Forest,0.9013869736742166,1
mimic_perform_af_019,1,Random Forest,0.891383459375986,1
mimic_perform_af_019,1,Random Forest,0.8131962910328657,1
mimic_perform_af_019,1,Random Forest,0.9898789432160169,1
mimic_perform_af_019,1,Random Forest,0.9833599738322926,1
mimic_perform_af_019,1,Random Forest,0.9496951076385377,1
mimic_perform_af_019,1,Random Forest,0.8235433457706067,1
mimic_perform_af_019,1,Random Forest,0.7912682050797499,1
mimic_perform_af_019,1,Random Forest,0.8060959402351099,1
mimic_perform_af_019,1,Random Forest,0.9085359018990804,1
mimic_perform_af_019,1,Random Forest,0.9658741312651178,1
mimic_perform_af_019,1,Random Forest,0.9941710067131546,1
mimic_perform_af_019,1,Random Forest,0.994923665228204,1
mimic_perform_af_019,1,Random Forest,0.9950659354510092,1
mimic_perform_af_019,1,Random Forest,0.8266272779223575,1
mimic_perform_af_019,1,Random Forest,0.8627005673267496,1
mimic_perform_af_019,1,Random Forest,0.8793626803806925,1
mimic_perform_af_019,1,Random Forest,0.7849859304834108,1
mimic_perform_af_019,1,Random Forest,0.9933745649541231,1
mimic_perform_af_019,1,Random Forest,0.9938531848638709,1
mimic_perform_af_019,1,Random Forest,0.9874923907230125,1
mimic_perform_af_019,1,Random Forest,0.9911231693547793,1
mimic_perform_af_019,1,Random Forest,0.9931232683070359,1
mimic_perform_af_019,1,Random Forest,0.993344784310133,1
mimic_perform_af_019,1,Random Forest,0.9922489575954961,1
mimic_perform_af_019,1,Random Forest,0.9820088813931083,1
mimic_perform_af_019,1,Random Forest,0.9943214502908118,1
mimic_perform_af_019,1,Random Forest,0.9926150942694665,1
mimic_perform_af_019,1,Random Forest,0.9913219696538818,1
mimic_perform_af_019,1,Random Forest,0.9841035656890004,1
mimic_perform_af_019,1,Random Forest,0.991794282954103,1
mimic_perform_af_019,1,Random Forest,0.9921889837866761,1
mimic_perform_af_019,1,Random Forest,0.9630481552210273,1
mimic_perform_af_019,1,Random Forest,0.9659098985342723,1
mimic_perform_af_019,1,Random Forest,0.9596613683068633,1
mimic_perform_af_019,1,Random Forest,0.9871045250100758,1
mimic_perform_af_019,1,Random Forest,0.9861230768782694,1
mimic_perform_af_019,1,Random Forest,0.9946391242214552,1
mimic_perform_af_019,1,Random Forest,0.9949978190633143,1
mimic_perform_af_019,1,Random Forest,0.9686741437940531,1
mimic_perform_af_019,1,Random Forest,0.9950766811532522,1
mimic_perform_af_019,1,Random Forest,0.9950733887540739,1
mimic_perform_af_019,1,Random Forest,0.9949009243407583,1
mimic_perform_af_019,1,Random Forest,0.8967086128251018,1
mimic_perform_af_019,1,Random Forest,0.9233163567628463,1
mimic_perform_af_019,1,Random Forest,0.8601679760099469,1
mimic_perform_af_019,1,Random Forest,0.9925988438897897,1
mimic_perform_af_019,1,Random Forest,0.9925771886207713,1
mimic_perform_af_019,1,Random Forest,0.9923280187496526,1
mimic_perform_af_019,1,Random Forest,0.9925697353177065,1
mimic_perform_af_019,1,Random Forest,0.9904032277097389,1
mimic_perform_af_019,1,Random Forest,0.9921117037371151,1
mimic_perform_af_019,1,Random Forest,0.9942958048784974,1
mimic_perform_af_019,1,Random Forest,0.9945313673640601,1
mimic_perform_af_019,1,Random Forest,0.9941924314462205,1
mimic_perform_af_019,1,Random Forest,0.9935922714445813,1
mimic_perform_af_019,1,Random Forest,0.9904473511374499,1
mimic_perform_af_019,1,Random Forest,0.9847556664409666,1
mimic_perform_af_019,1,Random Forest,0.9836402005339998,1
mimic_perform_af_019,1,Random Forest,0.9923912904342742,1
mimic_perform_af_019,1,Random Forest,0.9926225475725313,1
mimic_perform_af_019,1,Random Forest,0.9930583684662783,1
mimic_perform_af_019,1,Random Forest,0.9889710767136412,1
mimic_perform_af_019,1,Random Forest,0.9867325839734764,1
mimic_perform_af_019,1,Random Forest,0.9620322210631065,1
mimic_perform_af_019,1,Random Forest,0.9927188185820751,1
mimic_perform_af_019,1,Random Forest,0.9915402532196567,1
mimic_perform_af_019,1,Random Forest,0.9951537071266987,1
mimic_perform_af_019,1,Random Forest,0.9874789253230921,1
mimic_perform_af_019,1,Random Forest,0.9531544672548534,1
mimic_perform_af_019,1,Random Forest,0.9074877975723689,1
mimic_perform_af_019,1,Random Forest,0.8566087011503896,1
mimic_perform_af_019,1,Random Forest,0.8357253925887943,1
mimic_perform_af_019,1,Random Forest,0.865537041183055,1
mimic_perform_af_019,1,Random Forest,0.9940442232655274,1
mimic_perform_af_019,1,Random Forest,0.9924284871657577,1
mimic_perform_af_019,1,Random Forest,0.9942958048784974,1
mimic_perform_af_019,1,Random Forest,0.9689392695309662,1
mimic_perform_af_019,1,Random Forest,0.9807164265363895,1
mimic_perform_af_019,1,Random Forest,0.9935930594416915,1
mimic_perform_af_019,1,Random Forest,0.9935249121961065,1
mimic_perform_af_019,1,Random Forest,0.9937068341572416,1
mimic_perform_af_019,1,Random Forest,0.9930340029080279,1
mimic_perform_af_019,1,Random Forest,0.9900671070070522,1
mimic_perform_af_019,1,Random Forest,0.9144674967310361,1
mimic_perform_af_019,1,Random Forest,0.888610085312888,1
mimic_perform_af_019,1,Random Forest,0.8999387168647869,1
mimic_perform_af_019,1,Random Forest,0.993764270020417,1
mimic_perform_af_019,1,Random Forest,0.9920689666221059,1
mimic_perform_af_019,1,Random Forest,0.9857081103529928,1
mimic_perform_non_af_001,0,Random Forest,0.006736146285807842,0
mimic_perform_non_af_001,0,Random Forest,0.00010349322458335146,0
mimic_perform_non_af_001,0,Random Forest,0.0010183215101584335,0
mimic_perform_non_af_001,0,Random Forest,0.0019694199360996536,0
mimic_perform_non_af_001,0,Random Forest,0.00016698528807541495,0
mimic_perform_non_af_001,0,Random Forest,0.00016698528807541495,0
mimic_perform_non_af_001,0,Random Forest,0.0002469589957832254,0
mimic_perform_non_af_001,0,Random Forest,0.0,0
mimic_perform_non_af_001,0,Random Forest,5.198180636777128e-05,0
mimic_perform_non_af_001,0,Random Forest,5.198180636777128e-05,0
mimic_perform_non_af_001,0,Random Forest,0.0005360188209758491,0
mimic_perform_non_af_001,0,Random Forest,0.14073468305262457,0
mimic_perform_non_af_001,0,Random Forest,0.5374505905957373,1
mimic_perform_non_af_001,0,Random Forest,0.1229735499648564,0
mimic_perform_non_af_001,0,Random Forest,0.0011122416378823341,0
mimic_perform_non_af_001,0,Random Forest,0.00028192781681104714,0
mimic_perform_non_af_001,0,Random Forest,0.00016698528807541495,0
mimic_perform_non_af_001,0,Random Forest,0.0011466526619231265,0
mimic_perform_non_af_001,0,Random Forest,0.021320292548196975,0
mimic_perform_non_af_001,0,Random Forest,0.009597926978233697,0
mimic_perform_non_af_001,0,Random Forest,0.0009784697098553096,0
mimic_perform_non_af_001,0,Random Forest,0.00016698528807541495,0
mimic_perform_non_af_001,0,Random Forest,0.0001329716826332381,0
mimic_perform_non_af_001,0,Random Forest,0.007424066209021882,0
mimic_perform_non_af_001,0,Random Forest,0.007725968607698475,0
mimic_perform_non_af_001,0,Random Forest,0.007725968607698475,0
mimic_perform_non_af_001,0,Random Forest,0.00016698528807541495,0
mimic_perform_non_af_001,0,Random Forest,0.00016698528807541495,0
mimic_perform_non_af_001,0,Random Forest,0.0003413050159665714,0
mimic_perform_non_af_001,0,Random Forest,0.0001329716826332381,0
mimic_perform_non_af_001,0,Random Forest,0.006802812952474508,0
mimic_perform_non_af_001,0,Random Forest,0.0002479142113688703,0
mimic_perform_non_af_001,0,Random Forest,0.0,0
mimic_perform_non_af_001,0,Random Forest,0.00047028018227191013,0
mimic_perform_non_af_001,0,Random Forest,0.001463521870929999,0
mimic_perform_non_af_001,0,Random Forest,0.12453800284263813,0
mimic_perform_non_af_001,0,Random Forest,0.8084783185239774,1
mimic_perform_non_af_001,0,Random Forest,0.9778734557711674,1
mimic_perform_non_af_001,0,Random Forest,0.9194177498001672,1
mimic_perform_non_af_001,0,Random Forest,0.520198378490255,1
mimic_perform_non_af_001,0,Random Forest,0.5222610769875651,1
mimic_perform_non_af_001,0,Random Forest,0.2617001633811648,0
mimic_perform_non_af_001,0,Random Forest,0.18318471033070222,0
mimic_perform_non_af_001,0,Random Forest,0.0005161297432106534,0
mimic_perform_non_af_001,0,Random Forest,0.013547261551436124,0
mimic_perform_non_af_001,0,Random Forest,0.0,0
mimic_perform_non_af_001,0,Random Forest,0.006666666666666667,0
mimic_perform_non_af_001,0,Random Forest,0.006718648473034438,0
mimic_perform_non_af_001,0,Random Forest,0.0002479142113688703,0
mimic_perform_non_af_001,0,Random Forest,0.01706907964533465,0
mimic_perform_non_af_001,0,Random Forest,0.039619035515708216,0
mimic_perform_non_af_001,0,Random Forest,0.0010619687732503476,0
mimic_perform_non_af_001,0,Random Forest,0.007853567153344683,0
mimic_perform_non_af_001,0,Random Forest,0.0007417413718626973,0
mimic_perform_non_af_001,0,Random Forest,0.0002479142113688703,0
mimic_perform_non_af_001,0,Random Forest,0.0002479142113688703,0
mimic_perform_non_af_001,0,Random Forest,0.0002479142113688703,0
mimic_perform_non_af_001,0,Random Forest,0.0002479142113688703,0
mimic_perform_non_af_001,0,Random Forest,0.0002479142113688703,0
mimic_perform_non_af_001,0,Random Forest,0.0002479142113688703,0
mimic_perform_non_af_001,0,Random Forest,0.0,0
mimic_perform_non_af_001,0,Random Forest,0.0,0
mimic_perform_non_af_001,0,Random Forest,5.198180636777128e-05,0
mimic_perform_non_af_001,0,Random Forest,0.0003238072031931681,0
mimic_perform_non_af_001,0,Random Forest,0.008636086602766319,0
mimic_perform_non_af_001,0,Random Forest,0.011771447436441337,0
mimic_perform_non_af_001,0,Random Forest,0.3726358737522477,0
mimic_perform_non_af_001,0,Random Forest,0.016995788552959943,0
mimic_perform_non_af_001,0,Random Forest,8.602221632893308e-05,0
mimic_perform_non_af_001,0,Random Forest,1.6542597187758478e-05,0
mimic_perform_non_af_001,0,Random Forest,0.0,0
mimic_perform_non_af_001,0,Random Forest,0.0,0
mimic_perform_non_af_001,0,Random Forest,0.0,0
mimic_perform_non_af_001,0,Random Forest,0.0002479142113688703,0
mimic_perform_non_af_001,0,Random Forest,0.0001329716826332381,0
mimic_perform_non_af_001,0,Random Forest,0.0001329716826332381,0
mimic_perform_non_af_001,0,Random Forest,0.0002479142113688703,0
mimic_perform_non_af_001,0,Random Forest,0.00017843459222769567,0
mimic_perform_non_af_001,0,Random Forest,0.0001329716826332381,0
mimic_perform_non_af_001,0,Random Forest,0.0001329716826332381,0
mimic_perform_non_af_001,0,Random Forest,0.006799638349299905,0
mimic_perform_non_af_001,0,Random Forest,5.198180636777128e-05,0
mimic_perform_non_af_001,0,Random Forest,5.198180636777128e-05,0
mimic_perform_non_af_001,0,Random Forest,0.0001329716826332381,0
mimic_perform_non_af_001,0,Random Forest,0.0001329716826332381,0
mimic_perform_non_af_001,0,Random Forest,0.0001329716826332381,0
mimic_perform_non_af_001,0,Random Forest,5.198180636777128e-05,0
mimic_perform_non_af_001,0,Random Forest,5.198180636777128e-05,0
mimic_perform_non_af_001,0,Random Forest,5.198180636777128e-05,0
mimic_perform_non_af_001,0,Random Forest,5.198180636777128e-05,0
mimic_perform_non_af_001,0,Random Forest,0.0,0
mimic_perform_non_af_001,0,Random Forest,0.0,0
mimic_perform_non_af_001,0,Random Forest,0.0,0
mimic_perform_non_af_001,0,Random Forest,0.01376003038123043,0
mimic_perform_non_af_001,0,Random Forest,0.00022202537412762202,0
mimic_perform_non_af_001,0,Random Forest,0.00024383182649852513,0
mimic_perform_non_af_001,0,Random Forest,0.027772441698628435,0
mimic_perform_non_af_001,0,Random Forest,0.4309652796219475,0
mimic_perform_non_af_001,0,Random Forest,0.34365758599981094,0
mimic_perform_non_af_001,0,Random Forest,0.0007063284308179793,0
mimic_perform_non_af_001,0,Random Forest,0.0021081770913728313,0
mimic_perform_non_af_001,0,Random Forest,0.07544491726115347,0
mimic_perform_non_af_001,0,Random Forest,0.0210666103828466,0
mimic_perform_non_af_001,0,Random Forest,0.0008365611261494403,0
mimic_perform_non_af_001,0,Random Forest,0.0,0
mimic_perform_non_af_001,0,Random Forest,0.011019784030347316,0
mimic_perform_non_af_001,0,Random Forest,0.007471839141016538,0
mimic_perform_non_af_001,0,Random Forest,0.04222051638969378,0
mimic_perform_non_af_001,0,Random Forest,0.007099782649444205,0
mimic_perform_non_af_001,0,Random Forest,0.008193794788852486,0
mimic_perform_non_af_001,0,Random Forest,0.09941048010080088,0
mimic_perform_non_af_001,0,Random Forest,0.46221287468524813,0
mimic_perform_non_af_001,0,Random Forest,0.8767221504755456,1
mimic_perform_non_af_001,0,Random Forest,0.8643185197761512,1
mimic_perform_non_af_001,0,Random Forest,0.6986901839441427,1
mimic_perform_non_af_001,0,Random Forest,0.9457505796300097,1
mimic_perform_non_af_001,0,Random Forest,0.8625107103177911,1
mimic_perform_non_af_001,0,Random Forest,0.021021163433119532,0
mimic_perform_non_af_002,0,Random Forest,0.10171066710164137,0
mimic_perform_non_af_002,0,Random Forest,0.05062566915279643,0
mimic_perform_non_af_002,0,Random Forest,0.05304382805790609,0
mimic_perform_non_af_002,0,Random Forest,0.0788919994745393,0
mimic_perform_non_af_002,0,Random Forest,0.13382366485756644,0
mimic_perform_non_af_002,0,Random Forest,0.15210765041723398,0
mimic_perform_non_af_002,0,Random Forest,0.11945692360716438,0
mimic_perform_non_af_002,0,Random Forest,0.1337510553601657,0
mimic_perform_non_af_002,0,Random Forest,0.17631986764715382,0
mimic_perform_non_af_002,0,Random Forest,0.07943412133779336,0
mimic_perform_non_af_002,0,Random Forest,0.02545359190306278,0
mimic_perform_non_af_002,0,Random Forest,0.015808894656833595,0
mimic_perform_non_af_002,0,Random Forest,0.02777581193710872,0
mimic_perform_non_af_002,0,Random Forest,0.014864946064313935,0
mimic_perform_non_af_002,0,Random Forest,0.014613696665195682,0
mimic_perform_non_af_002,0,Random Forest,0.014153816626790515,0
mimic_perform_non_af_002,0,Random Forest,0.023097045743813514,0
mimic_perform_non_af_002,0,Random Forest,0.027079354657101824,0
mimic_perform_non_af_002,0,Random Forest,0.0720629163001156,0
mimic_perform_non_af_002,0,Random Forest,0.029084773279108342,0
mimic_perform_non_af_002,0,Random Forest,0.024251858508184142,0
mimic_perform_non_af_002,0,Random Forest,0.025564344544835388,0
mimic_perform_non_af_002,0,Random Forest,0.014875171808529665,0
mimic_perform_non_af_002,0,Random Forest,0.014350173461445221,0
mimic_perform_non_af_002,0,Random Forest,0.015106887776139295,0
mimic_perform_non_af_002,0,Random Forest,0.024801279141328573,0
mimic_perform_non_af_002,0,Random Forest,0.00941775615876181,0
mimic_perform_non_af_002,0,Random Forest,0.0050567406950665,0
mimic_perform_non_af_002,0,Random Forest,0.0004617648807697552,0
mimic_perform_non_af_002,0,Random Forest,0.023742149780457494,0
mimic_perform_non_af_002,0,Random Forest,0.032186445594932694,0
mimic_perform_non_af_002,0,Random Forest,0.06519087236606315,0
mimic_perform_non_af_002,0,Random Forest,0.055086220977534996,0
mimic_perform_non_af_002,0,Random Forest,0.02579422896247785,0
mimic_perform_non_af_002,0,Random Forest,0.01711058275661129,0
mimic_perform_non_af_002,0,Random Forest,0.030982741016071524,0
mimic_perform_non_af_002,0,Random Forest,0.015780979138553544,0
mimic_perform_non_af_002,0,Random Forest,0.016440674094407526,0
mimic_perform_non_af_002,0,Random Forest,0.05380442092257579,0
mimic_perform_non_af_002,0,Random Forest,0.022413888728862522,0
mimic_perform_non_af_002,0,Random Forest,0.03175697275312468,0
mimic_perform_non_af_002,0,Random Forest,0.0468753305720679,0
mimic_perform_non_af_002,0,Random Forest,0.07031658992607079,0
mimic_perform_non_af_002,0,Random Forest,0.08613964535690104,0
mimic_perform_non_af_002,0,Random Forest,0.1424484675508879,0
mimic_perform_non_af_002,0,Random Forest,0.04513164358752108,0
mimic_perform_non_af_002,0,Random Forest,0.14007846150540634,0
mimic_perform_non_af_002,0,Random Forest,0.07436083455518741,0
mimic_perform_non_af_002,0,Random Forest,0.015447108832491804,0
mimic_perform_non_af_002,0,Random Forest,0.053904613847646596,0
mimic_perform_non_af_002,0,Random Forest,0.06296548053522603,0
mimic_perform_non_af_002,0,Random Forest,0.015899429773868087,0
mimic_perform_non_af_002,0,Random Forest,0.025541586294268045,0
mimic_perform_non_af_002,0,Random Forest,0.04949951234204771,0
mimic_perform_non_af_002,0,Random Forest,0.09035970663238604,0
mimic_perform_non_af_002,0,Random Forest,0.046762061412463585,0
mimic_perform_non_af_002,0,Random Forest,0.07595982394286162,0
mimic_perform_non_af_002,0,Random Forest,0.11425373973689364,0
mimic_perform_non_af_002,0,Random Forest,0.06579053129999779,0
mimic_perform_non_af_002,0,Random Forest,0.07561597726423974,0
mimic_perform_non_af_002,0,Random Forest,0.0736668136248118,0
mimic_perform_non_af_002,0,Random Forest,0.08226689839347467,0
mimic_perform_non_af_002,0,Random Forest,0.07015121497425339,0
mimic_perform_non_af_002,0,Random Forest,0.06645432017473181,0
mimic_perform_non_af_002,0,Random Forest,0.02539016100567792,0
mimic_perform_non_af_002,0,Random Forest,0.014276309075903727,0
mimic_perform_non_af_002,0,Random Forest,0.014485061284655935,0
mimic_perform_non_af_002,0,Random Forest,0.022855927923258915,0
mimic_perform_non_af_002,0,Random Forest,0.02332472079915269,0
mimic_perform_non_af_002,0,Random Forest,0.025562052997520145,0
mimic_perform_non_af_002,0,Random Forest,0.019948553760089364,0
mimic_perform_non_af_002,0,Random Forest,0.035027478723359484,0
mimic_perform_non_af_002,0,Random Forest,0.02661301206922221,0
mimic_perform_non_af_002,0,Random Forest,0.014905544477200208,0
mimic_perform_non_af_002,0,Random Forest,0.014835675459528203,0
mimic_perform_non_af_002,0,Random Forest,0.023981796540190684,0
mimic_perform_non_af_002,0,Random Forest,0.014604672488005326,0
mimic_perform_non_af_002,0,Random Forest,0.015390214088667588,0
mimic_perform_non_af_002,0,Random Forest,0.13494078635131196,0
mimic_perform_non_af_002,0,Random Forest,0.11286628189890753,0
mimic_perform_non_af_002,0,Random Forest,0.09026298702180309,0
mimic_perform_non_af_002,0,Random Forest,0.01638443216156347,0
mimic_perform_non_af_002,0,Random Forest,0.010553064277719015,0
mimic_perform_non_af_002,0,Random Forest,0.23211815943779218,0
mimic_perform_non_af_002,0,Random Forest,0.2080628611143188,0
mimic_perform_non_af_002,0,Random Forest,0.029837492001752997,0
mimic_perform_non_af_002,0,Random Forest,0.02109381781008784,0
mimic_perform_non_af_002,0,Random Forest,0.008304688994368136,0
mimic_perform_non_af_002,0,Random Forest,0.00012470787049217283,0
mimic_perform_non_af_002,0,Random Forest,0.00012470787049217283,0
mimic_perform_non_af_002,0,Random Forest,0.004703062455004215,0
mimic_perform_non_af_002,0,Random Forest,0.060829646993619896,0
mimic_perform_non_af_002,0,Random Forest,0.10239113406120111,0
mimic_perform_non_af_002,0,Random Forest,0.08441135639969832,0
mimic_perform_non_af_002,0,Random Forest,0.04350768451432365,0
mimic_perform_non_af_002,0,Random Forest,0.014696792268447997,0
mimic_perform_non_af_002,0,Random Forest,0.016588551829970315,0
mimic_perform_non_af_002,0,Random Forest,0.014898812470468198,0
mimic_perform_non_af_002,0,Random Forest,0.04471926822056691,0
mimic_perform_non_af_002,0,Random Forest,0.0924630551589721,0
mimic_perform_non_af_002,0,Random Forest,0.15791127871106184,0
mimic_perform_non_af_002,0,Random Forest,0.10497224257540984,0
mimic_perform_non_af_002,0,Random Forest,0.08114897792265932,0
mimic_perform_non_af_002,0,Random Forest,0.11027965503934385,0
mimic_perform_non_af_002,0,Random Forest,0.10832862994845567,0
mimic_perform_non_af_002,0,Random Forest,0.12602222277702907,0
mimic_perform_non_af_002,0,Random Forest,0.03919875446495481,0
mimic_perform_non_af_002,0,Random Forest,0.05904970880474991,0
mimic_perform_non_af_002,0,Random Forest,0.10863384071770085,0
mimic_perform_non_af_002,0,Random Forest,0.09480599507126106,0
mimic_perform_non_af_002,0,Random Forest,0.12137168682895792,0
mimic_perform_non_af_002,0,Random Forest,0.1477783973712625,0
mimic_perform_non_af_002,0,Random Forest,0.13661955570609916,0
mimic_perform_non_af_002,0,Random Forest,0.14400428480827498,0
mimic_perform_non_af_002,0,Random Forest,0.15370109061913093,0
mimic_perform_non_af_002,0,Random Forest,0.15333163251456738,0
mimic_perform_non_af_002,0,Random Forest,0.1587262695863957,0
mimic_perform_non_af_002,0,Random Forest,0.13610074340752185,0
mimic_perform_non_af_003,0,Random Forest,0.00041536289369270167,0
mimic_perform_non_af_003,0,Random Forest,0.0004532416815714896,0
mimic_perform_non_af_003,0,Random Forest,0.0004532416815714896,0
mimic_perform_non_af_003,0,Random Forest,0.0004532416815714896,0
mimic_perform_non_af_003,0,Random Forest,0.00041536289369270167,0
mimic_perform_non_af_003,0,Random Forest,0.014107162155466918,0
mimic_perform_non_af_003,0,Random Forest,0.014433150835291227,0
mimic_perform_non_af_003,0,Random Forest,0.01629586641118212,0
mimic_perform_non_af_003,0,Random Forest,0.007253681519783856,0
mimic_perform_non_af_003,0,Random Forest,0.00666691815005391,0
mimic_perform_non_af_003,0,Random Forest,0.0027706250727367763,0
mimic_perform_non_af_003,0,Random Forest,0.0026711225851745873,0
mimic_perform_non_af_003,0,Random Forest,0.00041536289369270167,0
mimic_perform_non_af_003,0,Random Forest,0.00041536289369270167,0
mimic_perform_non_af_003,0,Random Forest,0.00041536289369270167,0
mimic_perform_non_af_003,0,Random Forest,0.014757312445358061,0
mimic_perform_non_af_003,0,Random Forest,0.0072715993281197615,0
mimic_perform_non_af_003,0,Random Forest,0.019059814604128502,0
mimic_perform_non_af_003,0,Random Forest,0.0017904477023588856,0
mimic_perform_non_af_003,0,Random Forest,0.0006704172871587496,0
mimic_perform_non_af_003,0,Random Forest,0.00041536289369270167,0
mimic_perform_non_af_003,0,Random Forest,0.00041536289369270167,0
mimic_perform_non_af_003,0,Random Forest,0.00041536289369270167,0
mimic_perform_non_af_003,0,Random Forest,0.00041536289369270167,0
mimic_perform_non_af_003,0,Random Forest,0.00041536289369270167,0
mimic_perform_non_af_003,0,Random Forest,0.00041536289369270167,0
mimic_perform_non_af_003,0,Random Forest,0.00041536289369270167,0
mimic_perform_non_af_003,0,Random Forest,0.00041536289369270167,0
mimic_perform_non_af_003,0,Random Forest,0.0022626228070720122,0
mimic_perform_non_af_003,0,Random Forest,0.003056652958185582,0
mimic_perform_non_af_003,0,Random Forest,0.0023783550349404632,0
mimic_perform_non_af_003,0,Random Forest,0.003315486381493082,0
mimic_perform_non_af_003,0,Random Forest,0.004421482335049698,0
mimic_perform_non_af_003,0,Random Forest,0.004500825506589735,0
mimic_perform_non_af_003,0,Random Forest,0.004504028799440179,0
mimic_perform_non_af_003,0,Random Forest,0.005083286796527629,0
mimic_perform_non_af_003,0,Random Forest,0.001142592391871875,0
mimic_perform_non_af_003,0,Random Forest,0.00041536289369270167,0
mimic_perform_non_af_003,0,Random Forest,0.00041536289369270167,0
mimic_perform_non_af_003,0,Random Forest,0.00041536289369270167,0
mimic_perform_non_af_003,0,Random Forest,0.00041536289369270167,0
mimic_perform_non_af_003,0,Random Forest,0.00041536289369270167,0
mimic_perform_non_af_003,0,Random Forest,0.00041536289369270167,0
mimic_perform_non_af_003,0,Random Forest,0.00041536289369270167,0
mimic_perform_non_af_003,0,Random Forest,0.00041536289369270167,0
mimic_perform_non_af_003,0,Random Forest,0.00041536289369270167,0
mimic_perform_non_af_003,0,Random Forest,0.004594403839307689,0
mimic_perform_non_af_003,0,Random Forest,0.005161511000242223,0
mimic_perform_non_af_003,0,Random Forest,0.01838192272856221,0
mimic_perform_non_af_003,0,Random Forest,0.014212265834598984,0
mimic_perform_non_af_003,0,Random Forest,0.013939644370049204,0
mimic_perform_non_af_003,0,Random Forest,0.014000771118488521,0
mimic_perform_non_af_003,0,Random Forest,0.0008259142987224262,0
mimic_perform_non_af_003,0,Random Forest,0.013243856331448681,0
mimic_perform_non_af_003,0,Random Forest,0.013243856331448681,0
mimic_perform_non_af_003,0,Random Forest,0.03010824482895462,0
mimic_perform_non_af_003,0,Random Forest,0.00041536289369270167,0
mimic_perform_non_af_003,0,Random Forest,0.00041536289369270167,0
mimic_perform_non_af_003,0,Random Forest,0.0007699197747209388,0
mimic_perform_non_af_003,0,Random Forest,0.006750280333204479,0
mimic_perform_non_af_003,0,Random Forest,0.006750280333204479,0
mimic_perform_non_af_003,0,Random Forest,0.0051297397224853054,0
mimic_perform_non_af_003,0,Random Forest,0.00041536289369270167,0
mimic_perform_non_af_003,0,Random Forest,0.00041536289369270167,0
mimic_perform_non_af_003,0,Random Forest,0.015574065677945021,0
mimic_perform_non_af_003,0,Random Forest,0.007288019689367708,0
mimic_perform_non_af_003,0,Random Forest,0.00793862984418085,0
mimic_perform_non_af_003,0,Random Forest,0.008949927808810388,0
mimic_perform_non_af_003,0,Random Forest,0.008159472294403777,0
mimic_perform_non_af_003,0,Random Forest,0.011450929427531472,0
mimic_perform_non_af_003,0,Random Forest,0.011412982781153047,0
mimic_perform_non_af_003,0,Random Forest,0.011903994563425054,0
mimic_perform_non_af_003,0,Random Forest,0.006066029016482865,0
mimic_perform_non_af_003,0,Random Forest,0.0036599305522865087,0
mimic_perform_non_af_003,0,Random Forest,0.02017412382564804,0
mimic_perform_non_af_003,0,Random Forest,0.007664025882642683,0
mimic_perform_non_af_003,0,Random Forest,0.005743165572701565,0
mimic_perform_non_af_003,0,Random Forest,0.050528082127616,0
mimic_perform_non_af_003,0,Random Forest,0.0029851040317509002,0
mimic_perform_non_af_003,0,Random Forest,0.0005679800918081684,0
mimic_perform_non_af_003,0,Random Forest,0.00041536289369270167,0
mimic_perform_non_af_003,0,Random Forest,0.00041536289369270167,0
mimic_perform_non_af_003,0,Random Forest,0.00041536289369270167,0
mimic_perform_non_af_003,0,Random Forest,0.00041536289369270167,0
mimic_perform_non_af_003,0,Random Forest,0.004398612231854888,0
mimic_perform_non_af_003,0,Random Forest,0.004481404193497298,0
mimic_perform_non_af_003,0,Random Forest,0.004398612231854888,0
mimic_perform_non_af_003,0,Random Forest,0.004279161417444723,0
mimic_perform_non_af_003,0,Random Forest,0.0027520471078764726,0
mimic_perform_non_af_003,0,Random Forest,0.0026724737212164723,0
mimic_perform_non_af_003,0,Random Forest,0.00041536289369270167,0
mimic_perform_non_af_003,0,Random Forest,0.003145786974270379,0
mimic_perform_non_af_003,0,Random Forest,0.003145786974270379,0
mimic_perform_non_af_003,0,Random Forest,0.001081360467809239,0
mimic_perform_non_af_003,0,Random Forest,0.004702988012106817,0
mimic_perform_non_af_003,0,Random Forest,0.008025702725124224,0
mimic_perform_non_af_003,0,Random Forest,0.005138149775263381,0
mimic_perform_non_af_003,0,Random Forest,0.00041536289369270167,0
mimic_perform_non_af_003,0,Random Forest,0.00041536289369270167,0
mimic_perform_non_af_003,0,Random Forest,0.020825641741065406,0
mimic_perform_non_af_003,0,Random Forest,0.003056652958185582,0
mimic_perform_non_af_003,0,Random Forest,0.0037990660202451335,0
mimic_perform_non_af_003,0,Random Forest,0.004251227249974645,0
mimic_perform_non_af_003,0,Random Forest,0.003906198269522795,0
mimic_perform_non_af_003,0,Random Forest,0.0037098680920400933,0
mimic_perform_non_af_003,0,Random Forest,0.00041536289369270167,0
mimic_perform_non_af_003,0,Random Forest,0.00041536289369270167,0
mimic_perform_non_af_003,0,Random Forest,0.00041536289369270167,0
mimic_perform_non_af_003,0,Random Forest,0.00041536289369270167,0
mimic_perform_non_af_003,0,Random Forest,0.00041536289369270167,0
mimic_perform_non_af_003,0,Random Forest,0.00041536289369270167,0
mimic_perform_non_af_003,0,Random Forest,0.0008457578695859462,0
mimic_perform_non_af_003,0,Random Forest,0.0016880105070083045,0
mimic_perform_non_af_003,0,Random Forest,0.0016505946575366395,0
mimic_perform_non_af_003,0,Random Forest,0.009809964356554375,0
mimic_perform_non_af_003,0,Random Forest,0.009809964356554375,0
mimic_perform_non_af_003,0,Random Forest,0.0004532416815714896,0
mimic_perform_non_af_003,0,Random Forest,0.00041536289369270167,0
mimic_perform_non_af_004,0,Random Forest,0.25,0
mimic_perform_non_af_004,0,Random Forest,0.2,0
mimic_perform_non_af_004,0,Random Forest,0.12,0
mimic_perform_non_af_004,0,Random Forest,0.2,0
mimic_perform_non_af_004,0,Random Forest,0.21,0
mimic_perform_non_af_004,0,Random Forest,0.21,0
mimic_perform_non_af_004,0,Random Forest,0.19,0
mimic_perform_non_af_004,0,Random Forest,0.12,0
mimic_perform_non_af_004,0,Random Forest,0.12,0
mimic_perform_non_af_004,0,Random Forest,0.12,0
mimic_perform_non_af_004,0,Random Forest,0.12,0
mimic_perform_non_af_004,0,Random Forest,0.12,0
mimic_perform_non_af_004,0,Random Forest,0.12,0
mimic_perform_non_af_004,0,Random Forest,0.12,0
mimic_perform_non_af_004,0,Random Forest,0.18,0
mimic_perform_non_af_004,0,Random Forest,0.27,0
mimic_perform_non_af_004,0,Random Forest,0.24,0
mimic_perform_non_af_004,0,Random Forest,0.12,0
mimic_perform_non_af_004,0,Random Forest,0.12,0
mimic_perform_non_af_004,0,Random Forest,0.12,0
mimic_perform_non_af_004,0,Random Forest,0.12,0
mimic_perform_non_af_004,0,Random Forest,0.12,0
mimic_perform_non_af_004,0,Random Forest,0.12,0
mimic_perform_non_af_004,0,Random Forest,0.12,0
mimic_perform_non_af_004,0,Random Forest,0.12,0
mimic_perform_non_af_004,0,Random Forest,0.12,0
mimic_perform_non_af_004,0,Random Forest,0.12,0
mimic_perform_non_af_004,0,Random Forest,0.34333333333333327,0
mimic_perform_non_af_004,0,Random Forest,0.24333333333333332,0
mimic_perform_non_af_004,0,Random Forest,0.29,0
mimic_perform_non_af_004,0,Random Forest,0.13,0
mimic_perform_non_af_004,0,Random Forest,0.12,0
mimic_perform_non_af_004,0,Random Forest,0.12,0
mimic_perform_non_af_004,0,Random Forest,0.12,0
mimic_perform_non_af_004,0,Random Forest,0.12,0
mimic_perform_non_af_004,0,Random Forest,0.14,0
mimic_perform_non_af_004,0,Random Forest,0.13,0
mimic_perform_non_af_004,0,Random Forest,0.15333333333333332,0
mimic_perform_non_af_004,0,Random Forest,0.15,0
mimic_perform_non_af_004,0,Random Forest,0.19,0
mimic_perform_non_af_004,0,Random Forest,0.15,0
mimic_perform_non_af_004,0,Random Forest,0.12,0
mimic_perform_non_af_004,0,Random Forest,0.12,0
mimic_perform_non_af_004,0,Random Forest,0.12,0
mimic_perform_non_af_004,0,Random Forest,0.12,0
mimic_perform_non_af_004,0,Random Forest,0.12,0
mimic_perform_non_af_004,0,Random Forest,0.14,0
mimic_perform_non_af_004,0,Random Forest,0.2,0
mimic_perform_non_af_004,0,Random Forest,0.19,0
mimic_perform_non_af_004,0,Random Forest,0.12,0
mimic_perform_non_af_004,0,Random Forest,0.12,0
mimic_perform_non_af_004,0,Random Forest,0.12,0
mimic_perform_non_af_004,0,Random Forest,0.14,0
mimic_perform_non_af_004,0,Random Forest,0.23,0
mimic_perform_non_af_004,0,Random Forest,0.2633333333333333,0
mimic_perform_non_af_004,0,Random Forest,0.32,0
mimic_perform_non_af_004,0,Random Forest,0.16,0
mimic_perform_non_af_004,0,Random Forest,0.12,0
mimic_perform_non_af_004,0,Random Forest,0.12,0
mimic_perform_non_af_004,0,Random Forest,0.12,0
mimic_perform_non_af_004,0,Random Forest,0.13,0
mimic_perform_non_af_004,0,Random Forest,0.13,0
mimic_perform_non_af_004,0,Random Forest,0.13,0
mimic_perform_non_af_004,0,Random Forest,0.12,0
mimic_perform_non_af_004,0,Random Forest,0.12,0
mimic_perform_non_af_004,0,Random Forest,0.12,0
mimic_perform_non_af_004,0,Random Forest,0.12,0
mimic_perform_non_af_004,0,Random Forest,0.12,0
mimic_perform_non_af_004,0,Random Forest,0.12,0
mimic_perform_non_af_004,0,Random Forest,0.12,0
mimic_perform_non_af_004,0,Random Forest,0.19,0
mimic_perform_non_af_004,0,Random Forest,0.21,0
mimic_perform_non_af_004,0,Random Forest,0.15,0
mimic_perform_non_af_004,0,Random Forest,0.12,0
mimic_perform_non_af_004,0,Random Forest,0.12,0
mimic_perform_non_af_004,0,Random Forest,0.12,0
mimic_perform_non_af_004,0,Random Forest,0.12,0
mimic_perform_non_af_004,0,Random Forest,0.12,0
mimic_perform_non_af_004,0,Random Forest,0.12,0
mimic_perform_non_af_004,0,Random Forest,0.12,0
mimic_perform_non_af_004,0,Random Forest,0.24,0
mimic_perform_non_af_004,0,Random Forest,0.23,0
mimic_perform_non_af_004,0,Random Forest,0.23,0
mimic_perform_non_af_004,0,Random Forest,0.14,0
mimic_perform_non_af_004,0,Random Forest,0.12,0
mimic_perform_non_af_004,0,Random Forest,0.19,0
mimic_perform_non_af_004,0,Random Forest,0.19,0
mimic_perform_non_af_004,0,Random Forest,0.2,0
mimic_perform_non_af_004,0,Random Forest,0.12,0
mimic_perform_non_af_004,0,Random Forest,0.12,0
mimic_perform_non_af_004,0,Random Forest,0.12,0
mimic_perform_non_af_004,0,Random Forest,0.12,0
mimic_perform_non_af_004,0,Random Forest,0.12,0
mimic_perform_non_af_004,0,Random Forest,0.12,0
mimic_perform_non_af_004,0,Random Forest,0.12,0
mimic_perform_non_af_004,0,Random Forest,0.12,0
mimic_perform_non_af_004,0,Random Forest,0.12,0
mimic_perform_non_af_004,0,Random Forest,0.12,0
mimic_perform_non_af_004,0,Random Forest,0.12,0
mimic_perform_non_af_004,0,Random Forest,0.12,0
mimic_perform_non_af_004,0,Random Forest,0.12,0
mimic_perform_non_af_004,0,Random Forest,0.15,0
mimic_perform_non_af_004,0,Random Forest,0.21,0
mimic_perform_non_af_004,0,Random Forest,0.23,0
mimic_perform_non_af_004,0,Random Forest,0.24,0
mimic_perform_non_af_004,0,Random Forest,0.12,0
mimic_perform_non_af_004,0,Random Forest,0.12,0
mimic_perform_non_af_004,0,Random Forest,0.12,0
mimic_perform_non_af_004,0,Random Forest,0.3,0
mimic_perform_non_af_004,0,Random Forest,0.28,0
mimic_perform_non_af_004,0,Random Forest,0.21,0
mimic_perform_non_af_004,0,Random Forest,0.12,0
mimic_perform_non_af_004,0,Random Forest,0.22,0
mimic_perform_non_af_004,0,Random Forest,0.29,0
mimic_perform_non_af_004,0,Random Forest,0.2833333333333333,0
mimic_perform_non_af_004,0,Random Forest,0.15,0
mimic_perform_non_af_004,0,Random Forest,0.15,0
mimic_perform_non_af_004,0,Random Forest,0.16,0
mimic_perform_non_af_005,0,Random Forest,0.0,0
mimic_perform_non_af_005,0,Random Forest,0.0,0
mimic_perform_non_af_005,0,Random Forest,0.0,0
mimic_perform_non_af_005,0,Random Forest,0.0,0
mimic_perform_non_af_005,0,Random Forest,0.0,0
mimic_perform_non_af_005,0,Random Forest,0.0,0
mimic_perform_non_af_005,0,Random Forest,0.0,0
mimic_perform_non_af_005,0,Random Forest,0.0,0
mimic_perform_non_af_005,0,Random Forest,0.0,0
mimic_perform_non_af_005,0,Random Forest,0.0,0
mimic_perform_non_af_005,0,Random Forest,0.0,0
mimic_perform_non_af_005,0,Random Forest,0.0,0
mimic_perform_non_af_005,0,Random Forest,0.0,0
mimic_perform_non_af_005,0,Random Forest,0.0,0
mimic_perform_non_af_005,0,Random Forest,0.0,0
mimic_perform_non_af_005,0,Random Forest,0.0,0
mimic_perform_non_af_005,0,Random Forest,0.0,0
mimic_perform_non_af_005,0,Random Forest,0.0,0
mimic_perform_non_af_005,0,Random Forest,0.0,0
mimic_perform_non_af_005,0,Random Forest,0.0,0
mimic_perform_non_af_005,0,Random Forest,0.0,0
mimic_perform_non_af_005,0,Random Forest,0.0,0
mimic_perform_non_af_005,0,Random Forest,0.0,0
mimic_perform_non_af_005,0,Random Forest,0.0,0
mimic_perform_non_af_005,0,Random Forest,0.0,0
mimic_perform_non_af_005,0,Random Forest,0.0,0
mimic_perform_non_af_005,0,Random Forest,0.0,0
mimic_perform_non_af_005,0,Random Forest,0.0,0
mimic_perform_non_af_005,0,Random Forest,0.0,0
mimic_perform_non_af_005,0,Random Forest,0.0,0
mimic_perform_non_af_005,0,Random Forest,0.0,0
mimic_perform_non_af_005,0,Random Forest,0.0,0
mimic_perform_non_af_005,0,Random Forest,0.0,0
mimic_perform_non_af_005,0,Random Forest,0.0,0
mimic_perform_non_af_005,0,Random Forest,0.0,0
mimic_perform_non_af_005,0,Random Forest,0.0,0
mimic_perform_non_af_005,0,Random Forest,0.0,0
mimic_perform_non_af_005,0,Random Forest,0.0,0
mimic_perform_non_af_005,0,Random Forest,0.0,0
mimic_perform_non_af_005,0,Random Forest,0.0,0
mimic_perform_non_af_005,0,Random Forest,0.0,0
mimic_perform_non_af_005,0,Random Forest,0.0,0
mimic_perform_non_af_005,0,Random Forest,0.0,0
mimic_perform_non_af_005,0,Random Forest,0.0,0
mimic_perform_non_af_005,0,Random Forest,0.0,0
mimic_perform_non_af_005,0,Random Forest,0.0,0
mimic_perform_non_af_005,0,Random Forest,0.0,0
mimic_perform_non_af_005,0,Random Forest,0.0,0
mimic_perform_non_af_005,0,Random Forest,0.0,0
mimic_perform_non_af_005,0,Random Forest,0.0,0
mimic_perform_non_af_005,0,Random Forest,0.0,0
mimic_perform_non_af_005,0,Random Forest,0.0,0
mimic_perform_non_af_005,0,Random Forest,0.0,0
mimic_perform_non_af_005,0,Random Forest,0.0,0
mimic_perform_non_af_005,0,Random Forest,0.0,0
mimic_perform_non_af_005,0,Random Forest,0.0,0
mimic_perform_non_af_005,0,Random Forest,0.0,0
mimic_perform_non_af_005,0,Random Forest,0.0,0
mimic_perform_non_af_005,0,Random Forest,0.0,0
mimic_perform_non_af_005,0,Random Forest,0.0,0
mimic_perform_non_af_005,0,Random Forest,0.0,0
mimic_perform_non_af_005,0,Random Forest,0.0,0
mimic_perform_non_af_005,0,Random Forest,0.0,0
mimic_perform_non_af_005,0,Random Forest,0.0,0
mimic_perform_non_af_005,0,Random Forest,0.0,0
mimic_perform_non_af_005,0,Random Forest,0.0,0
mimic_perform_non_af_005,0,Random Forest,0.0,0
mimic_perform_non_af_005,0,Random Forest,0.0,0
mimic_perform_non_af_005,0,Random Forest,0.0,0
mimic_perform_non_af_005,0,Random Forest,0.0,0
mimic_perform_non_af_005,0,Random Forest,0.0,0
mimic_perform_non_af_005,0,Random Forest,0.0,0
mimic_perform_non_af_005,0,Random Forest,0.0,0
mimic_perform_non_af_005,0,Random Forest,0.0,0
mimic_perform_non_af_005,0,Random Forest,0.0,0
mimic_perform_non_af_005,0,Random Forest,0.0,0
mimic_perform_non_af_005,0,Random Forest,0.0,0
mimic_perform_non_af_005,0,Random Forest,0.0,0
mimic_perform_non_af_005,0,Random Forest,0.0,0
mimic_perform_non_af_005,0,Random Forest,0.0,0
mimic_perform_non_af_005,0,Random Forest,0.0,0
mimic_perform_non_af_005,0,Random Forest,0.0,0
mimic_perform_non_af_005,0,Random Forest,0.0,0
mimic_perform_non_af_005,0,Random Forest,0.0,0
mimic_perform_non_af_005,0,Random Forest,0.0,0
mimic_perform_non_af_005,0,Random Forest,0.0,0
mimic_perform_non_af_005,0,Random Forest,0.0,0
mimic_perform_non_af_005,0,Random Forest,0.0,0
mimic_perform_non_af_005,0,Random Forest,0.0,0
mimic_perform_non_af_005,0,Random Forest,0.0,0
mimic_perform_non_af_005,0,Random Forest,0.0,0
mimic_perform_non_af_005,0,Random Forest,0.0,0
mimic_perform_non_af_005,0,Random Forest,0.0,0
mimic_perform_non_af_005,0,Random Forest,0.0,0
mimic_perform_non_af_005,0,Random Forest,0.0,0
mimic_perform_non_af_005,0,Random Forest,0.0,0
mimic_perform_non_af_005,0,Random Forest,0.0,0
mimic_perform_non_af_005,0,Random Forest,0.0,0
mimic_perform_non_af_005,0,Random Forest,0.0,0
mimic_perform_non_af_005,0,Random Forest,0.0,0
mimic_perform_non_af_005,0,Random Forest,0.0,0
mimic_perform_non_af_005,0,Random Forest,0.0,0
mimic_perform_non_af_005,0,Random Forest,0.0,0
mimic_perform_non_af_005,0,Random Forest,0.0,0
mimic_perform_non_af_005,0,Random Forest,0.0,0
mimic_perform_non_af_005,0,Random Forest,0.0,0
mimic_perform_non_af_005,0,Random Forest,0.0,0
mimic_perform_non_af_005,0,Random Forest,0.0,0
mimic_perform_non_af_005,0,Random Forest,0.0,0
mimic_perform_non_af_005,0,Random Forest,0.0,0
mimic_perform_non_af_005,0,Random Forest,0.0,0
mimic_perform_non_af_005,0,Random Forest,0.0,0
mimic_perform_non_af_005,0,Random Forest,0.0,0
mimic_perform_non_af_005,0,Random Forest,0.0,0
mimic_perform_non_af_005,0,Random Forest,0.0,0
mimic_perform_non_af_005,0,Random Forest,0.0,0
mimic_perform_non_af_005,0,Random Forest,0.0,0
mimic_perform_non_af_005,0,Random Forest,0.0,0
mimic_perform_non_af_006,0,Random Forest,0.03033798044700935,0
mimic_perform_non_af_006,0,Random Forest,0.029855148953505307,0
mimic_perform_non_af_006,0,Random Forest,0.008979043990493362,0
mimic_perform_non_af_006,0,Random Forest,0.001587250288103321,0
mimic_perform_non_af_006,0,Random Forest,0.0006367536918084818,0
mimic_perform_non_af_006,0,Random Forest,0.001587250288103321,0
mimic_perform_non_af_006,0,Random Forest,0.0006367536918084818,0
mimic_perform_non_af_006,0,Random Forest,0.00043347194045800856,0
mimic_perform_non_af_006,0,Random Forest,0.00044463265474372287,0
mimic_perform_non_af_006,0,Random Forest,0.00044463265474372287,0
mimic_perform_non_af_006,0,Random Forest,0.001916920617773651,0
mimic_perform_non_af_006,0,Random Forest,0.0019632030601590216,0
mimic_perform_non_af_006,0,Random Forest,0.006134446367815426,0
mimic_perform_non_af_006,0,Random Forest,0.006553194297847639,0
mimic_perform_non_af_006,0,Random Forest,0.018789880794312444,0
mimic_perform_non_af_006,0,Random Forest,0.008662265358658095,0
mimic_perform_non_af_006,0,Random Forest,0.02806855168039391,0
mimic_perform_non_af_006,0,Random Forest,0.003113740007785901,0
mimic_perform_non_af_006,0,Random Forest,0.0028514242718308412,0
mimic_perform_non_af_006,0,Random Forest,0.0020324072124081566,0
mimic_perform_non_af_006,0,Random Forest,0.0020507953222559596,0
mimic_perform_non_af_006,0,Random Forest,0.002257126313531752,0
mimic_perform_non_af_006,0,Random Forest,0.0006367536918084818,0
mimic_perform_non_af_006,0,Random Forest,0.0030612660707577703,0
mimic_perform_non_af_006,0,Random Forest,0.0040221544220359565,0
mimic_perform_non_af_006,0,Random Forest,0.005488868538510394,0
mimic_perform_non_af_006,0,Random Forest,0.0035200776523486277,0
mimic_perform_non_af_006,0,Random Forest,0.051010518965748014,0
mimic_perform_non_af_006,0,Random Forest,0.02418652432108154,0
mimic_perform_non_af_006,0,Random Forest,0.05644903806849873,0
mimic_perform_non_af_006,0,Random Forest,0.06834071981767244,0
mimic_perform_non_af_006,0,Random Forest,0.4894156411763091,0
mimic_perform_non_af_006,0,Random Forest,0.07323323876625125,0
mimic_perform_non_af_006,0,Random Forest,0.15607531952889733,0
mimic_perform_non_af_006,0,Random Forest,0.05048119593129928,0
mimic_perform_non_af_006,0,Random Forest,0.005206352661692204,0
mimic_perform_non_af_006,0,Random Forest,0.0006367536918084818,0
mimic_perform_non_af_006,0,Random Forest,0.0072025100546490965,0
mimic_perform_non_af_006,0,Random Forest,0.003794738992901807,0
mimic_perform_non_af_006,0,Random Forest,0.003794738992901807,0
mimic_perform_non_af_006,0,Random Forest,0.003973856999073799,0
mimic_perform_non_af_006,0,Random Forest,0.004467127422172654,0
mimic_perform_non_af_006,0,Random Forest,0.0067690305850962584,0
mimic_perform_non_af_006,0,Random Forest,0.0563147606625719,0
mimic_perform_non_af_006,0,Random Forest,0.09339128249513007,0
mimic_perform_non_af_006,0,Random Forest,0.06208849622302978,0
mimic_perform_non_af_006,0,Random Forest,0.027831833345355834,0
mimic_perform_non_af_006,0,Random Forest,0.007527039500168561,0
mimic_perform_non_af_006,0,Random Forest,0.031223171609226708,0
mimic_perform_non_af_006,0,Random Forest,0.5785401773608128,1
mimic_perform_non_af_006,0,Random Forest,0.13942447894070767,0
mimic_perform_non_af_006,0,Random Forest,0.04632992922133064,0
mimic_perform_non_af_006,0,Random Forest,0.00439895733665548,0
mimic_perform_non_af_006,0,Random Forest,0.005948776994085953,0
mimic_perform_non_af_006,0,Random Forest,0.016046263132684393,0
mimic_perform_non_af_006,0,Random Forest,0.014969388019029875,0
mimic_perform_non_af_006,0,Random Forest,0.009492324840000944,0
mimic_perform_non_af_006,0,Random Forest,0.018174488888925814,0
mimic_perform_non_af_006,0,Random Forest,0.017103567908797673,0
mimic_perform_non_af_006,0,Random Forest,0.01760696926934189,0
mimic_perform_non_af_006,0,Random Forest,0.003906814944695263,0
mimic_perform_non_af_006,0,Random Forest,0.003162477506016087,0
mimic_perform_non_af_006,0,Random Forest,0.001953890338981894,0
mimic_perform_non_af_006,0,Random Forest,0.0020071586482502857,0
mimic_perform_non_af_006,0,Random Forest,0.001771278832840976,0
mimic_perform_non_af_006,0,Random Forest,0.005206414648518001,0
mimic_perform_non_af_006,0,Random Forest,0.005936378041499826,0
mimic_perform_non_af_006,0,Random Forest,0.007432699561458732,0
mimic_perform_non_af_006,0,Random Forest,0.003906814944695263,0
mimic_perform_non_af_006,0,Random Forest,0.003906814944695263,0
mimic_perform_non_af_006,0,Random Forest,0.03171122778020882,0
mimic_perform_non_af_006,0,Random Forest,0.10223591110523655,0
mimic_perform_non_af_006,0,Random Forest,0.1367240709154608,0
mimic_perform_non_af_006,0,Random Forest,0.031580711291766386,0
mimic_perform_non_af_006,0,Random Forest,0.015058094493278518,0
mimic_perform_non_af_006,0,Random Forest,0.00043347194045800856,0
mimic_perform_non_af_006,0,Random Forest,0.009423120687751809,0
mimic_perform_non_af_006,0,Random Forest,0.0036954944909813013,0
mimic_perform_non_af_006,0,Random Forest,0.053544705551335545,0
mimic_perform_non_af_006,0,Random Forest,0.007035540697913314,0
mimic_perform_non_af_006,0,Random Forest,0.006897685555856492,0
mimic_perform_non_af_006,0,Random Forest,0.0070465917932600874,0
mimic_perform_non_af_006,0,Random Forest,0.038016068378296936,0
mimic_perform_non_af_006,0,Random Forest,0.007526437240210797,0
mimic_perform_non_af_006,0,Random Forest,0.07940456645840402,0
mimic_perform_non_af_006,0,Random Forest,0.006921591793260088,0
mimic_perform_non_af_006,0,Random Forest,0.018163833910844807,0
mimic_perform_non_af_006,0,Random Forest,0.005781487392662174,0
mimic_perform_non_af_006,0,Random Forest,0.004681087613913275,0
mimic_perform_non_af_006,0,Random Forest,0.006310487009808099,0
mimic_perform_non_af_006,0,Random Forest,0.004816826810866043,0
mimic_perform_non_af_006,0,Random Forest,0.013642173346203965,0
mimic_perform_non_af_006,0,Random Forest,0.03930041455710714,0
mimic_perform_non_af_006,0,Random Forest,0.0036421733462039555,0
mimic_perform_non_af_006,0,Random Forest,0.0037708283169641896,0
mimic_perform_non_af_006,0,Random Forest,0.0036954944909813013,0
mimic_perform_non_af_006,0,Random Forest,0.0036317447401105884,0
mimic_perform_non_af_006,0,Random Forest,0.004816826810866043,0
mimic_perform_non_af_006,0,Random Forest,0.005163747094481364,0
mimic_perform_non_af_006,0,Random Forest,0.003700948892359724,0
mimic_perform_non_af_006,0,Random Forest,0.00041446053361390205,0
mimic_perform_non_af_006,0,Random Forest,0.0003954852015455909,0
mimic_perform_non_af_006,0,Random Forest,0.0006271771240920793,0
mimic_perform_non_af_006,0,Random Forest,0.0029132588974404056,0
mimic_perform_non_af_006,0,Random Forest,0.002852725121042657,0
mimic_perform_non_af_006,0,Random Forest,0.009841563091701287,0
mimic_perform_non_af_006,0,Random Forest,0.0012752123102909656,0
mimic_perform_non_af_006,0,Random Forest,0.0035337761976369612,0
mimic_perform_non_af_006,0,Random Forest,0.002601748494347322,0
mimic_perform_non_af_006,0,Random Forest,0.018431845660474205,0
mimic_perform_non_af_006,0,Random Forest,0.0013187179782664878,0
mimic_perform_non_af_006,0,Random Forest,0.002820914869054576,0
mimic_perform_non_af_006,0,Random Forest,0.00018705366642452108,0
mimic_perform_non_af_006,0,Random Forest,0.00018705366642452108,0
mimic_perform_non_af_006,0,Random Forest,0.0010169137538933,0
mimic_perform_non_af_006,0,Random Forest,0.0009216914894556099,0
mimic_perform_non_af_006,0,Random Forest,0.0010206198774910644,0
mimic_perform_non_af_006,0,Random Forest,0.0006589968084922202,0
mimic_perform_non_af_007,0,Random Forest,0.008343804321704751,0
mimic_perform_non_af_007,0,Random Forest,0.004147265612290939,0
mimic_perform_non_af_007,0,Random Forest,0.0001516981364462799,0
mimic_perform_non_af_007,0,Random Forest,0.0001516981364462799,0
mimic_perform_non_af_007,0,Random Forest,0.0005346612653601192,0
mimic_perform_non_af_007,0,Random Forest,0.035959656957541525,0
mimic_perform_non_af_007,0,Random Forest,0.07067603368812994,0
mimic_perform_non_af_007,0,Random Forest,0.020367805123549774,0
mimic_perform_non_af_007,0,Random Forest,0.0022578350939132055,0
mimic_perform_non_af_007,0,Random Forest,0.00025302793390198533,0
mimic_perform_non_af_007,0,Random Forest,0.0002638387447127961,0
mimic_perform_non_af_007,0,Random Forest,0.0002335311970027447,0
mimic_perform_non_af_007,0,Random Forest,0.00021085546004129342,0
mimic_perform_non_af_007,0,Random Forest,0.00041065573094296247,0
mimic_perform_non_af_007,0,Random Forest,0.0004214665417537733,0
mimic_perform_non_af_007,0,Random Forest,0.0009742367750601235,0
mimic_perform_non_af_007,0,Random Forest,0.0009366163127747817,0
mimic_perform_non_af_007,0,Random Forest,0.0001625089472570907,0
mimic_perform_non_af_007,0,Random Forest,0.00013983321029563945,0
mimic_perform_non_af_007,0,Random Forest,0.00013983321029563945,0
mimic_perform_non_af_007,0,Random Forest,0.00013983321029563945,0
mimic_perform_non_af_007,0,Random Forest,0.00013983321029563945,0
mimic_perform_non_af_007,0,Random Forest,0.00012902239948482864,0
mimic_perform_non_af_007,0,Random Forest,0.0001625089472570907,0
mimic_perform_non_af_007,0,Random Forest,0.00054547207617093,0
mimic_perform_non_af_007,0,Random Forest,0.0026791582625871457,0
mimic_perform_non_af_007,0,Random Forest,0.007716249648465424,0
mimic_perform_non_af_007,0,Random Forest,0.006083299959163706,0
mimic_perform_non_af_007,0,Random Forest,0.004774596918173001,0
mimic_perform_non_af_007,0,Random Forest,0.006207066568707766,0
mimic_perform_non_af_007,0,Random Forest,0.0021535913965342116,0
mimic_perform_non_af_007,0,Random Forest,0.005482005944894666,0
mimic_perform_non_af_007,0,Random Forest,0.0020176523884456042,0
mimic_perform_non_af_007,0,Random Forest,0.0008008743228406294,0
mimic_perform_non_af_007,0,Random Forest,0.0007154019938639098,0
mimic_perform_non_af_007,0,Random Forest,0.00025302793390198533,0
mimic_perform_non_af_007,0,Random Forest,0.00034567180526926097,0
mimic_perform_non_af_007,0,Random Forest,0.05137683293165186,0
mimic_perform_non_af_007,0,Random Forest,0.2635703596855277,0
mimic_perform_non_af_007,0,Random Forest,0.06855372190070864,0
mimic_perform_non_af_007,0,Random Forest,0.5171889651162034,1
mimic_perform_non_af_007,0,Random Forest,0.024796542376817988,0
mimic_perform_non_af_007,0,Random Forest,0.0002638387447127961,0
mimic_perform_non_af_007,0,Random Forest,0.0001625089472570907,0
mimic_perform_non_af_007,0,Random Forest,0.0001516981364462799,0
mimic_perform_non_af_007,0,Random Forest,0.0001516981364462799,0
mimic_perform_non_af_007,0,Random Forest,0.021022200996220475,0
mimic_perform_non_af_007,0,Random Forest,0.011354627401939084,0
mimic_perform_non_af_007,0,Random Forest,0.8597825682040424,1
mimic_perform_non_af_007,0,Random Forest,0.8832910102118846,1
mimic_perform_non_af_007,0,Random Forest,0.8153202019845912,1
mimic_perform_non_af_007,0,Random Forest,0.9218721236865324,1
mimic_perform_non_af_007,0,Random Forest,0.9354164693185077,1
mimic_perform_non_af_007,0,Random Forest,0.5091068375805142,1
mimic_perform_non_af_007,0,Random Forest,0.8654737848060289,1
mimic_perform_non_af_007,0,Random Forest,0.8528708423236943,1
mimic_perform_non_af_007,0,Random Forest,0.02987192532663249,0
mimic_perform_non_af_007,0,Random Forest,0.0028577619243600294,0
mimic_perform_non_af_007,0,Random Forest,0.0033985322101160466,0
mimic_perform_non_af_007,0,Random Forest,0.03469424191191659,0
mimic_perform_non_af_007,0,Random Forest,0.011703381827268869,0
mimic_perform_non_af_007,0,Random Forest,0.017497076949988453,0
mimic_perform_non_af_007,0,Random Forest,0.006276848346260481,0
mimic_perform_non_af_007,0,Random Forest,0.010491515403118047,0
mimic_perform_non_af_007,0,Random Forest,0.017001374530095367,0
mimic_perform_non_af_007,0,Random Forest,0.007001374530095369,0
mimic_perform_non_af_007,0,Random Forest,0.008555630405989743,0
mimic_perform_non_af_007,0,Random Forest,0.009672712000766873,0
mimic_perform_non_af_007,0,Random Forest,0.005065649823201984,0
mimic_perform_non_af_007,0,Random Forest,0.003470381517547777,0
mimic_perform_non_af_007,0,Random Forest,0.01119615154437856,0
mimic_perform_non_af_007,0,Random Forest,0.011352118994649805,0
mimic_perform_non_af_007,0,Random Forest,0.013672663544954732,0
mimic_perform_non_af_007,0,Random Forest,0.013322179173838686,0
mimic_perform_non_af_007,0,Random Forest,0.05358482331859141,0
mimic_perform_non_af_007,0,Random Forest,0.023336997358346247,0
mimic_perform_non_af_007,0,Random Forest,0.008581540888386852,0
mimic_perform_non_af_007,0,Random Forest,0.010298680554572573,0
mimic_perform_non_af_007,0,Random Forest,0.006083299959163706,0
mimic_perform_non_af_007,0,Random Forest,0.0095723118181122,0
mimic_perform_non_af_007,0,Random Forest,0.007096680217672762,0
mimic_perform_non_af_007,0,Random Forest,0.08964367185291774,0
mimic_perform_non_af_007,0,Random Forest,0.014873265158033196,0
mimic_perform_non_af_007,0,Random Forest,0.09403689561801026,0
mimic_perform_non_af_007,0,Random Forest,0.014528161504313835,0
mimic_perform_non_af_007,0,Random Forest,0.010832006906824787,0
mimic_perform_non_af_007,0,Random Forest,0.00935506770382494,0
mimic_perform_non_af_007,0,Random Forest,0.0035556851559142046,0
mimic_perform_non_af_007,0,Random Forest,0.00012902239948482864,0
mimic_perform_non_af_007,0,Random Forest,0.008688930252860005,0
mimic_perform_non_af_007,0,Random Forest,0.02176274701397348,0
mimic_perform_non_af_007,0,Random Forest,0.020640595988823004,0
mimic_perform_non_af_007,0,Random Forest,0.0055257308353524395,0
mimic_perform_non_af_007,0,Random Forest,0.000291854093676701,0
mimic_perform_non_af_007,0,Random Forest,0.002862768622076902,0
mimic_perform_non_af_007,0,Random Forest,0.0027008215719719576,0
mimic_perform_non_af_007,0,Random Forest,0.0006840125489145592,0
mimic_perform_non_af_007,0,Random Forest,0.0001625089472570907,0
mimic_perform_non_af_007,0,Random Forest,0.00022166627085210423,0
mimic_perform_non_af_007,0,Random Forest,0.004723576187719749,0
mimic_perform_non_af_007,0,Random Forest,0.009380590169944778,0
mimic_perform_non_af_007,0,Random Forest,0.012672465314996127,0
mimic_perform_non_af_007,0,Random Forest,0.4547600733537675,0
mimic_perform_non_af_007,0,Random Forest,0.07109210062208693,0
mimic_perform_non_af_007,0,Random Forest,0.012046254527241364,0
mimic_perform_non_af_007,0,Random Forest,0.0018624614989985885,0
mimic_perform_non_af_007,0,Random Forest,0.005683943318270207,0
mimic_perform_non_af_007,0,Random Forest,0.005445848080174969,0
mimic_perform_non_af_007,0,Random Forest,0.00557733192362724,0
mimic_perform_non_af_007,0,Random Forest,0.009069717643520336,0
mimic_perform_non_af_007,0,Random Forest,0.011510594852210333,0
mimic_perform_non_af_007,0,Random Forest,0.612089737207485,1
mimic_perform_non_af_007,0,Random Forest,0.010550786598797726,0
mimic_perform_non_af_007,0,Random Forest,0.07706516279626614,0
mimic_perform_non_af_007,0,Random Forest,0.036536623711176726,0
mimic_perform_non_af_007,0,Random Forest,0.12799799348699065,0
mimic_perform_non_af_007,0,Random Forest,0.3990581969117815,0
mimic_perform_non_af_007,0,Random Forest,0.4345010178621172,0
mimic_perform_non_af_008,0,Random Forest,0.006948533065523005,0
mimic_perform_non_af_008,0,Random Forest,0.007797293597585863,0
mimic_perform_non_af_008,0,Random Forest,0.7450646110310122,1
mimic_perform_non_af_008,0,Random Forest,0.5576364221845074,1
mimic_perform_non_af_008,0,Random Forest,0.03200952635533786,0
mimic_perform_non_af_008,0,Random Forest,0.09172924198936742,0
mimic_perform_non_af_008,0,Random Forest,0.013045786451222265,0
mimic_perform_non_af_008,0,Random Forest,0.0018812081394717214,0
mimic_perform_non_af_008,0,Random Forest,0.00033471650164026366,0
mimic_perform_non_af_008,0,Random Forest,0.00033471650164026366,0
mimic_perform_non_af_008,0,Random Forest,0.00028933785748680544,0
mimic_perform_non_af_008,0,Random Forest,0.00028104244795211584,0
mimic_perform_non_af_008,0,Random Forest,0.00028104244795211584,0
mimic_perform_non_af_008,0,Random Forest,0.00028104244795211584,0
mimic_perform_non_af_008,0,Random Forest,0.0002696399394002344,0
mimic_perform_non_af_008,0,Random Forest,0.00028104244795211584,0
mimic_perform_non_af_008,0,Random Forest,0.023844467122830983,0
mimic_perform_non_af_008,0,Random Forest,0.013799052532952195,0
mimic_perform_non_af_008,0,Random Forest,0.011280885226517663,0
mimic_perform_non_af_008,0,Random Forest,0.04204678582463042,0
mimic_perform_non_af_008,0,Random Forest,0.018259087305420904,0
mimic_perform_non_af_008,0,Random Forest,0.001892610648023603,0
mimic_perform_non_af_008,0,Random Forest,0.0021171560186503914,0
mimic_perform_non_af_008,0,Random Forest,0.009380028843506185,0
mimic_perform_non_af_008,0,Random Forest,0.004601160457174106,0
mimic_perform_non_af_008,0,Random Forest,0.00028104244795211584,0
mimic_perform_non_af_008,0,Random Forest,0.02160153435195666,0
mimic_perform_non_af_008,0,Random Forest,0.01733666225189957,0
mimic_perform_non_af_008,0,Random Forest,0.0078065848159962845,0
mimic_perform_non_af_008,0,Random Forest,0.0002696399394002344,0
mimic_perform_non_af_008,0,Random Forest,0.00028104244795211584,0
mimic_perform_non_af_008,0,Random Forest,0.0002180935476476571,0
mimic_perform_non_af_008,0,Random Forest,0.0003059491531678686,0
mimic_perform_non_af_008,0,Random Forest,0.004150962460298163,0
mimic_perform_non_af_008,0,Random Forest,0.005011858548751819,0
mimic_perform_non_af_008,0,Random Forest,0.01476386025007502,0
mimic_perform_non_af_008,0,Random Forest,0.023390617710030735,0
mimic_perform_non_af_008,0,Random Forest,0.022638432467009553,0
mimic_perform_non_af_008,0,Random Forest,0.0002696399394002344,0
mimic_perform_non_af_008,0,Random Forest,0.0002696399394002344,0
mimic_perform_non_af_008,0,Random Forest,0.0002696399394002344,0
mimic_perform_non_af_008,0,Random Forest,0.00046831543608897615,0
mimic_perform_non_af_008,0,Random Forest,0.0004797179446408576,0
mimic_perform_non_af_008,0,Random Forest,0.0004797179446408576,0
mimic_perform_non_af_008,0,Random Forest,0.00028104244795211584,0
mimic_perform_non_af_008,0,Random Forest,0.0002696399394002344,0
mimic_perform_non_af_008,0,Random Forest,0.00662854559797303,0
mimic_perform_non_af_008,0,Random Forest,0.005236392180787722,0
mimic_perform_non_af_008,0,Random Forest,0.010525610774928092,0
mimic_perform_non_af_008,0,Random Forest,0.0036624366950995875,0
mimic_perform_non_af_008,0,Random Forest,0.0037741010740597754,0
mimic_perform_non_af_008,0,Random Forest,0.007965214890542334,0
mimic_perform_non_af_008,0,Random Forest,0.0032880821816563288,0
mimic_perform_non_af_008,0,Random Forest,0.0024102209889569335,0
mimic_perform_non_af_008,0,Random Forest,0.00028104244795211584,0
mimic_perform_non_af_008,0,Random Forest,0.0002180935476476571,0
mimic_perform_non_af_008,0,Random Forest,0.0002180935476476571,0
mimic_perform_non_af_008,0,Random Forest,0.0002180935476476571,0
mimic_perform_non_af_008,0,Random Forest,0.007612146643043893,0
mimic_perform_non_af_008,0,Random Forest,0.007626655710379695,0
mimic_perform_non_af_008,0,Random Forest,0.0032651496540185543,0
mimic_perform_non_af_008,0,Random Forest,0.013832483088012382,0
mimic_perform_non_af_008,0,Random Forest,0.0037809366962598045,0
mimic_perform_non_af_008,0,Random Forest,0.00028104244795211584,0
mimic_perform_non_af_008,0,Random Forest,0.016412766800105557,0
mimic_perform_non_af_008,0,Random Forest,0.007935836647680996,0
mimic_perform_non_af_008,0,Random Forest,0.0021333019866039303,0
mimic_perform_non_af_008,0,Random Forest,0.0003492577737951389,0
mimic_perform_non_af_008,0,Random Forest,0.013832483088012382,0
mimic_perform_non_af_008,0,Random Forest,0.0002696399394002344,0
mimic_perform_non_af_008,0,Random Forest,0.00028104244795211584,0
mimic_perform_non_af_008,0,Random Forest,0.007766209915417956,0
mimic_perform_non_af_008,0,Random Forest,0.004742978700881031,0
mimic_perform_non_af_008,0,Random Forest,0.00918241303749576,0
mimic_perform_non_af_008,0,Random Forest,0.0002180935476476571,0
mimic_perform_non_af_008,0,Random Forest,0.0037809366962598045,0
mimic_perform_non_af_008,0,Random Forest,0.00024087259092783937,0
mimic_perform_non_af_008,0,Random Forest,0.00024087259092783937,0
mimic_perform_non_af_008,0,Random Forest,0.00028933785748680544,0
mimic_perform_non_af_008,0,Random Forest,0.0005175451098876863,0
mimic_perform_non_af_008,0,Random Forest,0.00028104244795211584,0
mimic_perform_non_af_008,0,Random Forest,0.00028104244795211584,0
mimic_perform_non_af_008,0,Random Forest,0.00022949605619953853,0
mimic_perform_non_af_008,0,Random Forest,0.00022949605619953853,0
mimic_perform_non_af_008,0,Random Forest,0.00022949605619953853,0
mimic_perform_non_af_008,0,Random Forest,0.0038521810060989526,0
mimic_perform_non_af_008,0,Random Forest,0.00032950771451108196,0
mimic_perform_non_af_008,0,Random Forest,0.0002779613227585046,0
mimic_perform_non_af_008,0,Random Forest,0.0002522750994797208,0
mimic_perform_non_af_008,0,Random Forest,0.00022949605619953853,0
mimic_perform_non_af_008,0,Random Forest,0.00022949605619953853,0
mimic_perform_non_af_008,0,Random Forest,0.00022949605619953853,0
mimic_perform_non_af_008,0,Random Forest,0.00022949605619953853,0
mimic_perform_non_af_008,0,Random Forest,0.00022949605619953853,0
mimic_perform_non_af_008,0,Random Forest,0.001976653567250172,0
mimic_perform_non_af_008,0,Random Forest,0.0022089190328802074,0
mimic_perform_non_af_008,0,Random Forest,0.006010319837708079,0
mimic_perform_non_af_008,0,Random Forest,0.0002180935476476571,0
mimic_perform_non_af_008,0,Random Forest,0.0002180935476476571,0
mimic_perform_non_af_008,0,Random Forest,0.0002180935476476571,0
mimic_perform_non_af_008,0,Random Forest,0.0002180935476476571,0
mimic_perform_non_af_008,0,Random Forest,0.00022949605619953853,0
mimic_perform_non_af_008,0,Random Forest,0.00022949605619953853,0
mimic_perform_non_af_008,0,Random Forest,0.0002180935476476571,0
mimic_perform_non_af_008,0,Random Forest,0.0002180935476476571,0
mimic_perform_non_af_008,0,Random Forest,0.015131466295708268,0
mimic_perform_non_af_008,0,Random Forest,0.026289959021052606,0
mimic_perform_non_af_008,0,Random Forest,0.03519814221517129,0
mimic_perform_non_af_008,0,Random Forest,0.0038915923410639567,0
mimic_perform_non_af_008,0,Random Forest,0.008898068103303848,0
mimic_perform_non_af_008,0,Random Forest,0.005669133329062109,0
mimic_perform_non_af_008,0,Random Forest,0.0033932459081104354,0
mimic_perform_non_af_008,0,Random Forest,0.00577751505836982,0
mimic_perform_non_af_008,0,Random Forest,0.03214906213071961,0
mimic_perform_non_af_008,0,Random Forest,0.021521433761495096,0
mimic_perform_non_af_008,0,Random Forest,0.07655856730296497,0
mimic_perform_non_af_008,0,Random Forest,0.07800393552524099,0
mimic_perform_non_af_008,0,Random Forest,0.010292207209414744,0
mimic_perform_non_af_009,0,Random Forest,0.0001796828732592836,0
mimic_perform_non_af_009,0,Random Forest,0.00018715671481384262,0
mimic_perform_non_af_009,0,Random Forest,0.00020341687741546861,0
mimic_perform_non_af_009,0,Random Forest,0.0001451757724337996,0
mimic_perform_non_af_009,0,Random Forest,0.00030261027128750313,0
mimic_perform_non_af_009,0,Random Forest,0.00020341687741546861,0
mimic_perform_non_af_009,0,Random Forest,0.00018715671481384262,0
mimic_perform_non_af_009,0,Random Forest,0.009900548754012093,0
mimic_perform_non_af_009,0,Random Forest,0.013513847655654158,0
mimic_perform_non_af_009,0,Random Forest,0.013530819381230783,0
mimic_perform_non_af_009,0,Random Forest,0.0001451757724337996,0
mimic_perform_non_af_009,0,Random Forest,0.0002951364297329441,0
mimic_perform_non_af_009,0,Random Forest,0.00019594303586090958,0
mimic_perform_non_af_009,0,Random Forest,0.00019594303586090958,0
mimic_perform_non_af_009,0,Random Forest,0.0001451757724337996,0
mimic_perform_non_af_009,0,Random Forest,0.0001451757724337996,0
mimic_perform_non_af_009,0,Random Forest,0.0002951364297329441,0
mimic_perform_non_af_009,0,Random Forest,0.0025324248297159085,0
mimic_perform_non_af_009,0,Random Forest,0.0040131603159691605,0
mimic_perform_non_af_009,0,Random Forest,0.003792842306811473,0
mimic_perform_non_af_009,0,Random Forest,0.00495299409059616,0
mimic_perform_non_af_009,0,Random Forest,0.0025540592496783423,0
mimic_perform_non_af_009,0,Random Forest,0.0028187093561230546,0
mimic_perform_non_af_009,0,Random Forest,0.00020341687741546861,0
mimic_perform_non_af_009,0,Random Forest,0.00020341687741546861,0
mimic_perform_non_af_009,0,Random Forest,0.00020341687741546861,0
mimic_perform_non_af_009,0,Random Forest,0.00020341687741546861,0
mimic_perform_non_af_009,0,Random Forest,0.00015264961398835864,0
mimic_perform_non_af_009,0,Random Forest,0.0008483376160412553,0
mimic_perform_non_af_009,0,Random Forest,0.015114931754674004,0
mimic_perform_non_af_009,0,Random Forest,0.0011122757972187327,0
mimic_perform_non_af_009,0,Random Forest,0.00019594303586090958,0
mimic_perform_non_af_009,0,Random Forest,0.00018715671481384262,0
mimic_perform_non_af_009,0,Random Forest,0.00020341687741546861,0
mimic_perform_non_af_009,0,Random Forest,0.00020341687741546861,0
mimic_perform_non_af_009,0,Random Forest,0.00019594303586090958,0
mimic_perform_non_af_009,0,Random Forest,0.0001451757724337996,0
mimic_perform_non_af_009,0,Random Forest,0.00013638945138673265,0
mimic_perform_non_af_009,0,Random Forest,0.0001796828732592836,0
mimic_perform_non_af_009,0,Random Forest,0.00019594303586090958,0
mimic_perform_non_af_009,0,Random Forest,0.00019594303586090958,0
mimic_perform_non_af_009,0,Random Forest,0.00020341687741546861,0
mimic_perform_non_af_009,0,Random Forest,0.00019594303586090958,0
mimic_perform_non_af_009,0,Random Forest,0.00019594303586090958,0
mimic_perform_non_af_009,0,Random Forest,0.00020341687741546861,0
mimic_perform_non_af_009,0,Random Forest,0.0006611952066491981,0
mimic_perform_non_af_009,0,Random Forest,0.0007673256868803978,0
mimic_perform_non_af_009,0,Random Forest,0.0005922392646548746,0
mimic_perform_non_af_009,0,Random Forest,0.00019594303586090958,0
mimic_perform_non_af_009,0,Random Forest,0.00018715671481384262,0
mimic_perform_non_af_009,0,Random Forest,0.0001796828732592836,0
mimic_perform_non_af_009,0,Random Forest,0.00019594303586090958,0
mimic_perform_non_af_009,0,Random Forest,0.0001451757724337996,0
mimic_perform_non_af_009,0,Random Forest,0.0012131953067736495,0
mimic_perform_non_af_009,0,Random Forest,0.0012639625702007594,0
mimic_perform_non_af_009,0,Random Forest,0.00019594303586090958,0
mimic_perform_non_af_009,0,Random Forest,0.0001796828732592836,0
mimic_perform_non_af_009,0,Random Forest,0.00019594303586090958,0
mimic_perform_non_af_009,0,Random Forest,0.00020341687741546861,0
mimic_perform_non_af_009,0,Random Forest,0.0001796828732592836,0
mimic_perform_non_af_009,0,Random Forest,0.0001796828732592836,0
mimic_perform_non_af_009,0,Random Forest,0.00018715671481384262,0
mimic_perform_non_af_009,0,Random Forest,0.0001796828732592836,0
mimic_perform_non_af_009,0,Random Forest,0.00020341687741546861,0
mimic_perform_non_af_009,0,Random Forest,0.00019594303586090958,0
mimic_perform_non_af_009,0,Random Forest,0.00015264961398835864,0
mimic_perform_non_af_009,0,Random Forest,0.00020341687741546861,0
mimic_perform_non_af_009,0,Random Forest,0.00015264961398835864,0
mimic_perform_non_af_009,0,Random Forest,0.00020341687741546861,0
mimic_perform_non_af_009,0,Random Forest,0.0001451757724337996,0
mimic_perform_non_af_009,0,Random Forest,0.00020341687741546861,0
mimic_perform_non_af_009,0,Random Forest,0.00018715671481384262,0
mimic_perform_non_af_009,0,Random Forest,0.0008464218029341044,0
mimic_perform_non_af_009,0,Random Forest,0.000952552283165304,0
mimic_perform_non_af_009,0,Random Forest,0.0009785446432383814,0
mimic_perform_non_af_009,0,Random Forest,0.0008173932988262694,0
mimic_perform_non_af_009,0,Random Forest,0.0006726711081461801,0
mimic_perform_non_af_009,0,Random Forest,0.02838846750552142,0
mimic_perform_non_af_009,0,Random Forest,0.0017844670925451567,0
mimic_perform_non_af_009,0,Random Forest,0.0008833322926647047,0
mimic_perform_non_af_009,0,Random Forest,0.0008464218029341044,0
mimic_perform_non_af_009,0,Random Forest,0.0010264334257317968,0
mimic_perform_non_af_009,0,Random Forest,0.0008975314189843914,0
mimic_perform_non_af_009,0,Random Forest,0.0009087174997395112,0
mimic_perform_non_af_009,0,Random Forest,0.0003255645335922462,0
mimic_perform_non_af_009,0,Random Forest,0.0010433543339473529,0
mimic_perform_non_af_009,0,Random Forest,0.0010063157240255193,0
mimic_perform_non_af_009,0,Random Forest,0.011278571892992507,0
mimic_perform_non_af_009,0,Random Forest,0.0013239619719374216,0
mimic_perform_non_af_009,0,Random Forest,0.0008724141630071819,0
mimic_perform_non_af_009,0,Random Forest,0.0015862313959278112,0
mimic_perform_non_af_009,0,Random Forest,0.016156695996480883,0
mimic_perform_non_af_009,0,Random Forest,0.007958254179795064,0
mimic_perform_non_af_009,0,Random Forest,0.0008295688518044898,0
mimic_perform_non_af_009,0,Random Forest,0.0013307418456273167,0
mimic_perform_non_af_009,0,Random Forest,0.0008833322926647047,0
mimic_perform_non_af_009,0,Random Forest,0.006438174104893953,0
mimic_perform_non_af_009,0,Random Forest,0.10693483633704809,0
mimic_perform_non_af_009,0,Random Forest,0.1702785558244794,0
mimic_perform_non_af_009,0,Random Forest,0.16082328985656646,0
mimic_perform_non_af_009,0,Random Forest,0.10966742370973864,0
mimic_perform_non_af_009,0,Random Forest,0.09603562924797716,0
mimic_perform_non_af_009,0,Random Forest,0.006607736783420303,0
mimic_perform_non_af_009,0,Random Forest,0.0009001852437943193,0
mimic_perform_non_af_009,0,Random Forest,0.0010005090227446607,0
mimic_perform_non_af_009,0,Random Forest,0.008145407358742028,0
mimic_perform_non_af_009,0,Random Forest,0.0015414442920338631,0
mimic_perform_non_af_009,0,Random Forest,0.0016261104934255195,0
mimic_perform_non_af_009,0,Random Forest,0.0023388140933840213,0
mimic_perform_non_af_009,0,Random Forest,0.028683779754792013,0
mimic_perform_non_af_009,0,Random Forest,0.021128202506357753,0
mimic_perform_non_af_009,0,Random Forest,0.0008667618770376194,0
mimic_perform_non_af_009,0,Random Forest,0.0009919263249063128,0
mimic_perform_non_af_009,0,Random Forest,0.0009759992188230919,0
mimic_perform_non_af_009,0,Random Forest,0.0010005090227446607,0
mimic_perform_non_af_009,0,Random Forest,0.0011351097671090605,0
mimic_perform_non_af_009,0,Random Forest,0.008731196066067974,0
mimic_perform_non_af_009,0,Random Forest,0.2613892394116244,0
mimic_perform_non_af_010,0,Random Forest,0.061221115738225994,0
mimic_perform_non_af_010,0,Random Forest,0.0002602348313956851,0
mimic_perform_non_af_010,0,Random Forest,3.108003108003108e-05,0
mimic_perform_non_af_010,0,Random Forest,0.0,0
mimic_perform_non_af_010,0,Random Forest,3.5398230088495574e-05,0
mimic_perform_non_af_010,0,Random Forest,0.0121438974547691,0
mimic_perform_non_af_010,0,Random Forest,0.00025500856588020937,0
mimic_perform_non_af_010,0,Random Forest,3.5398230088495574e-05,0
mimic_perform_non_af_010,0,Random Forest,0.00013258470374555748,0
mimic_perform_non_af_010,0,Random Forest,0.00013258470374555748,0
mimic_perform_non_af_010,0,Random Forest,0.17104361115023858,0
mimic_perform_non_af_010,0,Random Forest,0.0009658566633297609,0
mimic_perform_non_af_010,0,Random Forest,0.18214128704740754,0
mimic_perform_non_af_010,0,Random Forest,0.012149123720284573,0
mimic_perform_non_af_010,0,Random Forest,0.0002602348313956851,0
mimic_perform_non_af_010,0,Random Forest,0.17272602507958973,0
mimic_perform_non_af_010,0,Random Forest,0.8842374215153416,1
mimic_perform_non_af_010,0,Random Forest,0.8979662335714863,1
mimic_perform_non_af_010,0,Random Forest,0.9628575001684503,1
mimic_perform_non_af_010,0,Random Forest,0.9843161873957557,1
mimic_perform_non_af_010,0,Random Forest,0.05369840189309216,0
mimic_perform_non_af_010,0,Random Forest,9.448946565031938e-05,0
mimic_perform_non_af_010,0,Random Forest,0.005540101163893597,0
mimic_perform_non_af_010,0,Random Forest,0.000666530848620919,0
mimic_perform_non_af_010,0,Random Forest,0.12077224676213248,0
mimic_perform_non_af_010,0,Random Forest,0.2585325847028216,0
mimic_perform_non_af_010,0,Random Forest,0.00047605465814472855,0
mimic_perform_non_af_010,0,Random Forest,0.007223761705804879,0
mimic_perform_non_af_010,0,Random Forest,0.01378777918246945,0
mimic_perform_non_af_010,0,Random Forest,0.00037365474481559853,0
mimic_perform_non_af_010,0,Random Forest,0.02127415946884973,0
mimic_perform_non_af_010,0,Random Forest,6.340943457028829e-05,0
mimic_perform_non_af_010,0,Random Forest,0.0515500762630766,0
mimic_perform_non_af_010,0,Random Forest,0.031394365922044226,0
mimic_perform_non_af_010,0,Random Forest,0.027616743256214188,0
mimic_perform_non_af_010,0,Random Forest,0.01376026639973733,0
mimic_perform_non_af_010,0,Random Forest,0.00042517602325763994,0
mimic_perform_non_af_010,0,Random Forest,0.02455700681246929,0
mimic_perform_non_af_010,0,Random Forest,0.0009808565915384035,0
mimic_perform_non_af_010,0,Random Forest,0.0002602348313956851,0
mimic_perform_non_af_010,0,Random Forest,0.07658663437024767,0
mimic_perform_non_af_010,0,Random Forest,0.01646954816008362,0
mimic_perform_non_af_010,0,Random Forest,0.010719080812072948,0
mimic_perform_non_af_010,0,Random Forest,0.0,0
mimic_perform_non_af_010,0,Random Forest,0.00236856681588866,0
mimic_perform_non_af_010,0,Random Forest,0.0022098366571585014,0
mimic_perform_non_af_010,0,Random Forest,0.014444444444444447,0
mimic_perform_non_af_010,0,Random Forest,0.0,0
mimic_perform_non_af_010,0,Random Forest,0.0,0
mimic_perform_non_af_010,0,Random Forest,0.0,0
mimic_perform_non_af_010,0,Random Forest,0.0,0
mimic_perform_non_af_010,0,Random Forest,0.015423477359126954,0
mimic_perform_non_af_010,0,Random Forest,0.013604690425258767,0
mimic_perform_non_af_010,0,Random Forest,0.013414214234782576,0
mimic_perform_non_af_010,0,Random Forest,0.006144080442110778,0
mimic_perform_non_af_010,0,Random Forest,0.0,0
mimic_perform_non_af_010,0,Random Forest,0.0,0
mimic_perform_non_af_010,0,Random Forest,0.0,0
mimic_perform_non_af_010,0,Random Forest,0.0,0
mimic_perform_non_af_010,0,Random Forest,0.0,0
mimic_perform_non_af_010,0,Random Forest,0.0,0
mimic_perform_non_af_010,0,Random Forest,0.006666666666666667,0
mimic_perform_non_af_010,0,Random Forest,0.006666666666666667,0
mimic_perform_non_af_010,0,Random Forest,0.0,0
mimic_perform_non_af_010,0,Random Forest,0.0,0
mimic_perform_non_af_010,0,Random Forest,0.0,0
mimic_perform_non_af_010,0,Random Forest,0.0,0
mimic_perform_non_af_010,0,Random Forest,8.137524158274845e-05,0
mimic_perform_non_af_010,0,Random Forest,0.0006570602282210819,0
mimic_perform_non_af_010,0,Random Forest,0.00013258470374555748,0
mimic_perform_non_af_010,0,Random Forest,0.00010150467266552637,0
mimic_perform_non_af_010,0,Random Forest,0.008046749894258859,0
mimic_perform_non_af_010,0,Random Forest,0.0,0
mimic_perform_non_af_010,0,Random Forest,6.647826116852666e-05,0
mimic_perform_non_af_010,0,Random Forest,0.008317886019065458,0
mimic_perform_non_af_010,0,Random Forest,0.021003766715567244,0
mimic_perform_non_af_010,0,Random Forest,0.0,0
mimic_perform_non_af_010,0,Random Forest,0.0,0
mimic_perform_non_af_010,0,Random Forest,0.0,0
mimic_perform_non_af_010,0,Random Forest,3.108003108003108e-05,0
mimic_perform_non_af_010,0,Random Forest,3.108003108003108e-05,0
mimic_perform_non_af_010,0,Random Forest,0.0,0
mimic_perform_non_af_010,0,Random Forest,0.0,0
mimic_perform_non_af_010,0,Random Forest,0.013333333333333334,0
mimic_perform_non_af_010,0,Random Forest,0.006666666666666667,0
mimic_perform_non_af_010,0,Random Forest,0.013333333333333334,0
mimic_perform_non_af_010,0,Random Forest,0.022012326620684405,0
mimic_perform_non_af_010,0,Random Forest,0.03019125891216975,0
mimic_perform_non_af_010,0,Random Forest,0.9092114663086247,1
mimic_perform_non_af_010,0,Random Forest,0.3508422644415136,0
mimic_perform_non_af_010,0,Random Forest,0.5303541627369796,1
mimic_perform_non_af_010,0,Random Forest,0.7129054300537948,1
mimic_perform_non_af_010,0,Random Forest,0.030145235210654247,0
mimic_perform_non_af_010,0,Random Forest,0.007093599733070664,0
mimic_perform_non_af_010,0,Random Forest,4.597701149425287e-05,0
mimic_perform_non_af_010,0,Random Forest,0.0022223896020194035,0
mimic_perform_non_af_010,0,Random Forest,0.0022223896020194035,0
mimic_perform_non_af_010,0,Random Forest,0.016058739936389965,0
mimic_perform_non_af_010,0,Random Forest,0.00018589285831953483,0
mimic_perform_non_af_010,0,Random Forest,0.0069972042540147,0
mimic_perform_non_af_010,0,Random Forest,0.0,0
mimic_perform_non_af_010,0,Random Forest,0.0,0
mimic_perform_non_af_010,0,Random Forest,0.0,0
mimic_perform_non_af_010,0,Random Forest,0.0,0
mimic_perform_non_af_010,0,Random Forest,0.0,0
mimic_perform_non_af_010,0,Random Forest,0.010340084547552187,0
mimic_perform_non_af_010,0,Random Forest,0.03465837991516308,0
mimic_perform_non_af_010,0,Random Forest,0.04132504658182974,0
mimic_perform_non_af_010,0,Random Forest,0.016804298492653805,0
mimic_perform_non_af_010,0,Random Forest,0.01367502603523354,0
mimic_perform_non_af_010,0,Random Forest,0.00010150467266552637,0
mimic_perform_non_af_010,0,Random Forest,0.0007364797760934263,0
mimic_perform_non_af_010,0,Random Forest,0.00044905606762996866,0
mimic_perform_non_af_010,0,Random Forest,0.007968188158616116,0
mimic_perform_non_af_010,0,Random Forest,0.0,0
mimic_perform_non_af_010,0,Random Forest,0.0,0
mimic_perform_non_af_010,0,Random Forest,0.0,0
mimic_perform_non_af_010,0,Random Forest,0.02760033044015295,0
mimic_perform_non_af_011,0,Random Forest,0.00034753360485381197,0
mimic_perform_non_af_011,0,Random Forest,0.003576890997292274,0
mimic_perform_non_af_011,0,Random Forest,0.0014523927364464857,0
mimic_perform_non_af_011,0,Random Forest,0.0016086427364464856,0
mimic_perform_non_af_011,0,Random Forest,0.005297810366479413,0
mimic_perform_non_af_011,0,Random Forest,0.011742737416558315,0
mimic_perform_non_af_011,0,Random Forest,0.0016536242910235165,0
mimic_perform_non_af_011,0,Random Forest,0.0023767751535945223,0
mimic_perform_non_af_011,0,Random Forest,0.003642118087455556,0
mimic_perform_non_af_011,0,Random Forest,0.017805281576588606,0
mimic_perform_non_af_011,0,Random Forest,0.008627493619417682,0
mimic_perform_non_af_011,0,Random Forest,0.03679517510428436,0
mimic_perform_non_af_011,0,Random Forest,0.035032566035432776,0
mimic_perform_non_af_011,0,Random Forest,0.00407558901576908,0
mimic_perform_non_af_011,0,Random Forest,0.012260041809506088,0
mimic_perform_non_af_011,0,Random Forest,0.007664756605440363,0
mimic_perform_non_af_011,0,Random Forest,0.017774038969660625,0
mimic_perform_non_af_011,0,Random Forest,0.035382765957309395,0
mimic_perform_non_af_011,0,Random Forest,0.02642159545206491,0
mimic_perform_non_af_011,0,Random Forest,0.011813768682916701,0
mimic_perform_non_af_011,0,Random Forest,0.013458335599769087,0
mimic_perform_non_af_011,0,Random Forest,0.00920766299283456,0
mimic_perform_non_af_011,0,Random Forest,0.011115232148699248,0
mimic_perform_non_af_011,0,Random Forest,0.006858501447353905,0
mimic_perform_non_af_011,0,Random Forest,0.013625090974501515,0
mimic_perform_non_af_011,0,Random Forest,0.036292541180775156,0
mimic_perform_non_af_011,0,Random Forest,0.01909023699516891,0
mimic_perform_non_af_011,0,Random Forest,0.020694724115407338,0
mimic_perform_non_af_011,0,Random Forest,0.013199087491534084,0
mimic_perform_non_af_011,0,Random Forest,0.012505515208734672,0
mimic_perform_non_af_011,0,Random Forest,0.02550737960559323,0
mimic_perform_non_af_011,0,Random Forest,0.03027513844575071,0
mimic_perform_non_af_011,0,Random Forest,0.01319827981761533,0
mimic_perform_non_af_011,0,Random Forest,0.008001928574730944,0
mimic_perform_non_af_011,0,Random Forest,0.03194582391426281,0
mimic_perform_non_af_011,0,Random Forest,0.012342507432874888,0
mimic_perform_non_af_011,0,Random Forest,0.004179564540734919,0
mimic_perform_non_af_011,0,Random Forest,0.018199143785943415,0
mimic_perform_non_af_011,0,Random Forest,0.003950207839958576,0
mimic_perform_non_af_011,0,Random Forest,0.005007083165774345,0
mimic_perform_non_af_011,0,Random Forest,0.03426794022247103,0
mimic_perform_non_af_011,0,Random Forest,0.0064528795327025825,0
mimic_perform_non_af_011,0,Random Forest,0.003951527086400971,0
mimic_perform_non_af_011,0,Random Forest,0.00112912930990086,0
mimic_perform_non_af_011,0,Random Forest,0.0015917858490275016,0
mimic_perform_non_af_011,0,Random Forest,0.0013790198915806932,0
mimic_perform_non_af_011,0,Random Forest,0.0012077846709383578,0
mimic_perform_non_af_011,0,Random Forest,0.00022060677868877308,0
mimic_perform_non_af_011,0,Random Forest,0.002029279227845328,0
mimic_perform_non_af_011,0,Random Forest,0.0013586716540584715,0
mimic_perform_non_af_011,0,Random Forest,0.0023911682443853986,0
mimic_perform_non_af_011,0,Random Forest,0.000602389693987084,0
mimic_perform_non_af_011,0,Random Forest,0.01593588764670886,0
mimic_perform_non_af_011,0,Random Forest,0.003335917343043662,0
mimic_perform_non_af_011,0,Random Forest,0.0002099115915229977,0
mimic_perform_non_af_011,0,Random Forest,0.0002099115915229977,0
mimic_perform_non_af_011,0,Random Forest,0.0013863495813368951,0
mimic_perform_non_af_011,0,Random Forest,0.005344783437119547,0
mimic_perform_non_af_011,0,Random Forest,0.013497248583832645,0
mimic_perform_non_af_011,0,Random Forest,0.0003508336370585095,0
mimic_perform_non_af_011,0,Random Forest,0.00455980018039195,0
mimic_perform_non_af_011,0,Random Forest,0.0002099115915229977,0
mimic_perform_non_af_011,0,Random Forest,0.00028584685029407736,0
mimic_perform_non_af_011,0,Random Forest,0.00023044547242648844,0
mimic_perform_non_af_011,0,Random Forest,0.00023044547242648844,0
mimic_perform_non_af_011,0,Random Forest,0.00413002079504372,0
mimic_perform_non_af_011,0,Random Forest,0.012260664010956721,0
mimic_perform_non_af_011,0,Random Forest,0.003674863365375889,0
mimic_perform_non_af_011,0,Random Forest,0.0002099115915229977,0
mimic_perform_non_af_011,0,Random Forest,0.0004961417277467407,0
mimic_perform_non_af_011,0,Random Forest,0.0006533649867815767,0
mimic_perform_non_af_011,0,Random Forest,0.0004783561120921909,0
mimic_perform_non_af_011,0,Random Forest,0.0007540362759342875,0
mimic_perform_non_af_011,0,Random Forest,0.0010400759376827501,0
mimic_perform_non_af_011,0,Random Forest,0.000702893021104048,0
mimic_perform_non_af_011,0,Random Forest,0.00022060677868877308,0
mimic_perform_non_af_011,0,Random Forest,0.0019063025511323192,0
mimic_perform_non_af_011,0,Random Forest,0.009598392426300523,0
mimic_perform_non_af_011,0,Random Forest,0.003688301388356054,0
mimic_perform_non_af_011,0,Random Forest,0.004984413988917195,0
mimic_perform_non_af_011,0,Random Forest,0.009416222329958339,0
mimic_perform_non_af_011,0,Random Forest,0.002327170291684498,0
mimic_perform_non_af_011,0,Random Forest,0.00028584685029407736,0
mimic_perform_non_af_011,0,Random Forest,0.002772022701230216,0
mimic_perform_non_af_011,0,Random Forest,0.005813578123626481,0
mimic_perform_non_af_011,0,Random Forest,0.00022060677868877308,0
mimic_perform_non_af_011,0,Random Forest,0.00034753360485381197,0
mimic_perform_non_af_011,0,Random Forest,0.00047013815281907027,0
mimic_perform_non_af_011,0,Random Forest,0.00047013815281907027,0
mimic_perform_non_af_011,0,Random Forest,0.0002965420374598528,0
mimic_perform_non_af_011,0,Random Forest,0.0004959512532714603,0
mimic_perform_non_af_011,0,Random Forest,0.00047013815281907027,0
mimic_perform_non_af_011,0,Random Forest,0.0034394615042958143,0
mimic_perform_non_af_011,0,Random Forest,0.005463337410645161,0
mimic_perform_non_af_011,0,Random Forest,0.03000083655987586,0
mimic_perform_non_af_011,0,Random Forest,0.02809495926628671,0
mimic_perform_non_af_011,0,Random Forest,0.0048997108318330545,0
mimic_perform_non_af_011,0,Random Forest,0.004471302977383352,0
mimic_perform_non_af_011,0,Random Forest,0.0024914839792081088,0
mimic_perform_non_af_011,0,Random Forest,0.0019452858897656855,0
mimic_perform_non_af_011,0,Random Forest,0.0002987805843231461,0
mimic_perform_non_af_011,0,Random Forest,0.0003615288242242849,0
mimic_perform_non_af_011,0,Random Forest,0.012988951663361448,0
mimic_perform_non_af_011,0,Random Forest,0.004262454218400924,0
mimic_perform_non_af_011,0,Random Forest,0.033807354240995714,0
mimic_perform_non_af_011,0,Random Forest,0.0002099115915229977,0
mimic_perform_non_af_011,0,Random Forest,0.0002099115915229977,0
mimic_perform_non_af_011,0,Random Forest,0.00696320870412652,0
mimic_perform_non_af_011,0,Random Forest,0.00030638073119756813,0
mimic_perform_non_af_011,0,Random Forest,0.00030638073119756813,0
mimic_perform_non_af_011,0,Random Forest,0.00028584685029407736,0
mimic_perform_non_af_011,0,Random Forest,0.0002987805843231461,0
mimic_perform_non_af_011,0,Random Forest,0.00030861927806086144,0
mimic_perform_non_af_011,0,Random Forest,0.0003530721839218028,0
mimic_perform_non_af_011,0,Random Forest,0.00028584685029407736,0
mimic_perform_non_af_011,0,Random Forest,0.00028584685029407736,0
mimic_perform_non_af_011,0,Random Forest,0.00028808539715737073,0
mimic_perform_non_af_011,0,Random Forest,0.00028808539715737073,0
mimic_perform_non_af_012,0,Random Forest,0.8927147421236067,1
mimic_perform_non_af_012,0,Random Forest,0.9564034585035808,1
mimic_perform_non_af_012,0,Random Forest,0.924628126852709,1
mimic_perform_non_af_012,0,Random Forest,0.9354675884792321,1
mimic_perform_non_af_012,0,Random Forest,0.905155535013131,1
mimic_perform_non_af_012,0,Random Forest,0.7564611726482718,1
mimic_perform_non_af_012,0,Random Forest,0.7348520587596157,1
mimic_perform_non_af_012,0,Random Forest,0.8670562920421758,1
mimic_perform_non_af_012,0,Random Forest,0.691605577757995,1
mimic_perform_non_af_012,0,Random Forest,0.8160800011419361,1
mimic_perform_non_af_012,0,Random Forest,0.7888203767793708,1
mimic_perform_non_af_012,0,Random Forest,0.7331178067626205,1
mimic_perform_non_af_012,0,Random Forest,0.8291829754581586,1
mimic_perform_non_af_012,0,Random Forest,0.9461666736814197,1
mimic_perform_non_af_012,0,Random Forest,0.8708178101378314,1
mimic_perform_non_af_012,0,Random Forest,0.8736813351349668,1
mimic_perform_non_af_012,0,Random Forest,0.8119245986160469,1
mimic_perform_non_af_012,0,Random Forest,0.8950116047464516,1
mimic_perform_non_af_012,0,Random Forest,0.8876261746486442,1
mimic_perform_non_af_012,0,Random Forest,0.9391871640199354,1
mimic_perform_non_af_012,0,Random Forest,0.9411354472968431,1
mimic_perform_non_af_012,0,Random Forest,0.9515873760212195,1
mimic_perform_non_af_012,0,Random Forest,0.9282578100838198,1
mimic_perform_non_af_012,0,Random Forest,0.9101094432267538,1
mimic_perform_non_af_012,0,Random Forest,0.759608445983568,1
mimic_perform_non_af_012,0,Random Forest,0.7229539229496761,1
mimic_perform_non_af_012,0,Random Forest,0.8963236993602564,1
mimic_perform_non_af_012,0,Random Forest,0.8274308291803939,1
mimic_perform_non_af_012,0,Random Forest,0.8343478859310103,1
mimic_perform_non_af_012,0,Random Forest,0.9223947033389733,1
mimic_perform_non_af_012,0,Random Forest,0.8908746461606095,1
mimic_perform_non_af_012,0,Random Forest,0.9233058605208511,1
mimic_perform_non_af_012,0,Random Forest,0.8244765088445729,1
mimic_perform_non_af_012,0,Random Forest,0.8941632444724277,1
mimic_perform_non_af_012,0,Random Forest,0.9234277434024432,1
mimic_perform_non_af_012,0,Random Forest,0.8774862861301487,1
mimic_perform_non_af_012,0,Random Forest,0.6618669013287181,1
mimic_perform_non_af_012,0,Random Forest,0.6808963135400811,1
mimic_perform_non_af_012,0,Random Forest,0.7808488713400292,1
mimic_perform_non_af_012,0,Random Forest,0.9164620954102726,1
mimic_perform_non_af_012,0,Random Forest,0.9160847369197066,1
mimic_perform_non_af_012,0,Random Forest,0.7854877519082081,1
mimic_perform_non_af_012,0,Random Forest,0.7120049964133679,1
mimic_perform_non_af_012,0,Random Forest,0.6959269816671019,1
mimic_perform_non_af_012,0,Random Forest,0.7127507847740766,1
mimic_perform_non_af_012,0,Random Forest,0.7864175287451171,1
mimic_perform_non_af_012,0,Random Forest,0.9451547384121496,1
mimic_perform_non_af_012,0,Random Forest,0.9535523296297477,1
mimic_perform_non_af_012,0,Random Forest,0.9058257052896093,1
mimic_perform_non_af_012,0,Random Forest,0.9273453091874478,1
mimic_perform_non_af_012,0,Random Forest,0.8720417377352438,1
mimic_perform_non_af_012,0,Random Forest,0.8951876393169459,1
mimic_perform_non_af_012,0,Random Forest,0.8402932881276116,1
mimic_perform_non_af_012,0,Random Forest,0.9111861919431499,1
mimic_perform_non_af_012,0,Random Forest,0.7212098950169634,1
mimic_perform_non_af_012,0,Random Forest,0.7757045698082596,1
mimic_perform_non_af_012,0,Random Forest,0.7830708590230244,1
mimic_perform_non_af_012,0,Random Forest,0.7720704399944119,1
mimic_perform_non_af_012,0,Random Forest,0.9414348345997314,1
mimic_perform_non_af_012,0,Random Forest,0.9599508127189033,1
mimic_perform_non_af_012,0,Random Forest,0.8327828814122629,1
mimic_perform_non_af_012,0,Random Forest,0.8287631484208215,1
mimic_perform_non_af_012,0,Random Forest,0.8428592179829012,1
mimic_perform_non_af_012,0,Random Forest,0.9098389441771668,1
mimic_perform_non_af_012,0,Random Forest,0.9592706726734676,1
mimic_perform_non_af_012,0,Random Forest,0.9657772028803386,1
mimic_perform_non_af_012,0,Random Forest,0.9669527937680443,1
mimic_perform_non_af_012,0,Random Forest,0.9603478374524227,1
mimic_perform_non_af_012,0,Random Forest,0.9636637188800623,1
mimic_perform_non_af_012,0,Random Forest,0.7836868893096082,1
mimic_perform_non_af_012,0,Random Forest,0.789267093367829,1
mimic_perform_non_af_012,0,Random Forest,0.8462694921500906,1
mimic_perform_non_af_012,0,Random Forest,0.8293880784355552,1
mimic_perform_non_af_012,0,Random Forest,0.9504429949479618,1
mimic_perform_non_af_012,0,Random Forest,0.9635677036238599,1
mimic_perform_non_af_012,0,Random Forest,0.7892382537421192,1
mimic_perform_non_af_012,0,Random Forest,0.7921857352401169,1
mimic_perform_non_af_012,0,Random Forest,0.9116041285388415,1
mimic_perform_non_af_012,0,Random Forest,0.9142487681293349,1
mimic_perform_non_af_012,0,Random Forest,0.7522737200368745,1
mimic_perform_non_af_012,0,Random Forest,0.7401373470420849,1
mimic_perform_non_af_012,0,Random Forest,0.7586689540481741,1
mimic_perform_non_af_012,0,Random Forest,0.5888872946711089,1
mimic_perform_non_af_012,0,Random Forest,0.7283196787371808,1
mimic_perform_non_af_012,0,Random Forest,0.9227300176484757,1
mimic_perform_non_af_012,0,Random Forest,0.9189494433450699,1
mimic_perform_non_af_012,0,Random Forest,0.8668965727772676,1
mimic_perform_non_af_012,0,Random Forest,0.6379884899628196,1
mimic_perform_non_af_012,0,Random Forest,0.663230736936909,1
mimic_perform_non_af_012,0,Random Forest,0.8262169991251151,1
mimic_perform_non_af_012,0,Random Forest,0.8528277735820892,1
mimic_perform_non_af_012,0,Random Forest,0.8221766277989346,1
mimic_perform_non_af_012,0,Random Forest,0.8030866538464092,1
mimic_perform_non_af_012,0,Random Forest,0.9011158493770663,1
mimic_perform_non_af_012,0,Random Forest,0.842859773884554,1
mimic_perform_non_af_012,0,Random Forest,0.8812309467870698,1
mimic_perform_non_af_012,0,Random Forest,0.8235221609489346,1
mimic_perform_non_af_012,0,Random Forest,0.9153245720446123,1
mimic_perform_non_af_012,0,Random Forest,0.7293305453903229,1
mimic_perform_non_af_012,0,Random Forest,0.8830797787975432,1
mimic_perform_non_af_012,0,Random Forest,0.84309831291736,1
mimic_perform_non_af_012,0,Random Forest,0.9413668537367905,1
mimic_perform_non_af_012,0,Random Forest,0.9321720176374495,1
mimic_perform_non_af_012,0,Random Forest,0.949076789497367,1
mimic_perform_non_af_012,0,Random Forest,0.930334543280588,1
mimic_perform_non_af_012,0,Random Forest,0.9562593661947691,1
mimic_perform_non_af_012,0,Random Forest,0.9544191101592446,1
mimic_perform_non_af_012,0,Random Forest,0.9613469151536589,1
mimic_perform_non_af_012,0,Random Forest,0.7683545582184128,1
mimic_perform_non_af_012,0,Random Forest,0.7683545582184128,1
mimic_perform_non_af_012,0,Random Forest,0.8103206040198893,1
mimic_perform_non_af_012,0,Random Forest,0.8764930742830682,1
mimic_perform_non_af_012,0,Random Forest,0.8736698560184218,1
mimic_perform_non_af_012,0,Random Forest,0.9597728149906076,1
mimic_perform_non_af_012,0,Random Forest,0.9373767224930076,1
mimic_perform_non_af_012,0,Random Forest,0.7772998298861377,1
mimic_perform_non_af_012,0,Random Forest,0.7831910982486996,1
mimic_perform_non_af_012,0,Random Forest,0.9296331316963589,1
mimic_perform_non_af_013,0,Random Forest,3.816793893129771e-05,0
mimic_perform_non_af_013,0,Random Forest,0.006736060210594062,0
mimic_perform_non_af_013,0,Random Forest,6.939354392739452e-05,0
mimic_perform_non_af_013,0,Random Forest,3.816793893129771e-05,0
mimic_perform_non_af_013,0,Random Forest,3.816793893129771e-05,0
mimic_perform_non_af_013,0,Random Forest,3.816793893129771e-05,0
mimic_perform_non_af_013,0,Random Forest,6.939354392739452e-05,0
mimic_perform_non_af_013,0,Random Forest,3.816793893129771e-05,0
mimic_perform_non_af_013,0,Random Forest,3.816793893129771e-05,0
mimic_perform_non_af_013,0,Random Forest,0.0011470525963190095,0
mimic_perform_non_af_013,0,Random Forest,0.012526398624460755,0
mimic_perform_non_af_013,0,Random Forest,0.0011470525963190095,0
mimic_perform_non_af_013,0,Random Forest,3.816793893129771e-05,0
mimic_perform_non_af_013,0,Random Forest,3.816793893129771e-05,0
mimic_perform_non_af_013,0,Random Forest,3.816793893129771e-05,0
mimic_perform_non_af_013,0,Random Forest,3.816793893129771e-05,0
mimic_perform_non_af_013,0,Random Forest,3.816793893129771e-05,0
mimic_perform_non_af_013,0,Random Forest,3.816793893129771e-05,0
mimic_perform_non_af_013,0,Random Forest,3.816793893129771e-05,0
mimic_perform_non_af_013,0,Random Forest,3.816793893129771e-05,0
mimic_perform_non_af_013,0,Random Forest,6.939354392739452e-05,0
mimic_perform_non_af_013,0,Random Forest,3.816793893129771e-05,0
mimic_perform_non_af_013,0,Random Forest,6.939354392739452e-05,0
mimic_perform_non_af_013,0,Random Forest,3.816793893129771e-05,0
mimic_perform_non_af_013,0,Random Forest,3.816793893129771e-05,0
mimic_perform_non_af_013,0,Random Forest,3.816793893129771e-05,0
mimic_perform_non_af_013,0,Random Forest,0.021811047962182167,0
mimic_perform_non_af_013,0,Random Forest,0.009258815368029676,0
mimic_perform_non_af_013,0,Random Forest,0.027505070489723036,0
mimic_perform_non_af_013,0,Random Forest,0.002436245884734147,0
mimic_perform_non_af_013,0,Random Forest,0.04827115417878323,0
mimic_perform_non_af_013,0,Random Forest,0.002251060699548962,0
mimic_perform_non_af_013,0,Random Forest,0.0016744873282649646,0
mimic_perform_non_af_013,0,Random Forest,3.816793893129771e-05,0
mimic_perform_non_af_013,0,Random Forest,3.816793893129771e-05,0
mimic_perform_non_af_013,0,Random Forest,3.816793893129771e-05,0
mimic_perform_non_af_013,0,Random Forest,3.816793893129771e-05,0
mimic_perform_non_af_013,0,Random Forest,3.816793893129771e-05,0
mimic_perform_non_af_013,0,Random Forest,3.816793893129771e-05,0
mimic_perform_non_af_013,0,Random Forest,3.816793893129771e-05,0
mimic_perform_non_af_013,0,Random Forest,3.816793893129771e-05,0
mimic_perform_non_af_013,0,Random Forest,3.816793893129771e-05,0
mimic_perform_non_af_013,0,Random Forest,3.816793893129771e-05,0
mimic_perform_non_af_013,0,Random Forest,3.816793893129771e-05,0
mimic_perform_non_af_013,0,Random Forest,3.816793893129771e-05,0
mimic_perform_non_af_013,0,Random Forest,0.0027438246648302084,0
mimic_perform_non_af_013,0,Random Forest,0.011903377201439332,0
mimic_perform_non_af_013,0,Random Forest,0.002428793078059491,0
mimic_perform_non_af_013,0,Random Forest,3.816793893129771e-05,0
mimic_perform_non_af_013,0,Random Forest,3.816793893129771e-05,0
mimic_perform_non_af_013,0,Random Forest,3.816793893129771e-05,0
mimic_perform_non_af_013,0,Random Forest,3.816793893129771e-05,0
mimic_perform_non_af_013,0,Random Forest,3.816793893129771e-05,0
mimic_perform_non_af_013,0,Random Forest,3.816793893129771e-05,0
mimic_perform_non_af_013,0,Random Forest,3.816793893129771e-05,0
mimic_perform_non_af_013,0,Random Forest,3.816793893129771e-05,0
mimic_perform_non_af_013,0,Random Forest,3.816793893129771e-05,0
mimic_perform_non_af_013,0,Random Forest,3.816793893129771e-05,0
mimic_perform_non_af_013,0,Random Forest,3.816793893129771e-05,0
mimic_perform_non_af_013,0,Random Forest,3.816793893129771e-05,0
mimic_perform_non_af_013,0,Random Forest,3.816793893129771e-05,0
mimic_perform_non_af_013,0,Random Forest,6.939354392739452e-05,0
mimic_perform_non_af_013,0,Random Forest,3.816793893129771e-05,0
mimic_perform_non_af_013,0,Random Forest,3.816793893129771e-05,0
mimic_perform_non_af_013,0,Random Forest,6.939354392739452e-05,0
mimic_perform_non_af_013,0,Random Forest,3.816793893129771e-05,0
mimic_perform_non_af_013,0,Random Forest,6.939354392739452e-05,0
mimic_perform_non_af_013,0,Random Forest,3.816793893129771e-05,0
mimic_perform_non_af_013,0,Random Forest,3.816793893129771e-05,0
mimic_perform_non_af_013,0,Random Forest,3.816793893129771e-05,0
mimic_perform_non_af_013,0,Random Forest,3.816793893129771e-05,0
mimic_perform_non_af_013,0,Random Forest,3.816793893129771e-05,0
mimic_perform_non_af_013,0,Random Forest,3.816793893129771e-05,0
mimic_perform_non_af_013,0,Random Forest,0.002266583201993344,0
mimic_perform_non_af_013,0,Random Forest,0.001781348271652332,0
mimic_perform_non_af_013,0,Random Forest,0.0022100860268521013,0
mimic_perform_non_af_013,0,Random Forest,3.816793893129771e-05,0
mimic_perform_non_af_013,0,Random Forest,3.816793893129771e-05,0
mimic_perform_non_af_013,0,Random Forest,3.816793893129771e-05,0
mimic_perform_non_af_013,0,Random Forest,3.816793893129771e-05,0
mimic_perform_non_af_013,0,Random Forest,3.816793893129771e-05,0
mimic_perform_non_af_013,0,Random Forest,3.816793893129771e-05,0
mimic_perform_non_af_013,0,Random Forest,3.816793893129771e-05,0
mimic_perform_non_af_013,0,Random Forest,3.816793893129771e-05,0
mimic_perform_non_af_013,0,Random Forest,3.816793893129771e-05,0
mimic_perform_non_af_013,0,Random Forest,3.816793893129771e-05,0
mimic_perform_non_af_013,0,Random Forest,3.816793893129771e-05,0
mimic_perform_non_af_013,0,Random Forest,3.816793893129771e-05,0
mimic_perform_non_af_013,0,Random Forest,3.816793893129771e-05,0
mimic_perform_non_af_013,0,Random Forest,3.816793893129771e-05,0
mimic_perform_non_af_013,0,Random Forest,3.816793893129771e-05,0
mimic_perform_non_af_013,0,Random Forest,3.816793893129771e-05,0
mimic_perform_non_af_013,0,Random Forest,3.816793893129771e-05,0
mimic_perform_non_af_013,0,Random Forest,3.816793893129771e-05,0
mimic_perform_non_af_013,0,Random Forest,3.816793893129771e-05,0
mimic_perform_non_af_013,0,Random Forest,3.816793893129771e-05,0
mimic_perform_non_af_013,0,Random Forest,6.939354392739452e-05,0
mimic_perform_non_af_013,0,Random Forest,3.816793893129771e-05,0
mimic_perform_non_af_013,0,Random Forest,3.816793893129771e-05,0
mimic_perform_non_af_013,0,Random Forest,0.009307488782022633,0
mimic_perform_non_af_013,0,Random Forest,0.00990594438047823,0
mimic_perform_non_af_013,0,Random Forest,0.003208052108815467,0
mimic_perform_non_af_013,0,Random Forest,0.006704834605597965,0
mimic_perform_non_af_013,0,Random Forest,3.816793893129771e-05,0
mimic_perform_non_af_013,0,Random Forest,3.816793893129771e-05,0
mimic_perform_non_af_013,0,Random Forest,3.816793893129771e-05,0
mimic_perform_non_af_013,0,Random Forest,3.816793893129771e-05,0
mimic_perform_non_af_013,0,Random Forest,0.018800189623226535,0
mimic_perform_non_af_013,0,Random Forest,0.005790915406496292,0
mimic_perform_non_af_013,0,Random Forest,0.0037761005916814787,0
mimic_perform_non_af_013,0,Random Forest,3.816793893129771e-05,0
mimic_perform_non_af_013,0,Random Forest,3.816793893129771e-05,0
mimic_perform_non_af_013,0,Random Forest,3.816793893129771e-05,0
mimic_perform_non_af_013,0,Random Forest,6.939354392739452e-05,0
mimic_perform_non_af_013,0,Random Forest,3.816793893129771e-05,0
mimic_perform_non_af_013,0,Random Forest,3.816793893129771e-05,0
mimic_perform_non_af_013,0,Random Forest,3.816793893129771e-05,0
mimic_perform_non_af_013,0,Random Forest,3.816793893129771e-05,0
mimic_perform_non_af_014,0,Random Forest,0.9921957759951857,1
mimic_perform_non_af_014,0,Random Forest,0.9899425793121297,1
mimic_perform_non_af_014,0,Random Forest,0.9628005103688874,1
mimic_perform_non_af_014,0,Random Forest,0.9879181012283654,1
mimic_perform_non_af_014,0,Random Forest,0.9931234676816789,1
mimic_perform_non_af_014,0,Random Forest,0.9931234676816789,1
mimic_perform_non_af_014,0,Random Forest,0.9931234676816789,1
mimic_perform_non_af_014,0,Random Forest,0.9934458072287536,1
mimic_perform_non_af_014,0,Random Forest,0.99310253128038,1
mimic_perform_non_af_014,0,Random Forest,0.9932527266884063,1
mimic_perform_non_af_014,0,Random Forest,0.9930445060337056,1
mimic_perform_non_af_014,0,Random Forest,0.992838476557932,1
mimic_perform_non_af_014,0,Random Forest,0.9934458072287536,1
mimic_perform_non_af_014,0,Random Forest,0.9934458072287536,1
mimic_perform_non_af_014,0,Random Forest,0.9935084050378303,1
mimic_perform_non_af_014,0,Random Forest,0.9934458072287536,1
mimic_perform_non_af_014,0,Random Forest,0.9934285115624641,1
mimic_perform_non_af_014,0,Random Forest,0.9934285115624641,1
mimic_perform_non_af_014,0,Random Forest,0.9933659137533875,1
mimic_perform_non_af_014,0,Random Forest,0.9929646125583395,1
mimic_perform_non_af_014,0,Random Forest,0.992437175362884,1
mimic_perform_non_af_014,0,Random Forest,0.9833317559718637,1
mimic_perform_non_af_014,0,Random Forest,0.989743267009321,1
mimic_perform_non_af_014,0,Random Forest,0.9867110854599666,1
mimic_perform_non_af_014,0,Random Forest,0.9912066041560846,1
mimic_perform_non_af_014,0,Random Forest,0.9878984566641782,1
mimic_perform_non_af_014,0,Random Forest,0.9921957759951857,1
mimic_perform_non_af_014,0,Random Forest,0.9916079053511327,1
mimic_perform_non_af_014,0,Random Forest,0.9931234676816789,1
mimic_perform_non_af_014,0,Random Forest,0.992722166486631,1
mimic_perform_non_af_014,0,Random Forest,0.9912942141236393,1
mimic_perform_non_af_014,0,Random Forest,0.992838476557932,1
mimic_perform_non_af_014,0,Random Forest,0.9929303871413316,1
mimic_perform_non_af_014,0,Random Forest,0.9916211855636161,1
mimic_perform_non_af_014,0,Random Forest,0.9912679230665505,1
mimic_perform_non_af_014,0,Random Forest,0.9931234676816789,1
mimic_perform_non_af_014,0,Random Forest,0.9931234676816789,1
mimic_perform_non_af_014,0,Random Forest,0.9927858707011799,1
mimic_perform_non_af_014,0,Random Forest,0.9921957759951857,1
mimic_perform_non_af_014,0,Random Forest,0.9934458072287536,1
mimic_perform_non_af_014,0,Random Forest,0.9934458072287536,1
mimic_perform_non_af_014,0,Random Forest,0.9932898752660044,1
mimic_perform_non_af_014,0,Random Forest,0.9916211855636161,1
mimic_perform_non_af_014,0,Random Forest,0.9916472909641709,1
mimic_perform_non_af_014,0,Random Forest,0.9916472909641709,1
mimic_perform_non_af_014,0,Random Forest,0.9916079053511327,1
mimic_perform_non_af_014,0,Random Forest,0.9916936493317322,1
mimic_perform_non_af_014,0,Random Forest,0.9916211855636161,1
mimic_perform_non_af_014,0,Random Forest,0.9931234676816789,1
mimic_perform_non_af_014,0,Random Forest,0.9934458072287536,1
mimic_perform_non_af_014,0,Random Forest,0.9931608161050066,1
mimic_perform_non_af_014,0,Random Forest,0.992838476557932,1
mimic_perform_non_af_014,0,Random Forest,0.9913457862360263,1
mimic_perform_non_af_014,0,Random Forest,0.9930226378050138,1
mimic_perform_non_af_014,0,Random Forest,0.9930259314688051,1
mimic_perform_non_af_014,0,Random Forest,0.992910940326048,1
mimic_perform_non_af_014,0,Random Forest,0.9850304530797801,1
mimic_perform_non_af_014,0,Random Forest,0.9880014865229958,1
mimic_perform_non_af_014,0,Random Forest,0.9913229142273858,1
mimic_perform_non_af_014,0,Random Forest,0.991487359400276,1
mimic_perform_non_af_014,0,Random Forest,0.992682822503523,1
mimic_perform_non_af_014,0,Random Forest,0.9931234676816789,1
mimic_perform_non_af_014,0,Random Forest,0.9925290859462834,1
mimic_perform_non_af_014,0,Random Forest,0.992722166486631,1
mimic_perform_non_af_014,0,Random Forest,0.992437175362884,1
mimic_perform_non_af_014,0,Random Forest,0.9934458072287536,1
mimic_perform_non_af_014,0,Random Forest,0.9931082102482545,1
mimic_perform_non_af_014,0,Random Forest,0.9934458072287536,1
mimic_perform_non_af_014,0,Random Forest,0.9931234676816789,1
mimic_perform_non_af_014,0,Random Forest,0.985991420360519,1
mimic_perform_non_af_014,0,Random Forest,0.9916079053511327,1
mimic_perform_non_af_014,0,Random Forest,0.9916079053511327,1
mimic_perform_non_af_014,0,Random Forest,0.9904799077658635,1
mimic_perform_non_af_014,0,Random Forest,0.9899021858891938,1
mimic_perform_non_af_014,0,Random Forest,0.9900786065708154,1
mimic_perform_non_af_014,0,Random Forest,0.9916472909641709,1
mimic_perform_non_af_014,0,Random Forest,0.9904799077658635,1
mimic_perform_non_af_014,0,Random Forest,0.9906288716309247,1
mimic_perform_non_af_014,0,Random Forest,0.9906288716309247,1
mimic_perform_non_af_014,0,Random Forest,0.9934458072287536,1
mimic_perform_non_af_014,0,Random Forest,0.9932436431809375,1
mimic_perform_non_af_014,0,Random Forest,0.9916079053511327,1
mimic_perform_non_af_014,0,Random Forest,0.9916211855636161,1
mimic_perform_non_af_014,0,Random Forest,0.9850304530797801,1
mimic_perform_non_af_014,0,Random Forest,0.991362299840424,1
mimic_perform_non_af_014,0,Random Forest,0.992838476557932,1
mimic_perform_non_af_014,0,Random Forest,0.9913229142273858,1
mimic_perform_non_af_014,0,Random Forest,0.9934458072287536,1
mimic_perform_non_af_014,0,Random Forest,0.9934458072287536,1
mimic_perform_non_af_014,0,Random Forest,0.9934458072287536,1
mimic_perform_non_af_014,0,Random Forest,0.9934458072287536,1
mimic_perform_non_af_014,0,Random Forest,0.9931234676816789,1
mimic_perform_non_af_014,0,Random Forest,0.992722166486631,1
mimic_perform_non_af_014,0,Random Forest,0.9930445060337056,1
mimic_perform_non_af_014,0,Random Forest,0.9916079053511327,1
mimic_perform_non_af_014,0,Random Forest,0.969679511359109,1
mimic_perform_non_af_014,0,Random Forest,0.9904799077658635,1
mimic_perform_non_af_014,0,Random Forest,0.9916211855636161,1
mimic_perform_non_af_014,0,Random Forest,0.9916079053511327,1
mimic_perform_non_af_014,0,Random Forest,0.9927847642957077,1
mimic_perform_non_af_014,0,Random Forest,0.9916211855636161,1
mimic_perform_non_af_014,0,Random Forest,0.9912459897691228,1
mimic_perform_non_af_014,0,Random Forest,0.9912066041560846,1
mimic_perform_non_af_014,0,Random Forest,0.9880389130089342,1
mimic_perform_non_af_014,0,Random Forest,0.993169699766746,1
mimic_perform_non_af_014,0,Random Forest,0.9935084050378303,1
mimic_perform_non_af_014,0,Random Forest,0.9935084050378303,1
mimic_perform_non_af_014,0,Random Forest,0.9913229142273858,1
mimic_perform_non_af_014,0,Random Forest,0.9909609986453758,1
mimic_perform_non_af_014,0,Random Forest,0.9889012683576965,1
mimic_perform_non_af_014,0,Random Forest,0.9898696095185185,1
mimic_perform_non_af_014,0,Random Forest,0.9909125797797882,1
mimic_perform_non_af_014,0,Random Forest,0.9931234676816789,1
mimic_perform_non_af_014,0,Random Forest,0.9931234676816789,1
mimic_perform_non_af_014,0,Random Forest,0.991362299840424,1
mimic_perform_non_af_014,0,Random Forest,0.9916472909641709,1
mimic_perform_non_af_014,0,Random Forest,0.9897636180449594,1
mimic_perform_non_af_014,0,Random Forest,0.9913596801076529,1
mimic_perform_non_af_015,0,Random Forest,0.07998781230956734,0
mimic_perform_non_af_015,0,Random Forest,0.3162575730501856,0
mimic_perform_non_af_015,0,Random Forest,0.06,0
mimic_perform_non_af_015,0,Random Forest,0.02,0
mimic_perform_non_af_015,0,Random Forest,0.0,0
mimic_perform_non_af_015,0,Random Forest,0.19,0
mimic_perform_non_af_015,0,Random Forest,0.7134852918672001,1
mimic_perform_non_af_015,0,Random Forest,0.8105556002326285,1
mimic_perform_non_af_015,0,Random Forest,0.05,0
mimic_perform_non_af_015,0,Random Forest,0.0,0
mimic_perform_non_af_015,0,Random Forest,0.0,0
mimic_perform_non_af_015,0,Random Forest,0.0,0
mimic_perform_non_af_015,0,Random Forest,0.0,0
mimic_perform_non_af_015,0,Random Forest,0.0,0
mimic_perform_non_af_015,0,Random Forest,0.03,0
mimic_perform_non_af_015,0,Random Forest,0.02,0
mimic_perform_non_af_015,0,Random Forest,0.01,0
mimic_perform_non_af_015,0,Random Forest,0.0,0
mimic_perform_non_af_015,0,Random Forest,0.0,0
mimic_perform_non_af_015,0,Random Forest,0.16,0
mimic_perform_non_af_015,0,Random Forest,0.01,0
mimic_perform_non_af_015,0,Random Forest,0.0,0
mimic_perform_non_af_015,0,Random Forest,0.0,0
mimic_perform_non_af_015,0,Random Forest,0.0,0
mimic_perform_non_af_015,0,Random Forest,0.0,0
mimic_perform_non_af_015,0,Random Forest,0.01,0
mimic_perform_non_af_015,0,Random Forest,0.01,0
mimic_perform_non_af_015,0,Random Forest,0.051875,0
mimic_perform_non_af_015,0,Random Forest,0.17,0
mimic_perform_non_af_015,0,Random Forest,0.16,0
mimic_perform_non_af_015,0,Random Forest,0.03,0
mimic_perform_non_af_015,0,Random Forest,0.011875,0
mimic_perform_non_af_015,0,Random Forest,0.0,0
mimic_perform_non_af_015,0,Random Forest,0.01,0
mimic_perform_non_af_015,0,Random Forest,0.0,0
mimic_perform_non_af_015,0,Random Forest,0.0,0
mimic_perform_non_af_015,0,Random Forest,0.0,0
mimic_perform_non_af_015,0,Random Forest,0.0,0
mimic_perform_non_af_015,0,Random Forest,0.0,0
mimic_perform_non_af_015,0,Random Forest,0.0,0
mimic_perform_non_af_015,0,Random Forest,0.0,0
mimic_perform_non_af_015,0,Random Forest,0.02,0
mimic_perform_non_af_015,0,Random Forest,0.0,0
mimic_perform_non_af_015,0,Random Forest,0.0,0
mimic_perform_non_af_015,0,Random Forest,0.01,0
mimic_perform_non_af_015,0,Random Forest,0.02,0
mimic_perform_non_af_015,0,Random Forest,0.0,0
mimic_perform_non_af_015,0,Random Forest,0.0,0
mimic_perform_non_af_015,0,Random Forest,0.0,0
mimic_perform_non_af_015,0,Random Forest,0.0,0
mimic_perform_non_af_015,0,Random Forest,0.0,0
mimic_perform_non_af_015,0,Random Forest,0.01,0
mimic_perform_non_af_015,0,Random Forest,0.0,0
mimic_perform_non_af_015,0,Random Forest,0.0,0
mimic_perform_non_af_015,0,Random Forest,0.0,0
mimic_perform_non_af_015,0,Random Forest,0.01,0
mimic_perform_non_af_015,0,Random Forest,0.004375,0
mimic_perform_non_af_015,0,Random Forest,0.004375,0
mimic_perform_non_af_015,0,Random Forest,0.08,0
mimic_perform_non_af_015,0,Random Forest,0.0,0
mimic_perform_non_af_015,0,Random Forest,0.8732883976087595,1
mimic_perform_non_af_015,0,Random Forest,0.9971644306286633,1
mimic_perform_non_af_015,0,Random Forest,0.6655733670144124,1
mimic_perform_non_af_015,0,Random Forest,0.04,0
mimic_perform_non_af_015,0,Random Forest,0.001875,0
mimic_perform_non_af_015,0,Random Forest,0.0,0
mimic_perform_non_af_015,0,Random Forest,0.01,0
mimic_perform_non_af_015,0,Random Forest,0.0,0
mimic_perform_non_af_015,0,Random Forest,0.0,0
mimic_perform_non_af_015,0,Random Forest,0.0,0
mimic_perform_non_af_015,0,Random Forest,0.0,0
mimic_perform_non_af_015,0,Random Forest,0.0,0
mimic_perform_non_af_015,0,Random Forest,0.0,0
mimic_perform_non_af_015,0,Random Forest,0.0,0
mimic_perform_non_af_015,0,Random Forest,0.0,0
mimic_perform_non_af_015,0,Random Forest,0.0,0
mimic_perform_non_af_015,0,Random Forest,0.0,0
mimic_perform_non_af_015,0,Random Forest,0.0,0
mimic_perform_non_af_015,0,Random Forest,0.01,0
mimic_perform_non_af_015,0,Random Forest,0.0,0
mimic_perform_non_af_015,0,Random Forest,0.0,0
mimic_perform_non_af_015,0,Random Forest,0.01,0
mimic_perform_non_af_015,0,Random Forest,0.0,0
mimic_perform_non_af_015,0,Random Forest,0.0,0
mimic_perform_non_af_015,0,Random Forest,0.0,0
mimic_perform_non_af_015,0,Random Forest,0.01,0
mimic_perform_non_af_015,0,Random Forest,0.0,0
mimic_perform_non_af_015,0,Random Forest,0.0,0
mimic_perform_non_af_015,0,Random Forest,0.0,0
mimic_perform_non_af_015,0,Random Forest,0.0,0
mimic_perform_non_af_015,0,Random Forest,0.0,0
mimic_perform_non_af_015,0,Random Forest,0.03,0
mimic_perform_non_af_015,0,Random Forest,0.02,0
mimic_perform_non_af_015,0,Random Forest,0.0,0
mimic_perform_non_af_015,0,Random Forest,0.0,0
mimic_perform_non_af_015,0,Random Forest,0.0,0
mimic_perform_non_af_015,0,Random Forest,0.0,0
mimic_perform_non_af_015,0,Random Forest,0.05,0
mimic_perform_non_af_015,0,Random Forest,0.01,0
mimic_perform_non_af_015,0,Random Forest,0.0,0
mimic_perform_non_af_015,0,Random Forest,0.0,0
mimic_perform_non_af_015,0,Random Forest,0.01,0
mimic_perform_non_af_015,0,Random Forest,0.0,0
mimic_perform_non_af_015,0,Random Forest,0.0,0
mimic_perform_non_af_015,0,Random Forest,0.03,0
mimic_perform_non_af_015,0,Random Forest,0.0,0
mimic_perform_non_af_015,0,Random Forest,0.0,0
mimic_perform_non_af_015,0,Random Forest,0.0,0
mimic_perform_non_af_015,0,Random Forest,0.0,0
mimic_perform_non_af_015,0,Random Forest,0.0,0
mimic_perform_non_af_015,0,Random Forest,0.0,0
mimic_perform_non_af_015,0,Random Forest,0.0,0
mimic_perform_non_af_015,0,Random Forest,0.01,0
mimic_perform_non_af_015,0,Random Forest,0.0,0
mimic_perform_non_af_015,0,Random Forest,0.0,0
mimic_perform_non_af_015,0,Random Forest,0.0,0
mimic_perform_non_af_015,0,Random Forest,0.0,0
mimic_perform_non_af_015,0,Random Forest,0.0,0
mimic_perform_non_af_016,0,Random Forest,0.02,0
mimic_perform_non_af_016,0,Random Forest,0.0,0
mimic_perform_non_af_016,0,Random Forest,0.0,0
mimic_perform_non_af_016,0,Random Forest,0.02,0
mimic_perform_non_af_016,0,Random Forest,0.0,0
mimic_perform_non_af_016,0,Random Forest,0.02,0
mimic_perform_non_af_016,0,Random Forest,0.47692527871267926,0
mimic_perform_non_af_016,0,Random Forest,0.18,0
mimic_perform_non_af_016,0,Random Forest,0.08,0
mimic_perform_non_af_016,0,Random Forest,0.02,0
mimic_perform_non_af_016,0,Random Forest,0.0,0
mimic_perform_non_af_016,0,Random Forest,0.01,0
mimic_perform_non_af_016,0,Random Forest,0.01,0
mimic_perform_non_af_016,0,Random Forest,0.0,0
mimic_perform_non_af_016,0,Random Forest,0.0,0
mimic_perform_non_af_016,0,Random Forest,0.0,0
mimic_perform_non_af_016,0,Random Forest,0.0,0
mimic_perform_non_af_016,0,Random Forest,0.0,0
mimic_perform_non_af_016,0,Random Forest,0.0,0
mimic_perform_non_af_016,0,Random Forest,0.0,0
mimic_perform_non_af_016,0,Random Forest,0.0,0
mimic_perform_non_af_016,0,Random Forest,0.0,0
mimic_perform_non_af_016,0,Random Forest,0.0,0
mimic_perform_non_af_016,0,Random Forest,0.0,0
mimic_perform_non_af_016,0,Random Forest,0.0,0
mimic_perform_non_af_016,0,Random Forest,0.01,0
mimic_perform_non_af_016,0,Random Forest,0.0,0
mimic_perform_non_af_016,0,Random Forest,0.0,0
mimic_perform_non_af_016,0,Random Forest,0.0,0
mimic_perform_non_af_016,0,Random Forest,0.0,0
mimic_perform_non_af_016,0,Random Forest,0.0,0
mimic_perform_non_af_016,0,Random Forest,0.0,0
mimic_perform_non_af_016,0,Random Forest,0.025,0
mimic_perform_non_af_016,0,Random Forest,0.0,0
mimic_perform_non_af_016,0,Random Forest,0.0,0
mimic_perform_non_af_016,0,Random Forest,0.005,0
mimic_perform_non_af_016,0,Random Forest,0.0,0
mimic_perform_non_af_016,0,Random Forest,0.03,0
mimic_perform_non_af_016,0,Random Forest,0.0,0
mimic_perform_non_af_016,0,Random Forest,0.05,0
mimic_perform_non_af_016,0,Random Forest,0.0,0
mimic_perform_non_af_016,0,Random Forest,0.01,0
mimic_perform_non_af_016,0,Random Forest,0.0,0
mimic_perform_non_af_016,0,Random Forest,0.01,0
mimic_perform_non_af_016,0,Random Forest,0.0,0
mimic_perform_non_af_016,0,Random Forest,0.0,0
mimic_perform_non_af_016,0,Random Forest,0.01,0
mimic_perform_non_af_016,0,Random Forest,0.02,0
mimic_perform_non_af_016,0,Random Forest,0.004857142857142857,0
mimic_perform_non_af_016,0,Random Forest,0.0,0
mimic_perform_non_af_016,0,Random Forest,0.0,0
mimic_perform_non_af_016,0,Random Forest,0.0,0
mimic_perform_non_af_016,0,Random Forest,0.05,0
mimic_perform_non_af_016,0,Random Forest,0.0,0
mimic_perform_non_af_016,0,Random Forest,0.0,0
mimic_perform_non_af_016,0,Random Forest,0.0,0
mimic_perform_non_af_016,0,Random Forest,0.01,0
mimic_perform_non_af_016,0,Random Forest,0.0,0
mimic_perform_non_af_016,0,Random Forest,0.0,0
mimic_perform_non_af_016,0,Random Forest,0.0,0
mimic_perform_non_af_016,0,Random Forest,0.0,0
mimic_perform_non_af_016,0,Random Forest,0.01,0
mimic_perform_non_af_016,0,Random Forest,0.06,0
mimic_perform_non_af_016,0,Random Forest,0.02,0
mimic_perform_non_af_016,0,Random Forest,0.0,0
mimic_perform_non_af_016,0,Random Forest,0.0,0
mimic_perform_non_af_016,0,Random Forest,0.01,0
mimic_perform_non_af_016,0,Random Forest,0.0,0
mimic_perform_non_af_016,0,Random Forest,0.0,0
mimic_perform_non_af_016,0,Random Forest,0.0,0
mimic_perform_non_af_016,0,Random Forest,0.0,0
mimic_perform_non_af_016,0,Random Forest,0.0,0
mimic_perform_non_af_016,0,Random Forest,0.0,0
mimic_perform_non_af_016,0,Random Forest,0.0,0
mimic_perform_non_af_016,0,Random Forest,0.0,0
mimic_perform_non_af_016,0,Random Forest,0.0,0
mimic_perform_non_af_016,0,Random Forest,0.0,0
mimic_perform_non_af_016,0,Random Forest,0.0,0
mimic_perform_non_af_016,0,Random Forest,0.0,0
mimic_perform_non_af_016,0,Random Forest,0.0,0
mimic_perform_non_af_016,0,Random Forest,0.01,0
mimic_perform_non_af_016,0,Random Forest,0.01,0
mimic_perform_non_af_016,0,Random Forest,0.02,0
mimic_perform_non_af_016,0,Random Forest,0.0,0
mimic_perform_non_af_016,0,Random Forest,0.0,0
mimic_perform_non_af_016,0,Random Forest,0.0,0
mimic_perform_non_af_016,0,Random Forest,0.0,0
mimic_perform_non_af_016,0,Random Forest,0.0,0
mimic_perform_non_af_016,0,Random Forest,0.0,0
mimic_perform_non_af_016,0,Random Forest,0.0,0
mimic_perform_non_af_016,0,Random Forest,0.0,0
mimic_perform_non_af_016,0,Random Forest,0.0,0
mimic_perform_non_af_016,0,Random Forest,0.0,0
mimic_perform_non_af_016,0,Random Forest,0.0,0
mimic_perform_non_af_016,0,Random Forest,0.0,0
mimic_perform_non_af_016,0,Random Forest,0.0,0
mimic_perform_non_af_016,0,Random Forest,0.0,0
mimic_perform_non_af_016,0,Random Forest,0.0,0
mimic_perform_non_af_016,0,Random Forest,0.0,0
mimic_perform_non_af_016,0,Random Forest,0.0,0
mimic_perform_non_af_016,0,Random Forest,0.0,0
mimic_perform_non_af_016,0,Random Forest,0.0,0
mimic_perform_non_af_016,0,Random Forest,0.0,0
mimic_perform_non_af_016,0,Random Forest,0.0,0
mimic_perform_non_af_016,0,Random Forest,0.0,0
mimic_perform_non_af_016,0,Random Forest,0.0,0
mimic_perform_non_af_016,0,Random Forest,0.0,0
mimic_perform_non_af_016,0,Random Forest,0.0,0
mimic_perform_non_af_016,0,Random Forest,0.0,0
mimic_perform_non_af_016,0,Random Forest,0.0,0
mimic_perform_non_af_016,0,Random Forest,0.0,0
mimic_perform_non_af_016,0,Random Forest,0.0,0
mimic_perform_non_af_016,0,Random Forest,0.0,0
mimic_perform_non_af_016,0,Random Forest,0.0,0
mimic_perform_non_af_016,0,Random Forest,0.0,0
mimic_perform_non_af_016,0,Random Forest,0.0,0
mimic_perform_non_af_016,0,Random Forest,0.0,0
mimic_perform_non_af_016,0,Random Forest,0.04,0
mimic_perform_af_001,1,XGBoost,0.9998421669006348,1
mimic_perform_af_001,1,XGBoost,0.9998570680618286,1
mimic_perform_af_001,1,XGBoost,0.9996417760848999,1
mimic_perform_af_001,1,XGBoost,0.9998290538787842,1
mimic_perform_af_001,1,XGBoost,0.9998348951339722,1
mimic_perform_af_001,1,XGBoost,0.9997963309288025,1
mimic_perform_af_001,1,XGBoost,0.9998316764831543,1
mimic_perform_af_001,1,XGBoost,0.9998629093170166,1
mimic_perform_af_001,1,XGBoost,0.9997698664665222,1
mimic_perform_af_001,1,XGBoost,0.9997921586036682,1
mimic_perform_af_001,1,XGBoost,0.9999109506607056,1
mimic_perform_af_001,1,XGBoost,0.9998366832733154,1
mimic_perform_af_001,1,XGBoost,0.9996024966239929,1
mimic_perform_af_001,1,XGBoost,0.9996622800827026,1
mimic_perform_af_001,1,XGBoost,0.9994552731513977,1
mimic_perform_af_001,1,XGBoost,0.9997554421424866,1
mimic_perform_af_001,1,XGBoost,0.9998031258583069,1
mimic_perform_af_001,1,XGBoost,0.9997342228889465,1
mimic_perform_af_001,1,XGBoost,0.9998719692230225,1
mimic_perform_af_001,1,XGBoost,0.9997034668922424,1
mimic_perform_af_001,1,XGBoost,0.9998192191123962,1
mimic_perform_af_001,1,XGBoost,0.999776303768158,1
mimic_perform_af_001,1,XGBoost,0.9993791580200195,1
mimic_perform_af_001,1,XGBoost,0.99556964635849,1
mimic_perform_af_001,1,XGBoost,0.9989720582962036,1
mimic_perform_af_001,1,XGBoost,0.9997722506523132,1
mimic_perform_af_001,1,XGBoost,0.9998345375061035,1
mimic_perform_af_001,1,XGBoost,0.9998736381530762,1
mimic_perform_af_001,1,XGBoost,0.9998030066490173,1
mimic_perform_af_001,1,XGBoost,0.9989504814147949,1
mimic_perform_af_001,1,XGBoost,0.9998199343681335,1
mimic_perform_af_001,1,XGBoost,0.9998341798782349,1
mimic_perform_af_001,1,XGBoost,0.9999024868011475,1
mimic_perform_af_001,1,XGBoost,0.9998694658279419,1
mimic_perform_af_001,1,XGBoost,0.9999203681945801,1
mimic_perform_af_001,1,XGBoost,0.9998822212219238,1
mimic_perform_af_001,1,XGBoost,0.9996377229690552,1
mimic_perform_af_001,1,XGBoost,0.9998190999031067,1
mimic_perform_af_001,1,XGBoost,0.9998444318771362,1
mimic_perform_af_001,1,XGBoost,0.9998905658721924,1
mimic_perform_af_001,1,XGBoost,0.9997872710227966,1
mimic_perform_af_001,1,XGBoost,0.9997956156730652,1
mimic_perform_af_001,1,XGBoost,0.9996597766876221,1
mimic_perform_af_001,1,XGBoost,0.9993316531181335,1
mimic_perform_af_001,1,XGBoost,0.9997599720954895,1
mimic_perform_af_001,1,XGBoost,0.9998053908348083,1
mimic_perform_af_001,1,XGBoost,0.9995361566543579,1
mimic_perform_af_001,1,XGBoost,0.999776303768158,1
mimic_perform_af_001,1,XGBoost,0.9996236562728882,1
mimic_perform_af_001,1,XGBoost,0.9998282194137573,1
mimic_perform_af_001,1,XGBoost,0.9998528957366943,1
mimic_perform_af_001,1,XGBoost,0.999901294708252,1
mimic_perform_af_001,1,XGBoost,0.9997554421424866,1
mimic_perform_af_001,1,XGBoost,0.9995923638343811,1
mimic_perform_af_001,1,XGBoost,0.99981290102005,1
mimic_perform_af_001,1,XGBoost,0.9996753931045532,1
mimic_perform_af_001,1,XGBoost,0.9998853206634521,1
mimic_perform_af_001,1,XGBoost,0.9998505115509033,1
mimic_perform_af_001,1,XGBoost,0.9998764991760254,1
mimic_perform_af_001,1,XGBoost,0.9998167157173157,1
mimic_perform_af_001,1,XGBoost,0.999858021736145,1
mimic_perform_af_001,1,XGBoost,0.9995680451393127,1
mimic_perform_af_001,1,XGBoost,0.9952207207679749,1
mimic_perform_af_001,1,XGBoost,0.9909077882766724,1
mimic_perform_af_001,1,XGBoost,0.9995032548904419,1
mimic_perform_af_001,1,XGBoost,0.9999035596847534,1
mimic_perform_af_001,1,XGBoost,0.9998636245727539,1
mimic_perform_af_001,1,XGBoost,0.9998043179512024,1
mimic_perform_af_001,1,XGBoost,0.9998251795768738,1
mimic_perform_af_001,1,XGBoost,0.9998666048049927,1
mimic_perform_af_001,1,XGBoost,0.9972792267799377,1
mimic_perform_af_001,1,XGBoost,0.9998263716697693,1
mimic_perform_af_001,1,XGBoost,0.9997054934501648,1
mimic_perform_af_001,1,XGBoost,0.9997881054878235,1
mimic_perform_af_001,1,XGBoost,0.9998350143432617,1
mimic_perform_af_001,1,XGBoost,0.9994612336158752,1
mimic_perform_af_001,1,XGBoost,0.9996945858001709,1
mimic_perform_af_001,1,XGBoost,0.9997546076774597,1
mimic_perform_af_001,1,XGBoost,0.9993688464164734,1
mimic_perform_af_001,1,XGBoost,0.9974688291549683,1
mimic_perform_af_001,1,XGBoost,0.9998476505279541,1
mimic_perform_af_001,1,XGBoost,0.9985927939414978,1
mimic_perform_af_001,1,XGBoost,0.9972909092903137,1
mimic_perform_af_001,1,XGBoost,0.9980822801589966,1
mimic_perform_af_001,1,XGBoost,0.9998997449874878,1
mimic_perform_af_001,1,XGBoost,0.9998127818107605,1
mimic_perform_af_001,1,XGBoost,0.9997779726982117,1
mimic_perform_af_001,1,XGBoost,0.99986732006073,1
mimic_perform_af_001,1,XGBoost,0.9997729659080505,1
mimic_perform_af_001,1,XGBoost,0.9998148083686829,1
mimic_perform_af_001,1,XGBoost,0.9998519420623779,1
mimic_perform_af_001,1,XGBoost,0.9998260140419006,1
mimic_perform_af_001,1,XGBoost,0.9998929500579834,1
mimic_perform_af_001,1,XGBoost,0.999544084072113,1
mimic_perform_af_001,1,XGBoost,0.9996300935745239,1
mimic_perform_af_001,1,XGBoost,0.9998687505722046,1
mimic_perform_af_001,1,XGBoost,0.9998461008071899,1
mimic_perform_af_001,1,XGBoost,0.9999011754989624,1
mimic_perform_af_001,1,XGBoost,0.9998511075973511,1
mimic_perform_af_001,1,XGBoost,0.9996021389961243,1
mimic_perform_af_001,1,XGBoost,0.9990922212600708,1
mimic_perform_af_001,1,XGBoost,0.9998656511306763,1
mimic_perform_af_001,1,XGBoost,0.99991774559021,1
mimic_perform_af_001,1,XGBoost,0.9996458292007446,1
mimic_perform_af_001,1,XGBoost,0.9996942281723022,1
mimic_perform_af_001,1,XGBoost,0.9998152852058411,1
mimic_perform_af_001,1,XGBoost,0.9995352029800415,1
mimic_perform_af_001,1,XGBoost,0.9997313618659973,1
mimic_perform_af_001,1,XGBoost,0.9997454285621643,1
mimic_perform_af_001,1,XGBoost,0.9998283386230469,1
mimic_perform_af_001,1,XGBoost,0.9999024868011475,1
mimic_perform_af_001,1,XGBoost,0.9997640252113342,1
mimic_perform_af_001,1,XGBoost,0.9999014139175415,1
mimic_perform_af_001,1,XGBoost,0.9999033212661743,1
mimic_perform_af_001,1,XGBoost,0.9997156262397766,1
mimic_perform_af_001,1,XGBoost,0.9998213648796082,1
mimic_perform_af_001,1,XGBoost,0.9998724460601807,1
mimic_perform_af_001,1,XGBoost,0.9999439716339111,1
mimic_perform_af_002,1,XGBoost,0.9996541738510132,1
mimic_perform_af_002,1,XGBoost,0.9997500777244568,1
mimic_perform_af_002,1,XGBoost,0.9984525442123413,1
mimic_perform_af_002,1,XGBoost,0.9974268078804016,1
mimic_perform_af_002,1,XGBoost,0.9992392063140869,1
mimic_perform_af_002,1,XGBoost,0.999580442905426,1
mimic_perform_af_002,1,XGBoost,0.9953924417495728,1
mimic_perform_af_002,1,XGBoost,0.9976440072059631,1
mimic_perform_af_002,1,XGBoost,0.9977579712867737,1
mimic_perform_af_002,1,XGBoost,0.9990818500518799,1
mimic_perform_af_002,1,XGBoost,0.9996947050094604,1
mimic_perform_af_002,1,XGBoost,0.9997245669364929,1
mimic_perform_af_002,1,XGBoost,0.9992792010307312,1
mimic_perform_af_002,1,XGBoost,0.9994086027145386,1
mimic_perform_af_002,1,XGBoost,0.9979758858680725,1
mimic_perform_af_002,1,XGBoost,0.9937403202056885,1
mimic_perform_af_002,1,XGBoost,0.9936138987541199,1
mimic_perform_af_002,1,XGBoost,0.9956880211830139,1
mimic_perform_af_002,1,XGBoost,0.9986043572425842,1
mimic_perform_af_002,1,XGBoost,0.9973587393760681,1
mimic_perform_af_002,1,XGBoost,0.9995133876800537,1
mimic_perform_af_002,1,XGBoost,0.9994269609451294,1
mimic_perform_af_002,1,XGBoost,0.9992572665214539,1
mimic_perform_af_002,1,XGBoost,0.9990431666374207,1
mimic_perform_af_002,1,XGBoost,0.9955291152000427,1
mimic_perform_af_002,1,XGBoost,0.8928405046463013,1
mimic_perform_af_002,1,XGBoost,0.99940025806427,1
mimic_perform_af_002,1,XGBoost,0.9994146823883057,1
mimic_perform_af_002,1,XGBoost,0.9991685152053833,1
mimic_perform_af_002,1,XGBoost,0.9995378255844116,1
mimic_perform_af_002,1,XGBoost,0.9990561604499817,1
mimic_perform_af_002,1,XGBoost,0.999606192111969,1
mimic_perform_af_002,1,XGBoost,0.999170184135437,1
mimic_perform_af_002,1,XGBoost,0.9996615648269653,1
mimic_perform_af_002,1,XGBoost,0.9990299940109253,1
mimic_perform_af_002,1,XGBoost,0.9983698725700378,1
mimic_perform_af_002,1,XGBoost,0.9991507530212402,1
mimic_perform_af_002,1,XGBoost,0.9786911010742188,1
mimic_perform_af_002,1,XGBoost,0.9889950156211853,1
mimic_perform_af_002,1,XGBoost,0.9013919830322266,1
mimic_perform_af_002,1,XGBoost,0.9969456791877747,1
mimic_perform_af_002,1,XGBoost,0.9968692660331726,1
mimic_perform_af_002,1,XGBoost,0.9883490800857544,1
mimic_perform_af_002,1,XGBoost,0.9955698847770691,1
mimic_perform_af_002,1,XGBoost,0.9905959367752075,1
mimic_perform_af_002,1,XGBoost,0.99776291847229,1
mimic_perform_af_002,1,XGBoost,0.9972455501556396,1
mimic_perform_af_002,1,XGBoost,0.9976288676261902,1
mimic_perform_af_002,1,XGBoost,0.9995430707931519,1
mimic_perform_af_002,1,XGBoost,0.9995710253715515,1
mimic_perform_af_002,1,XGBoost,0.9990956783294678,1
mimic_perform_af_002,1,XGBoost,0.9994207620620728,1
mimic_perform_af_002,1,XGBoost,0.9977890253067017,1
mimic_perform_af_002,1,XGBoost,0.9982849955558777,1
mimic_perform_af_002,1,XGBoost,0.9987173080444336,1
mimic_perform_af_002,1,XGBoost,0.998113751411438,1
mimic_perform_af_002,1,XGBoost,0.9996566772460938,1
mimic_perform_af_002,1,XGBoost,0.9985013008117676,1
mimic_perform_af_002,1,XGBoost,0.9983659386634827,1
mimic_perform_af_002,1,XGBoost,0.9990684390068054,1
mimic_perform_af_002,1,XGBoost,0.9995455145835876,1
mimic_perform_af_002,1,XGBoost,0.9997037053108215,1
mimic_perform_af_002,1,XGBoost,0.999442994594574,1
mimic_perform_af_002,1,XGBoost,0.9990280866622925,1
mimic_perform_af_002,1,XGBoost,0.9987851977348328,1
mimic_perform_af_002,1,XGBoost,0.9988251328468323,1
mimic_perform_af_002,1,XGBoost,0.9998002648353577,1
mimic_perform_af_002,1,XGBoost,0.9988954067230225,1
mimic_perform_af_002,1,XGBoost,0.9984149932861328,1
mimic_perform_af_002,1,XGBoost,0.9954934120178223,1
mimic_perform_af_002,1,XGBoost,0.9954738020896912,1
mimic_perform_af_002,1,XGBoost,0.9976939558982849,1
mimic_perform_af_002,1,XGBoost,0.9975626468658447,1
mimic_perform_af_002,1,XGBoost,0.9561468362808228,1
mimic_perform_af_002,1,XGBoost,0.9919708967208862,1
mimic_perform_af_002,1,XGBoost,0.9967756867408752,1
mimic_perform_af_002,1,XGBoost,0.9968892931938171,1
mimic_perform_af_002,1,XGBoost,0.995214581489563,1
mimic_perform_af_002,1,XGBoost,0.9780510663986206,1
mimic_perform_af_002,1,XGBoost,0.999417781829834,1
mimic_perform_af_002,1,XGBoost,0.9990485310554504,1
mimic_perform_af_002,1,XGBoost,0.9993454813957214,1
mimic_perform_af_002,1,XGBoost,0.9967207312583923,1
mimic_perform_af_002,1,XGBoost,0.997723400592804,1
mimic_perform_af_002,1,XGBoost,0.9987875819206238,1
mimic_perform_af_002,1,XGBoost,0.9986842274665833,1
mimic_perform_af_002,1,XGBoost,0.9958665370941162,1
mimic_perform_af_002,1,XGBoost,0.9950057864189148,1
mimic_perform_af_002,1,XGBoost,0.9985750913619995,1
mimic_perform_af_002,1,XGBoost,0.9896083474159241,1
mimic_perform_af_002,1,XGBoost,0.9979410767555237,1
mimic_perform_af_002,1,XGBoost,0.9995132684707642,1
mimic_perform_af_002,1,XGBoost,0.9930612444877625,1
mimic_perform_af_002,1,XGBoost,0.9991490840911865,1
mimic_perform_af_002,1,XGBoost,0.9883818030357361,1
mimic_perform_af_002,1,XGBoost,0.9993492960929871,1
mimic_perform_af_002,1,XGBoost,0.9997501969337463,1
mimic_perform_af_002,1,XGBoost,0.9976142644882202,1
mimic_perform_af_002,1,XGBoost,0.9992910623550415,1
mimic_perform_af_002,1,XGBoost,0.9972207546234131,1
mimic_perform_af_002,1,XGBoost,0.9991546869277954,1
mimic_perform_af_002,1,XGBoost,0.9975560903549194,1
mimic_perform_af_002,1,XGBoost,0.9996330738067627,1
mimic_perform_af_002,1,XGBoost,0.9982571005821228,1
mimic_perform_af_002,1,XGBoost,0.9989797472953796,1
mimic_perform_af_002,1,XGBoost,0.9904194474220276,1
mimic_perform_af_002,1,XGBoost,0.9981474876403809,1
mimic_perform_af_002,1,XGBoost,0.9990134239196777,1
mimic_perform_af_002,1,XGBoost,0.9993089437484741,1
mimic_perform_af_002,1,XGBoost,0.9997606873512268,1
mimic_perform_af_002,1,XGBoost,0.999474823474884,1
mimic_perform_af_002,1,XGBoost,0.9911409020423889,1
mimic_perform_af_002,1,XGBoost,0.9988880753517151,1
mimic_perform_af_002,1,XGBoost,0.9978957176208496,1
mimic_perform_af_002,1,XGBoost,0.99967360496521,1
mimic_perform_af_002,1,XGBoost,0.9997826218605042,1
mimic_perform_af_002,1,XGBoost,0.9973499774932861,1
mimic_perform_af_002,1,XGBoost,0.9992514252662659,1
mimic_perform_af_003,1,XGBoost,0.9982989430427551,1
mimic_perform_af_003,1,XGBoost,0.99714595079422,1
mimic_perform_af_003,1,XGBoost,0.9990313053131104,1
mimic_perform_af_003,1,XGBoost,0.9992831349372864,1
mimic_perform_af_003,1,XGBoost,0.9968350529670715,1
mimic_perform_af_003,1,XGBoost,0.996498703956604,1
mimic_perform_af_003,1,XGBoost,0.965478241443634,1
mimic_perform_af_003,1,XGBoost,0.9779881238937378,1
mimic_perform_af_003,1,XGBoost,0.8724687099456787,1
mimic_perform_af_003,1,XGBoost,0.9976970553398132,1
mimic_perform_af_003,1,XGBoost,0.9985877275466919,1
mimic_perform_af_003,1,XGBoost,0.9987264275550842,1
mimic_perform_af_003,1,XGBoost,0.990166425704956,1
mimic_perform_af_003,1,XGBoost,0.9952936768531799,1
mimic_perform_af_003,1,XGBoost,0.9983172416687012,1
mimic_perform_af_003,1,XGBoost,0.9993265867233276,1
mimic_perform_af_003,1,XGBoost,0.9947446584701538,1
mimic_perform_af_003,1,XGBoost,0.9988093376159668,1
mimic_perform_af_003,1,XGBoost,0.9829245209693909,1
mimic_perform_af_003,1,XGBoost,0.9902329444885254,1
mimic_perform_af_003,1,XGBoost,0.9907485842704773,1
mimic_perform_af_003,1,XGBoost,0.9934296011924744,1
mimic_perform_af_003,1,XGBoost,0.9982171654701233,1
mimic_perform_af_003,1,XGBoost,0.9984989166259766,1
mimic_perform_af_003,1,XGBoost,0.9990063309669495,1
mimic_perform_af_003,1,XGBoost,0.9995570778846741,1
mimic_perform_af_003,1,XGBoost,0.9983781576156616,1
mimic_perform_af_003,1,XGBoost,0.9954423904418945,1
mimic_perform_af_003,1,XGBoost,0.6661093235015869,1
mimic_perform_af_003,1,XGBoost,0.7851529121398926,1
mimic_perform_af_003,1,XGBoost,0.8016833662986755,1
mimic_perform_af_003,1,XGBoost,0.9971108436584473,1
mimic_perform_af_003,1,XGBoost,0.996586799621582,1
mimic_perform_af_003,1,XGBoost,0.9973899722099304,1
mimic_perform_af_003,1,XGBoost,0.9877306818962097,1
mimic_perform_af_003,1,XGBoost,0.9611978530883789,1
mimic_perform_af_003,1,XGBoost,0.9931608438491821,1
mimic_perform_af_003,1,XGBoost,0.9982786178588867,1
mimic_perform_af_003,1,XGBoost,0.9766647815704346,1
mimic_perform_af_003,1,XGBoost,0.9836748838424683,1
mimic_perform_af_003,1,XGBoost,0.558958888053894,1
mimic_perform_af_003,1,XGBoost,0.9875868558883667,1
mimic_perform_af_003,1,XGBoost,0.9875998497009277,1
mimic_perform_af_003,1,XGBoost,0.9986948370933533,1
mimic_perform_af_003,1,XGBoost,0.9968536496162415,1
mimic_perform_af_003,1,XGBoost,0.9995120763778687,1
mimic_perform_af_003,1,XGBoost,0.9971790313720703,1
mimic_perform_af_003,1,XGBoost,0.9969402551651001,1
mimic_perform_af_003,1,XGBoost,0.9957265853881836,1
mimic_perform_af_003,1,XGBoost,0.9979628324508667,1
mimic_perform_af_003,1,XGBoost,0.9820937514305115,1
mimic_perform_af_003,1,XGBoost,0.9846996665000916,1
mimic_perform_af_003,1,XGBoost,0.9902295470237732,1
mimic_perform_af_003,1,XGBoost,0.8658831715583801,1
mimic_perform_af_003,1,XGBoost,0.9971526861190796,1
mimic_perform_af_003,1,XGBoost,0.9950775504112244,1
mimic_perform_af_003,1,XGBoost,0.9447397589683533,1
mimic_perform_af_003,1,XGBoost,0.9965961575508118,1
mimic_perform_af_003,1,XGBoost,0.9917858242988586,1
mimic_perform_af_003,1,XGBoost,0.9985969662666321,1
mimic_perform_af_003,1,XGBoost,0.9964370727539062,1
mimic_perform_af_003,1,XGBoost,0.9948921203613281,1
mimic_perform_af_003,1,XGBoost,0.9827730655670166,1
mimic_perform_af_003,1,XGBoost,0.9980939030647278,1
mimic_perform_af_003,1,XGBoost,0.9906036257743835,1
mimic_perform_af_003,1,XGBoost,0.9978450536727905,1
mimic_perform_af_003,1,XGBoost,0.9956783652305603,1
mimic_perform_af_003,1,XGBoost,0.9735217094421387,1
mimic_perform_af_003,1,XGBoost,0.9974874258041382,1
mimic_perform_af_003,1,XGBoost,0.9955877065658569,1
mimic_perform_af_003,1,XGBoost,0.9982615113258362,1
mimic_perform_af_003,1,XGBoost,0.9979457259178162,1
mimic_perform_af_003,1,XGBoost,0.9937566518783569,1
mimic_perform_af_003,1,XGBoost,0.995701253414154,1
mimic_perform_af_003,1,XGBoost,0.980558454990387,1
mimic_perform_af_003,1,XGBoost,0.8195473551750183,1
mimic_perform_af_003,1,XGBoost,0.9967238306999207,1
mimic_perform_af_003,1,XGBoost,0.9833932518959045,1
mimic_perform_af_003,1,XGBoost,0.9976365566253662,1
mimic_perform_af_003,1,XGBoost,0.9953371286392212,1
mimic_perform_af_003,1,XGBoost,0.9986363053321838,1
mimic_perform_af_003,1,XGBoost,0.9975720047950745,1
mimic_perform_af_003,1,XGBoost,0.9974938631057739,1
mimic_perform_af_003,1,XGBoost,0.9903576970100403,1
mimic_perform_af_003,1,XGBoost,0.9898483157157898,1
mimic_perform_af_003,1,XGBoost,0.9995322227478027,1
mimic_perform_af_003,1,XGBoost,0.9965804219245911,1
mimic_perform_af_003,1,XGBoost,0.9764536619186401,1
mimic_perform_af_003,1,XGBoost,0.9809486865997314,1
mimic_perform_af_003,1,XGBoost,0.8810587525367737,1
mimic_perform_af_003,1,XGBoost,0.9478643536567688,1
mimic_perform_af_003,1,XGBoost,0.9691199064254761,1
mimic_perform_af_003,1,XGBoost,0.9957199692726135,1
mimic_perform_af_003,1,XGBoost,0.9986022114753723,1
mimic_perform_af_003,1,XGBoost,0.9871420860290527,1
mimic_perform_af_003,1,XGBoost,0.9869693517684937,1
mimic_perform_af_003,1,XGBoost,0.8769040703773499,1
mimic_perform_af_003,1,XGBoost,0.9699105620384216,1
mimic_perform_af_003,1,XGBoost,0.9590011835098267,1
mimic_perform_af_003,1,XGBoost,0.9757556915283203,1
mimic_perform_af_003,1,XGBoost,0.8819229006767273,1
mimic_perform_af_003,1,XGBoost,0.9886089563369751,1
mimic_perform_af_003,1,XGBoost,0.9964710474014282,1
mimic_perform_af_003,1,XGBoost,0.9968253374099731,1
mimic_perform_af_003,1,XGBoost,0.9964123368263245,1
mimic_perform_af_003,1,XGBoost,0.9848873019218445,1
mimic_perform_af_003,1,XGBoost,0.9961771965026855,1
mimic_perform_af_003,1,XGBoost,0.9797154664993286,1
mimic_perform_af_003,1,XGBoost,0.9990461468696594,1
mimic_perform_af_003,1,XGBoost,0.9965883493423462,1
mimic_perform_af_003,1,XGBoost,0.9971619844436646,1
mimic_perform_af_003,1,XGBoost,0.9987530708312988,1
mimic_perform_af_003,1,XGBoost,0.9896321296691895,1
mimic_perform_af_003,1,XGBoost,0.9947229623794556,1
mimic_perform_af_003,1,XGBoost,0.9710718393325806,1
mimic_perform_af_003,1,XGBoost,0.9986878037452698,1
mimic_perform_af_003,1,XGBoost,0.9993606209754944,1
mimic_perform_af_003,1,XGBoost,0.9942639470100403,1
mimic_perform_af_004,1,XGBoost,0.999836802482605,1
mimic_perform_af_004,1,XGBoost,0.9963842630386353,1
mimic_perform_af_004,1,XGBoost,0.0825006365776062,0
mimic_perform_af_004,1,XGBoost,0.9882825016975403,1
mimic_perform_af_004,1,XGBoost,0.9960450530052185,1
mimic_perform_af_004,1,XGBoost,0.9412904381752014,1
mimic_perform_af_004,1,XGBoost,0.998656153678894,1
mimic_perform_af_004,1,XGBoost,0.08687857538461685,0
mimic_perform_af_004,1,XGBoost,0.9784919023513794,1
mimic_perform_af_004,1,XGBoost,0.9553800821304321,1
mimic_perform_af_004,1,XGBoost,0.9592657089233398,1
mimic_perform_af_004,1,XGBoost,0.9891225695610046,1
mimic_perform_af_004,1,XGBoost,0.9896060228347778,1
mimic_perform_af_004,1,XGBoost,0.9989981055259705,1
mimic_perform_af_004,1,XGBoost,0.2726653516292572,0
mimic_perform_af_004,1,XGBoost,0.9117563366889954,1
mimic_perform_af_004,1,XGBoost,0.872255802154541,1
mimic_perform_af_004,1,XGBoost,0.9388225674629211,1
mimic_perform_af_004,1,XGBoost,0.5259169340133667,1
mimic_perform_af_004,1,XGBoost,0.9798941016197205,1
mimic_perform_af_004,1,XGBoost,0.8359235525131226,1
mimic_perform_af_004,1,XGBoost,0.9985389709472656,1
mimic_perform_af_004,1,XGBoost,0.9998396635055542,1
mimic_perform_af_004,1,XGBoost,0.9997110962867737,1
mimic_perform_af_004,1,XGBoost,0.9998074173927307,1
mimic_perform_af_004,1,XGBoost,0.9996700286865234,1
mimic_perform_af_004,1,XGBoost,0.999822199344635,1
mimic_perform_af_004,1,XGBoost,0.9998947381973267,1
mimic_perform_af_004,1,XGBoost,0.9942423701286316,1
mimic_perform_af_004,1,XGBoost,0.9987792372703552,1
mimic_perform_af_004,1,XGBoost,0.994296133518219,1
mimic_perform_af_004,1,XGBoost,0.7169949412345886,1
mimic_perform_af_004,1,XGBoost,0.9995854496955872,1
mimic_perform_af_004,1,XGBoost,0.999824583530426,1
mimic_perform_af_004,1,XGBoost,0.999885082244873,1
mimic_perform_af_004,1,XGBoost,0.9998928308486938,1
mimic_perform_af_004,1,XGBoost,0.999679684638977,1
mimic_perform_af_004,1,XGBoost,0.9984898567199707,1
mimic_perform_af_004,1,XGBoost,0.9998433589935303,1
mimic_perform_af_004,1,XGBoost,0.9998261332511902,1
mimic_perform_af_004,1,XGBoost,0.9998219609260559,1
mimic_perform_af_004,1,XGBoost,0.9995335340499878,1
mimic_perform_af_004,1,XGBoost,0.9994412064552307,1
mimic_perform_af_004,1,XGBoost,0.9998052716255188,1
mimic_perform_af_004,1,XGBoost,0.9996585845947266,1
mimic_perform_af_004,1,XGBoost,0.9999051094055176,1
mimic_perform_af_004,1,XGBoost,0.9997106194496155,1
mimic_perform_af_004,1,XGBoost,0.9994882345199585,1
mimic_perform_af_004,1,XGBoost,0.9995248317718506,1
mimic_perform_af_004,1,XGBoost,0.9998435974121094,1
mimic_perform_af_004,1,XGBoost,0.9661507606506348,1
mimic_perform_af_004,1,XGBoost,0.9566644430160522,1
mimic_perform_af_004,1,XGBoost,0.8715636134147644,1
mimic_perform_af_004,1,XGBoost,0.999736487865448,1
mimic_perform_af_004,1,XGBoost,0.9996287822723389,1
mimic_perform_af_004,1,XGBoost,0.9992977380752563,1
mimic_perform_af_004,1,XGBoost,0.9966855645179749,1
mimic_perform_af_004,1,XGBoost,0.9994658827781677,1
mimic_perform_af_004,1,XGBoost,0.9996179342269897,1
mimic_perform_af_004,1,XGBoost,0.999889612197876,1
mimic_perform_af_004,1,XGBoost,0.9970203042030334,1
mimic_perform_af_004,1,XGBoost,0.9997135996818542,1
mimic_perform_af_004,1,XGBoost,0.9997236132621765,1
mimic_perform_af_004,1,XGBoost,0.9897643327713013,1
mimic_perform_af_004,1,XGBoost,0.9630429744720459,1
mimic_perform_af_004,1,XGBoost,0.7451600432395935,1
mimic_perform_af_004,1,XGBoost,0.9769132137298584,1
mimic_perform_af_004,1,XGBoost,0.994231641292572,1
mimic_perform_af_004,1,XGBoost,0.9905722737312317,1
mimic_perform_af_004,1,XGBoost,0.9494909048080444,1
mimic_perform_af_004,1,XGBoost,0.999321699142456,1
mimic_perform_af_004,1,XGBoost,0.9980913996696472,1
mimic_perform_af_004,1,XGBoost,0.9997265934944153,1
mimic_perform_af_004,1,XGBoost,0.9997672438621521,1
mimic_perform_af_004,1,XGBoost,0.9962277412414551,1
mimic_perform_af_004,1,XGBoost,0.9995871186256409,1
mimic_perform_af_004,1,XGBoost,0.999739944934845,1
mimic_perform_af_004,1,XGBoost,0.9998520612716675,1
mimic_perform_af_004,1,XGBoost,0.9994751811027527,1
mimic_perform_af_004,1,XGBoost,0.9997754693031311,1
mimic_perform_af_004,1,XGBoost,0.9983131885528564,1
mimic_perform_af_004,1,XGBoost,0.9992126226425171,1
mimic_perform_af_004,1,XGBoost,0.9994614720344543,1
mimic_perform_af_004,1,XGBoost,0.9996238946914673,1
mimic_perform_af_004,1,XGBoost,0.997462272644043,1
mimic_perform_af_004,1,XGBoost,0.9993857145309448,1
mimic_perform_af_004,1,XGBoost,0.9996248483657837,1
mimic_perform_af_004,1,XGBoost,0.9998859167098999,1
mimic_perform_af_004,1,XGBoost,0.9998183846473694,1
mimic_perform_af_004,1,XGBoost,0.9997830986976624,1
mimic_perform_af_004,1,XGBoost,0.9997914433479309,1
mimic_perform_af_004,1,XGBoost,0.9997259974479675,1
mimic_perform_af_004,1,XGBoost,0.9999241828918457,1
mimic_perform_af_004,1,XGBoost,0.9999204874038696,1
mimic_perform_af_004,1,XGBoost,0.9999192953109741,1
mimic_perform_af_004,1,XGBoost,0.9998601675033569,1
mimic_perform_af_004,1,XGBoost,0.9996247291564941,1
mimic_perform_af_004,1,XGBoost,0.9998180270195007,1
mimic_perform_af_004,1,XGBoost,0.9995473027229309,1
mimic_perform_af_004,1,XGBoost,0.9993306398391724,1
mimic_perform_af_004,1,XGBoost,0.9996277093887329,1
mimic_perform_af_004,1,XGBoost,0.9998581409454346,1
mimic_perform_af_004,1,XGBoost,0.9995449185371399,1
mimic_perform_af_004,1,XGBoost,0.9996533393859863,1
mimic_perform_af_004,1,XGBoost,0.9996107220649719,1
mimic_perform_af_004,1,XGBoost,0.9993029832839966,1
mimic_perform_af_004,1,XGBoost,0.9929189085960388,1
mimic_perform_af_004,1,XGBoost,0.9991225600242615,1
mimic_perform_af_004,1,XGBoost,0.999832272529602,1
mimic_perform_af_004,1,XGBoost,0.9996495246887207,1
mimic_perform_af_004,1,XGBoost,0.999869704246521,1
mimic_perform_af_004,1,XGBoost,0.9996668100357056,1
mimic_perform_af_004,1,XGBoost,0.9998396635055542,1
mimic_perform_af_004,1,XGBoost,0.9998376369476318,1
mimic_perform_af_004,1,XGBoost,0.9999024868011475,1
mimic_perform_af_004,1,XGBoost,0.9997251629829407,1
mimic_perform_af_004,1,XGBoost,0.999722421169281,1
mimic_perform_af_004,1,XGBoost,0.9998061060905457,1
mimic_perform_af_005,1,XGBoost,0.011533367447555065,0
mimic_perform_af_005,1,XGBoost,0.8727955222129822,1
mimic_perform_af_005,1,XGBoost,0.987683117389679,1
mimic_perform_af_005,1,XGBoost,0.9918221831321716,1
mimic_perform_af_005,1,XGBoost,0.9944097399711609,1
mimic_perform_af_005,1,XGBoost,0.7759870886802673,1
mimic_perform_af_005,1,XGBoost,0.08890828490257263,0
mimic_perform_af_005,1,XGBoost,0.9926261305809021,1
mimic_perform_af_005,1,XGBoost,0.819251537322998,1
mimic_perform_af_005,1,XGBoost,0.9945210218429565,1
mimic_perform_af_005,1,XGBoost,0.994907557964325,1
mimic_perform_af_005,1,XGBoost,0.9984844326972961,1
mimic_perform_af_005,1,XGBoost,0.9241446852684021,1
mimic_perform_af_005,1,XGBoost,0.2668757438659668,0
mimic_perform_af_005,1,XGBoost,0.3450644612312317,0
mimic_perform_af_005,1,XGBoost,0.12441103160381317,0
mimic_perform_af_005,1,XGBoost,0.7625390887260437,1
mimic_perform_af_005,1,XGBoost,0.9964901804924011,1
mimic_perform_af_005,1,XGBoost,0.03546750918030739,0
mimic_perform_af_005,1,XGBoost,0.9978443384170532,1
mimic_perform_af_005,1,XGBoost,0.9996079802513123,1
mimic_perform_af_005,1,XGBoost,0.9993901252746582,1
mimic_perform_af_005,1,XGBoost,0.9385380744934082,1
mimic_perform_af_005,1,XGBoost,0.9981719255447388,1
mimic_perform_af_005,1,XGBoost,0.9157804846763611,1
mimic_perform_af_005,1,XGBoost,0.9988456964492798,1
mimic_perform_af_005,1,XGBoost,0.9995735287666321,1
mimic_perform_af_005,1,XGBoost,0.9985242486000061,1
mimic_perform_af_005,1,XGBoost,0.9961668848991394,1
mimic_perform_af_005,1,XGBoost,0.9752285480499268,1
mimic_perform_af_005,1,XGBoost,0.9915112853050232,1
mimic_perform_af_005,1,XGBoost,0.9928383231163025,1
mimic_perform_af_005,1,XGBoost,0.9989925026893616,1
mimic_perform_af_005,1,XGBoost,0.9989408850669861,1
mimic_perform_af_005,1,XGBoost,0.9722536206245422,1
mimic_perform_af_005,1,XGBoost,0.9810914993286133,1
mimic_perform_af_005,1,XGBoost,0.9928119778633118,1
mimic_perform_af_005,1,XGBoost,0.9833289384841919,1
mimic_perform_af_005,1,XGBoost,0.9940252900123596,1
mimic_perform_af_005,1,XGBoost,0.9989901185035706,1
mimic_perform_af_005,1,XGBoost,0.9972363114356995,1
mimic_perform_af_005,1,XGBoost,0.9990532994270325,1
mimic_perform_af_005,1,XGBoost,0.9987456798553467,1
mimic_perform_af_005,1,XGBoost,0.9994081258773804,1
mimic_perform_af_005,1,XGBoost,0.9359384775161743,1
mimic_perform_af_005,1,XGBoost,0.7269682884216309,1
mimic_perform_af_005,1,XGBoost,0.5896263122558594,1
mimic_perform_af_005,1,XGBoost,0.015077351592481136,0
mimic_perform_af_005,1,XGBoost,0.897811770439148,1
mimic_perform_af_005,1,XGBoost,0.4350696802139282,0
mimic_perform_af_005,1,XGBoost,0.8649612665176392,1
mimic_perform_af_005,1,XGBoost,0.9987529516220093,1
mimic_perform_af_005,1,XGBoost,0.9719300866127014,1
mimic_perform_af_005,1,XGBoost,0.9949668049812317,1
mimic_perform_af_005,1,XGBoost,0.997536301612854,1
mimic_perform_af_005,1,XGBoost,0.9976109266281128,1
mimic_perform_af_005,1,XGBoost,0.9837910532951355,1
mimic_perform_af_005,1,XGBoost,0.726945161819458,1
mimic_perform_af_005,1,XGBoost,0.9961243271827698,1
mimic_perform_af_005,1,XGBoost,0.9114490747451782,1
mimic_perform_af_005,1,XGBoost,0.9964417815208435,1
mimic_perform_af_005,1,XGBoost,0.9864795804023743,1
mimic_perform_af_005,1,XGBoost,0.9968133568763733,1
mimic_perform_af_005,1,XGBoost,0.9985287189483643,1
mimic_perform_af_005,1,XGBoost,0.9939929842948914,1
mimic_perform_af_005,1,XGBoost,0.9830962419509888,1
mimic_perform_af_005,1,XGBoost,0.9855751991271973,1
mimic_perform_af_005,1,XGBoost,0.3390674889087677,0
mimic_perform_af_005,1,XGBoost,0.19213023781776428,0
mimic_perform_af_005,1,XGBoost,0.8499609231948853,1
mimic_perform_af_005,1,XGBoost,0.9924271106719971,1
mimic_perform_af_005,1,XGBoost,0.9963611960411072,1
mimic_perform_af_005,1,XGBoost,0.9969508647918701,1
mimic_perform_af_005,1,XGBoost,0.9853282570838928,1
mimic_perform_af_005,1,XGBoost,0.9991557598114014,1
mimic_perform_af_005,1,XGBoost,0.9963346719741821,1
mimic_perform_af_005,1,XGBoost,0.9913596510887146,1
mimic_perform_af_005,1,XGBoost,0.9919412136077881,1
mimic_perform_af_005,1,XGBoost,0.9797155857086182,1
mimic_perform_af_005,1,XGBoost,0.8483200669288635,1
mimic_perform_af_005,1,XGBoost,0.8456716537475586,1
mimic_perform_af_005,1,XGBoost,0.050872039049863815,0
mimic_perform_af_005,1,XGBoost,0.35600191354751587,0
mimic_perform_af_005,1,XGBoost,0.9673979878425598,1
mimic_perform_af_005,1,XGBoost,0.931672215461731,1
mimic_perform_af_005,1,XGBoost,0.9978088736534119,1
mimic_perform_af_005,1,XGBoost,0.9973984956741333,1
mimic_perform_af_005,1,XGBoost,0.9948481321334839,1
mimic_perform_af_005,1,XGBoost,0.6971369385719299,1
mimic_perform_af_005,1,XGBoost,0.08343927562236786,0
mimic_perform_af_005,1,XGBoost,0.6398134231567383,1
mimic_perform_af_005,1,XGBoost,0.9696275591850281,1
mimic_perform_af_005,1,XGBoost,0.9851993322372437,1
mimic_perform_af_005,1,XGBoost,0.9763971567153931,1
mimic_perform_af_005,1,XGBoost,0.9411060214042664,1
mimic_perform_af_005,1,XGBoost,0.9773658514022827,1
mimic_perform_af_005,1,XGBoost,0.9885978698730469,1
mimic_perform_af_005,1,XGBoost,0.9864126443862915,1
mimic_perform_af_005,1,XGBoost,0.9890384674072266,1
mimic_perform_af_005,1,XGBoost,0.9932818412780762,1
mimic_perform_af_005,1,XGBoost,0.9964461922645569,1
mimic_perform_af_005,1,XGBoost,0.9140346646308899,1
mimic_perform_af_005,1,XGBoost,0.9986512064933777,1
mimic_perform_af_005,1,XGBoost,0.7078648805618286,1
mimic_perform_af_005,1,XGBoost,0.2984131872653961,0
mimic_perform_af_005,1,XGBoost,0.9969871640205383,1
mimic_perform_af_005,1,XGBoost,0.9935309290885925,1
mimic_perform_af_005,1,XGBoost,0.9861984252929688,1
mimic_perform_af_005,1,XGBoost,0.9845253825187683,1
mimic_perform_af_005,1,XGBoost,0.9597826600074768,1
mimic_perform_af_005,1,XGBoost,0.9455215930938721,1
mimic_perform_af_005,1,XGBoost,0.8236807584762573,1
mimic_perform_af_005,1,XGBoost,0.9630793333053589,1
mimic_perform_af_005,1,XGBoost,0.9432992339134216,1
mimic_perform_af_005,1,XGBoost,0.9983502626419067,1
mimic_perform_af_005,1,XGBoost,0.9967681169509888,1
mimic_perform_af_005,1,XGBoost,0.998521625995636,1
mimic_perform_af_005,1,XGBoost,0.9957102537155151,1
mimic_perform_af_006,1,XGBoost,0.9998571872711182,1
mimic_perform_af_006,1,XGBoost,0.9998773336410522,1
mimic_perform_af_006,1,XGBoost,0.9998829364776611,1
mimic_perform_af_006,1,XGBoost,0.9998953342437744,1
mimic_perform_af_006,1,XGBoost,0.9995537400245667,1
mimic_perform_af_006,1,XGBoost,0.9997826218605042,1
mimic_perform_af_006,1,XGBoost,0.9997925162315369,1
mimic_perform_af_006,1,XGBoost,0.9865412712097168,1
mimic_perform_af_006,1,XGBoost,0.9833574891090393,1
mimic_perform_af_006,1,XGBoost,0.9996976852416992,1
mimic_perform_af_006,1,XGBoost,0.9997969269752502,1
mimic_perform_af_006,1,XGBoost,0.9995168447494507,1
mimic_perform_af_006,1,XGBoost,0.9995318651199341,1
mimic_perform_af_006,1,XGBoost,0.999823272228241,1
mimic_perform_af_006,1,XGBoost,0.9996693134307861,1
mimic_perform_af_006,1,XGBoost,0.9997724890708923,1
mimic_perform_af_006,1,XGBoost,0.9998670816421509,1
mimic_perform_af_006,1,XGBoost,0.9996672868728638,1
mimic_perform_af_006,1,XGBoost,0.9992660880088806,1
mimic_perform_af_006,1,XGBoost,0.9997285008430481,1
mimic_perform_af_006,1,XGBoost,0.999729335308075,1
mimic_perform_af_006,1,XGBoost,0.9997397065162659,1
mimic_perform_af_006,1,XGBoost,0.9998805522918701,1
mimic_perform_af_006,1,XGBoost,0.9998997449874878,1
mimic_perform_af_006,1,XGBoost,0.9998754262924194,1
mimic_perform_af_006,1,XGBoost,0.9998359680175781,1
mimic_perform_af_006,1,XGBoost,0.9997738003730774,1
mimic_perform_af_006,1,XGBoost,0.9996821880340576,1
mimic_perform_af_006,1,XGBoost,0.9997898936271667,1
mimic_perform_af_006,1,XGBoost,0.9998881816864014,1
mimic_perform_af_006,1,XGBoost,0.9998718500137329,1
mimic_perform_af_006,1,XGBoost,0.9462735652923584,1
mimic_perform_af_006,1,XGBoost,0.9734224081039429,1
mimic_perform_af_006,1,XGBoost,0.9994487166404724,1
mimic_perform_af_006,1,XGBoost,0.9996417760848999,1
mimic_perform_af_006,1,XGBoost,0.9993871450424194,1
mimic_perform_af_006,1,XGBoost,0.9998534917831421,1
mimic_perform_af_006,1,XGBoost,0.9998346567153931,1
mimic_perform_af_006,1,XGBoost,0.9980025887489319,1
mimic_perform_af_006,1,XGBoost,0.9995846152305603,1
mimic_perform_af_006,1,XGBoost,0.19248045980930328,0
mimic_perform_af_006,1,XGBoost,0.7153422832489014,1
mimic_perform_af_006,1,XGBoost,0.016755014657974243,0
mimic_perform_af_006,1,XGBoost,0.005001574754714966,0
mimic_perform_af_006,1,XGBoost,0.9888545274734497,1
mimic_perform_af_006,1,XGBoost,0.9880514144897461,1
mimic_perform_af_006,1,XGBoost,0.9781005382537842,1
mimic_perform_af_006,1,XGBoost,0.9995728135108948,1
mimic_perform_af_006,1,XGBoost,0.9997848868370056,1
mimic_perform_af_006,1,XGBoost,0.9998365640640259,1
mimic_perform_af_006,1,XGBoost,0.9997959733009338,1
mimic_perform_af_006,1,XGBoost,0.9997943043708801,1
mimic_perform_af_006,1,XGBoost,0.9996476173400879,1
mimic_perform_af_006,1,XGBoost,0.9997861981391907,1
mimic_perform_af_006,1,XGBoost,0.9998196959495544,1
mimic_perform_af_006,1,XGBoost,0.9998736381530762,1
mimic_perform_af_006,1,XGBoost,0.9554736018180847,1
mimic_perform_af_006,1,XGBoost,0.9998263716697693,1
mimic_perform_af_006,1,XGBoost,0.9997654557228088,1
mimic_perform_af_006,1,XGBoost,0.9998241066932678,1
mimic_perform_af_006,1,XGBoost,0.9996477365493774,1
mimic_perform_af_006,1,XGBoost,0.9998544454574585,1
mimic_perform_af_006,1,XGBoost,0.9997513890266418,1
mimic_perform_af_006,1,XGBoost,0.9999090433120728,1
mimic_perform_af_006,1,XGBoost,0.9998190999031067,1
mimic_perform_af_006,1,XGBoost,0.9997238516807556,1
mimic_perform_af_006,1,XGBoost,0.9997742772102356,1
mimic_perform_af_006,1,XGBoost,0.9996814727783203,1
mimic_perform_af_006,1,XGBoost,0.999757707118988,1
mimic_perform_af_006,1,XGBoost,0.9997097849845886,1
mimic_perform_af_006,1,XGBoost,0.9998594522476196,1
mimic_perform_af_006,1,XGBoost,0.9999240636825562,1
mimic_perform_af_006,1,XGBoost,0.9998996257781982,1
mimic_perform_af_006,1,XGBoost,0.9997791647911072,1
mimic_perform_af_006,1,XGBoost,0.9996098875999451,1
mimic_perform_af_006,1,XGBoost,0.9995362758636475,1
mimic_perform_af_006,1,XGBoost,0.9995179176330566,1
mimic_perform_af_006,1,XGBoost,0.9998371601104736,1
mimic_perform_af_006,1,XGBoost,0.9998339414596558,1
mimic_perform_af_006,1,XGBoost,0.9997664093971252,1
mimic_perform_af_006,1,XGBoost,0.9997732043266296,1
mimic_perform_af_006,1,XGBoost,0.9998977184295654,1
mimic_perform_af_006,1,XGBoost,0.9998041987419128,1
mimic_perform_af_006,1,XGBoost,0.9994555115699768,1
mimic_perform_af_006,1,XGBoost,0.9996809959411621,1
mimic_perform_af_006,1,XGBoost,0.9995077848434448,1
mimic_perform_af_006,1,XGBoost,0.9967907071113586,1
mimic_perform_af_006,1,XGBoost,0.9976372718811035,1
mimic_perform_af_006,1,XGBoost,0.9996402263641357,1
mimic_perform_af_006,1,XGBoost,0.9998156428337097,1
mimic_perform_af_006,1,XGBoost,0.9997339844703674,1
mimic_perform_af_006,1,XGBoost,0.9995861649513245,1
mimic_perform_af_006,1,XGBoost,0.9999090433120728,1
mimic_perform_af_006,1,XGBoost,0.999836802482605,1
mimic_perform_af_006,1,XGBoost,0.9991183876991272,1
mimic_perform_af_006,1,XGBoost,0.9998842477798462,1
mimic_perform_af_006,1,XGBoost,0.9996824264526367,1
mimic_perform_af_006,1,XGBoost,0.9996187686920166,1
mimic_perform_af_006,1,XGBoost,0.9992067217826843,1
mimic_perform_af_006,1,XGBoost,0.9996618032455444,1
mimic_perform_af_006,1,XGBoost,0.9575000405311584,1
mimic_perform_af_006,1,XGBoost,0.9934301972389221,1
mimic_perform_af_006,1,XGBoost,0.9388638734817505,1
mimic_perform_af_006,1,XGBoost,0.8887271881103516,1
mimic_perform_af_006,1,XGBoost,0.18878687918186188,0
mimic_perform_af_006,1,XGBoost,0.9884051084518433,1
mimic_perform_af_006,1,XGBoost,0.9998270869255066,1
mimic_perform_af_006,1,XGBoost,0.9997861981391907,1
mimic_perform_af_006,1,XGBoost,0.9998012185096741,1
mimic_perform_af_006,1,XGBoost,0.9997890591621399,1
mimic_perform_af_006,1,XGBoost,0.10729101300239563,0
mimic_perform_af_006,1,XGBoost,0.8960674405097961,1
mimic_perform_af_006,1,XGBoost,0.9706411361694336,1
mimic_perform_af_006,1,XGBoost,0.6056222915649414,1
mimic_perform_af_006,1,XGBoost,0.9995989203453064,1
mimic_perform_af_006,1,XGBoost,0.9998422861099243,1
mimic_perform_af_006,1,XGBoost,0.9998238682746887,1
mimic_perform_af_006,1,XGBoost,0.9996383190155029,1
mimic_perform_af_007,1,XGBoost,0.165988951921463,0
mimic_perform_af_007,1,XGBoost,0.029048878699541092,0
mimic_perform_af_007,1,XGBoost,0.9808427095413208,1
mimic_perform_af_007,1,XGBoost,0.9982514977455139,1
mimic_perform_af_007,1,XGBoost,0.9985079169273376,1
mimic_perform_af_007,1,XGBoost,0.998519241809845,1
mimic_perform_af_007,1,XGBoost,0.9958916902542114,1
mimic_perform_af_007,1,XGBoost,0.9987517595291138,1
mimic_perform_af_007,1,XGBoost,0.9987530708312988,1
mimic_perform_af_007,1,XGBoost,0.998347282409668,1
mimic_perform_af_007,1,XGBoost,0.9982709884643555,1
mimic_perform_af_007,1,XGBoost,0.9952996969223022,1
mimic_perform_af_007,1,XGBoost,0.9939180612564087,1
mimic_perform_af_007,1,XGBoost,0.9988889098167419,1
mimic_perform_af_007,1,XGBoost,0.998013973236084,1
mimic_perform_af_007,1,XGBoost,0.9974421262741089,1
mimic_perform_af_007,1,XGBoost,0.997739315032959,1
mimic_perform_af_007,1,XGBoost,0.9984354376792908,1
mimic_perform_af_007,1,XGBoost,0.9987803101539612,1
mimic_perform_af_007,1,XGBoost,0.9931513071060181,1
mimic_perform_af_007,1,XGBoost,0.9976658821105957,1
mimic_perform_af_007,1,XGBoost,0.9984191656112671,1
mimic_perform_af_007,1,XGBoost,0.9983330368995667,1
mimic_perform_af_007,1,XGBoost,0.9988576173782349,1
mimic_perform_af_007,1,XGBoost,0.9984493255615234,1
mimic_perform_af_007,1,XGBoost,0.9982402324676514,1
mimic_perform_af_007,1,XGBoost,0.9976869821548462,1
mimic_perform_af_007,1,XGBoost,0.9923279881477356,1
mimic_perform_af_007,1,XGBoost,0.9985997080802917,1
mimic_perform_af_007,1,XGBoost,0.9988473653793335,1
mimic_perform_af_007,1,XGBoost,0.9989985823631287,1
mimic_perform_af_007,1,XGBoost,0.998601496219635,1
mimic_perform_af_007,1,XGBoost,0.9981679916381836,1
mimic_perform_af_007,1,XGBoost,0.9988285899162292,1
mimic_perform_af_007,1,XGBoost,0.9988658428192139,1
mimic_perform_af_007,1,XGBoost,0.9975201487541199,1
mimic_perform_af_007,1,XGBoost,0.995937705039978,1
mimic_perform_af_007,1,XGBoost,0.9942057728767395,1
mimic_perform_af_007,1,XGBoost,0.9987803101539612,1
mimic_perform_af_007,1,XGBoost,0.9984486103057861,1
mimic_perform_af_007,1,XGBoost,0.9977136850357056,1
mimic_perform_af_007,1,XGBoost,0.9985833168029785,1
mimic_perform_af_007,1,XGBoost,0.9942440390586853,1
mimic_perform_af_007,1,XGBoost,0.991807758808136,1
mimic_perform_af_007,1,XGBoost,0.9976428151130676,1
mimic_perform_af_007,1,XGBoost,0.9983978867530823,1
mimic_perform_af_007,1,XGBoost,0.9984715580940247,1
mimic_perform_af_007,1,XGBoost,0.9963078498840332,1
mimic_perform_af_007,1,XGBoost,0.9986574649810791,1
mimic_perform_af_007,1,XGBoost,0.998518168926239,1
mimic_perform_af_007,1,XGBoost,0.9985047578811646,1
mimic_perform_af_007,1,XGBoost,0.9984081387519836,1
mimic_perform_af_007,1,XGBoost,0.9971407651901245,1
mimic_perform_af_007,1,XGBoost,0.9977915287017822,1
mimic_perform_af_007,1,XGBoost,0.998327910900116,1
mimic_perform_af_007,1,XGBoost,0.9983604550361633,1
mimic_perform_af_007,1,XGBoost,0.9974295496940613,1
mimic_perform_af_007,1,XGBoost,0.9980337023735046,1
mimic_perform_af_007,1,XGBoost,0.9981539845466614,1
mimic_perform_af_007,1,XGBoost,0.9990301132202148,1
mimic_perform_af_007,1,XGBoost,0.9985799789428711,1
mimic_perform_af_007,1,XGBoost,0.9982625842094421,1
mimic_perform_af_007,1,XGBoost,0.9976031184196472,1
mimic_perform_af_007,1,XGBoost,0.9979946613311768,1
mimic_perform_af_007,1,XGBoost,0.9987550973892212,1
mimic_perform_af_007,1,XGBoost,0.9987138509750366,1
mimic_perform_af_007,1,XGBoost,0.9978431463241577,1
mimic_perform_af_007,1,XGBoost,0.9988370537757874,1
mimic_perform_af_007,1,XGBoost,0.9989836812019348,1
mimic_perform_af_007,1,XGBoost,0.9979189038276672,1
mimic_perform_af_007,1,XGBoost,0.9978849291801453,1
mimic_perform_af_007,1,XGBoost,0.9975073933601379,1
mimic_perform_af_007,1,XGBoost,0.9987694621086121,1
mimic_perform_af_007,1,XGBoost,0.9989643096923828,1
mimic_perform_af_007,1,XGBoost,0.9986945986747742,1
mimic_perform_af_007,1,XGBoost,0.9989076852798462,1
mimic_perform_af_007,1,XGBoost,0.9983657002449036,1
mimic_perform_af_007,1,XGBoost,0.9941117167472839,1
mimic_perform_af_007,1,XGBoost,0.9986383318901062,1
mimic_perform_af_007,1,XGBoost,0.9987242817878723,1
mimic_perform_af_007,1,XGBoost,0.9985136389732361,1
mimic_perform_af_007,1,XGBoost,0.9987571239471436,1
mimic_perform_af_007,1,XGBoost,0.9975758194923401,1
mimic_perform_af_007,1,XGBoost,0.9988435506820679,1
mimic_perform_af_007,1,XGBoost,0.9982463121414185,1
mimic_perform_af_007,1,XGBoost,0.9949420094490051,1
mimic_perform_af_007,1,XGBoost,0.9948874115943909,1
mimic_perform_af_007,1,XGBoost,0.9940152764320374,1
mimic_perform_af_007,1,XGBoost,0.9981192946434021,1
mimic_perform_af_007,1,XGBoost,0.997974693775177,1
mimic_perform_af_007,1,XGBoost,0.99797123670578,1
mimic_perform_af_007,1,XGBoost,0.9962565898895264,1
mimic_perform_af_007,1,XGBoost,0.9973885416984558,1
mimic_perform_af_007,1,XGBoost,0.9979472756385803,1
mimic_perform_af_007,1,XGBoost,0.996616780757904,1
mimic_perform_af_007,1,XGBoost,0.9926623106002808,1
mimic_perform_af_007,1,XGBoost,0.9984941482543945,1
mimic_perform_af_007,1,XGBoost,0.9981939196586609,1
mimic_perform_af_007,1,XGBoost,0.9923112988471985,1
mimic_perform_af_007,1,XGBoost,0.818150520324707,1
mimic_perform_af_007,1,XGBoost,0.05323223024606705,0
mimic_perform_af_007,1,XGBoost,0.26577484607696533,0
mimic_perform_af_007,1,XGBoost,0.9625969529151917,1
mimic_perform_af_007,1,XGBoost,0.8542768955230713,1
mimic_perform_af_007,1,XGBoost,0.04879302531480789,0
mimic_perform_af_007,1,XGBoost,0.02413913607597351,0
mimic_perform_af_007,1,XGBoost,0.012458461336791515,0
mimic_perform_af_007,1,XGBoost,0.026235254481434822,0
mimic_perform_af_007,1,XGBoost,0.007118540350347757,0
mimic_perform_af_007,1,XGBoost,0.26520055532455444,0
mimic_perform_af_007,1,XGBoost,0.5663807988166809,1
mimic_perform_af_007,1,XGBoost,0.3079438805580139,0
mimic_perform_af_007,1,XGBoost,0.01691587269306183,0
mimic_perform_af_007,1,XGBoost,0.10980016738176346,0
mimic_perform_af_007,1,XGBoost,0.015220236033201218,0
mimic_perform_af_007,1,XGBoost,0.015104415826499462,0
mimic_perform_af_007,1,XGBoost,0.015104415826499462,0
mimic_perform_af_007,1,XGBoost,0.06739476323127747,0
mimic_perform_af_008,1,XGBoost,0.9984970092773438,1
mimic_perform_af_008,1,XGBoost,0.9993059635162354,1
mimic_perform_af_008,1,XGBoost,0.9981402158737183,1
mimic_perform_af_008,1,XGBoost,0.9986680746078491,1
mimic_perform_af_008,1,XGBoost,0.9990271329879761,1
mimic_perform_af_008,1,XGBoost,0.9998524188995361,1
mimic_perform_af_008,1,XGBoost,0.9799802303314209,1
mimic_perform_af_008,1,XGBoost,0.9192990064620972,1
mimic_perform_af_008,1,XGBoost,0.9143266677856445,1
mimic_perform_af_008,1,XGBoost,0.9870657920837402,1
mimic_perform_af_008,1,XGBoost,0.9370744228363037,1
mimic_perform_af_008,1,XGBoost,0.9182883501052856,1
mimic_perform_af_008,1,XGBoost,0.9990124702453613,1
mimic_perform_af_008,1,XGBoost,0.9997870326042175,1
mimic_perform_af_008,1,XGBoost,0.9934276342391968,1
mimic_perform_af_008,1,XGBoost,0.9989244341850281,1
mimic_perform_af_008,1,XGBoost,0.933795154094696,1
mimic_perform_af_008,1,XGBoost,0.9517017006874084,1
mimic_perform_af_008,1,XGBoost,0.9854427576065063,1
mimic_perform_af_008,1,XGBoost,0.8971518278121948,1
mimic_perform_af_008,1,XGBoost,0.9942838549613953,1
mimic_perform_af_008,1,XGBoost,0.9225001931190491,1
mimic_perform_af_008,1,XGBoost,0.9987280964851379,1
mimic_perform_af_008,1,XGBoost,0.999340832233429,1
mimic_perform_af_008,1,XGBoost,0.9993306398391724,1
mimic_perform_af_008,1,XGBoost,0.9992838501930237,1
mimic_perform_af_008,1,XGBoost,0.9972904920578003,1
mimic_perform_af_008,1,XGBoost,0.9994078874588013,1
mimic_perform_af_008,1,XGBoost,0.8886719346046448,1
mimic_perform_af_008,1,XGBoost,0.9964237809181213,1
mimic_perform_af_008,1,XGBoost,0.9964672327041626,1
mimic_perform_af_008,1,XGBoost,0.9989338517189026,1
mimic_perform_af_008,1,XGBoost,0.9952214360237122,1
mimic_perform_af_008,1,XGBoost,0.9971176385879517,1
mimic_perform_af_008,1,XGBoost,0.9552852511405945,1
mimic_perform_af_008,1,XGBoost,0.8196271061897278,1
mimic_perform_af_008,1,XGBoost,0.8385056257247925,1
mimic_perform_af_008,1,XGBoost,0.9175370335578918,1
mimic_perform_af_008,1,XGBoost,0.848901093006134,1
mimic_perform_af_008,1,XGBoost,0.9496212005615234,1
mimic_perform_af_008,1,XGBoost,0.27295851707458496,0
mimic_perform_af_008,1,XGBoost,0.8655136227607727,1
mimic_perform_af_008,1,XGBoost,0.9706504940986633,1
mimic_perform_af_008,1,XGBoost,0.80797278881073,1
mimic_perform_af_008,1,XGBoost,0.9995735287666321,1
mimic_perform_af_008,1,XGBoost,0.999833345413208,1
mimic_perform_af_008,1,XGBoost,0.9986536502838135,1
mimic_perform_af_008,1,XGBoost,0.9501767754554749,1
mimic_perform_af_008,1,XGBoost,0.9110944867134094,1
mimic_perform_af_008,1,XGBoost,0.9310809373855591,1
mimic_perform_af_008,1,XGBoost,0.960514485836029,1
mimic_perform_af_008,1,XGBoost,0.9867233633995056,1
mimic_perform_af_008,1,XGBoost,0.8360783457756042,1
mimic_perform_af_008,1,XGBoost,0.9986183643341064,1
mimic_perform_af_008,1,XGBoost,0.9940603375434875,1
mimic_perform_af_008,1,XGBoost,0.9913201928138733,1
mimic_perform_af_008,1,XGBoost,0.8254191875457764,1
mimic_perform_af_008,1,XGBoost,0.9138031601905823,1
mimic_perform_af_008,1,XGBoost,0.9895402789115906,1
mimic_perform_af_008,1,XGBoost,0.9667258858680725,1
mimic_perform_af_008,1,XGBoost,0.8605419993400574,1
mimic_perform_af_008,1,XGBoost,0.9625020623207092,1
mimic_perform_af_008,1,XGBoost,0.9569957852363586,1
mimic_perform_af_008,1,XGBoost,0.9943536520004272,1
mimic_perform_af_008,1,XGBoost,0.9997716546058655,1
mimic_perform_af_008,1,XGBoost,0.9995900988578796,1
mimic_perform_af_008,1,XGBoost,0.9946357607841492,1
mimic_perform_af_008,1,XGBoost,0.994288444519043,1
mimic_perform_af_008,1,XGBoost,0.9914401769638062,1
mimic_perform_af_008,1,XGBoost,0.9989559650421143,1
mimic_perform_af_008,1,XGBoost,0.9447409510612488,1
mimic_perform_af_008,1,XGBoost,0.9441730976104736,1
mimic_perform_af_008,1,XGBoost,0.9141947627067566,1
mimic_perform_af_008,1,XGBoost,0.9607078433036804,1
mimic_perform_af_008,1,XGBoost,0.9260234236717224,1
mimic_perform_af_008,1,XGBoost,0.9971538782119751,1
mimic_perform_af_008,1,XGBoost,0.9998154044151306,1
mimic_perform_af_008,1,XGBoost,0.9919540286064148,1
mimic_perform_af_008,1,XGBoost,0.9972731471061707,1
mimic_perform_af_008,1,XGBoost,0.963336706161499,1
mimic_perform_af_008,1,XGBoost,0.9936769604682922,1
mimic_perform_af_008,1,XGBoost,0.9994674324989319,1
mimic_perform_af_008,1,XGBoost,0.993433952331543,1
mimic_perform_af_008,1,XGBoost,0.9854788780212402,1
mimic_perform_af_008,1,XGBoost,0.9996494054794312,1
mimic_perform_af_008,1,XGBoost,0.999640941619873,1
mimic_perform_af_008,1,XGBoost,0.9279590845108032,1
mimic_perform_af_008,1,XGBoost,0.99808669090271,1
mimic_perform_af_008,1,XGBoost,0.803856372833252,1
mimic_perform_af_008,1,XGBoost,0.9231213927268982,1
mimic_perform_af_008,1,XGBoost,0.975739598274231,1
mimic_perform_af_008,1,XGBoost,0.998865008354187,1
mimic_perform_af_008,1,XGBoost,0.9995108842849731,1
mimic_perform_af_008,1,XGBoost,0.9994938373565674,1
mimic_perform_af_008,1,XGBoost,0.9996964931488037,1
mimic_perform_af_008,1,XGBoost,0.9994140863418579,1
mimic_perform_af_008,1,XGBoost,0.9995686411857605,1
mimic_perform_af_008,1,XGBoost,0.9981791973114014,1
mimic_perform_af_008,1,XGBoost,0.9938766360282898,1
mimic_perform_af_008,1,XGBoost,0.8358127474784851,1
mimic_perform_af_008,1,XGBoost,0.9904285669326782,1
mimic_perform_af_008,1,XGBoost,0.9659522771835327,1
mimic_perform_af_008,1,XGBoost,0.9984428286552429,1
mimic_perform_af_008,1,XGBoost,0.9839522242546082,1
mimic_perform_af_008,1,XGBoost,0.9354289770126343,1
mimic_perform_af_008,1,XGBoost,0.9822101593017578,1
mimic_perform_af_008,1,XGBoost,0.991913914680481,1
mimic_perform_af_008,1,XGBoost,0.8347873091697693,1
mimic_perform_af_008,1,XGBoost,0.7786094546318054,1
mimic_perform_af_008,1,XGBoost,0.9300563335418701,1
mimic_perform_af_008,1,XGBoost,0.8149730563163757,1
mimic_perform_af_008,1,XGBoost,0.11193973571062088,0
mimic_perform_af_008,1,XGBoost,0.5664501190185547,1
mimic_perform_af_008,1,XGBoost,0.8841425180435181,1
mimic_perform_af_008,1,XGBoost,0.9847514033317566,1
mimic_perform_af_008,1,XGBoost,0.9928008317947388,1
mimic_perform_af_008,1,XGBoost,0.981551468372345,1
mimic_perform_af_008,1,XGBoost,0.996954083442688,1
mimic_perform_af_009,1,XGBoost,0.8769042491912842,1
mimic_perform_af_009,1,XGBoost,0.9264484643936157,1
mimic_perform_af_009,1,XGBoost,0.8558869361877441,1
mimic_perform_af_009,1,XGBoost,0.9677014350891113,1
mimic_perform_af_009,1,XGBoost,0.9870637655258179,1
mimic_perform_af_009,1,XGBoost,0.99980229139328,1
mimic_perform_af_009,1,XGBoost,0.9997723698616028,1
mimic_perform_af_009,1,XGBoost,0.9992152452468872,1
mimic_perform_af_009,1,XGBoost,0.9996353387832642,1
mimic_perform_af_009,1,XGBoost,0.9997441172599792,1
mimic_perform_af_009,1,XGBoost,0.9998345375061035,1
mimic_perform_af_009,1,XGBoost,0.9998084902763367,1
mimic_perform_af_009,1,XGBoost,0.9996329545974731,1
mimic_perform_af_009,1,XGBoost,0.9996676445007324,1
mimic_perform_af_009,1,XGBoost,0.9998109936714172,1
mimic_perform_af_009,1,XGBoost,0.9996854066848755,1
mimic_perform_af_009,1,XGBoost,0.9997596144676208,1
mimic_perform_af_009,1,XGBoost,0.9997535347938538,1
mimic_perform_af_009,1,XGBoost,0.9998503923416138,1
mimic_perform_af_009,1,XGBoost,0.999832272529602,1
mimic_perform_af_009,1,XGBoost,0.9993975162506104,1
mimic_perform_af_009,1,XGBoost,0.999690055847168,1
mimic_perform_af_009,1,XGBoost,0.9996769428253174,1
mimic_perform_af_009,1,XGBoost,0.9995802044868469,1
mimic_perform_af_009,1,XGBoost,0.9270618557929993,1
mimic_perform_af_009,1,XGBoost,0.9799618721008301,1
mimic_perform_af_009,1,XGBoost,0.9887800216674805,1
mimic_perform_af_009,1,XGBoost,0.9994058609008789,1
mimic_perform_af_009,1,XGBoost,0.9967473745346069,1
mimic_perform_af_009,1,XGBoost,0.9998657703399658,1
mimic_perform_af_009,1,XGBoost,0.7760424017906189,1
mimic_perform_af_009,1,XGBoost,0.8543574810028076,1
mimic_perform_af_009,1,XGBoost,0.6056784391403198,1
mimic_perform_af_009,1,XGBoost,0.9994271993637085,1
mimic_perform_af_009,1,XGBoost,0.9997959733009338,1
mimic_perform_af_009,1,XGBoost,0.9997748732566833,1
mimic_perform_af_009,1,XGBoost,0.998488187789917,1
mimic_perform_af_009,1,XGBoost,0.9598156213760376,1
mimic_perform_af_009,1,XGBoost,0.994889497756958,1
mimic_perform_af_009,1,XGBoost,0.6328465938568115,1
mimic_perform_af_009,1,XGBoost,0.9993440508842468,1
mimic_perform_af_009,1,XGBoost,0.9991238713264465,1
mimic_perform_af_009,1,XGBoost,0.9978356957435608,1
mimic_perform_af_009,1,XGBoost,0.9998433589935303,1
mimic_perform_af_009,1,XGBoost,0.9998326301574707,1
mimic_perform_af_009,1,XGBoost,0.9998778104782104,1
mimic_perform_af_009,1,XGBoost,0.9996907711029053,1
mimic_perform_af_009,1,XGBoost,0.9997145533561707,1
mimic_perform_af_009,1,XGBoost,0.9997286200523376,1
mimic_perform_af_009,1,XGBoost,0.9993833303451538,1
mimic_perform_af_009,1,XGBoost,0.999790370464325,1
mimic_perform_af_009,1,XGBoost,0.9460088014602661,1
mimic_perform_af_009,1,XGBoost,0.7734735012054443,1
mimic_perform_af_009,1,XGBoost,0.7306337356567383,1
mimic_perform_af_009,1,XGBoost,0.9819804430007935,1
mimic_perform_af_009,1,XGBoost,0.9997078776359558,1
mimic_perform_af_009,1,XGBoost,0.999631404876709,1
mimic_perform_af_009,1,XGBoost,0.9997308850288391,1
mimic_perform_af_009,1,XGBoost,0.9998257756233215,1
mimic_perform_af_009,1,XGBoost,0.9997313618659973,1
mimic_perform_af_009,1,XGBoost,0.9998698234558105,1
mimic_perform_af_009,1,XGBoost,0.9997580647468567,1
mimic_perform_af_009,1,XGBoost,0.9998486042022705,1
mimic_perform_af_009,1,XGBoost,0.9996050000190735,1
mimic_perform_af_009,1,XGBoost,0.9998607635498047,1
mimic_perform_af_009,1,XGBoost,0.9994328618049622,1
mimic_perform_af_009,1,XGBoost,0.9998125433921814,1
mimic_perform_af_009,1,XGBoost,0.9998279809951782,1
mimic_perform_af_009,1,XGBoost,0.9998182654380798,1
mimic_perform_af_009,1,XGBoost,0.9998722076416016,1
mimic_perform_af_009,1,XGBoost,0.9996519088745117,1
mimic_perform_af_009,1,XGBoost,0.9997918009757996,1
mimic_perform_af_009,1,XGBoost,0.9998049139976501,1
mimic_perform_af_009,1,XGBoost,0.9997981190681458,1
mimic_perform_af_009,1,XGBoost,0.9996044039726257,1
mimic_perform_af_009,1,XGBoost,0.998826801776886,1
mimic_perform_af_009,1,XGBoost,0.9993867874145508,1
mimic_perform_af_009,1,XGBoost,0.9995707869529724,1
mimic_perform_af_009,1,XGBoost,0.9998427629470825,1
mimic_perform_af_009,1,XGBoost,0.9998822212219238,1
mimic_perform_af_009,1,XGBoost,0.9996542930603027,1
mimic_perform_af_009,1,XGBoost,0.999710738658905,1
mimic_perform_af_009,1,XGBoost,0.9997726082801819,1
mimic_perform_af_009,1,XGBoost,0.9998286962509155,1
mimic_perform_af_009,1,XGBoost,0.9998514652252197,1
mimic_perform_af_009,1,XGBoost,0.9998217225074768,1
mimic_perform_af_009,1,XGBoost,0.9997829794883728,1
mimic_perform_af_009,1,XGBoost,0.9996633529663086,1
mimic_perform_af_009,1,XGBoost,0.9997866749763489,1
mimic_perform_af_009,1,XGBoost,0.9998959302902222,1
mimic_perform_af_009,1,XGBoost,0.9998102784156799,1
mimic_perform_af_009,1,XGBoost,0.9999116659164429,1
mimic_perform_af_009,1,XGBoost,0.9996296167373657,1
mimic_perform_af_009,1,XGBoost,0.9996670484542847,1
mimic_perform_af_009,1,XGBoost,0.9996083378791809,1
mimic_perform_af_009,1,XGBoost,0.9995051622390747,1
mimic_perform_af_009,1,XGBoost,0.9998217225074768,1
mimic_perform_af_009,1,XGBoost,0.9999020099639893,1
mimic_perform_af_009,1,XGBoost,0.9997842907905579,1
mimic_perform_af_009,1,XGBoost,0.9984422326087952,1
mimic_perform_af_009,1,XGBoost,0.9961937665939331,1
mimic_perform_af_009,1,XGBoost,0.9992349147796631,1
mimic_perform_af_009,1,XGBoost,0.9998088479042053,1
mimic_perform_af_009,1,XGBoost,0.9997161030769348,1
mimic_perform_af_009,1,XGBoost,0.9998416900634766,1
mimic_perform_af_009,1,XGBoost,0.9994256496429443,1
mimic_perform_af_009,1,XGBoost,0.9985997080802917,1
mimic_perform_af_009,1,XGBoost,0.9979891777038574,1
mimic_perform_af_009,1,XGBoost,0.9982426166534424,1
mimic_perform_af_009,1,XGBoost,0.9989629983901978,1
mimic_perform_af_009,1,XGBoost,0.9894171357154846,1
mimic_perform_af_009,1,XGBoost,0.9972147345542908,1
mimic_perform_af_009,1,XGBoost,0.5367988348007202,1
mimic_perform_af_009,1,XGBoost,0.9978919625282288,1
mimic_perform_af_009,1,XGBoost,0.9918652176856995,1
mimic_perform_af_009,1,XGBoost,0.9778956770896912,1
mimic_perform_af_009,1,XGBoost,0.990361213684082,1
mimic_perform_af_009,1,XGBoost,0.9656635522842407,1
mimic_perform_af_010,1,XGBoost,0.9953781366348267,1
mimic_perform_af_010,1,XGBoost,0.9992652535438538,1
mimic_perform_af_010,1,XGBoost,0.9963914752006531,1
mimic_perform_af_010,1,XGBoost,0.9977732300758362,1
mimic_perform_af_010,1,XGBoost,0.9634312987327576,1
mimic_perform_af_010,1,XGBoost,0.9935742020606995,1
mimic_perform_af_010,1,XGBoost,0.9919889569282532,1
mimic_perform_af_010,1,XGBoost,0.9961187839508057,1
mimic_perform_af_010,1,XGBoost,0.9825008511543274,1
mimic_perform_af_010,1,XGBoost,0.9980074763298035,1
mimic_perform_af_010,1,XGBoost,0.998742401599884,1
mimic_perform_af_010,1,XGBoost,0.9995575547218323,1
mimic_perform_af_010,1,XGBoost,0.9967071413993835,1
mimic_perform_af_010,1,XGBoost,0.9987518787384033,1
mimic_perform_af_010,1,XGBoost,0.9995070695877075,1
mimic_perform_af_010,1,XGBoost,0.9972673654556274,1
mimic_perform_af_010,1,XGBoost,0.9972568154335022,1
mimic_perform_af_010,1,XGBoost,0.8833007216453552,1
mimic_perform_af_010,1,XGBoost,0.9947909116744995,1
mimic_perform_af_010,1,XGBoost,0.9948847889900208,1
mimic_perform_af_010,1,XGBoost,0.9960832595825195,1
mimic_perform_af_010,1,XGBoost,0.921281099319458,1
mimic_perform_af_010,1,XGBoost,0.9950291514396667,1
mimic_perform_af_010,1,XGBoost,0.982194185256958,1
mimic_perform_af_010,1,XGBoost,0.9986149072647095,1
mimic_perform_af_010,1,XGBoost,0.952601969242096,1
mimic_perform_af_010,1,XGBoost,0.9768872261047363,1
mimic_perform_af_010,1,XGBoost,0.9520075917243958,1
mimic_perform_af_010,1,XGBoost,0.699120819568634,1
mimic_perform_af_010,1,XGBoost,0.9939296245574951,1
mimic_perform_af_010,1,XGBoost,0.9883987307548523,1
mimic_perform_af_010,1,XGBoost,0.9849763512611389,1
mimic_perform_af_010,1,XGBoost,0.9769269824028015,1
mimic_perform_af_010,1,XGBoost,0.9862430691719055,1
mimic_perform_af_010,1,XGBoost,0.9111125469207764,1
mimic_perform_af_010,1,XGBoost,0.9943191409111023,1
mimic_perform_af_010,1,XGBoost,0.9644628167152405,1
mimic_perform_af_010,1,XGBoost,0.9961354732513428,1
mimic_perform_af_010,1,XGBoost,0.9957791566848755,1
mimic_perform_af_010,1,XGBoost,0.9941933751106262,1
mimic_perform_af_010,1,XGBoost,0.38166266679763794,0
mimic_perform_af_010,1,XGBoost,0.2264588475227356,0
mimic_perform_af_010,1,XGBoost,0.7730584740638733,1
mimic_perform_af_010,1,XGBoost,0.15733608603477478,0
mimic_perform_af_010,1,XGBoost,0.3682330846786499,0
mimic_perform_af_010,1,XGBoost,0.9143818020820618,1
mimic_perform_af_010,1,XGBoost,0.9950665235519409,1
mimic_perform_af_010,1,XGBoost,0.9916342496871948,1
mimic_perform_af_010,1,XGBoost,0.9975816011428833,1
mimic_perform_af_010,1,XGBoost,0.996070146560669,1
mimic_perform_af_010,1,XGBoost,0.999406099319458,1
mimic_perform_af_010,1,XGBoost,0.9928417205810547,1
mimic_perform_af_010,1,XGBoost,0.9861243963241577,1
mimic_perform_af_010,1,XGBoost,0.9408610463142395,1
mimic_perform_af_010,1,XGBoost,0.9452669620513916,1
mimic_perform_af_010,1,XGBoost,0.9965497255325317,1
mimic_perform_af_010,1,XGBoost,0.9951072931289673,1
mimic_perform_af_010,1,XGBoost,0.8244074583053589,1
mimic_perform_af_010,1,XGBoost,0.9847529530525208,1
mimic_perform_af_010,1,XGBoost,0.9900915622711182,1
mimic_perform_af_010,1,XGBoost,0.9994408488273621,1
mimic_perform_af_010,1,XGBoost,0.9974184036254883,1
mimic_perform_af_010,1,XGBoost,0.9991113543510437,1
mimic_perform_af_010,1,XGBoost,0.981884241104126,1
mimic_perform_af_010,1,XGBoost,0.9989988207817078,1
mimic_perform_af_010,1,XGBoost,0.9986024498939514,1
mimic_perform_af_010,1,XGBoost,0.9971358776092529,1
mimic_perform_af_010,1,XGBoost,0.9989190101623535,1
mimic_perform_af_010,1,XGBoost,0.9985621571540833,1
mimic_perform_af_010,1,XGBoost,0.9988892674446106,1
mimic_perform_af_010,1,XGBoost,0.9982163310050964,1
mimic_perform_af_010,1,XGBoost,0.9796690344810486,1
mimic_perform_af_010,1,XGBoost,0.9932327270507812,1
mimic_perform_af_010,1,XGBoost,0.9938841462135315,1
mimic_perform_af_010,1,XGBoost,0.9964401125907898,1
mimic_perform_af_010,1,XGBoost,0.999164342880249,1
mimic_perform_af_010,1,XGBoost,0.9987214207649231,1
mimic_perform_af_010,1,XGBoost,0.9962037205696106,1
mimic_perform_af_010,1,XGBoost,0.9824073314666748,1
mimic_perform_af_010,1,XGBoost,0.9823878407478333,1
mimic_perform_af_010,1,XGBoost,0.9946343898773193,1
mimic_perform_af_010,1,XGBoost,0.9955125451087952,1
mimic_perform_af_010,1,XGBoost,0.9895100593566895,1
mimic_perform_af_010,1,XGBoost,0.996405839920044,1
mimic_perform_af_010,1,XGBoost,0.9979541301727295,1
mimic_perform_af_010,1,XGBoost,0.9889817833900452,1
mimic_perform_af_010,1,XGBoost,0.9914188385009766,1
mimic_perform_af_010,1,XGBoost,0.9976292252540588,1
mimic_perform_af_010,1,XGBoost,0.9965583682060242,1
mimic_perform_af_010,1,XGBoost,0.9952952265739441,1
mimic_perform_af_010,1,XGBoost,0.873820960521698,1
mimic_perform_af_010,1,XGBoost,0.9968114495277405,1
mimic_perform_af_010,1,XGBoost,0.9863494038581848,1
mimic_perform_af_010,1,XGBoost,0.9962407350540161,1
mimic_perform_af_010,1,XGBoost,0.9945216178894043,1
mimic_perform_af_010,1,XGBoost,0.9935747981071472,1
mimic_perform_af_010,1,XGBoost,0.9367390871047974,1
mimic_perform_af_010,1,XGBoost,0.6313794255256653,1
mimic_perform_af_010,1,XGBoost,0.7329582571983337,1
mimic_perform_af_010,1,XGBoost,0.07302002608776093,0
mimic_perform_af_010,1,XGBoost,0.44960299134254456,0
mimic_perform_af_010,1,XGBoost,0.8854327201843262,1
mimic_perform_af_010,1,XGBoost,0.033984869718551636,0
mimic_perform_af_010,1,XGBoost,0.0995887890458107,0
mimic_perform_af_010,1,XGBoost,0.26215142011642456,0
mimic_perform_af_010,1,XGBoost,0.8667894601821899,1
mimic_perform_af_010,1,XGBoost,0.992048442363739,1
mimic_perform_af_010,1,XGBoost,0.9605420827865601,1
mimic_perform_af_010,1,XGBoost,0.9933865666389465,1
mimic_perform_af_010,1,XGBoost,0.9976094961166382,1
mimic_perform_af_010,1,XGBoost,0.9986176490783691,1
mimic_perform_af_010,1,XGBoost,0.9969620108604431,1
mimic_perform_af_010,1,XGBoost,0.9976617097854614,1
mimic_perform_af_010,1,XGBoost,0.9844762682914734,1
mimic_perform_af_010,1,XGBoost,0.982207179069519,1
mimic_perform_af_010,1,XGBoost,0.9934149980545044,1
mimic_perform_af_010,1,XGBoost,0.9949601888656616,1
mimic_perform_af_010,1,XGBoost,0.9979456067085266,1
mimic_perform_af_011,1,XGBoost,0.9992067217826843,1
mimic_perform_af_011,1,XGBoost,0.999450147151947,1
mimic_perform_af_011,1,XGBoost,0.9998724460601807,1
mimic_perform_af_011,1,XGBoost,0.9996576309204102,1
mimic_perform_af_011,1,XGBoost,0.7153462171554565,1
mimic_perform_af_011,1,XGBoost,0.989250659942627,1
mimic_perform_af_011,1,XGBoost,0.9410556554794312,1
mimic_perform_af_011,1,XGBoost,0.9810762405395508,1
mimic_perform_af_011,1,XGBoost,0.9995476603507996,1
mimic_perform_af_011,1,XGBoost,0.9867957830429077,1
mimic_perform_af_011,1,XGBoost,0.99874347448349,1
mimic_perform_af_011,1,XGBoost,0.9884976148605347,1
mimic_perform_af_011,1,XGBoost,0.9959167838096619,1
mimic_perform_af_011,1,XGBoost,0.9918971657752991,1
mimic_perform_af_011,1,XGBoost,0.9996293783187866,1
mimic_perform_af_011,1,XGBoost,0.9995428323745728,1
mimic_perform_af_011,1,XGBoost,0.999733030796051,1
mimic_perform_af_011,1,XGBoost,0.9989258646965027,1
mimic_perform_af_011,1,XGBoost,0.999681830406189,1
mimic_perform_af_011,1,XGBoost,0.9995390176773071,1
mimic_perform_af_011,1,XGBoost,0.9998849630355835,1
mimic_perform_af_011,1,XGBoost,0.9998868703842163,1
mimic_perform_af_011,1,XGBoost,0.9989573955535889,1
mimic_perform_af_011,1,XGBoost,0.9998186230659485,1
mimic_perform_af_011,1,XGBoost,0.9995959401130676,1
mimic_perform_af_011,1,XGBoost,0.9986900687217712,1
mimic_perform_af_011,1,XGBoost,0.9323623776435852,1
mimic_perform_af_011,1,XGBoost,0.6589221358299255,1
mimic_perform_af_011,1,XGBoost,0.88557368516922,1
mimic_perform_af_011,1,XGBoost,0.8262020349502563,1
mimic_perform_af_011,1,XGBoost,0.9998337030410767,1
mimic_perform_af_011,1,XGBoost,0.9998940229415894,1
mimic_perform_af_011,1,XGBoost,0.9997879862785339,1
mimic_perform_af_011,1,XGBoost,0.9997947812080383,1
mimic_perform_af_011,1,XGBoost,0.9997668862342834,1
mimic_perform_af_011,1,XGBoost,0.9999210834503174,1
mimic_perform_af_011,1,XGBoost,0.9936026930809021,1
mimic_perform_af_011,1,XGBoost,0.9963696002960205,1
mimic_perform_af_011,1,XGBoost,0.9962109327316284,1
mimic_perform_af_011,1,XGBoost,0.7860817313194275,1
mimic_perform_af_011,1,XGBoost,0.8243563175201416,1
mimic_perform_af_011,1,XGBoost,0.752446174621582,1
mimic_perform_af_011,1,XGBoost,0.9997041821479797,1
mimic_perform_af_011,1,XGBoost,0.9996751546859741,1
mimic_perform_af_011,1,XGBoost,0.9995414018630981,1
mimic_perform_af_011,1,XGBoost,0.9998173117637634,1
mimic_perform_af_011,1,XGBoost,0.9995023012161255,1
mimic_perform_af_011,1,XGBoost,0.99969482421875,1
mimic_perform_af_011,1,XGBoost,0.9997382760047913,1
mimic_perform_af_011,1,XGBoost,0.9997519850730896,1
mimic_perform_af_011,1,XGBoost,0.9998601675033569,1
mimic_perform_af_011,1,XGBoost,0.9998534917831421,1
mimic_perform_af_011,1,XGBoost,0.9997183680534363,1
mimic_perform_af_011,1,XGBoost,0.9997480511665344,1
mimic_perform_af_011,1,XGBoost,0.9997574687004089,1
mimic_perform_af_011,1,XGBoost,0.999573290348053,1
mimic_perform_af_011,1,XGBoost,0.999809205532074,1
mimic_perform_af_011,1,XGBoost,0.9993084669113159,1
mimic_perform_af_011,1,XGBoost,0.9989111423492432,1
mimic_perform_af_011,1,XGBoost,0.9645847678184509,1
mimic_perform_af_011,1,XGBoost,0.9963608384132385,1
mimic_perform_af_011,1,XGBoost,0.9210851788520813,1
mimic_perform_af_011,1,XGBoost,0.9978613257408142,1
mimic_perform_af_011,1,XGBoost,0.9990085959434509,1
mimic_perform_af_011,1,XGBoost,0.9995304346084595,1
mimic_perform_af_011,1,XGBoost,0.9919140338897705,1
mimic_perform_af_011,1,XGBoost,0.9972454309463501,1
mimic_perform_af_011,1,XGBoost,0.920459508895874,1
mimic_perform_af_011,1,XGBoost,0.9998189806938171,1
mimic_perform_af_011,1,XGBoost,0.9997350573539734,1
mimic_perform_af_011,1,XGBoost,0.9996188879013062,1
mimic_perform_af_011,1,XGBoost,0.9948230981826782,1
mimic_perform_af_011,1,XGBoost,0.9976892471313477,1
mimic_perform_af_011,1,XGBoost,0.9847085475921631,1
mimic_perform_af_011,1,XGBoost,0.9919003248214722,1
mimic_perform_af_011,1,XGBoost,0.9988293051719666,1
mimic_perform_af_011,1,XGBoost,0.9998069405555725,1
mimic_perform_af_011,1,XGBoost,0.9998272061347961,1
mimic_perform_af_011,1,XGBoost,0.9996947050094604,1
mimic_perform_af_011,1,XGBoost,0.9997832179069519,1
mimic_perform_af_011,1,XGBoost,0.9821871519088745,1
mimic_perform_af_011,1,XGBoost,0.964264988899231,1
mimic_perform_af_011,1,XGBoost,0.9604471921920776,1
mimic_perform_af_011,1,XGBoost,0.9995399713516235,1
mimic_perform_af_011,1,XGBoost,0.9997877478599548,1
mimic_perform_af_011,1,XGBoost,0.999722421169281,1
mimic_perform_af_011,1,XGBoost,0.9995405673980713,1
mimic_perform_af_011,1,XGBoost,0.9966149926185608,1
mimic_perform_af_011,1,XGBoost,0.9882970452308655,1
mimic_perform_af_011,1,XGBoost,0.9994346499443054,1
mimic_perform_af_011,1,XGBoost,0.9998306035995483,1
mimic_perform_af_011,1,XGBoost,0.9998624324798584,1
mimic_perform_af_011,1,XGBoost,0.9810729026794434,1
mimic_perform_af_011,1,XGBoost,0.9732381105422974,1
mimic_perform_af_011,1,XGBoost,0.9822851419448853,1
mimic_perform_af_011,1,XGBoost,0.9979339838027954,1
mimic_perform_af_011,1,XGBoost,0.9987448453903198,1
mimic_perform_af_011,1,XGBoost,0.9968743324279785,1
mimic_perform_af_011,1,XGBoost,0.9994475245475769,1
mimic_perform_af_011,1,XGBoost,0.9998602867126465,1
mimic_perform_af_011,1,XGBoost,0.9858523607254028,1
mimic_perform_af_011,1,XGBoost,0.9908871650695801,1
mimic_perform_af_011,1,XGBoost,0.9813939332962036,1
mimic_perform_af_011,1,XGBoost,0.9921013712882996,1
mimic_perform_af_011,1,XGBoost,0.9746714234352112,1
mimic_perform_af_011,1,XGBoost,0.9954773783683777,1
mimic_perform_af_011,1,XGBoost,0.9962539672851562,1
mimic_perform_af_011,1,XGBoost,0.9997610449790955,1
mimic_perform_af_011,1,XGBoost,0.9991306662559509,1
mimic_perform_af_011,1,XGBoost,0.9976462721824646,1
mimic_perform_af_011,1,XGBoost,0.9981484413146973,1
mimic_perform_af_011,1,XGBoost,0.9981920123100281,1
mimic_perform_af_011,1,XGBoost,0.9997943043708801,1
mimic_perform_af_011,1,XGBoost,0.9994959831237793,1
mimic_perform_af_011,1,XGBoost,0.9999046325683594,1
mimic_perform_af_011,1,XGBoost,0.7391010522842407,1
mimic_perform_af_011,1,XGBoost,0.9797000288963318,1
mimic_perform_af_011,1,XGBoost,0.982097327709198,1
mimic_perform_af_012,1,XGBoost,0.9998983144760132,1
mimic_perform_af_012,1,XGBoost,0.9997439980506897,1
mimic_perform_af_012,1,XGBoost,0.9998670816421509,1
mimic_perform_af_012,1,XGBoost,0.9998483657836914,1
mimic_perform_af_012,1,XGBoost,0.9999041557312012,1
mimic_perform_af_012,1,XGBoost,0.9998699426651001,1
mimic_perform_af_012,1,XGBoost,0.9998763799667358,1
mimic_perform_af_012,1,XGBoost,0.9994778037071228,1
mimic_perform_af_012,1,XGBoost,0.9999032020568848,1
mimic_perform_af_012,1,XGBoost,0.9979289770126343,1
mimic_perform_af_012,1,XGBoost,0.9939157366752625,1
mimic_perform_af_012,1,XGBoost,0.9938249588012695,1
mimic_perform_af_012,1,XGBoost,0.9988340735435486,1
mimic_perform_af_012,1,XGBoost,0.999891996383667,1
mimic_perform_af_012,1,XGBoost,0.999607264995575,1
mimic_perform_af_012,1,XGBoost,0.9995274543762207,1
mimic_perform_af_012,1,XGBoost,0.9935852885246277,1
mimic_perform_af_012,1,XGBoost,0.9998072981834412,1
mimic_perform_af_012,1,XGBoost,0.9996508359909058,1
mimic_perform_af_012,1,XGBoost,0.9998099207878113,1
mimic_perform_af_012,1,XGBoost,0.9998608827590942,1
mimic_perform_af_012,1,XGBoost,0.999854326248169,1
mimic_perform_af_012,1,XGBoost,0.9996408224105835,1
mimic_perform_af_012,1,XGBoost,0.9981541037559509,1
mimic_perform_af_012,1,XGBoost,0.9619759321212769,1
mimic_perform_af_012,1,XGBoost,0.1373983770608902,0
mimic_perform_af_012,1,XGBoost,0.9990667700767517,1
mimic_perform_af_012,1,XGBoost,0.9996895790100098,1
mimic_perform_af_012,1,XGBoost,0.9999024868011475,1
mimic_perform_af_012,1,XGBoost,0.9999128580093384,1
mimic_perform_af_012,1,XGBoost,0.9997875094413757,1
mimic_perform_af_012,1,XGBoost,0.9989866614341736,1
mimic_perform_af_012,1,XGBoost,0.9975277781486511,1
mimic_perform_af_012,1,XGBoost,0.9998797178268433,1
mimic_perform_af_012,1,XGBoost,0.9997839331626892,1
mimic_perform_af_012,1,XGBoost,0.9998401403427124,1
mimic_perform_af_012,1,XGBoost,0.9998879432678223,1
mimic_perform_af_012,1,XGBoost,0.9998164772987366,1
mimic_perform_af_012,1,XGBoost,0.9999231100082397,1
mimic_perform_af_012,1,XGBoost,0.9998425245285034,1
mimic_perform_af_012,1,XGBoost,0.9672118425369263,1
mimic_perform_af_012,1,XGBoost,0.9997665286064148,1
mimic_perform_af_012,1,XGBoost,0.9997255206108093,1
mimic_perform_af_012,1,XGBoost,0.999824583530426,1
mimic_perform_af_012,1,XGBoost,0.9998679161071777,1
mimic_perform_af_012,1,XGBoost,0.9997331500053406,1
mimic_perform_af_012,1,XGBoost,0.9996076226234436,1
mimic_perform_af_012,1,XGBoost,0.9998733997344971,1
mimic_perform_af_012,1,XGBoost,0.9998610019683838,1
mimic_perform_af_012,1,XGBoost,0.9998317956924438,1
mimic_perform_af_012,1,XGBoost,0.9998088479042053,1
mimic_perform_af_012,1,XGBoost,0.999873161315918,1
mimic_perform_af_012,1,XGBoost,0.9998109936714172,1
mimic_perform_af_012,1,XGBoost,0.9997901320457458,1
mimic_perform_af_012,1,XGBoost,0.9998828172683716,1
mimic_perform_af_012,1,XGBoost,0.999893307685852,1
mimic_perform_af_012,1,XGBoost,0.9998742341995239,1
mimic_perform_af_012,1,XGBoost,0.9998968839645386,1
mimic_perform_af_012,1,XGBoost,0.9998912811279297,1
mimic_perform_af_012,1,XGBoost,0.9984632730484009,1
mimic_perform_af_012,1,XGBoost,0.9999152421951294,1
mimic_perform_af_012,1,XGBoost,0.9996525049209595,1
mimic_perform_af_012,1,XGBoost,0.9997887015342712,1
mimic_perform_af_012,1,XGBoost,0.9995030164718628,1
mimic_perform_af_012,1,XGBoost,0.9996483325958252,1
mimic_perform_af_012,1,XGBoost,0.9998456239700317,1
mimic_perform_af_012,1,XGBoost,0.9998811483383179,1
mimic_perform_af_012,1,XGBoost,0.9994100332260132,1
mimic_perform_af_012,1,XGBoost,0.9998492002487183,1
mimic_perform_af_012,1,XGBoost,0.9990668892860413,1
mimic_perform_af_012,1,XGBoost,0.9988476037979126,1
mimic_perform_af_012,1,XGBoost,0.9919998645782471,1
mimic_perform_af_012,1,XGBoost,0.998604953289032,1
mimic_perform_af_012,1,XGBoost,0.9998451471328735,1
mimic_perform_af_012,1,XGBoost,0.9998732805252075,1
mimic_perform_af_012,1,XGBoost,0.9999117851257324,1
mimic_perform_af_012,1,XGBoost,0.999852180480957,1
mimic_perform_af_012,1,XGBoost,0.9998356103897095,1
mimic_perform_af_012,1,XGBoost,0.9996814727783203,1
mimic_perform_af_012,1,XGBoost,0.998788058757782,1
mimic_perform_af_012,1,XGBoost,0.9996850490570068,1
mimic_perform_af_012,1,XGBoost,0.9997687935829163,1
mimic_perform_af_012,1,XGBoost,0.9998040795326233,1
mimic_perform_af_012,1,XGBoost,0.999881386756897,1
mimic_perform_af_012,1,XGBoost,0.9997952580451965,1
mimic_perform_af_012,1,XGBoost,0.9999030828475952,1
mimic_perform_af_012,1,XGBoost,0.9999094009399414,1
mimic_perform_af_012,1,XGBoost,0.999845027923584,1
mimic_perform_af_012,1,XGBoost,0.9997879862785339,1
mimic_perform_af_012,1,XGBoost,0.9998979568481445,1
mimic_perform_af_012,1,XGBoost,0.999782145023346,1
mimic_perform_af_012,1,XGBoost,0.9998905658721924,1
mimic_perform_af_012,1,XGBoost,0.9997225403785706,1
mimic_perform_af_012,1,XGBoost,0.9998219609260559,1
mimic_perform_af_012,1,XGBoost,0.9998875856399536,1
mimic_perform_af_012,1,XGBoost,0.9999163150787354,1
mimic_perform_af_012,1,XGBoost,0.9998900890350342,1
mimic_perform_af_012,1,XGBoost,0.9998579025268555,1
mimic_perform_af_012,1,XGBoost,0.9999082088470459,1
mimic_perform_af_012,1,XGBoost,0.9999067783355713,1
mimic_perform_af_012,1,XGBoost,0.9998401403427124,1
mimic_perform_af_012,1,XGBoost,0.9998834133148193,1
mimic_perform_af_012,1,XGBoost,0.9997915625572205,1
mimic_perform_af_012,1,XGBoost,0.9998952150344849,1
mimic_perform_af_012,1,XGBoost,0.9998725652694702,1
mimic_perform_af_012,1,XGBoost,0.9998940229415894,1
mimic_perform_af_012,1,XGBoost,0.9991981387138367,1
mimic_perform_af_012,1,XGBoost,0.9995136260986328,1
mimic_perform_af_012,1,XGBoost,0.9996532201766968,1
mimic_perform_af_012,1,XGBoost,0.9998140931129456,1
mimic_perform_af_012,1,XGBoost,0.9998793601989746,1
mimic_perform_af_012,1,XGBoost,0.9998217225074768,1
mimic_perform_af_012,1,XGBoost,0.9998975992202759,1
mimic_perform_af_012,1,XGBoost,0.9998865127563477,1
mimic_perform_af_012,1,XGBoost,0.929457426071167,1
mimic_perform_af_012,1,XGBoost,0.9506266117095947,1
mimic_perform_af_012,1,XGBoost,0.9479263424873352,1
mimic_perform_af_012,1,XGBoost,0.9998270869255066,1
mimic_perform_af_013,1,XGBoost,0.9958106279373169,1
mimic_perform_af_013,1,XGBoost,0.9930526614189148,1
mimic_perform_af_013,1,XGBoost,0.9994069337844849,1
mimic_perform_af_013,1,XGBoost,0.992584228515625,1
mimic_perform_af_013,1,XGBoost,0.998875081539154,1
mimic_perform_af_013,1,XGBoost,0.9968110918998718,1
mimic_perform_af_013,1,XGBoost,0.9838175773620605,1
mimic_perform_af_013,1,XGBoost,0.925957977771759,1
mimic_perform_af_013,1,XGBoost,0.9612970948219299,1
mimic_perform_af_013,1,XGBoost,0.6762450337409973,1
mimic_perform_af_013,1,XGBoost,0.988192617893219,1
mimic_perform_af_013,1,XGBoost,0.9591264128684998,1
mimic_perform_af_013,1,XGBoost,0.9992355108261108,1
mimic_perform_af_013,1,XGBoost,0.9754043221473694,1
mimic_perform_af_013,1,XGBoost,0.9917416572570801,1
mimic_perform_af_013,1,XGBoost,0.9954710006713867,1
mimic_perform_af_013,1,XGBoost,0.9983556866645813,1
mimic_perform_af_013,1,XGBoost,0.9745478630065918,1
mimic_perform_af_013,1,XGBoost,0.9284446835517883,1
mimic_perform_af_013,1,XGBoost,0.9844298362731934,1
mimic_perform_af_013,1,XGBoost,0.922635555267334,1
mimic_perform_af_013,1,XGBoost,0.9956186413764954,1
mimic_perform_af_013,1,XGBoost,0.9746901988983154,1
mimic_perform_af_013,1,XGBoost,0.8365040421485901,1
mimic_perform_af_013,1,XGBoost,0.9760529398918152,1
mimic_perform_af_013,1,XGBoost,0.9278935790061951,1
mimic_perform_af_013,1,XGBoost,0.9385843276977539,1
mimic_perform_af_013,1,XGBoost,0.8496087789535522,1
mimic_perform_af_013,1,XGBoost,0.8830077648162842,1
mimic_perform_af_013,1,XGBoost,0.9854176044464111,1
mimic_perform_af_013,1,XGBoost,0.8093117475509644,1
mimic_perform_af_013,1,XGBoost,0.8511850833892822,1
mimic_perform_af_013,1,XGBoost,0.9509597420692444,1
mimic_perform_af_013,1,XGBoost,0.982149064540863,1
mimic_perform_af_013,1,XGBoost,0.9895216226577759,1
mimic_perform_af_013,1,XGBoost,0.9521580934524536,1
mimic_perform_af_013,1,XGBoost,0.9769046306610107,1
mimic_perform_af_013,1,XGBoost,0.975093424320221,1
mimic_perform_af_013,1,XGBoost,0.9535771012306213,1
mimic_perform_af_013,1,XGBoost,0.960767388343811,1
mimic_perform_af_013,1,XGBoost,0.9556685090065002,1
mimic_perform_af_013,1,XGBoost,0.9017407894134521,1
mimic_perform_af_013,1,XGBoost,0.9909636974334717,1
mimic_perform_af_013,1,XGBoost,0.9278465509414673,1
mimic_perform_af_013,1,XGBoost,0.8124115467071533,1
mimic_perform_af_013,1,XGBoost,0.9955516457557678,1
mimic_perform_af_013,1,XGBoost,0.9991338849067688,1
mimic_perform_af_013,1,XGBoost,0.9995222091674805,1
mimic_perform_af_013,1,XGBoost,0.9692960381507874,1
mimic_perform_af_013,1,XGBoost,0.9306172132492065,1
mimic_perform_af_013,1,XGBoost,0.4544963240623474,0
mimic_perform_af_013,1,XGBoost,0.9356704950332642,1
mimic_perform_af_013,1,XGBoost,0.7924780249595642,1
mimic_perform_af_013,1,XGBoost,0.9906821250915527,1
mimic_perform_af_013,1,XGBoost,0.8760750889778137,1
mimic_perform_af_013,1,XGBoost,0.9921356439590454,1
mimic_perform_af_013,1,XGBoost,0.9994673132896423,1
mimic_perform_af_013,1,XGBoost,0.9961168766021729,1
mimic_perform_af_013,1,XGBoost,0.9939551949501038,1
mimic_perform_af_013,1,XGBoost,0.9162597060203552,1
mimic_perform_af_013,1,XGBoost,0.9920222759246826,1
mimic_perform_af_013,1,XGBoost,0.9974486231803894,1
mimic_perform_af_013,1,XGBoost,0.99937903881073,1
mimic_perform_af_013,1,XGBoost,0.999744713306427,1
mimic_perform_af_013,1,XGBoost,0.9707506895065308,1
mimic_perform_af_013,1,XGBoost,0.8271054029464722,1
mimic_perform_af_013,1,XGBoost,0.8343545198440552,1
mimic_perform_af_013,1,XGBoost,0.3118855953216553,0
mimic_perform_af_013,1,XGBoost,0.9424218535423279,1
mimic_perform_af_013,1,XGBoost,0.9288352131843567,1
mimic_perform_af_013,1,XGBoost,0.9762156009674072,1
mimic_perform_af_013,1,XGBoost,0.9404263496398926,1
mimic_perform_af_013,1,XGBoost,0.9872051477432251,1
mimic_perform_af_013,1,XGBoost,0.9776144027709961,1
mimic_perform_af_013,1,XGBoost,0.948841392993927,1
mimic_perform_af_013,1,XGBoost,0.765119194984436,1
mimic_perform_af_013,1,XGBoost,0.5462482571601868,1
mimic_perform_af_013,1,XGBoost,0.9614706039428711,1
mimic_perform_af_013,1,XGBoost,0.9799401164054871,1
mimic_perform_af_013,1,XGBoost,0.9917343854904175,1
mimic_perform_af_013,1,XGBoost,0.9887325763702393,1
mimic_perform_af_013,1,XGBoost,0.9962896108627319,1
mimic_perform_af_013,1,XGBoost,0.9959141612052917,1
mimic_perform_af_013,1,XGBoost,0.9960213303565979,1
mimic_perform_af_013,1,XGBoost,0.9410345554351807,1
mimic_perform_af_013,1,XGBoost,0.6553661823272705,1
mimic_perform_af_013,1,XGBoost,0.9553041458129883,1
mimic_perform_af_013,1,XGBoost,0.9884271025657654,1
mimic_perform_af_013,1,XGBoost,0.98830646276474,1
mimic_perform_af_013,1,XGBoost,0.9954732060432434,1
mimic_perform_af_013,1,XGBoost,0.9780122637748718,1
mimic_perform_af_013,1,XGBoost,0.9286156892776489,1
mimic_perform_af_013,1,XGBoost,0.8462867140769958,1
mimic_perform_af_013,1,XGBoost,0.36992722749710083,0
mimic_perform_af_013,1,XGBoost,0.9969410300254822,1
mimic_perform_af_013,1,XGBoost,0.9961249232292175,1
mimic_perform_af_013,1,XGBoost,0.998487114906311,1
mimic_perform_af_013,1,XGBoost,0.9189075827598572,1
mimic_perform_af_013,1,XGBoost,0.9653624892234802,1
mimic_perform_af_013,1,XGBoost,0.9009442329406738,1
mimic_perform_af_013,1,XGBoost,0.8676935434341431,1
mimic_perform_af_013,1,XGBoost,0.9502695202827454,1
mimic_perform_af_013,1,XGBoost,0.9092470407485962,1
mimic_perform_af_013,1,XGBoost,0.972370445728302,1
mimic_perform_af_013,1,XGBoost,0.8485363125801086,1
mimic_perform_af_013,1,XGBoost,0.9782462120056152,1
mimic_perform_af_013,1,XGBoost,0.9986806511878967,1
mimic_perform_af_013,1,XGBoost,0.9988577365875244,1
mimic_perform_af_013,1,XGBoost,0.9987290501594543,1
mimic_perform_af_013,1,XGBoost,0.9956220984458923,1
mimic_perform_af_013,1,XGBoost,0.9879572987556458,1
mimic_perform_af_013,1,XGBoost,0.9873741269111633,1
mimic_perform_af_013,1,XGBoost,0.9234218597412109,1
mimic_perform_af_013,1,XGBoost,0.9682485461235046,1
mimic_perform_af_013,1,XGBoost,0.9884379506111145,1
mimic_perform_af_013,1,XGBoost,0.9901768565177917,1
mimic_perform_af_013,1,XGBoost,0.9505810737609863,1
mimic_perform_af_013,1,XGBoost,0.584922194480896,1
mimic_perform_af_014,1,XGBoost,0.9989087581634521,1
mimic_perform_af_014,1,XGBoost,0.9989534616470337,1
mimic_perform_af_014,1,XGBoost,0.998691737651825,1
mimic_perform_af_014,1,XGBoost,0.9987986087799072,1
mimic_perform_af_014,1,XGBoost,0.9988099336624146,1
mimic_perform_af_014,1,XGBoost,0.9977553486824036,1
mimic_perform_af_014,1,XGBoost,0.9982491731643677,1
mimic_perform_af_014,1,XGBoost,0.998441755771637,1
mimic_perform_af_014,1,XGBoost,0.9988119602203369,1
mimic_perform_af_014,1,XGBoost,0.9989774227142334,1
mimic_perform_af_014,1,XGBoost,0.9989749193191528,1
mimic_perform_af_014,1,XGBoost,0.9988483190536499,1
mimic_perform_af_014,1,XGBoost,0.9989674091339111,1
mimic_perform_af_014,1,XGBoost,0.9970652461051941,1
mimic_perform_af_014,1,XGBoost,0.9989463686943054,1
mimic_perform_af_014,1,XGBoost,0.998601496219635,1
mimic_perform_af_014,1,XGBoost,0.9991269707679749,1
mimic_perform_af_014,1,XGBoost,0.99845290184021,1
mimic_perform_af_014,1,XGBoost,0.998670220375061,1
mimic_perform_af_014,1,XGBoost,0.9982522130012512,1
mimic_perform_af_014,1,XGBoost,0.9979934692382812,1
mimic_perform_af_014,1,XGBoost,0.998050332069397,1
mimic_perform_af_014,1,XGBoost,0.9986489415168762,1
mimic_perform_af_014,1,XGBoost,0.9983999133110046,1
mimic_perform_af_014,1,XGBoost,0.9984092116355896,1
mimic_perform_af_014,1,XGBoost,0.9984052777290344,1
mimic_perform_af_014,1,XGBoost,0.998219907283783,1
mimic_perform_af_014,1,XGBoost,0.9985505938529968,1
mimic_perform_af_014,1,XGBoost,0.9985900521278381,1
mimic_perform_af_014,1,XGBoost,0.9985193610191345,1
mimic_perform_af_014,1,XGBoost,0.9989259839057922,1
mimic_perform_af_014,1,XGBoost,0.9988675117492676,1
mimic_perform_af_014,1,XGBoost,0.9985378980636597,1
mimic_perform_af_014,1,XGBoost,0.9986819624900818,1
mimic_perform_af_014,1,XGBoost,0.998577356338501,1
mimic_perform_af_014,1,XGBoost,0.9986981153488159,1
mimic_perform_af_014,1,XGBoost,0.9985814094543457,1
mimic_perform_af_014,1,XGBoost,0.9983990788459778,1
mimic_perform_af_014,1,XGBoost,0.9978162050247192,1
mimic_perform_af_014,1,XGBoost,0.9984381794929504,1
mimic_perform_af_014,1,XGBoost,0.9980111122131348,1
mimic_perform_af_014,1,XGBoost,0.9953444600105286,1
mimic_perform_af_014,1,XGBoost,0.9970166683197021,1
mimic_perform_af_014,1,XGBoost,0.9948368072509766,1
mimic_perform_af_014,1,XGBoost,0.9985513091087341,1
mimic_perform_af_014,1,XGBoost,0.9987931251525879,1
mimic_perform_af_014,1,XGBoost,0.9982448816299438,1
mimic_perform_af_014,1,XGBoost,0.9979820251464844,1
mimic_perform_af_014,1,XGBoost,0.9986819624900818,1
mimic_perform_af_014,1,XGBoost,0.9985131621360779,1
mimic_perform_af_014,1,XGBoost,0.9989749193191528,1
mimic_perform_af_014,1,XGBoost,0.9990299940109253,1
mimic_perform_af_014,1,XGBoost,0.9988762736320496,1
mimic_perform_af_014,1,XGBoost,0.9987165927886963,1
mimic_perform_af_014,1,XGBoost,0.9989272952079773,1
mimic_perform_af_014,1,XGBoost,0.996702253818512,1
mimic_perform_af_014,1,XGBoost,0.998832643032074,1
mimic_perform_af_014,1,XGBoost,0.9977204203605652,1
mimic_perform_af_014,1,XGBoost,0.9979606866836548,1
mimic_perform_af_014,1,XGBoost,0.9956249594688416,1
mimic_perform_af_014,1,XGBoost,0.9983503818511963,1
mimic_perform_af_014,1,XGBoost,0.9987527132034302,1
mimic_perform_af_014,1,XGBoost,0.9982522130012512,1
mimic_perform_af_014,1,XGBoost,0.9987346529960632,1
mimic_perform_af_014,1,XGBoost,0.9985426664352417,1
mimic_perform_af_014,1,XGBoost,0.9989749193191528,1
mimic_perform_af_014,1,XGBoost,0.9989674091339111,1
mimic_perform_af_014,1,XGBoost,0.9988889098167419,1
mimic_perform_af_014,1,XGBoost,0.9987115859985352,1
mimic_perform_af_014,1,XGBoost,0.9957345128059387,1
mimic_perform_af_014,1,XGBoost,0.998322069644928,1
mimic_perform_af_014,1,XGBoost,0.998770534992218,1
mimic_perform_af_014,1,XGBoost,0.9982609152793884,1
mimic_perform_af_014,1,XGBoost,0.9984771609306335,1
mimic_perform_af_014,1,XGBoost,0.9977777600288391,1
mimic_perform_af_014,1,XGBoost,0.9985994696617126,1
mimic_perform_af_014,1,XGBoost,0.9982536435127258,1
mimic_perform_af_014,1,XGBoost,0.9984657764434814,1
mimic_perform_af_014,1,XGBoost,0.9986135959625244,1
mimic_perform_af_014,1,XGBoost,0.9979792237281799,1
mimic_perform_af_014,1,XGBoost,0.9982686042785645,1
mimic_perform_af_014,1,XGBoost,0.9981082677841187,1
mimic_perform_af_014,1,XGBoost,0.9989538192749023,1
mimic_perform_af_014,1,XGBoost,0.9956667423248291,1
mimic_perform_af_014,1,XGBoost,0.9912902116775513,1
mimic_perform_af_014,1,XGBoost,0.9600186944007874,1
mimic_perform_af_014,1,XGBoost,0.9370410442352295,1
mimic_perform_af_014,1,XGBoost,0.9425605535507202,1
mimic_perform_af_014,1,XGBoost,0.8658339381217957,1
mimic_perform_af_014,1,XGBoost,0.9990135431289673,1
mimic_perform_af_014,1,XGBoost,0.9981029033660889,1
mimic_perform_af_014,1,XGBoost,0.9989619255065918,1
mimic_perform_af_014,1,XGBoost,0.9495591521263123,1
mimic_perform_af_014,1,XGBoost,0.9610334038734436,1
mimic_perform_af_014,1,XGBoost,0.820476770401001,1
mimic_perform_af_014,1,XGBoost,0.9982820749282837,1
mimic_perform_af_014,1,XGBoost,0.9989463686943054,1
mimic_perform_af_014,1,XGBoost,0.9986101388931274,1
mimic_perform_af_014,1,XGBoost,0.9987223744392395,1
mimic_perform_af_014,1,XGBoost,0.9983183145523071,1
mimic_perform_af_014,1,XGBoost,0.993769109249115,1
mimic_perform_af_014,1,XGBoost,0.9986143112182617,1
mimic_perform_af_014,1,XGBoost,0.9984855055809021,1
mimic_perform_af_014,1,XGBoost,0.9986907839775085,1
mimic_perform_af_014,1,XGBoost,0.9982568621635437,1
mimic_perform_af_014,1,XGBoost,0.9985300302505493,1
mimic_perform_af_014,1,XGBoost,0.998646080493927,1
mimic_perform_af_014,1,XGBoost,0.9804530143737793,1
mimic_perform_af_014,1,XGBoost,0.9960182309150696,1
mimic_perform_af_014,1,XGBoost,0.9985952973365784,1
mimic_perform_af_014,1,XGBoost,0.9977280497550964,1
mimic_perform_af_014,1,XGBoost,0.995995283126831,1
mimic_perform_af_014,1,XGBoost,0.997380793094635,1
mimic_perform_af_014,1,XGBoost,0.997326135635376,1
mimic_perform_af_014,1,XGBoost,0.9988911747932434,1
mimic_perform_af_014,1,XGBoost,0.9989674091339111,1
mimic_perform_af_014,1,XGBoost,0.9985802173614502,1
mimic_perform_af_014,1,XGBoost,0.9953910112380981,1
mimic_perform_af_015,1,XGBoost,0.9838874936103821,1
mimic_perform_af_015,1,XGBoost,0.8659276962280273,1
mimic_perform_af_015,1,XGBoost,0.9782338738441467,1
mimic_perform_af_015,1,XGBoost,0.9893698692321777,1
mimic_perform_af_015,1,XGBoost,0.9869041442871094,1
mimic_perform_af_015,1,XGBoost,0.9633688926696777,1
mimic_perform_af_015,1,XGBoost,0.9980713725090027,1
mimic_perform_af_015,1,XGBoost,0.9985948204994202,1
mimic_perform_af_015,1,XGBoost,0.992262601852417,1
mimic_perform_af_015,1,XGBoost,0.9981294274330139,1
mimic_perform_af_015,1,XGBoost,0.9833542704582214,1
mimic_perform_af_015,1,XGBoost,0.9860813617706299,1
mimic_perform_af_015,1,XGBoost,0.9655971527099609,1
mimic_perform_af_015,1,XGBoost,0.9573258757591248,1
mimic_perform_af_015,1,XGBoost,0.8476587533950806,1
mimic_perform_af_015,1,XGBoost,0.9494199156761169,1
mimic_perform_af_015,1,XGBoost,0.9627371430397034,1
mimic_perform_af_015,1,XGBoost,0.9909052848815918,1
mimic_perform_af_015,1,XGBoost,0.9866968989372253,1
mimic_perform_af_015,1,XGBoost,0.9822829365730286,1
mimic_perform_af_015,1,XGBoost,0.9922893643379211,1
mimic_perform_af_015,1,XGBoost,0.9804477691650391,1
mimic_perform_af_015,1,XGBoost,0.9883432984352112,1
mimic_perform_af_015,1,XGBoost,0.9936834573745728,1
mimic_perform_af_015,1,XGBoost,0.993415117263794,1
mimic_perform_af_015,1,XGBoost,0.9981783628463745,1
mimic_perform_af_015,1,XGBoost,0.9953822493553162,1
mimic_perform_af_015,1,XGBoost,0.9952831864356995,1
mimic_perform_af_015,1,XGBoost,0.7039423584938049,1
mimic_perform_af_015,1,XGBoost,0.9930062294006348,1
mimic_perform_af_015,1,XGBoost,0.9920905828475952,1
mimic_perform_af_015,1,XGBoost,0.9974209070205688,1
mimic_perform_af_015,1,XGBoost,0.993488073348999,1
mimic_perform_af_015,1,XGBoost,0.9973775148391724,1
mimic_perform_af_015,1,XGBoost,0.9954575300216675,1
mimic_perform_af_015,1,XGBoost,0.9946492314338684,1
mimic_perform_af_015,1,XGBoost,0.9980078339576721,1
mimic_perform_af_015,1,XGBoost,0.9817298650741577,1
mimic_perform_af_015,1,XGBoost,0.9986128807067871,1
mimic_perform_af_015,1,XGBoost,0.9828516244888306,1
mimic_perform_af_015,1,XGBoost,0.9962443113327026,1
mimic_perform_af_015,1,XGBoost,0.06600687652826309,0
mimic_perform_af_015,1,XGBoost,0.41162410378456116,0
mimic_perform_af_015,1,XGBoost,0.9743621349334717,1
mimic_perform_af_015,1,XGBoost,0.9769101142883301,1
mimic_perform_af_015,1,XGBoost,0.9508149027824402,1
mimic_perform_af_015,1,XGBoost,0.9952787160873413,1
mimic_perform_af_015,1,XGBoost,0.996510922908783,1
mimic_perform_af_015,1,XGBoost,0.9989951252937317,1
mimic_perform_af_015,1,XGBoost,0.9874946475028992,1
mimic_perform_af_015,1,XGBoost,0.9836239814758301,1
mimic_perform_af_015,1,XGBoost,0.9788378477096558,1
mimic_perform_af_015,1,XGBoost,0.9961845278739929,1
mimic_perform_af_015,1,XGBoost,0.9917287230491638,1
mimic_perform_af_015,1,XGBoost,0.9966527819633484,1
mimic_perform_af_015,1,XGBoost,0.99737548828125,1
mimic_perform_af_015,1,XGBoost,0.011146430857479572,0
mimic_perform_af_015,1,XGBoost,0.9453451633453369,1
mimic_perform_af_015,1,XGBoost,0.9971518516540527,1
mimic_perform_af_015,1,XGBoost,0.9873130917549133,1
mimic_perform_af_015,1,XGBoost,0.8807287216186523,1
mimic_perform_af_015,1,XGBoost,0.8573102951049805,1
mimic_perform_af_015,1,XGBoost,0.985689640045166,1
mimic_perform_af_015,1,XGBoost,0.9980350136756897,1
mimic_perform_af_015,1,XGBoost,0.9967622756958008,1
mimic_perform_af_015,1,XGBoost,0.9991713762283325,1
mimic_perform_af_015,1,XGBoost,0.9982542395591736,1
mimic_perform_af_015,1,XGBoost,0.9615074992179871,1
mimic_perform_af_015,1,XGBoost,0.9964165687561035,1
mimic_perform_af_015,1,XGBoost,0.9696307182312012,1
mimic_perform_af_015,1,XGBoost,0.9880239367485046,1
mimic_perform_af_015,1,XGBoost,0.9934353828430176,1
mimic_perform_af_015,1,XGBoost,0.9915044903755188,1
mimic_perform_af_015,1,XGBoost,0.9847762584686279,1
mimic_perform_af_015,1,XGBoost,0.75567626953125,1
mimic_perform_af_015,1,XGBoost,0.9974231719970703,1
mimic_perform_af_015,1,XGBoost,0.9990265369415283,1
mimic_perform_af_015,1,XGBoost,0.9394403100013733,1
mimic_perform_af_015,1,XGBoost,0.9901095628738403,1
mimic_perform_af_015,1,XGBoost,0.9924755692481995,1
mimic_perform_af_015,1,XGBoost,0.9849023222923279,1
mimic_perform_af_015,1,XGBoost,0.9716653823852539,1
mimic_perform_af_015,1,XGBoost,0.9988226294517517,1
mimic_perform_af_015,1,XGBoost,0.9841697216033936,1
mimic_perform_af_015,1,XGBoost,0.9810805916786194,1
mimic_perform_af_015,1,XGBoost,0.26164427399635315,0
mimic_perform_af_015,1,XGBoost,0.940351128578186,1
mimic_perform_af_015,1,XGBoost,0.9882317185401917,1
mimic_perform_af_015,1,XGBoost,0.9731587767601013,1
mimic_perform_af_015,1,XGBoost,0.9628700613975525,1
mimic_perform_af_015,1,XGBoost,0.9944826364517212,1
mimic_perform_af_015,1,XGBoost,0.9994382262229919,1
mimic_perform_af_015,1,XGBoost,0.9666526913642883,1
mimic_perform_af_015,1,XGBoost,0.9930597543716431,1
mimic_perform_af_015,1,XGBoost,0.9775328040122986,1
mimic_perform_af_015,1,XGBoost,0.9969078898429871,1
mimic_perform_af_015,1,XGBoost,0.9926113486289978,1
mimic_perform_af_015,1,XGBoost,0.9944478273391724,1
mimic_perform_af_015,1,XGBoost,0.9793924689292908,1
mimic_perform_af_015,1,XGBoost,0.9968252182006836,1
mimic_perform_af_015,1,XGBoost,0.980350136756897,1
mimic_perform_af_015,1,XGBoost,0.9901543855667114,1
mimic_perform_af_015,1,XGBoost,0.990875244140625,1
mimic_perform_af_015,1,XGBoost,0.9906824827194214,1
mimic_perform_af_015,1,XGBoost,0.9961899518966675,1
mimic_perform_af_015,1,XGBoost,0.9767301678657532,1
mimic_perform_af_015,1,XGBoost,0.006293279584497213,0
mimic_perform_af_015,1,XGBoost,0.023920467123389244,0
mimic_perform_af_015,1,XGBoost,0.6904221177101135,1
mimic_perform_af_015,1,XGBoost,0.9638135433197021,1
mimic_perform_af_015,1,XGBoost,0.9859399795532227,1
mimic_perform_af_015,1,XGBoost,0.999114453792572,1
mimic_perform_af_015,1,XGBoost,0.9990054965019226,1
mimic_perform_af_015,1,XGBoost,0.9997102618217468,1
mimic_perform_af_015,1,XGBoost,0.9963776469230652,1
mimic_perform_af_015,1,XGBoost,0.983727216720581,1
mimic_perform_af_015,1,XGBoost,0.9512283802032471,1
mimic_perform_af_015,1,XGBoost,0.9979552030563354,1
mimic_perform_af_016,1,XGBoost,0.9985910058021545,1
mimic_perform_af_016,1,XGBoost,0.9991369843482971,1
mimic_perform_af_016,1,XGBoost,0.9993278980255127,1
mimic_perform_af_016,1,XGBoost,0.9997351765632629,1
mimic_perform_af_016,1,XGBoost,0.9997542500495911,1
mimic_perform_af_016,1,XGBoost,0.9997270703315735,1
mimic_perform_af_016,1,XGBoost,0.9994199275970459,1
mimic_perform_af_016,1,XGBoost,0.9994847774505615,1
mimic_perform_af_016,1,XGBoost,0.9993661046028137,1
mimic_perform_af_016,1,XGBoost,0.9995550513267517,1
mimic_perform_af_016,1,XGBoost,0.9997649788856506,1
mimic_perform_af_016,1,XGBoost,0.999842643737793,1
mimic_perform_af_016,1,XGBoost,0.9998205304145813,1
mimic_perform_af_016,1,XGBoost,0.9521427154541016,1
mimic_perform_af_016,1,XGBoost,0.9477124214172363,1
mimic_perform_af_016,1,XGBoost,0.003502889070659876,0
mimic_perform_af_016,1,XGBoost,0.004246721509844065,0
mimic_perform_af_016,1,XGBoost,0.0019952005241066217,0
mimic_perform_af_016,1,XGBoost,0.9583170413970947,1
mimic_perform_af_016,1,XGBoost,0.5043148398399353,1
mimic_perform_af_016,1,XGBoost,0.9994138479232788,1
mimic_perform_af_016,1,XGBoost,0.9994066953659058,1
mimic_perform_af_016,1,XGBoost,0.9994140863418579,1
mimic_perform_af_016,1,XGBoost,0.9992167949676514,1
mimic_perform_af_016,1,XGBoost,0.9995865225791931,1
mimic_perform_af_016,1,XGBoost,0.9998010993003845,1
mimic_perform_af_016,1,XGBoost,0.9998157620429993,1
mimic_perform_af_016,1,XGBoost,0.9997809529304504,1
mimic_perform_af_016,1,XGBoost,0.9992907047271729,1
mimic_perform_af_016,1,XGBoost,0.9979599714279175,1
mimic_perform_af_016,1,XGBoost,0.9110782146453857,1
mimic_perform_af_016,1,XGBoost,0.9975962042808533,1
mimic_perform_af_016,1,XGBoost,0.9996629953384399,1
mimic_perform_af_016,1,XGBoost,0.9998180270195007,1
mimic_perform_af_016,1,XGBoost,0.999586284160614,1
mimic_perform_af_016,1,XGBoost,0.999505877494812,1
mimic_perform_af_016,1,XGBoost,0.9982169270515442,1
mimic_perform_af_016,1,XGBoost,0.9996778964996338,1
mimic_perform_af_016,1,XGBoost,0.999727189540863,1
mimic_perform_af_016,1,XGBoost,0.9996447563171387,1
mimic_perform_af_016,1,XGBoost,0.9995508790016174,1
mimic_perform_af_016,1,XGBoost,0.9996036887168884,1
mimic_perform_af_016,1,XGBoost,0.9996685981750488,1
mimic_perform_af_016,1,XGBoost,0.9998685121536255,1
mimic_perform_af_016,1,XGBoost,0.9960079193115234,1
mimic_perform_af_016,1,XGBoost,0.9995606541633606,1
mimic_perform_af_016,1,XGBoost,0.9992250204086304,1
mimic_perform_af_016,1,XGBoost,0.9988688826560974,1
mimic_perform_af_016,1,XGBoost,0.9997462630271912,1
mimic_perform_af_016,1,XGBoost,0.9990324974060059,1
mimic_perform_af_016,1,XGBoost,0.999702513217926,1
mimic_perform_af_016,1,XGBoost,0.999546468257904,1
mimic_perform_af_016,1,XGBoost,0.9991855025291443,1
mimic_perform_af_016,1,XGBoost,0.9980533123016357,1
mimic_perform_af_016,1,XGBoost,0.9991859793663025,1
mimic_perform_af_016,1,XGBoost,0.9994840621948242,1
mimic_perform_af_016,1,XGBoost,0.9986541271209717,1
mimic_perform_af_016,1,XGBoost,0.9992074370384216,1
mimic_perform_af_016,1,XGBoost,0.9992586970329285,1
mimic_perform_af_016,1,XGBoost,0.9993971586227417,1
mimic_perform_af_016,1,XGBoost,0.9994828701019287,1
mimic_perform_af_016,1,XGBoost,0.9995667338371277,1
mimic_perform_af_016,1,XGBoost,0.9993863105773926,1
mimic_perform_af_016,1,XGBoost,0.9996919631958008,1
mimic_perform_af_016,1,XGBoost,0.9995123147964478,1
mimic_perform_af_016,1,XGBoost,0.999258816242218,1
mimic_perform_af_016,1,XGBoost,0.999316930770874,1
mimic_perform_af_016,1,XGBoost,0.9996559619903564,1
mimic_perform_af_016,1,XGBoost,0.9994893074035645,1
mimic_perform_af_016,1,XGBoost,0.9995576739311218,1
mimic_perform_af_016,1,XGBoost,0.9995631575584412,1
mimic_perform_af_016,1,XGBoost,0.9995736479759216,1
mimic_perform_af_016,1,XGBoost,0.9988688826560974,1
mimic_perform_af_016,1,XGBoost,0.9996684789657593,1
mimic_perform_af_016,1,XGBoost,0.9997370839118958,1
mimic_perform_af_016,1,XGBoost,0.999815046787262,1
mimic_perform_af_016,1,XGBoost,0.999800980091095,1
mimic_perform_af_016,1,XGBoost,0.999811589717865,1
mimic_perform_af_016,1,XGBoost,0.9997603297233582,1
mimic_perform_af_016,1,XGBoost,0.9995158910751343,1
mimic_perform_af_016,1,XGBoost,0.9997532963752747,1
mimic_perform_af_016,1,XGBoost,0.9998189806938171,1
mimic_perform_af_016,1,XGBoost,0.9998823404312134,1
mimic_perform_af_016,1,XGBoost,0.9997386336326599,1
mimic_perform_af_016,1,XGBoost,0.9994671940803528,1
mimic_perform_af_016,1,XGBoost,0.9994070529937744,1
mimic_perform_af_016,1,XGBoost,0.9998308420181274,1
mimic_perform_af_016,1,XGBoost,0.9986960291862488,1
mimic_perform_af_016,1,XGBoost,0.9995573163032532,1
mimic_perform_af_016,1,XGBoost,0.9992225170135498,1
mimic_perform_af_016,1,XGBoost,0.9921183586120605,1
mimic_perform_af_016,1,XGBoost,0.5313076376914978,1
mimic_perform_af_016,1,XGBoost,0.8454126715660095,1
mimic_perform_af_016,1,XGBoost,0.987967848777771,1
mimic_perform_af_016,1,XGBoost,0.9859337210655212,1
mimic_perform_af_016,1,XGBoost,0.9958047270774841,1
mimic_perform_af_016,1,XGBoost,0.9998338222503662,1
mimic_perform_af_016,1,XGBoost,0.99982088804245,1
mimic_perform_af_016,1,XGBoost,0.9996999502182007,1
mimic_perform_af_016,1,XGBoost,0.9348880052566528,1
mimic_perform_af_016,1,XGBoost,0.8682767748832703,1
mimic_perform_af_016,1,XGBoost,0.9603124856948853,1
mimic_perform_af_016,1,XGBoost,0.605063259601593,1
mimic_perform_af_016,1,XGBoost,0.999849796295166,1
mimic_perform_af_016,1,XGBoost,0.9997249245643616,1
mimic_perform_af_016,1,XGBoost,0.9997236132621765,1
mimic_perform_af_016,1,XGBoost,0.9998569488525391,1
mimic_perform_af_016,1,XGBoost,0.9998188614845276,1
mimic_perform_af_016,1,XGBoost,0.2626946270465851,0
mimic_perform_af_016,1,XGBoost,0.9971988201141357,1
mimic_perform_af_016,1,XGBoost,0.9954612851142883,1
mimic_perform_af_016,1,XGBoost,0.9996829032897949,1
mimic_perform_af_016,1,XGBoost,0.9997856020927429,1
mimic_perform_af_016,1,XGBoost,0.9997547268867493,1
mimic_perform_af_016,1,XGBoost,0.998916745185852,1
mimic_perform_af_016,1,XGBoost,0.9989945292472839,1
mimic_perform_af_016,1,XGBoost,0.9998146891593933,1
mimic_perform_af_016,1,XGBoost,0.9997991919517517,1
mimic_perform_af_017,1,XGBoost,0.9995903372764587,1
mimic_perform_af_017,1,XGBoost,0.9988608360290527,1
mimic_perform_af_017,1,XGBoost,0.989569365978241,1
mimic_perform_af_017,1,XGBoost,0.9704297184944153,1
mimic_perform_af_017,1,XGBoost,0.999314546585083,1
mimic_perform_af_017,1,XGBoost,0.9994742274284363,1
mimic_perform_af_017,1,XGBoost,0.999001681804657,1
mimic_perform_af_017,1,XGBoost,0.9961330890655518,1
mimic_perform_af_017,1,XGBoost,0.9990938901901245,1
mimic_perform_af_017,1,XGBoost,0.9990487694740295,1
mimic_perform_af_017,1,XGBoost,0.9989833235740662,1
mimic_perform_af_017,1,XGBoost,0.9997033476829529,1
mimic_perform_af_017,1,XGBoost,0.999636173248291,1
mimic_perform_af_017,1,XGBoost,0.9973377585411072,1
mimic_perform_af_017,1,XGBoost,0.9898607730865479,1
mimic_perform_af_017,1,XGBoost,0.9981665015220642,1
mimic_perform_af_017,1,XGBoost,0.9981141090393066,1
mimic_perform_af_017,1,XGBoost,0.9963701963424683,1
mimic_perform_af_017,1,XGBoost,0.9998027682304382,1
mimic_perform_af_017,1,XGBoost,0.9997591376304626,1
mimic_perform_af_017,1,XGBoost,0.9997629523277283,1
mimic_perform_af_017,1,XGBoost,0.9997910857200623,1
mimic_perform_af_017,1,XGBoost,0.9997739195823669,1
mimic_perform_af_017,1,XGBoost,0.9970448613166809,1
mimic_perform_af_017,1,XGBoost,0.9942445158958435,1
mimic_perform_af_017,1,XGBoost,0.9889200329780579,1
mimic_perform_af_017,1,XGBoost,0.9993830919265747,1
mimic_perform_af_017,1,XGBoost,0.9996970891952515,1
mimic_perform_af_017,1,XGBoost,0.9998737573623657,1
mimic_perform_af_017,1,XGBoost,0.9997249245643616,1
mimic_perform_af_017,1,XGBoost,0.9927456974983215,1
mimic_perform_af_017,1,XGBoost,0.998749852180481,1
mimic_perform_af_017,1,XGBoost,0.9990454316139221,1
mimic_perform_af_017,1,XGBoost,0.9997828602790833,1
mimic_perform_af_017,1,XGBoost,0.9958682060241699,1
mimic_perform_af_017,1,XGBoost,0.9950140118598938,1
mimic_perform_af_017,1,XGBoost,0.998502254486084,1
mimic_perform_af_017,1,XGBoost,0.9968383312225342,1
mimic_perform_af_017,1,XGBoost,0.9660025835037231,1
mimic_perform_af_017,1,XGBoost,0.9822230339050293,1
mimic_perform_af_017,1,XGBoost,0.9853615760803223,1
mimic_perform_af_017,1,XGBoost,0.9937834739685059,1
mimic_perform_af_017,1,XGBoost,0.9996618032455444,1
mimic_perform_af_017,1,XGBoost,0.9996887445449829,1
mimic_perform_af_017,1,XGBoost,0.99983811378479,1
mimic_perform_af_017,1,XGBoost,0.9998049139976501,1
mimic_perform_af_017,1,XGBoost,0.9984765648841858,1
mimic_perform_af_017,1,XGBoost,0.9968659281730652,1
mimic_perform_af_017,1,XGBoost,0.9977987408638,1
mimic_perform_af_017,1,XGBoost,0.9961953163146973,1
mimic_perform_af_017,1,XGBoost,0.9983891248703003,1
mimic_perform_af_017,1,XGBoost,0.9990975856781006,1
mimic_perform_af_017,1,XGBoost,0.9980880618095398,1
mimic_perform_af_017,1,XGBoost,0.9996819496154785,1
mimic_perform_af_017,1,XGBoost,0.999832034111023,1
mimic_perform_af_017,1,XGBoost,0.9992031455039978,1
mimic_perform_af_017,1,XGBoost,0.9995336532592773,1
mimic_perform_af_017,1,XGBoost,0.999301552772522,1
mimic_perform_af_017,1,XGBoost,0.9994515776634216,1
mimic_perform_af_017,1,XGBoost,0.9994182586669922,1
mimic_perform_af_017,1,XGBoost,0.9973767995834351,1
mimic_perform_af_017,1,XGBoost,0.9996205568313599,1
mimic_perform_af_017,1,XGBoost,0.9995483756065369,1
mimic_perform_af_017,1,XGBoost,0.9998350143432617,1
mimic_perform_af_017,1,XGBoost,0.9997631907463074,1
mimic_perform_af_017,1,XGBoost,0.9994454979896545,1
mimic_perform_af_017,1,XGBoost,0.9995508790016174,1
mimic_perform_af_017,1,XGBoost,0.9995898604393005,1
mimic_perform_af_017,1,XGBoost,0.9996703863143921,1
mimic_perform_af_017,1,XGBoost,0.9994845390319824,1
mimic_perform_af_017,1,XGBoost,0.9983488321304321,1
mimic_perform_af_017,1,XGBoost,0.9989271759986877,1
mimic_perform_af_017,1,XGBoost,0.9988952279090881,1
mimic_perform_af_017,1,XGBoost,0.9987947940826416,1
mimic_perform_af_017,1,XGBoost,0.999653697013855,1
mimic_perform_af_017,1,XGBoost,0.9997262358665466,1
mimic_perform_af_017,1,XGBoost,0.999786913394928,1
mimic_perform_af_017,1,XGBoost,0.9997532963752747,1
mimic_perform_af_017,1,XGBoost,0.999760091304779,1
mimic_perform_af_017,1,XGBoost,0.9997013211250305,1
mimic_perform_af_017,1,XGBoost,0.9997772574424744,1
mimic_perform_af_017,1,XGBoost,0.9997321963310242,1
mimic_perform_af_017,1,XGBoost,0.9994681477546692,1
mimic_perform_af_017,1,XGBoost,0.9996602535247803,1
mimic_perform_af_017,1,XGBoost,0.999548614025116,1
mimic_perform_af_017,1,XGBoost,0.9994004964828491,1
mimic_perform_af_017,1,XGBoost,0.9996863603591919,1
mimic_perform_af_017,1,XGBoost,0.9996672868728638,1
mimic_perform_af_017,1,XGBoost,0.9954060316085815,1
mimic_perform_af_017,1,XGBoost,0.9809117317199707,1
mimic_perform_af_017,1,XGBoost,0.7030972242355347,1
mimic_perform_af_017,1,XGBoost,0.9919529557228088,1
mimic_perform_af_017,1,XGBoost,0.9997381567955017,1
mimic_perform_af_017,1,XGBoost,0.9997404217720032,1
mimic_perform_af_017,1,XGBoost,0.9998949766159058,1
mimic_perform_af_017,1,XGBoost,0.999752938747406,1
mimic_perform_af_017,1,XGBoost,0.9994589686393738,1
mimic_perform_af_017,1,XGBoost,0.9991980195045471,1
mimic_perform_af_017,1,XGBoost,0.9993144273757935,1
mimic_perform_af_017,1,XGBoost,0.9994100332260132,1
mimic_perform_af_017,1,XGBoost,0.9932178854942322,1
mimic_perform_af_017,1,XGBoost,0.9895798563957214,1
mimic_perform_af_017,1,XGBoost,0.9926526546478271,1
mimic_perform_af_017,1,XGBoost,0.9936324954032898,1
mimic_perform_af_017,1,XGBoost,0.9937189817428589,1
mimic_perform_af_017,1,XGBoost,0.9994826316833496,1
mimic_perform_af_017,1,XGBoost,0.9939262270927429,1
mimic_perform_af_017,1,XGBoost,0.9978773593902588,1
mimic_perform_af_017,1,XGBoost,0.9719342589378357,1
mimic_perform_af_017,1,XGBoost,0.996601939201355,1
mimic_perform_af_017,1,XGBoost,0.9730269312858582,1
mimic_perform_af_017,1,XGBoost,0.533619225025177,1
mimic_perform_af_017,1,XGBoost,0.9995143413543701,1
mimic_perform_af_017,1,XGBoost,0.004785480909049511,0
mimic_perform_af_017,1,XGBoost,0.00019501907809171826,0
mimic_perform_af_017,1,XGBoost,0.00023493502521887422,0
mimic_perform_af_017,1,XGBoost,0.0003171006974298507,0
mimic_perform_af_017,1,XGBoost,0.0003381916612852365,0
mimic_perform_af_018,1,XGBoost,0.9991968274116516,1
mimic_perform_af_018,1,XGBoost,0.9969218373298645,1
mimic_perform_af_018,1,XGBoost,0.9970266222953796,1
mimic_perform_af_018,1,XGBoost,0.9969857335090637,1
mimic_perform_af_018,1,XGBoost,0.9982701539993286,1
mimic_perform_af_018,1,XGBoost,0.9998090863227844,1
mimic_perform_af_018,1,XGBoost,0.9998769760131836,1
mimic_perform_af_018,1,XGBoost,0.9998530149459839,1
mimic_perform_af_018,1,XGBoost,0.9998161196708679,1
mimic_perform_af_018,1,XGBoost,0.9998766183853149,1
mimic_perform_af_018,1,XGBoost,0.9998430013656616,1
mimic_perform_af_018,1,XGBoost,0.9997970461845398,1
mimic_perform_af_018,1,XGBoost,0.99982750415802,1
mimic_perform_af_018,1,XGBoost,0.9997546076774597,1
mimic_perform_af_018,1,XGBoost,0.9998441934585571,1
mimic_perform_af_018,1,XGBoost,0.9993515610694885,1
mimic_perform_af_018,1,XGBoost,0.9997877478599548,1
mimic_perform_af_018,1,XGBoost,0.9994321465492249,1
mimic_perform_af_018,1,XGBoost,0.9998369216918945,1
mimic_perform_af_018,1,XGBoost,0.9997816681861877,1
mimic_perform_af_018,1,XGBoost,0.9997950196266174,1
mimic_perform_af_018,1,XGBoost,0.9998078942298889,1
mimic_perform_af_018,1,XGBoost,0.9989621639251709,1
mimic_perform_af_018,1,XGBoost,0.999268114566803,1
mimic_perform_af_018,1,XGBoost,0.9984768033027649,1
mimic_perform_af_018,1,XGBoost,0.992238461971283,1
mimic_perform_af_018,1,XGBoost,0.9937264919281006,1
mimic_perform_af_018,1,XGBoost,0.3315427303314209,0
mimic_perform_af_018,1,XGBoost,0.9911694526672363,1
mimic_perform_af_018,1,XGBoost,0.9635500311851501,1
mimic_perform_af_018,1,XGBoost,0.9995291233062744,1
mimic_perform_af_018,1,XGBoost,0.9996886253356934,1
mimic_perform_af_018,1,XGBoost,0.999815046787262,1
mimic_perform_af_018,1,XGBoost,0.9997350573539734,1
mimic_perform_af_018,1,XGBoost,0.999693751335144,1
mimic_perform_af_018,1,XGBoost,0.9996267557144165,1
mimic_perform_af_018,1,XGBoost,0.9997983574867249,1
mimic_perform_af_018,1,XGBoost,0.9993569254875183,1
mimic_perform_af_018,1,XGBoost,0.9993500113487244,1
mimic_perform_af_018,1,XGBoost,0.9998146891593933,1
mimic_perform_af_018,1,XGBoost,0.9998047947883606,1
mimic_perform_af_018,1,XGBoost,0.9994392991065979,1
mimic_perform_af_018,1,XGBoost,0.9998443126678467,1
mimic_perform_af_018,1,XGBoost,0.9997707009315491,1
mimic_perform_af_018,1,XGBoost,0.9998113512992859,1
mimic_perform_af_018,1,XGBoost,0.999517560005188,1
mimic_perform_af_018,1,XGBoost,0.9997319579124451,1
mimic_perform_af_018,1,XGBoost,0.9998317956924438,1
mimic_perform_af_018,1,XGBoost,0.9995887875556946,1
mimic_perform_af_018,1,XGBoost,0.9997567534446716,1
mimic_perform_af_018,1,XGBoost,0.9997876286506653,1
mimic_perform_af_018,1,XGBoost,0.9998239874839783,1
mimic_perform_af_018,1,XGBoost,0.9998667240142822,1
mimic_perform_af_018,1,XGBoost,0.9998780488967896,1
mimic_perform_af_018,1,XGBoost,0.9998183846473694,1
mimic_perform_af_018,1,XGBoost,0.9998176693916321,1
mimic_perform_af_018,1,XGBoost,0.9997902512550354,1
mimic_perform_af_018,1,XGBoost,0.9998314380645752,1
mimic_perform_af_018,1,XGBoost,0.9996950626373291,1
mimic_perform_af_018,1,XGBoost,0.9984388947486877,1
mimic_perform_af_018,1,XGBoost,0.8740649819374084,1
mimic_perform_af_018,1,XGBoost,0.7511176466941833,1
mimic_perform_af_018,1,XGBoost,0.5242044925689697,1
mimic_perform_af_018,1,XGBoost,0.9975872039794922,1
mimic_perform_af_018,1,XGBoost,0.9988676309585571,1
mimic_perform_af_018,1,XGBoost,0.9996885061264038,1
mimic_perform_af_018,1,XGBoost,0.9992085099220276,1
mimic_perform_af_018,1,XGBoost,0.9989770650863647,1
mimic_perform_af_018,1,XGBoost,0.9997953772544861,1
mimic_perform_af_018,1,XGBoost,0.9997736811637878,1
mimic_perform_af_018,1,XGBoost,0.9998416900634766,1
mimic_perform_af_018,1,XGBoost,0.999870777130127,1
mimic_perform_af_018,1,XGBoost,0.9984838366508484,1
mimic_perform_af_018,1,XGBoost,0.9994314312934875,1
mimic_perform_af_018,1,XGBoost,0.9969334602355957,1
mimic_perform_af_018,1,XGBoost,0.9991394281387329,1
mimic_perform_af_018,1,XGBoost,0.9998875856399536,1
mimic_perform_af_018,1,XGBoost,0.9996899366378784,1
mimic_perform_af_018,1,XGBoost,0.9998430013656616,1
mimic_perform_af_018,1,XGBoost,0.9999018907546997,1
mimic_perform_af_018,1,XGBoost,0.9998255372047424,1
mimic_perform_af_018,1,XGBoost,0.9997950196266174,1
mimic_perform_af_018,1,XGBoost,0.9998152852058411,1
mimic_perform_af_018,1,XGBoost,0.9994329810142517,1
mimic_perform_af_018,1,XGBoost,0.999067485332489,1
mimic_perform_af_018,1,XGBoost,0.9987267851829529,1
mimic_perform_af_018,1,XGBoost,0.9997797608375549,1
mimic_perform_af_018,1,XGBoost,0.9996707439422607,1
mimic_perform_af_018,1,XGBoost,0.9997522234916687,1
mimic_perform_af_018,1,XGBoost,0.9997542500495911,1
mimic_perform_af_018,1,XGBoost,0.999594509601593,1
mimic_perform_af_018,1,XGBoost,0.9999033212661743,1
mimic_perform_af_018,1,XGBoost,0.9997407793998718,1
mimic_perform_af_018,1,XGBoost,0.9998680353164673,1
mimic_perform_af_018,1,XGBoost,0.9998530149459839,1
mimic_perform_af_018,1,XGBoost,0.9998517036437988,1
mimic_perform_af_018,1,XGBoost,0.9997106194496155,1
mimic_perform_af_018,1,XGBoost,0.9994664788246155,1
mimic_perform_af_018,1,XGBoost,0.999692440032959,1
mimic_perform_af_018,1,XGBoost,0.9998514652252197,1
mimic_perform_af_018,1,XGBoost,0.9998855590820312,1
mimic_perform_af_018,1,XGBoost,0.9998588562011719,1
mimic_perform_af_018,1,XGBoost,0.9998013377189636,1
mimic_perform_af_018,1,XGBoost,0.9991033673286438,1
mimic_perform_af_018,1,XGBoost,0.9997509121894836,1
mimic_perform_af_018,1,XGBoost,0.999862790107727,1
mimic_perform_af_018,1,XGBoost,0.9997672438621521,1
mimic_perform_af_018,1,XGBoost,0.9998674392700195,1
mimic_perform_af_018,1,XGBoost,0.9998446702957153,1
mimic_perform_af_018,1,XGBoost,0.9998471736907959,1
mimic_perform_af_018,1,XGBoost,0.9998884201049805,1
mimic_perform_af_018,1,XGBoost,0.9997885823249817,1
mimic_perform_af_018,1,XGBoost,0.9994161128997803,1
mimic_perform_af_018,1,XGBoost,0.9998486042022705,1
mimic_perform_af_018,1,XGBoost,0.9996654987335205,1
mimic_perform_af_018,1,XGBoost,0.9997143149375916,1
mimic_perform_af_018,1,XGBoost,0.9997227787971497,1
mimic_perform_af_018,1,XGBoost,0.9997683167457581,1
mimic_perform_af_019,1,XGBoost,0.9964067339897156,1
mimic_perform_af_019,1,XGBoost,0.9912523627281189,1
mimic_perform_af_019,1,XGBoost,0.9971942901611328,1
mimic_perform_af_019,1,XGBoost,0.9995484948158264,1
mimic_perform_af_019,1,XGBoost,0.9997045397758484,1
mimic_perform_af_019,1,XGBoost,0.9998539686203003,1
mimic_perform_af_019,1,XGBoost,0.9997062087059021,1
mimic_perform_af_019,1,XGBoost,0.9992961883544922,1
mimic_perform_af_019,1,XGBoost,0.9996694326400757,1
mimic_perform_af_019,1,XGBoost,0.9996157884597778,1
mimic_perform_af_019,1,XGBoost,0.9994714856147766,1
mimic_perform_af_019,1,XGBoost,0.9998315572738647,1
mimic_perform_af_019,1,XGBoost,0.9998503923416138,1
mimic_perform_af_019,1,XGBoost,0.9982393980026245,1
mimic_perform_af_019,1,XGBoost,0.9997182488441467,1
mimic_perform_af_019,1,XGBoost,0.9997108578681946,1
mimic_perform_af_019,1,XGBoost,0.9998778104782104,1
mimic_perform_af_019,1,XGBoost,0.999869704246521,1
mimic_perform_af_019,1,XGBoost,0.9998470544815063,1
mimic_perform_af_019,1,XGBoost,0.9997543692588806,1
mimic_perform_af_019,1,XGBoost,0.9996633529663086,1
mimic_perform_af_019,1,XGBoost,0.9997639060020447,1
mimic_perform_af_019,1,XGBoost,0.999698281288147,1
mimic_perform_af_019,1,XGBoost,0.9995552897453308,1
mimic_perform_af_019,1,XGBoost,0.9996843338012695,1
mimic_perform_af_019,1,XGBoost,0.9998723268508911,1
mimic_perform_af_019,1,XGBoost,0.9998412132263184,1
mimic_perform_af_019,1,XGBoost,0.9998729228973389,1
mimic_perform_af_019,1,XGBoost,0.9589672088623047,1
mimic_perform_af_019,1,XGBoost,0.9886394739151001,1
mimic_perform_af_019,1,XGBoost,0.8265305161476135,1
mimic_perform_af_019,1,XGBoost,0.9996283054351807,1
mimic_perform_af_019,1,XGBoost,0.9994379878044128,1
mimic_perform_af_019,1,XGBoost,0.9926365613937378,1
mimic_perform_af_019,1,XGBoost,0.6873878836631775,1
mimic_perform_af_019,1,XGBoost,0.718590259552002,1
mimic_perform_af_019,1,XGBoost,0.9731155037879944,1
mimic_perform_af_019,1,XGBoost,0.9928783774375916,1
mimic_perform_af_019,1,XGBoost,0.9990077614784241,1
mimic_perform_af_019,1,XGBoost,0.999254047870636,1
mimic_perform_af_019,1,XGBoost,0.9995649456977844,1
mimic_perform_af_019,1,XGBoost,0.9998080134391785,1
mimic_perform_af_019,1,XGBoost,0.9373841881752014,1
mimic_perform_af_019,1,XGBoost,0.9688497185707092,1
mimic_perform_af_019,1,XGBoost,0.9721654057502747,1
mimic_perform_af_019,1,XGBoost,0.8793003559112549,1
mimic_perform_af_019,1,XGBoost,0.9997732043266296,1
mimic_perform_af_019,1,XGBoost,0.9995829463005066,1
mimic_perform_af_019,1,XGBoost,0.9993352293968201,1
mimic_perform_af_019,1,XGBoost,0.99951171875,1
mimic_perform_af_019,1,XGBoost,0.9981696605682373,1
mimic_perform_af_019,1,XGBoost,0.9998205304145813,1
mimic_perform_af_019,1,XGBoost,0.9991313815116882,1
mimic_perform_af_019,1,XGBoost,0.9996509552001953,1
mimic_perform_af_019,1,XGBoost,0.9997263550758362,1
mimic_perform_af_019,1,XGBoost,0.9998773336410522,1
mimic_perform_af_019,1,XGBoost,0.9997934699058533,1
mimic_perform_af_019,1,XGBoost,0.9997028708457947,1
mimic_perform_af_019,1,XGBoost,0.9996296167373657,1
mimic_perform_af_019,1,XGBoost,0.9995669722557068,1
mimic_perform_af_019,1,XGBoost,0.9150375723838806,1
mimic_perform_af_019,1,XGBoost,0.9973655343055725,1
mimic_perform_af_019,1,XGBoost,0.9875723123550415,1
mimic_perform_af_019,1,XGBoost,0.9995185136795044,1
mimic_perform_af_019,1,XGBoost,0.9974445104598999,1
mimic_perform_af_019,1,XGBoost,0.9996167421340942,1
mimic_perform_af_019,1,XGBoost,0.9991361498832703,1
mimic_perform_af_019,1,XGBoost,0.999099850654602,1
mimic_perform_af_019,1,XGBoost,0.999415397644043,1
mimic_perform_af_019,1,XGBoost,0.9997302889823914,1
mimic_perform_af_019,1,XGBoost,0.9998059868812561,1
mimic_perform_af_019,1,XGBoost,0.9863210320472717,1
mimic_perform_af_019,1,XGBoost,0.9960716962814331,1
mimic_perform_af_019,1,XGBoost,0.9398242235183716,1
mimic_perform_af_019,1,XGBoost,0.9998958110809326,1
mimic_perform_af_019,1,XGBoost,0.999895453453064,1
mimic_perform_af_019,1,XGBoost,0.9997373223304749,1
mimic_perform_af_019,1,XGBoost,0.9998146891593933,1
mimic_perform_af_019,1,XGBoost,0.999776303768158,1
mimic_perform_af_019,1,XGBoost,0.9995854496955872,1
mimic_perform_af_019,1,XGBoost,0.9999105930328369,1
mimic_perform_af_019,1,XGBoost,0.9997386336326599,1
mimic_perform_af_019,1,XGBoost,0.9998980760574341,1
mimic_perform_af_019,1,XGBoost,0.9997367262840271,1
mimic_perform_af_019,1,XGBoost,0.9985835552215576,1
mimic_perform_af_019,1,XGBoost,0.9995323419570923,1
mimic_perform_af_019,1,XGBoost,0.9996776580810547,1
mimic_perform_af_019,1,XGBoost,0.9999418258666992,1
mimic_perform_af_019,1,XGBoost,0.9998531341552734,1
mimic_perform_af_019,1,XGBoost,0.9997007846832275,1
mimic_perform_af_019,1,XGBoost,0.9997177720069885,1
mimic_perform_af_019,1,XGBoost,0.9994950294494629,1
mimic_perform_af_019,1,XGBoost,0.9740753173828125,1
mimic_perform_af_019,1,XGBoost,0.9997281432151794,1
mimic_perform_af_019,1,XGBoost,0.9985963702201843,1
mimic_perform_af_019,1,XGBoost,0.9996492862701416,1
mimic_perform_af_019,1,XGBoost,0.9997931122779846,1
mimic_perform_af_019,1,XGBoost,0.9965147972106934,1
mimic_perform_af_019,1,XGBoost,0.9824392795562744,1
mimic_perform_af_019,1,XGBoost,0.8332815766334534,1
mimic_perform_af_019,1,XGBoost,0.9474320411682129,1
mimic_perform_af_019,1,XGBoost,0.9395769834518433,1
mimic_perform_af_019,1,XGBoost,0.9997883439064026,1
mimic_perform_af_019,1,XGBoost,0.9997767806053162,1
mimic_perform_af_019,1,XGBoost,0.9999295473098755,1
mimic_perform_af_019,1,XGBoost,0.9975354671478271,1
mimic_perform_af_019,1,XGBoost,0.9984418749809265,1
mimic_perform_af_019,1,XGBoost,0.9998537302017212,1
mimic_perform_af_019,1,XGBoost,0.9997519850730896,1
mimic_perform_af_019,1,XGBoost,0.9997982382774353,1
mimic_perform_af_019,1,XGBoost,0.9998317956924438,1
mimic_perform_af_019,1,XGBoost,0.9998575448989868,1
mimic_perform_af_019,1,XGBoost,0.9763685464859009,1
mimic_perform_af_019,1,XGBoost,0.975262463092804,1
mimic_perform_af_019,1,XGBoost,0.9661688208580017,1
mimic_perform_af_019,1,XGBoost,0.9997474551200867,1
mimic_perform_af_019,1,XGBoost,0.9996497631072998,1
mimic_perform_af_019,1,XGBoost,0.999717652797699,1
mimic_perform_non_af_001,0,XGBoost,0.00018624280346557498,0
mimic_perform_non_af_001,0,XGBoost,0.0003363019786775112,0
mimic_perform_non_af_001,0,XGBoost,0.0011585492175072432,0
mimic_perform_non_af_001,0,XGBoost,0.0009369065519422293,0
mimic_perform_non_af_001,0,XGBoost,0.0003476464480627328,0
mimic_perform_non_af_001,0,XGBoost,0.00031678040977567434,0
mimic_perform_non_af_001,0,XGBoost,0.00035256377304904163,0
mimic_perform_non_af_001,0,XGBoost,0.00014542732969857752,0
mimic_perform_non_af_001,0,XGBoost,0.00026330759283155203,0
mimic_perform_non_af_001,0,XGBoost,0.00026330759283155203,0
mimic_perform_non_af_001,0,XGBoost,0.0007987409480847418,0
mimic_perform_non_af_001,0,XGBoost,0.0043202778324484825,0
mimic_perform_non_af_001,0,XGBoost,0.4708060920238495,0
mimic_perform_non_af_001,0,XGBoost,0.003156631253659725,0
mimic_perform_non_af_001,0,XGBoost,0.0009180597844533622,0
mimic_perform_non_af_001,0,XGBoost,0.0002920475380960852,0
mimic_perform_non_af_001,0,XGBoost,0.00031678040977567434,0
mimic_perform_non_af_001,0,XGBoost,0.001964833587408066,0
mimic_perform_non_af_001,0,XGBoost,0.009926211088895798,0
mimic_perform_non_af_001,0,XGBoost,0.0010049801785498857,0
mimic_perform_non_af_001,0,XGBoost,0.0004110054287593812,0
mimic_perform_non_af_001,0,XGBoost,0.00031678040977567434,0
mimic_perform_non_af_001,0,XGBoost,0.0003363019786775112,0
mimic_perform_non_af_001,0,XGBoost,0.0004703419981524348,0
mimic_perform_non_af_001,0,XGBoost,0.0011302721686661243,0
mimic_perform_non_af_001,0,XGBoost,0.0010717216646298766,0
mimic_perform_non_af_001,0,XGBoost,0.0003363019786775112,0
mimic_perform_non_af_001,0,XGBoost,0.00025516279856674373,0
mimic_perform_non_af_001,0,XGBoost,0.00037882421747781336,0
mimic_perform_non_af_001,0,XGBoost,0.000495941611006856,0
mimic_perform_non_af_001,0,XGBoost,0.00031678040977567434,0
mimic_perform_non_af_001,0,XGBoost,0.0002980803546961397,0
mimic_perform_non_af_001,0,XGBoost,0.00018274957255925983,0
mimic_perform_non_af_001,0,XGBoost,0.0010086793918162584,0
mimic_perform_non_af_001,0,XGBoost,0.007291831541806459,0
mimic_perform_non_af_001,0,XGBoost,0.003024257253855467,0
mimic_perform_non_af_001,0,XGBoost,0.9496755003929138,1
mimic_perform_non_af_001,0,XGBoost,0.9911397099494934,1
mimic_perform_non_af_001,0,XGBoost,0.9787012338638306,1
mimic_perform_non_af_001,0,XGBoost,0.428952157497406,0
mimic_perform_non_af_001,0,XGBoost,0.22944529354572296,0
mimic_perform_non_af_001,0,XGBoost,0.060514144599437714,0
mimic_perform_non_af_001,0,XGBoost,0.014057829976081848,0
mimic_perform_non_af_001,0,XGBoost,0.0005105722229927778,0
mimic_perform_non_af_001,0,XGBoost,0.0005215505370870233,0
mimic_perform_non_af_001,0,XGBoost,0.00025445097708143294,0
mimic_perform_non_af_001,0,XGBoost,0.0001416818267898634,0
mimic_perform_non_af_001,0,XGBoost,0.00028560723876580596,0
mimic_perform_non_af_001,0,XGBoost,0.00040734841604717076,0
mimic_perform_non_af_001,0,XGBoost,0.007126218173652887,0
mimic_perform_non_af_001,0,XGBoost,0.0056630270555615425,0
mimic_perform_non_af_001,0,XGBoost,0.002307944232597947,0
mimic_perform_non_af_001,0,XGBoost,0.0007216209196485579,0
mimic_perform_non_af_001,0,XGBoost,0.00031678040977567434,0
mimic_perform_non_af_001,0,XGBoost,0.00031678040977567434,0
mimic_perform_non_af_001,0,XGBoost,0.00031678040977567434,0
mimic_perform_non_af_001,0,XGBoost,0.00031678040977567434,0
mimic_perform_non_af_001,0,XGBoost,0.00031678040977567434,0
mimic_perform_non_af_001,0,XGBoost,0.00031678040977567434,0
mimic_perform_non_af_001,0,XGBoost,0.0002920475380960852,0
mimic_perform_non_af_001,0,XGBoost,0.00021464609017129987,0
mimic_perform_non_af_001,0,XGBoost,0.00021259018103592098,0
mimic_perform_non_af_001,0,XGBoost,0.00026330759283155203,0
mimic_perform_non_af_001,0,XGBoost,0.00023529506870545447,0
mimic_perform_non_af_001,0,XGBoost,0.001036949804984033,0
mimic_perform_non_af_001,0,XGBoost,0.004060764331370592,0
mimic_perform_non_af_001,0,XGBoost,0.21014271676540375,0
mimic_perform_non_af_001,0,XGBoost,0.008057035505771637,0
mimic_perform_non_af_001,0,XGBoost,0.0005945012089796364,0
mimic_perform_non_af_001,0,XGBoost,0.0002179187285946682,0
mimic_perform_non_af_001,0,XGBoost,0.00017376767937093973,0
mimic_perform_non_af_001,0,XGBoost,0.00019605213310569525,0
mimic_perform_non_af_001,0,XGBoost,0.00027265300741419196,0
mimic_perform_non_af_001,0,XGBoost,0.00031678040977567434,0
mimic_perform_non_af_001,0,XGBoost,0.0003363019786775112,0
mimic_perform_non_af_001,0,XGBoost,0.00031678040977567434,0
mimic_perform_non_af_001,0,XGBoost,0.00030189991230145097,0
mimic_perform_non_af_001,0,XGBoost,0.00021745295089203864,0
mimic_perform_non_af_001,0,XGBoost,0.000495941611006856,0
mimic_perform_non_af_001,0,XGBoost,0.00031678040977567434,0
mimic_perform_non_af_001,0,XGBoost,0.00031678040977567434,0
mimic_perform_non_af_001,0,XGBoost,0.00028560723876580596,0
mimic_perform_non_af_001,0,XGBoost,0.00028560723876580596,0
mimic_perform_non_af_001,0,XGBoost,0.00031678040977567434,0
mimic_perform_non_af_001,0,XGBoost,0.0003363019786775112,0
mimic_perform_non_af_001,0,XGBoost,0.0003262043173890561,0
mimic_perform_non_af_001,0,XGBoost,0.0003454655525274575,0
mimic_perform_non_af_001,0,XGBoost,0.00036054791416972876,0
mimic_perform_non_af_001,0,XGBoost,0.00028560723876580596,0
mimic_perform_non_af_001,0,XGBoost,0.00026330759283155203,0
mimic_perform_non_af_001,0,XGBoost,0.0002026665024459362,0
mimic_perform_non_af_001,0,XGBoost,0.00024257350014522672,0
mimic_perform_non_af_001,0,XGBoost,0.00012336716463323683,0
mimic_perform_non_af_001,0,XGBoost,0.0013926471583545208,0
mimic_perform_non_af_001,0,XGBoost,0.00048176362179219723,0
mimic_perform_non_af_001,0,XGBoost,0.000608241418376565,0
mimic_perform_non_af_001,0,XGBoost,0.0012442683801054955,0
mimic_perform_non_af_001,0,XGBoost,0.5441696643829346,1
mimic_perform_non_af_001,0,XGBoost,0.0847211554646492,0
mimic_perform_non_af_001,0,XGBoost,0.0011451860191300511,0
mimic_perform_non_af_001,0,XGBoost,0.0006819593254476786,0
mimic_perform_non_af_001,0,XGBoost,0.036240242421627045,0
mimic_perform_non_af_001,0,XGBoost,0.04117650166153908,0
mimic_perform_non_af_001,0,XGBoost,0.0011148916091769934,0
mimic_perform_non_af_001,0,XGBoost,0.00023110660549718887,0
mimic_perform_non_af_001,0,XGBoost,0.0012229174608364701,0
mimic_perform_non_af_001,0,XGBoost,0.0020174533128738403,0
mimic_perform_non_af_001,0,XGBoost,0.0027522328309714794,0
mimic_perform_non_af_001,0,XGBoost,0.0003971438272856176,0
mimic_perform_non_af_001,0,XGBoost,0.004257980268448591,0
mimic_perform_non_af_001,0,XGBoost,0.006068168208003044,0
mimic_perform_non_af_001,0,XGBoost,0.012071168050169945,0
mimic_perform_non_af_001,0,XGBoost,0.9883717894554138,1
mimic_perform_non_af_001,0,XGBoost,0.8721869587898254,1
mimic_perform_non_af_001,0,XGBoost,0.6338273882865906,1
mimic_perform_non_af_001,0,XGBoost,0.9667786955833435,1
mimic_perform_non_af_001,0,XGBoost,0.8616653084754944,1
mimic_perform_non_af_001,0,XGBoost,0.0019697758834809065,0
mimic_perform_non_af_002,0,XGBoost,0.005403236951678991,0
mimic_perform_non_af_002,0,XGBoost,0.0036492724902927876,0
mimic_perform_non_af_002,0,XGBoost,0.013741189613938332,0
mimic_perform_non_af_002,0,XGBoost,0.008372020907700062,0
mimic_perform_non_af_002,0,XGBoost,0.0025590858422219753,0
mimic_perform_non_af_002,0,XGBoost,0.008006406016647816,0
mimic_perform_non_af_002,0,XGBoost,0.009499437175691128,0
mimic_perform_non_af_002,0,XGBoost,0.00965654943138361,0
mimic_perform_non_af_002,0,XGBoost,0.03992171213030815,0
mimic_perform_non_af_002,0,XGBoost,0.0034358776174485683,0
mimic_perform_non_af_002,0,XGBoost,0.000643123930785805,0
mimic_perform_non_af_002,0,XGBoost,0.0013009561225771904,0
mimic_perform_non_af_002,0,XGBoost,0.0004985962295904756,0
mimic_perform_non_af_002,0,XGBoost,0.0005843850085511804,0
mimic_perform_non_af_002,0,XGBoost,0.0005787083646282554,0
mimic_perform_non_af_002,0,XGBoost,0.0005546643515117466,0
mimic_perform_non_af_002,0,XGBoost,0.0003942516923416406,0
mimic_perform_non_af_002,0,XGBoost,0.00041846404201351106,0
mimic_perform_non_af_002,0,XGBoost,0.0014148132177069783,0
mimic_perform_non_af_002,0,XGBoost,0.0003340925322845578,0
mimic_perform_non_af_002,0,XGBoost,0.0002801591472234577,0
mimic_perform_non_af_002,0,XGBoost,0.0027688583359122276,0
mimic_perform_non_af_002,0,XGBoost,0.0005198617582209408,0
mimic_perform_non_af_002,0,XGBoost,0.0005546643515117466,0
mimic_perform_non_af_002,0,XGBoost,0.0033004421275109053,0
mimic_perform_non_af_002,0,XGBoost,0.0014087657909840345,0
mimic_perform_non_af_002,0,XGBoost,0.0012047408381476998,0
mimic_perform_non_af_002,0,XGBoost,0.003450538031756878,0
mimic_perform_non_af_002,0,XGBoost,0.0015776497311890125,0
mimic_perform_non_af_002,0,XGBoost,0.002504908014088869,0
mimic_perform_non_af_002,0,XGBoost,0.0005775674362666905,0
mimic_perform_non_af_002,0,XGBoost,0.0030610235407948494,0
mimic_perform_non_af_002,0,XGBoost,0.0013988274149596691,0
mimic_perform_non_af_002,0,XGBoost,0.0005964251467958093,0
mimic_perform_non_af_002,0,XGBoost,0.006113273557275534,0
mimic_perform_non_af_002,0,XGBoost,0.005439141299575567,0
mimic_perform_non_af_002,0,XGBoost,0.002701647812500596,0
mimic_perform_non_af_002,0,XGBoost,0.002463818993419409,0
mimic_perform_non_af_002,0,XGBoost,0.018164856359362602,0
mimic_perform_non_af_002,0,XGBoost,0.00047066150000318885,0
mimic_perform_non_af_002,0,XGBoost,0.0019782523158937693,0
mimic_perform_non_af_002,0,XGBoost,0.007036879658699036,0
mimic_perform_non_af_002,0,XGBoost,0.0033348097931593657,0
mimic_perform_non_af_002,0,XGBoost,0.00101480633020401,0
mimic_perform_non_af_002,0,XGBoost,0.008859547786414623,0
mimic_perform_non_af_002,0,XGBoost,0.007922676391899586,0
mimic_perform_non_af_002,0,XGBoost,0.011669689789414406,0
mimic_perform_non_af_002,0,XGBoost,0.004139244090765715,0
mimic_perform_non_af_002,0,XGBoost,0.0005143855814822018,0
mimic_perform_non_af_002,0,XGBoost,0.0015930860536172986,0
mimic_perform_non_af_002,0,XGBoost,0.0029413930606096983,0
mimic_perform_non_af_002,0,XGBoost,0.007696364540606737,0
mimic_perform_non_af_002,0,XGBoost,0.002295073354616761,0
mimic_perform_non_af_002,0,XGBoost,0.003226496744900942,0
mimic_perform_non_af_002,0,XGBoost,0.0024224217049777508,0
mimic_perform_non_af_002,0,XGBoost,0.0026344815269112587,0
mimic_perform_non_af_002,0,XGBoost,0.00881332065910101,0
mimic_perform_non_af_002,0,XGBoost,0.0038900270592421293,0
mimic_perform_non_af_002,0,XGBoost,0.0040796720422804356,0
mimic_perform_non_af_002,0,XGBoost,0.0031731140334159136,0
mimic_perform_non_af_002,0,XGBoost,0.0029413930606096983,0
mimic_perform_non_af_002,0,XGBoost,0.0013594318879768252,0
mimic_perform_non_af_002,0,XGBoost,0.000509057252202183,0
mimic_perform_non_af_002,0,XGBoost,0.0018184027867391706,0
mimic_perform_non_af_002,0,XGBoost,0.001404586131684482,0
mimic_perform_non_af_002,0,XGBoost,0.0004985962295904756,0
mimic_perform_non_af_002,0,XGBoost,0.0005843850085511804,0
mimic_perform_non_af_002,0,XGBoost,0.0013586152344942093,0
mimic_perform_non_af_002,0,XGBoost,0.0005143855814822018,0
mimic_perform_non_af_002,0,XGBoost,0.0012203395599499345,0
mimic_perform_non_af_002,0,XGBoost,0.00357162207365036,0
mimic_perform_non_af_002,0,XGBoost,0.0009656721958890557,0
mimic_perform_non_af_002,0,XGBoost,0.0015238015912473202,0
mimic_perform_non_af_002,0,XGBoost,0.000875568191986531,0
mimic_perform_non_af_002,0,XGBoost,0.0023529990576207638,0
mimic_perform_non_af_002,0,XGBoost,0.0023529990576207638,0
mimic_perform_non_af_002,0,XGBoost,0.0008553205407224596,0
mimic_perform_non_af_002,0,XGBoost,0.0017954908544197679,0
mimic_perform_non_af_002,0,XGBoost,0.007860859856009483,0
mimic_perform_non_af_002,0,XGBoost,0.004028067924082279,0
mimic_perform_non_af_002,0,XGBoost,0.0029661536682397127,0
mimic_perform_non_af_002,0,XGBoost,0.005641151685267687,0
mimic_perform_non_af_002,0,XGBoost,0.00979354977607727,0
mimic_perform_non_af_002,0,XGBoost,0.006742734462022781,0
mimic_perform_non_af_002,0,XGBoost,0.025651076808571815,0
mimic_perform_non_af_002,0,XGBoost,0.007230908144265413,0
mimic_perform_non_af_002,0,XGBoost,0.0007156124920584261,0
mimic_perform_non_af_002,0,XGBoost,0.0007312409579753876,0
mimic_perform_non_af_002,0,XGBoost,0.00027531219529919326,0
mimic_perform_non_af_002,0,XGBoost,0.0002887985610868782,0
mimic_perform_non_af_002,0,XGBoost,0.0007386424695141613,0
mimic_perform_non_af_002,0,XGBoost,0.005813653115183115,0
mimic_perform_non_af_002,0,XGBoost,0.003195555880665779,0
mimic_perform_non_af_002,0,XGBoost,0.0008038062951527536,0
mimic_perform_non_af_002,0,XGBoost,0.0008161059813573956,0
mimic_perform_non_af_002,0,XGBoost,0.0004985962295904756,0
mimic_perform_non_af_002,0,XGBoost,0.005439141299575567,0
mimic_perform_non_af_002,0,XGBoost,0.0012559706810861826,0
mimic_perform_non_af_002,0,XGBoost,0.0011303250212222338,0
mimic_perform_non_af_002,0,XGBoost,0.0032689033541828394,0
mimic_perform_non_af_002,0,XGBoost,0.07313691824674606,0
mimic_perform_non_af_002,0,XGBoost,0.024550490081310272,0
mimic_perform_non_af_002,0,XGBoost,0.001498876023106277,0
mimic_perform_non_af_002,0,XGBoost,0.0008973423391580582,0
mimic_perform_non_af_002,0,XGBoost,0.0028151979204267263,0
mimic_perform_non_af_002,0,XGBoost,0.0022606258280575275,0
mimic_perform_non_af_002,0,XGBoost,0.0013213225174695253,0
mimic_perform_non_af_002,0,XGBoost,0.00342811131849885,0
mimic_perform_non_af_002,0,XGBoost,0.007301758509129286,0
mimic_perform_non_af_002,0,XGBoost,0.0032941813115030527,0
mimic_perform_non_af_002,0,XGBoost,0.007161096669733524,0
mimic_perform_non_af_002,0,XGBoost,0.03287726268172264,0
mimic_perform_non_af_002,0,XGBoost,0.0006998162134550512,0
mimic_perform_non_af_002,0,XGBoost,0.057998064905405045,0
mimic_perform_non_af_002,0,XGBoost,0.038725901395082474,0
mimic_perform_non_af_002,0,XGBoost,0.01603783667087555,0
mimic_perform_non_af_002,0,XGBoost,0.11154299974441528,0
mimic_perform_non_af_002,0,XGBoost,0.0023611641954630613,0
mimic_perform_non_af_003,0,XGBoost,0.0003509203379508108,0
mimic_perform_non_af_003,0,XGBoost,0.0005895239301025867,0
mimic_perform_non_af_003,0,XGBoost,0.0004827500961255282,0
mimic_perform_non_af_003,0,XGBoost,0.0004827500961255282,0
mimic_perform_non_af_003,0,XGBoost,0.0004827500961255282,0
mimic_perform_non_af_003,0,XGBoost,0.0013597672805190086,0
mimic_perform_non_af_003,0,XGBoost,0.0037397705018520355,0
mimic_perform_non_af_003,0,XGBoost,0.0193338543176651,0
mimic_perform_non_af_003,0,XGBoost,0.0016832285327836871,0
mimic_perform_non_af_003,0,XGBoost,0.0014111585915088654,0
mimic_perform_non_af_003,0,XGBoost,0.0006177965551614761,0
mimic_perform_non_af_003,0,XGBoost,0.0006641984800808132,0
mimic_perform_non_af_003,0,XGBoost,0.0002964199229609221,0
mimic_perform_non_af_003,0,XGBoost,0.00036089387140236795,0
mimic_perform_non_af_003,0,XGBoost,0.0003509203379508108,0
mimic_perform_non_af_003,0,XGBoost,0.00271046906709671,0
mimic_perform_non_af_003,0,XGBoost,0.0016086110845208168,0
mimic_perform_non_af_003,0,XGBoost,0.0011342836078256369,0
mimic_perform_non_af_003,0,XGBoost,0.0004285485774744302,0
mimic_perform_non_af_003,0,XGBoost,0.0004285485774744302,0
mimic_perform_non_af_003,0,XGBoost,0.00018578521849121898,0
mimic_perform_non_af_003,0,XGBoost,0.00018578521849121898,0
mimic_perform_non_af_003,0,XGBoost,0.00027549362857826054,0
mimic_perform_non_af_003,0,XGBoost,0.0004971945309080184,0
mimic_perform_non_af_003,0,XGBoost,0.0004285485774744302,0
mimic_perform_non_af_003,0,XGBoost,0.0004285485774744302,0
mimic_perform_non_af_003,0,XGBoost,0.0003184285305906087,0
mimic_perform_non_af_003,0,XGBoost,0.00018578521849121898,0
mimic_perform_non_af_003,0,XGBoost,0.00039974512765184045,0
mimic_perform_non_af_003,0,XGBoost,0.0003862219164147973,0
mimic_perform_non_af_003,0,XGBoost,0.000486390053993091,0
mimic_perform_non_af_003,0,XGBoost,0.001270478474907577,0
mimic_perform_non_af_003,0,XGBoost,0.0022044521756470203,0
mimic_perform_non_af_003,0,XGBoost,0.0011957335518673062,0
mimic_perform_non_af_003,0,XGBoost,0.0016123917885124683,0
mimic_perform_non_af_003,0,XGBoost,0.0005053144413977861,0
mimic_perform_non_af_003,0,XGBoost,0.0009022687445394695,0
mimic_perform_non_af_003,0,XGBoost,0.00029181124409660697,0
mimic_perform_non_af_003,0,XGBoost,0.00037697359221056104,0
mimic_perform_non_af_003,0,XGBoost,0.0004285485774744302,0
mimic_perform_non_af_003,0,XGBoost,0.0003509203379508108,0
mimic_perform_non_af_003,0,XGBoost,0.0004285485774744302,0
mimic_perform_non_af_003,0,XGBoost,0.0003509203379508108,0
mimic_perform_non_af_003,0,XGBoost,0.00042724370723590255,0
mimic_perform_non_af_003,0,XGBoost,0.00036596189602278173,0
mimic_perform_non_af_003,0,XGBoost,0.00037697359221056104,0
mimic_perform_non_af_003,0,XGBoost,0.0011622593738138676,0
mimic_perform_non_af_003,0,XGBoost,0.0014169180067256093,0
mimic_perform_non_af_003,0,XGBoost,0.0009201847715303302,0
mimic_perform_non_af_003,0,XGBoost,0.005060586147010326,0
mimic_perform_non_af_003,0,XGBoost,0.01488110888749361,0
mimic_perform_non_af_003,0,XGBoost,0.005811875686049461,0
mimic_perform_non_af_003,0,XGBoost,0.001068043289706111,0
mimic_perform_non_af_003,0,XGBoost,0.0009144071373157203,0
mimic_perform_non_af_003,0,XGBoost,0.0008529518381692469,0
mimic_perform_non_af_003,0,XGBoost,0.0006573215359821916,0
mimic_perform_non_af_003,0,XGBoost,0.00018578521849121898,0
mimic_perform_non_af_003,0,XGBoost,0.00018578521849121898,0
mimic_perform_non_af_003,0,XGBoost,0.00018578521849121898,0
mimic_perform_non_af_003,0,XGBoost,0.0008729221881367266,0
mimic_perform_non_af_003,0,XGBoost,0.0019055423326790333,0
mimic_perform_non_af_003,0,XGBoost,0.0009251883020624518,0
mimic_perform_non_af_003,0,XGBoost,0.0003134780272375792,0
mimic_perform_non_af_003,0,XGBoost,0.0001856348681030795,0
mimic_perform_non_af_003,0,XGBoost,0.0035899828653782606,0
mimic_perform_non_af_003,0,XGBoost,0.0018332796171307564,0
mimic_perform_non_af_003,0,XGBoost,0.005778049118816853,0
mimic_perform_non_af_003,0,XGBoost,0.02824847400188446,0
mimic_perform_non_af_003,0,XGBoost,0.0020480207167565823,0
mimic_perform_non_af_003,0,XGBoost,0.0007200429681688547,0
mimic_perform_non_af_003,0,XGBoost,0.015180042013525963,0
mimic_perform_non_af_003,0,XGBoost,0.003652287181466818,0
mimic_perform_non_af_003,0,XGBoost,0.003964303061366081,0
mimic_perform_non_af_003,0,XGBoost,0.0011471069883555174,0
mimic_perform_non_af_003,0,XGBoost,0.003456577192991972,0
mimic_perform_non_af_003,0,XGBoost,0.002147097373381257,0
mimic_perform_non_af_003,0,XGBoost,0.010218420997262001,0
mimic_perform_non_af_003,0,XGBoost,0.006927125155925751,0
mimic_perform_non_af_003,0,XGBoost,0.0005687384982593358,0
mimic_perform_non_af_003,0,XGBoost,0.00036596189602278173,0
mimic_perform_non_af_003,0,XGBoost,0.00036181643372401595,0
mimic_perform_non_af_003,0,XGBoost,0.00036181643372401595,0
mimic_perform_non_af_003,0,XGBoost,0.0004827500961255282,0
mimic_perform_non_af_003,0,XGBoost,0.0005085308221168816,0
mimic_perform_non_af_003,0,XGBoost,0.000628458394203335,0
mimic_perform_non_af_003,0,XGBoost,0.0007628875900991261,0
mimic_perform_non_af_003,0,XGBoost,0.0005532944342121482,0
mimic_perform_non_af_003,0,XGBoost,0.000474811065942049,0
mimic_perform_non_af_003,0,XGBoost,0.00016605746350251138,0
mimic_perform_non_af_003,0,XGBoost,0.00016605746350251138,0
mimic_perform_non_af_003,0,XGBoost,0.0005895239301025867,0
mimic_perform_non_af_003,0,XGBoost,0.0017043906264007092,0
mimic_perform_non_af_003,0,XGBoost,0.0013925463426858187,0
mimic_perform_non_af_003,0,XGBoost,0.00026855888427235186,0
mimic_perform_non_af_003,0,XGBoost,0.0005296276067383587,0
mimic_perform_non_af_003,0,XGBoost,0.0007349355728365481,0
mimic_perform_non_af_003,0,XGBoost,0.0004617783706635237,0
mimic_perform_non_af_003,0,XGBoost,0.0002964199229609221,0
mimic_perform_non_af_003,0,XGBoost,0.0002964199229609221,0
mimic_perform_non_af_003,0,XGBoost,0.00039321239455603063,0
mimic_perform_non_af_003,0,XGBoost,0.0004140551027376205,0
mimic_perform_non_af_003,0,XGBoost,0.0010872393613681197,0
mimic_perform_non_af_003,0,XGBoost,0.0009126776130869985,0
mimic_perform_non_af_003,0,XGBoost,0.0011125941528007388,0
mimic_perform_non_af_003,0,XGBoost,0.0003562658675946295,0
mimic_perform_non_af_003,0,XGBoost,0.00039519977872259915,0
mimic_perform_non_af_003,0,XGBoost,0.0006372146308422089,0
mimic_perform_non_af_003,0,XGBoost,0.00042450628825463355,0
mimic_perform_non_af_003,0,XGBoost,0.00042724370723590255,0
mimic_perform_non_af_003,0,XGBoost,0.00037697359221056104,0
mimic_perform_non_af_003,0,XGBoost,0.00042724370723590255,0
mimic_perform_non_af_003,0,XGBoost,0.0002964199229609221,0
mimic_perform_non_af_003,0,XGBoost,0.00042724370723590255,0
mimic_perform_non_af_003,0,XGBoost,0.0006821182323619723,0
mimic_perform_non_af_003,0,XGBoost,0.001540528261102736,0
mimic_perform_non_af_003,0,XGBoost,0.0017495712963864207,0
mimic_perform_non_af_003,0,XGBoost,0.0001856348681030795,0
mimic_perform_non_af_003,0,XGBoost,0.0001856348681030795,0
mimic_perform_non_af_004,0,XGBoost,0.0016865595243871212,0
mimic_perform_non_af_004,0,XGBoost,0.0019780094735324383,0
mimic_perform_non_af_004,0,XGBoost,0.0003640826034825295,0
mimic_perform_non_af_004,0,XGBoost,0.015020269900560379,0
mimic_perform_non_af_004,0,XGBoost,0.0183672234416008,0
mimic_perform_non_af_004,0,XGBoost,0.014785942621529102,0
mimic_perform_non_af_004,0,XGBoost,0.002346071181818843,0
mimic_perform_non_af_004,0,XGBoost,0.0009084196062758565,0
mimic_perform_non_af_004,0,XGBoost,0.0006190366693772376,0
mimic_perform_non_af_004,0,XGBoost,0.0008484817226417363,0
mimic_perform_non_af_004,0,XGBoost,0.0009750740719027817,0
mimic_perform_non_af_004,0,XGBoost,0.0005079119582660496,0
mimic_perform_non_af_004,0,XGBoost,0.000920788967050612,0
mimic_perform_non_af_004,0,XGBoost,0.0005079119582660496,0
mimic_perform_non_af_004,0,XGBoost,0.0030344491824507713,0
mimic_perform_non_af_004,0,XGBoost,0.0024169464595615864,0
mimic_perform_non_af_004,0,XGBoost,0.0018282196251675487,0
mimic_perform_non_af_004,0,XGBoost,0.0003640826034825295,0
mimic_perform_non_af_004,0,XGBoost,0.0003640826034825295,0
mimic_perform_non_af_004,0,XGBoost,0.0004840795008931309,0
mimic_perform_non_af_004,0,XGBoost,0.00036438609822653234,0
mimic_perform_non_af_004,0,XGBoost,0.0011768253752961755,0
mimic_perform_non_af_004,0,XGBoost,0.0005227242945693433,0
mimic_perform_non_af_004,0,XGBoost,0.0003640826034825295,0
mimic_perform_non_af_004,0,XGBoost,0.0005079119582660496,0
mimic_perform_non_af_004,0,XGBoost,0.0008468908490613103,0
mimic_perform_non_af_004,0,XGBoost,0.002579124877229333,0
mimic_perform_non_af_004,0,XGBoost,0.01956145465373993,0
mimic_perform_non_af_004,0,XGBoost,0.021792618557810783,0
mimic_perform_non_af_004,0,XGBoost,0.0023813964799046516,0
mimic_perform_non_af_004,0,XGBoost,0.0022638707887381315,0
mimic_perform_non_af_004,0,XGBoost,0.000831602665130049,0
mimic_perform_non_af_004,0,XGBoost,0.0006816968671046197,0
mimic_perform_non_af_004,0,XGBoost,0.0008468908490613103,0
mimic_perform_non_af_004,0,XGBoost,0.0006511679966934025,0
mimic_perform_non_af_004,0,XGBoost,0.01436444092541933,0
mimic_perform_non_af_004,0,XGBoost,0.016541924327611923,0
mimic_perform_non_af_004,0,XGBoost,0.019713446497917175,0
mimic_perform_non_af_004,0,XGBoost,0.003045057412236929,0
mimic_perform_non_af_004,0,XGBoost,0.0026849128771573305,0
mimic_perform_non_af_004,0,XGBoost,0.004053943324834108,0
mimic_perform_non_af_004,0,XGBoost,0.0005233283154666424,0
mimic_perform_non_af_004,0,XGBoost,0.0006442140438593924,0
mimic_perform_non_af_004,0,XGBoost,0.00048429687740281224,0
mimic_perform_non_af_004,0,XGBoost,0.00048429687740281224,0
mimic_perform_non_af_004,0,XGBoost,0.000831602665130049,0
mimic_perform_non_af_004,0,XGBoost,0.004537765868008137,0
mimic_perform_non_af_004,0,XGBoost,0.002431990811601281,0
mimic_perform_non_af_004,0,XGBoost,0.001655512023717165,0
mimic_perform_non_af_004,0,XGBoost,0.0007563427789136767,0
mimic_perform_non_af_004,0,XGBoost,0.0006816968671046197,0
mimic_perform_non_af_004,0,XGBoost,0.0008022544789128006,0
mimic_perform_non_af_004,0,XGBoost,0.0022638707887381315,0
mimic_perform_non_af_004,0,XGBoost,0.004583890084177256,0
mimic_perform_non_af_004,0,XGBoost,0.027049649506807327,0
mimic_perform_non_af_004,0,XGBoost,0.009481426328420639,0
mimic_perform_non_af_004,0,XGBoost,0.0014042264083400369,0
mimic_perform_non_af_004,0,XGBoost,0.0005636336863972247,0
mimic_perform_non_af_004,0,XGBoost,0.0003640826034825295,0
mimic_perform_non_af_004,0,XGBoost,0.0005861771060153842,0
mimic_perform_non_af_004,0,XGBoost,0.0011631004745140672,0
mimic_perform_non_af_004,0,XGBoost,0.0011851392919197679,0
mimic_perform_non_af_004,0,XGBoost,0.0022068931721150875,0
mimic_perform_non_af_004,0,XGBoost,0.0007294508395716548,0
mimic_perform_non_af_004,0,XGBoost,0.00070804642746225,0
mimic_perform_non_af_004,0,XGBoost,0.0007430065306834877,0
mimic_perform_non_af_004,0,XGBoost,0.0007862329366616905,0
mimic_perform_non_af_004,0,XGBoost,0.0011768253752961755,0
mimic_perform_non_af_004,0,XGBoost,0.0006061646854504943,0
mimic_perform_non_af_004,0,XGBoost,0.0006061646854504943,0
mimic_perform_non_af_004,0,XGBoost,0.0015733384061604738,0
mimic_perform_non_af_004,0,XGBoost,0.001655512023717165,0
mimic_perform_non_af_004,0,XGBoost,0.0033831398468464613,0
mimic_perform_non_af_004,0,XGBoost,0.0003640826034825295,0
mimic_perform_non_af_004,0,XGBoost,0.0010606707073748112,0
mimic_perform_non_af_004,0,XGBoost,0.0008298844913952053,0
mimic_perform_non_af_004,0,XGBoost,0.0003747020091395825,0
mimic_perform_non_af_004,0,XGBoost,0.0008298844913952053,0
mimic_perform_non_af_004,0,XGBoost,0.00108353141695261,0
mimic_perform_non_af_004,0,XGBoost,0.0011121485149487853,0
mimic_perform_non_af_004,0,XGBoost,0.0020117585081607103,0
mimic_perform_non_af_004,0,XGBoost,0.003379392670467496,0
mimic_perform_non_af_004,0,XGBoost,0.0031968867406249046,0
mimic_perform_non_af_004,0,XGBoost,0.0029183239676058292,0
mimic_perform_non_af_004,0,XGBoost,0.000920788967050612,0
mimic_perform_non_af_004,0,XGBoost,0.001804661238566041,0
mimic_perform_non_af_004,0,XGBoost,0.007475788705050945,0
mimic_perform_non_af_004,0,XGBoost,0.0027918610721826553,0
mimic_perform_non_af_004,0,XGBoost,0.0011121485149487853,0
mimic_perform_non_af_004,0,XGBoost,0.00108353141695261,0
mimic_perform_non_af_004,0,XGBoost,0.0007412271806970239,0
mimic_perform_non_af_004,0,XGBoost,0.000861419306602329,0
mimic_perform_non_af_004,0,XGBoost,0.0005326390964910388,0
mimic_perform_non_af_004,0,XGBoost,0.0007418448221869767,0
mimic_perform_non_af_004,0,XGBoost,0.0006739579257555306,0
mimic_perform_non_af_004,0,XGBoost,0.0009476307895965874,0
mimic_perform_non_af_004,0,XGBoost,0.0009215561440214515,0
mimic_perform_non_af_004,0,XGBoost,0.0008140625432133675,0
mimic_perform_non_af_004,0,XGBoost,0.0005333257140591741,0
mimic_perform_non_af_004,0,XGBoost,0.0007638893439434469,0
mimic_perform_non_af_004,0,XGBoost,0.0007479110499843955,0
mimic_perform_non_af_004,0,XGBoost,0.0015058324206620455,0
mimic_perform_non_af_004,0,XGBoost,0.0058667343109846115,0
mimic_perform_non_af_004,0,XGBoost,0.0071966154500842094,0
mimic_perform_non_af_004,0,XGBoost,0.0046456786803901196,0
mimic_perform_non_af_004,0,XGBoost,0.0011121485149487853,0
mimic_perform_non_af_004,0,XGBoost,0.0005636336863972247,0
mimic_perform_non_af_004,0,XGBoost,0.000861419306602329,0
mimic_perform_non_af_004,0,XGBoost,0.0021216373424977064,0
mimic_perform_non_af_004,0,XGBoost,0.0015979413874447346,0
mimic_perform_non_af_004,0,XGBoost,0.0026918614748865366,0
mimic_perform_non_af_004,0,XGBoost,0.000861419306602329,0
mimic_perform_non_af_004,0,XGBoost,0.0058257123455405235,0
mimic_perform_non_af_004,0,XGBoost,0.013940089382231236,0
mimic_perform_non_af_004,0,XGBoost,0.02690841443836689,0
mimic_perform_non_af_004,0,XGBoost,0.0011658070143312216,0
mimic_perform_non_af_004,0,XGBoost,0.0013359312433749437,0
mimic_perform_non_af_004,0,XGBoost,0.0012537026777863503,0
mimic_perform_non_af_005,0,XGBoost,0.000514195126015693,0
mimic_perform_non_af_005,0,XGBoost,0.0006206157268024981,0
mimic_perform_non_af_005,0,XGBoost,0.00033240392804145813,0
mimic_perform_non_af_005,0,XGBoost,0.0005146975163370371,0
mimic_perform_non_af_005,0,XGBoost,0.000584716210141778,0
mimic_perform_non_af_005,0,XGBoost,0.00047447512042708695,0
mimic_perform_non_af_005,0,XGBoost,0.0004108597058802843,0
mimic_perform_non_af_005,0,XGBoost,0.00042699030018411577,0
mimic_perform_non_af_005,0,XGBoost,0.00042699030018411577,0
mimic_perform_non_af_005,0,XGBoost,0.0007403232157230377,0
mimic_perform_non_af_005,0,XGBoost,0.0002871490432880819,0
mimic_perform_non_af_005,0,XGBoost,0.0007093509193509817,0
mimic_perform_non_af_005,0,XGBoost,0.0004650075570680201,0
mimic_perform_non_af_005,0,XGBoost,0.00019231182523071766,0
mimic_perform_non_af_005,0,XGBoost,0.00019231182523071766,0
mimic_perform_non_af_005,0,XGBoost,0.0002700813056435436,0
mimic_perform_non_af_005,0,XGBoost,0.0002750849525909871,0
mimic_perform_non_af_005,0,XGBoost,0.0005966196185909212,0
mimic_perform_non_af_005,0,XGBoost,0.00038796605076640844,0
mimic_perform_non_af_005,0,XGBoost,0.00044697526027448475,0
mimic_perform_non_af_005,0,XGBoost,0.0004565515264403075,0
mimic_perform_non_af_005,0,XGBoost,0.0002878095838241279,0
mimic_perform_non_af_005,0,XGBoost,0.0006933932891115546,0
mimic_perform_non_af_005,0,XGBoost,0.0006933932891115546,0
mimic_perform_non_af_005,0,XGBoost,0.000621758692432195,0
mimic_perform_non_af_005,0,XGBoost,0.0005966196185909212,0
mimic_perform_non_af_005,0,XGBoost,0.00047447512042708695,0
mimic_perform_non_af_005,0,XGBoost,0.0005277663003653288,0
mimic_perform_non_af_005,0,XGBoost,0.0005462353583425283,0
mimic_perform_non_af_005,0,XGBoost,0.0005740845808759332,0
mimic_perform_non_af_005,0,XGBoost,0.00042699030018411577,0
mimic_perform_non_af_005,0,XGBoost,0.0004626443551387638,0
mimic_perform_non_af_005,0,XGBoost,0.0003751271578948945,0
mimic_perform_non_af_005,0,XGBoost,0.00042699030018411577,0
mimic_perform_non_af_005,0,XGBoost,0.0002700813056435436,0
mimic_perform_non_af_005,0,XGBoost,0.0004565515264403075,0
mimic_perform_non_af_005,0,XGBoost,0.0002700813056435436,0
mimic_perform_non_af_005,0,XGBoost,0.0004565515264403075,0
mimic_perform_non_af_005,0,XGBoost,0.00037257818621583283,0
mimic_perform_non_af_005,0,XGBoost,0.0005848159780725837,0
mimic_perform_non_af_005,0,XGBoost,0.0007769783260300756,0
mimic_perform_non_af_005,0,XGBoost,0.00020736937585752457,0
mimic_perform_non_af_005,0,XGBoost,0.000280686654150486,0
mimic_perform_non_af_005,0,XGBoost,0.0004650075570680201,0
mimic_perform_non_af_005,0,XGBoost,0.00047447512042708695,0
mimic_perform_non_af_005,0,XGBoost,0.000634616706520319,0
mimic_perform_non_af_005,0,XGBoost,0.00044697526027448475,0
mimic_perform_non_af_005,0,XGBoost,0.0004108597058802843,0
mimic_perform_non_af_005,0,XGBoost,0.0005966196185909212,0
mimic_perform_non_af_005,0,XGBoost,0.00037257818621583283,0
mimic_perform_non_af_005,0,XGBoost,0.0005241637700237334,0
mimic_perform_non_af_005,0,XGBoost,0.0002878095838241279,0
mimic_perform_non_af_005,0,XGBoost,0.0007570022135041654,0
mimic_perform_non_af_005,0,XGBoost,0.0005848159780725837,0
mimic_perform_non_af_005,0,XGBoost,0.00022534329036716372,0
mimic_perform_non_af_005,0,XGBoost,0.000280686654150486,0
mimic_perform_non_af_005,0,XGBoost,0.000280686654150486,0
mimic_perform_non_af_005,0,XGBoost,0.00020736937585752457,0
mimic_perform_non_af_005,0,XGBoost,0.0004531829326879233,0
mimic_perform_non_af_005,0,XGBoost,0.00048539708950556815,0
mimic_perform_non_af_005,0,XGBoost,0.0002700813056435436,0
mimic_perform_non_af_005,0,XGBoost,0.0002700813056435436,0
mimic_perform_non_af_005,0,XGBoost,0.0006106473156251013,0
mimic_perform_non_af_005,0,XGBoost,0.0005676778382621706,0
mimic_perform_non_af_005,0,XGBoost,0.0003981396439485252,0
mimic_perform_non_af_005,0,XGBoost,0.0005148606724105775,0
mimic_perform_non_af_005,0,XGBoost,0.00042699030018411577,0
mimic_perform_non_af_005,0,XGBoost,0.00042699030018411577,0
mimic_perform_non_af_005,0,XGBoost,0.0005241637700237334,0
mimic_perform_non_af_005,0,XGBoost,0.0007403232157230377,0
mimic_perform_non_af_005,0,XGBoost,0.00047447512042708695,0
mimic_perform_non_af_005,0,XGBoost,0.00047447512042708695,0
mimic_perform_non_af_005,0,XGBoost,0.000280686654150486,0
mimic_perform_non_af_005,0,XGBoost,0.0002700813056435436,0
mimic_perform_non_af_005,0,XGBoost,0.00019566201081033796,0
mimic_perform_non_af_005,0,XGBoost,0.0002792340819723904,0
mimic_perform_non_af_005,0,XGBoost,0.00042699030018411577,0
mimic_perform_non_af_005,0,XGBoost,0.0003926857025362551,0
mimic_perform_non_af_005,0,XGBoost,0.0003751271578948945,0
mimic_perform_non_af_005,0,XGBoost,0.0005019030650146306,0
mimic_perform_non_af_005,0,XGBoost,0.0005676778382621706,0
mimic_perform_non_af_005,0,XGBoost,0.000280686654150486,0
mimic_perform_non_af_005,0,XGBoost,0.0006933932891115546,0
mimic_perform_non_af_005,0,XGBoost,0.000672681606374681,0
mimic_perform_non_af_005,0,XGBoost,0.0003751271578948945,0
mimic_perform_non_af_005,0,XGBoost,0.0004108597058802843,0
mimic_perform_non_af_005,0,XGBoost,0.0005054984940215945,0
mimic_perform_non_af_005,0,XGBoost,0.0005374349420890212,0
mimic_perform_non_af_005,0,XGBoost,0.00042699030018411577,0
mimic_perform_non_af_005,0,XGBoost,0.0005740845808759332,0
mimic_perform_non_af_005,0,XGBoost,0.0002700813056435436,0
mimic_perform_non_af_005,0,XGBoost,0.0005676778382621706,0
mimic_perform_non_af_005,0,XGBoost,0.0005462353583425283,0
mimic_perform_non_af_005,0,XGBoost,0.0002700813056435436,0
mimic_perform_non_af_005,0,XGBoost,0.0005676778382621706,0
mimic_perform_non_af_005,0,XGBoost,0.000280686654150486,0
mimic_perform_non_af_005,0,XGBoost,0.00014855079643893987,0
mimic_perform_non_af_005,0,XGBoost,0.00021995526913087815,0
mimic_perform_non_af_005,0,XGBoost,0.0002871490432880819,0
mimic_perform_non_af_005,0,XGBoost,0.0005966196185909212,0
mimic_perform_non_af_005,0,XGBoost,0.000542100693564862,0
mimic_perform_non_af_005,0,XGBoost,0.00041846983367577195,0
mimic_perform_non_af_005,0,XGBoost,0.00047447512042708695,0
mimic_perform_non_af_005,0,XGBoost,0.0005241637700237334,0
mimic_perform_non_af_005,0,XGBoost,0.0005253427079878747,0
mimic_perform_non_af_005,0,XGBoost,0.0005054984940215945,0
mimic_perform_non_af_005,0,XGBoost,0.0004300900618545711,0
mimic_perform_non_af_005,0,XGBoost,0.0005054984940215945,0
mimic_perform_non_af_005,0,XGBoost,0.00029969747993163764,0
mimic_perform_non_af_005,0,XGBoost,0.00042699030018411577,0
mimic_perform_non_af_005,0,XGBoost,0.0005253427079878747,0
mimic_perform_non_af_005,0,XGBoost,0.00044697526027448475,0
mimic_perform_non_af_005,0,XGBoost,0.00044697526027448475,0
mimic_perform_non_af_005,0,XGBoost,0.000634616706520319,0
mimic_perform_non_af_005,0,XGBoost,0.0005740845808759332,0
mimic_perform_non_af_005,0,XGBoost,0.0005196695565246046,0
mimic_perform_non_af_005,0,XGBoost,0.000280686654150486,0
mimic_perform_non_af_005,0,XGBoost,0.0005740845808759332,0
mimic_perform_non_af_006,0,XGBoost,0.005148452240973711,0
mimic_perform_non_af_006,0,XGBoost,0.018794285133481026,0
mimic_perform_non_af_006,0,XGBoost,0.007195522077381611,0
mimic_perform_non_af_006,0,XGBoost,0.0011525193694978952,0
mimic_perform_non_af_006,0,XGBoost,0.0006104229832999408,0
mimic_perform_non_af_006,0,XGBoost,0.0009025137405842543,0
mimic_perform_non_af_006,0,XGBoost,0.0006575656007044017,0
mimic_perform_non_af_006,0,XGBoost,0.0006226012483239174,0
mimic_perform_non_af_006,0,XGBoost,0.0006382880383171141,0
mimic_perform_non_af_006,0,XGBoost,0.0005664684576913714,0
mimic_perform_non_af_006,0,XGBoost,0.0011573855299502611,0
mimic_perform_non_af_006,0,XGBoost,0.0023593935184180737,0
mimic_perform_non_af_006,0,XGBoost,0.003334733424708247,0
mimic_perform_non_af_006,0,XGBoost,0.022614475339651108,0
mimic_perform_non_af_006,0,XGBoost,0.050171297043561935,0
mimic_perform_non_af_006,0,XGBoost,0.0012161366175860167,0
mimic_perform_non_af_006,0,XGBoost,0.011070385575294495,0
mimic_perform_non_af_006,0,XGBoost,0.006290188524872065,0
mimic_perform_non_af_006,0,XGBoost,0.002915813820436597,0
mimic_perform_non_af_006,0,XGBoost,0.0019530700519680977,0
mimic_perform_non_af_006,0,XGBoost,0.002493364503607154,0
mimic_perform_non_af_006,0,XGBoost,0.0022689495235681534,0
mimic_perform_non_af_006,0,XGBoost,0.0004672378418035805,0
mimic_perform_non_af_006,0,XGBoost,0.0003691633464768529,0
mimic_perform_non_af_006,0,XGBoost,0.0005956275854259729,0
mimic_perform_non_af_006,0,XGBoost,0.005084109492599964,0
mimic_perform_non_af_006,0,XGBoost,0.007384588476270437,0
mimic_perform_non_af_006,0,XGBoost,0.0074967495165765285,0
mimic_perform_non_af_006,0,XGBoost,0.0036291300784796476,0
mimic_perform_non_af_006,0,XGBoost,0.011543265543878078,0
mimic_perform_non_af_006,0,XGBoost,0.019044818356633186,0
mimic_perform_non_af_006,0,XGBoost,0.04490671306848526,0
mimic_perform_non_af_006,0,XGBoost,0.010681289248168468,0
mimic_perform_non_af_006,0,XGBoost,0.0025126165710389614,0
mimic_perform_non_af_006,0,XGBoost,0.001762205152772367,0
mimic_perform_non_af_006,0,XGBoost,0.0011494013015180826,0
mimic_perform_non_af_006,0,XGBoost,0.0005352236330509186,0
mimic_perform_non_af_006,0,XGBoost,0.001143408240750432,0
mimic_perform_non_af_006,0,XGBoost,0.001244296203367412,0
mimic_perform_non_af_006,0,XGBoost,0.001244296203367412,0
mimic_perform_non_af_006,0,XGBoost,0.001542351208627224,0
mimic_perform_non_af_006,0,XGBoost,0.0030948102939873934,0
mimic_perform_non_af_006,0,XGBoost,0.0013368839863687754,0
mimic_perform_non_af_006,0,XGBoost,0.020428815856575966,0
mimic_perform_non_af_006,0,XGBoost,0.006355892866849899,0
mimic_perform_non_af_006,0,XGBoost,0.007350268308073282,0
mimic_perform_non_af_006,0,XGBoost,0.0047372570261359215,0
mimic_perform_non_af_006,0,XGBoost,0.0033710775896906853,0
mimic_perform_non_af_006,0,XGBoost,0.001403899397701025,0
mimic_perform_non_af_006,0,XGBoost,0.09478458017110825,0
mimic_perform_non_af_006,0,XGBoost,0.1709163635969162,0
mimic_perform_non_af_006,0,XGBoost,0.014604659751057625,0
mimic_perform_non_af_006,0,XGBoost,0.0005165986367501318,0
mimic_perform_non_af_006,0,XGBoost,0.00044220415293239057,0
mimic_perform_non_af_006,0,XGBoost,0.0007713079685345292,0
mimic_perform_non_af_006,0,XGBoost,0.0012303395196795464,0
mimic_perform_non_af_006,0,XGBoost,0.0014924249844625592,0
mimic_perform_non_af_006,0,XGBoost,0.001536943600513041,0
mimic_perform_non_af_006,0,XGBoost,0.0015778285451233387,0
mimic_perform_non_af_006,0,XGBoost,0.009745192714035511,0
mimic_perform_non_af_006,0,XGBoost,0.0055200872011482716,0
mimic_perform_non_af_006,0,XGBoost,0.006691548507660627,0
mimic_perform_non_af_006,0,XGBoost,0.0011573855299502611,0
mimic_perform_non_af_006,0,XGBoost,0.0012824482982978225,0
mimic_perform_non_af_006,0,XGBoost,0.0006636461475864053,0
mimic_perform_non_af_006,0,XGBoost,0.0010561991948634386,0
mimic_perform_non_af_006,0,XGBoost,0.0024806703440845013,0
mimic_perform_non_af_006,0,XGBoost,0.0011432453757151961,0
mimic_perform_non_af_006,0,XGBoost,0.0071543194353580475,0
mimic_perform_non_af_006,0,XGBoost,0.006310413591563702,0
mimic_perform_non_af_006,0,XGBoost,0.0022544274106621742,0
mimic_perform_non_af_006,0,XGBoost,0.01192523818463087,0
mimic_perform_non_af_006,0,XGBoost,0.008533116430044174,0
mimic_perform_non_af_006,0,XGBoost,0.006699235178530216,0
mimic_perform_non_af_006,0,XGBoost,0.0006561129703186452,0
mimic_perform_non_af_006,0,XGBoost,0.0006090488750487566,0
mimic_perform_non_af_006,0,XGBoost,0.0025010243989527225,0
mimic_perform_non_af_006,0,XGBoost,0.004973205272108316,0
mimic_perform_non_af_006,0,XGBoost,0.011241529136896133,0
mimic_perform_non_af_006,0,XGBoost,0.001196880592033267,0
mimic_perform_non_af_006,0,XGBoost,0.0011804691748693585,0
mimic_perform_non_af_006,0,XGBoost,0.0013368839863687754,0
mimic_perform_non_af_006,0,XGBoost,0.001983445370569825,0
mimic_perform_non_af_006,0,XGBoost,0.002301724860444665,0
mimic_perform_non_af_006,0,XGBoost,0.0018149232491850853,0
mimic_perform_non_af_006,0,XGBoost,0.0010140500962734222,0
mimic_perform_non_af_006,0,XGBoost,0.0015050123911350965,0
mimic_perform_non_af_006,0,XGBoost,0.0007877068710513413,0
mimic_perform_non_af_006,0,XGBoost,0.0028502780478447676,0
mimic_perform_non_af_006,0,XGBoost,0.017064293846488,0
mimic_perform_non_af_006,0,XGBoost,0.001629147445783019,0
mimic_perform_non_af_006,0,XGBoost,0.010747546330094337,0
mimic_perform_non_af_006,0,XGBoost,0.008721107617020607,0
mimic_perform_non_af_006,0,XGBoost,0.002639599610120058,0
mimic_perform_non_af_006,0,XGBoost,0.016213782131671906,0
mimic_perform_non_af_006,0,XGBoost,0.012386316433548927,0
mimic_perform_non_af_006,0,XGBoost,0.000996658462099731,0
mimic_perform_non_af_006,0,XGBoost,0.002639599610120058,0
mimic_perform_non_af_006,0,XGBoost,0.0014013401232659817,0
mimic_perform_non_af_006,0,XGBoost,0.0012769014574587345,0
mimic_perform_non_af_006,0,XGBoost,0.00144681625533849,0
mimic_perform_non_af_006,0,XGBoost,0.0011839844519272447,0
mimic_perform_non_af_006,0,XGBoost,0.0011620190925896168,0
mimic_perform_non_af_006,0,XGBoost,0.003303477307781577,0
mimic_perform_non_af_006,0,XGBoost,0.01103869080543518,0
mimic_perform_non_af_006,0,XGBoost,0.0026715840213000774,0
mimic_perform_non_af_006,0,XGBoost,0.0017620768630877137,0
mimic_perform_non_af_006,0,XGBoost,0.0017908026929944754,0
mimic_perform_non_af_006,0,XGBoost,0.006636235862970352,0
mimic_perform_non_af_006,0,XGBoost,0.03473326563835144,0
mimic_perform_non_af_006,0,XGBoost,0.0013096905313432217,0
mimic_perform_non_af_006,0,XGBoost,0.0026880556251853704,0
mimic_perform_non_af_006,0,XGBoost,0.00029032689053565264,0
mimic_perform_non_af_006,0,XGBoost,0.00029032689053565264,0
mimic_perform_non_af_006,0,XGBoost,0.0005060968105681241,0
mimic_perform_non_af_006,0,XGBoost,0.00027167785447090864,0
mimic_perform_non_af_006,0,XGBoost,0.0004816201108042151,0
mimic_perform_non_af_006,0,XGBoost,0.0003775783407036215,0
mimic_perform_non_af_007,0,XGBoost,0.0006351897027343512,0
mimic_perform_non_af_007,0,XGBoost,0.0013141111703589559,0
mimic_perform_non_af_007,0,XGBoost,0.00023913902987260371,0
mimic_perform_non_af_007,0,XGBoost,0.0003050701634492725,0
mimic_perform_non_af_007,0,XGBoost,0.00034205775591544807,0
mimic_perform_non_af_007,0,XGBoost,0.0014204381732270122,0
mimic_perform_non_af_007,0,XGBoost,0.00267038238234818,0
mimic_perform_non_af_007,0,XGBoost,0.00196093344129622,0
mimic_perform_non_af_007,0,XGBoost,0.0004770290106534958,0
mimic_perform_non_af_007,0,XGBoost,0.00031504049547947943,0
mimic_perform_non_af_007,0,XGBoost,0.0003354745276737958,0
mimic_perform_non_af_007,0,XGBoost,0.0002517540706321597,0
mimic_perform_non_af_007,0,XGBoost,0.00025146763073280454,0
mimic_perform_non_af_007,0,XGBoost,0.00042082040454261005,0
mimic_perform_non_af_007,0,XGBoost,0.00023672891256865114,0
mimic_perform_non_af_007,0,XGBoost,0.0004115015617571771,0
mimic_perform_non_af_007,0,XGBoost,0.0004293062665965408,0
mimic_perform_non_af_007,0,XGBoost,0.00022988668933976442,0
mimic_perform_non_af_007,0,XGBoost,0.00026000963407568634,0
mimic_perform_non_af_007,0,XGBoost,0.00023938014055602252,0
mimic_perform_non_af_007,0,XGBoost,0.0002519017143640667,0
mimic_perform_non_af_007,0,XGBoost,0.00028214085614308715,0
mimic_perform_non_af_007,0,XGBoost,0.00021093814575579017,0
mimic_perform_non_af_007,0,XGBoost,0.0002876164799090475,0
mimic_perform_non_af_007,0,XGBoost,0.0003290438326075673,0
mimic_perform_non_af_007,0,XGBoost,0.0013074533781036735,0
mimic_perform_non_af_007,0,XGBoost,0.0020744227804243565,0
mimic_perform_non_af_007,0,XGBoost,0.0014906467404216528,0
mimic_perform_non_af_007,0,XGBoost,0.00032170911435969174,0
mimic_perform_non_af_007,0,XGBoost,0.0005961253773421049,0
mimic_perform_non_af_007,0,XGBoost,0.0009638462215662003,0
mimic_perform_non_af_007,0,XGBoost,0.0018576397560536861,0
mimic_perform_non_af_007,0,XGBoost,0.0004041694919578731,0
mimic_perform_non_af_007,0,XGBoost,0.0003855597460642457,0
mimic_perform_non_af_007,0,XGBoost,0.0003238218487240374,0
mimic_perform_non_af_007,0,XGBoost,0.0003038449794985354,0
mimic_perform_non_af_007,0,XGBoost,0.0003070631355512887,0
mimic_perform_non_af_007,0,XGBoost,0.004321262706071138,0
mimic_perform_non_af_007,0,XGBoost,0.006355050019919872,0
mimic_perform_non_af_007,0,XGBoost,0.011306176893413067,0
mimic_perform_non_af_007,0,XGBoost,0.004613087512552738,0
mimic_perform_non_af_007,0,XGBoost,0.0030873180367052555,0
mimic_perform_non_af_007,0,XGBoost,0.0003354745276737958,0
mimic_perform_non_af_007,0,XGBoost,0.00024839749676175416,0
mimic_perform_non_af_007,0,XGBoost,0.00022605687263421714,0
mimic_perform_non_af_007,0,XGBoost,0.00025017911684699357,0
mimic_perform_non_af_007,0,XGBoost,0.00022223088308237493,0
mimic_perform_non_af_007,0,XGBoost,0.0009606461971998215,0
mimic_perform_non_af_007,0,XGBoost,0.04504507780075073,0
mimic_perform_non_af_007,0,XGBoost,0.9954428672790527,1
mimic_perform_non_af_007,0,XGBoost,0.9753206372261047,1
mimic_perform_non_af_007,0,XGBoost,0.9909768104553223,1
mimic_perform_non_af_007,0,XGBoost,0.8450815081596375,1
mimic_perform_non_af_007,0,XGBoost,0.023464694619178772,0
mimic_perform_non_af_007,0,XGBoost,0.8921661376953125,1
mimic_perform_non_af_007,0,XGBoost,0.5818099975585938,1
mimic_perform_non_af_007,0,XGBoost,0.0008201755117624998,0
mimic_perform_non_af_007,0,XGBoost,0.0009526458452455699,0
mimic_perform_non_af_007,0,XGBoost,0.0020472051110118628,0
mimic_perform_non_af_007,0,XGBoost,0.0038887353148311377,0
mimic_perform_non_af_007,0,XGBoost,0.003307049162685871,0
mimic_perform_non_af_007,0,XGBoost,0.0007476933533325791,0
mimic_perform_non_af_007,0,XGBoost,0.0004933140589855611,0
mimic_perform_non_af_007,0,XGBoost,0.001603722688741982,0
mimic_perform_non_af_007,0,XGBoost,0.0007820052560418844,0
mimic_perform_non_af_007,0,XGBoost,0.0011283073108643293,0
mimic_perform_non_af_007,0,XGBoost,0.0014067942975088954,0
mimic_perform_non_af_007,0,XGBoost,0.0005628367653116584,0
mimic_perform_non_af_007,0,XGBoost,0.0007063130033202469,0
mimic_perform_non_af_007,0,XGBoost,0.0005359932547435164,0
mimic_perform_non_af_007,0,XGBoost,0.002131303073838353,0
mimic_perform_non_af_007,0,XGBoost,0.0011408737627789378,0
mimic_perform_non_af_007,0,XGBoost,0.005059201270341873,0
mimic_perform_non_af_007,0,XGBoost,0.002614055760204792,0
mimic_perform_non_af_007,0,XGBoost,0.0069971755146980286,0
mimic_perform_non_af_007,0,XGBoost,0.002816813997924328,0
mimic_perform_non_af_007,0,XGBoost,0.001691692043095827,0
mimic_perform_non_af_007,0,XGBoost,0.0012407859321683645,0
mimic_perform_non_af_007,0,XGBoost,0.0004404284118209034,0
mimic_perform_non_af_007,0,XGBoost,0.0010036621242761612,0
mimic_perform_non_af_007,0,XGBoost,0.00194278743583709,0
mimic_perform_non_af_007,0,XGBoost,0.0813046544790268,0
mimic_perform_non_af_007,0,XGBoost,0.005162958055734634,0
mimic_perform_non_af_007,0,XGBoost,0.2985149919986725,0
mimic_perform_non_af_007,0,XGBoost,0.0020773899741470814,0
mimic_perform_non_af_007,0,XGBoost,0.001225635758601129,0
mimic_perform_non_af_007,0,XGBoost,0.0013832589611411095,0
mimic_perform_non_af_007,0,XGBoost,0.00021671467402484268,0
mimic_perform_non_af_007,0,XGBoost,0.00021962080791126937,0
mimic_perform_non_af_007,0,XGBoost,0.0019257592502981424,0
mimic_perform_non_af_007,0,XGBoost,0.001528469962067902,0
mimic_perform_non_af_007,0,XGBoost,0.003350020619109273,0
mimic_perform_non_af_007,0,XGBoost,0.0006473035318776965,0
mimic_perform_non_af_007,0,XGBoost,0.00026063830591738224,0
mimic_perform_non_af_007,0,XGBoost,0.0010256207315251231,0
mimic_perform_non_af_007,0,XGBoost,0.0007664290023967624,0
mimic_perform_non_af_007,0,XGBoost,0.00045303540537133813,0
mimic_perform_non_af_007,0,XGBoost,0.00023955183860380203,0
mimic_perform_non_af_007,0,XGBoost,0.00022988668933976442,0
mimic_perform_non_af_007,0,XGBoost,0.003947877325117588,0
mimic_perform_non_af_007,0,XGBoost,0.0009943584445863962,0
mimic_perform_non_af_007,0,XGBoost,0.0015489954967051744,0
mimic_perform_non_af_007,0,XGBoost,0.019885053858160973,0
mimic_perform_non_af_007,0,XGBoost,0.011440854519605637,0
mimic_perform_non_af_007,0,XGBoost,0.011998585425317287,0
mimic_perform_non_af_007,0,XGBoost,0.00019185176643077284,0
mimic_perform_non_af_007,0,XGBoost,0.00025787288905121386,0
mimic_perform_non_af_007,0,XGBoost,0.00023401151702273637,0
mimic_perform_non_af_007,0,XGBoost,0.0003820673155132681,0
mimic_perform_non_af_007,0,XGBoost,0.001901224022731185,0
mimic_perform_non_af_007,0,XGBoost,0.001402792171575129,0
mimic_perform_non_af_007,0,XGBoost,0.10964128375053406,0
mimic_perform_non_af_007,0,XGBoost,0.0019303702283650637,0
mimic_perform_non_af_007,0,XGBoost,0.004196453373879194,0
mimic_perform_non_af_007,0,XGBoost,0.008123675361275673,0
mimic_perform_non_af_007,0,XGBoost,0.03901706263422966,0
mimic_perform_non_af_007,0,XGBoost,0.1285119354724884,0
mimic_perform_non_af_007,0,XGBoost,0.03834916651248932,0
mimic_perform_non_af_008,0,XGBoost,0.015451723709702492,0
mimic_perform_non_af_008,0,XGBoost,0.005466422066092491,0
mimic_perform_non_af_008,0,XGBoost,0.38416314125061035,0
mimic_perform_non_af_008,0,XGBoost,0.3030157685279846,0
mimic_perform_non_af_008,0,XGBoost,0.01444290392100811,0
mimic_perform_non_af_008,0,XGBoost,0.005004912614822388,0
mimic_perform_non_af_008,0,XGBoost,0.3167167603969574,0
mimic_perform_non_af_008,0,XGBoost,0.0010104880202561617,0
mimic_perform_non_af_008,0,XGBoost,0.0021843609865754843,0
mimic_perform_non_af_008,0,XGBoost,0.0022598677314817905,0
mimic_perform_non_af_008,0,XGBoost,0.0020301174372434616,0
mimic_perform_non_af_008,0,XGBoost,0.00043354631634429097,0
mimic_perform_non_af_008,0,XGBoost,0.00043354631634429097,0
mimic_perform_non_af_008,0,XGBoost,0.00043354631634429097,0
mimic_perform_non_af_008,0,XGBoost,0.0004993220209144056,0
mimic_perform_non_af_008,0,XGBoost,0.00043354631634429097,0
mimic_perform_non_af_008,0,XGBoost,0.0811479315161705,0
mimic_perform_non_af_008,0,XGBoost,0.0031621966045349836,0
mimic_perform_non_af_008,0,XGBoost,0.008557639084756374,0
mimic_perform_non_af_008,0,XGBoost,0.05017515644431114,0
mimic_perform_non_af_008,0,XGBoost,0.013027324341237545,0
mimic_perform_non_af_008,0,XGBoost,0.0008804607205092907,0
mimic_perform_non_af_008,0,XGBoost,0.000635316304396838,0
mimic_perform_non_af_008,0,XGBoost,0.005460973363369703,0
mimic_perform_non_af_008,0,XGBoost,0.003390740370377898,0
mimic_perform_non_af_008,0,XGBoost,0.0005840461817570031,0
mimic_perform_non_af_008,0,XGBoost,0.02060495689511299,0
mimic_perform_non_af_008,0,XGBoost,0.012460644356906414,0
mimic_perform_non_af_008,0,XGBoost,0.021357882767915726,0
mimic_perform_non_af_008,0,XGBoost,0.00045296456664800644,0
mimic_perform_non_af_008,0,XGBoost,0.00029453675961121917,0
mimic_perform_non_af_008,0,XGBoost,0.00031614923500455916,0
mimic_perform_non_af_008,0,XGBoost,0.0010066753020510077,0
mimic_perform_non_af_008,0,XGBoost,0.010276601649820805,0
mimic_perform_non_af_008,0,XGBoost,0.000977225136011839,0
mimic_perform_non_af_008,0,XGBoost,0.032551415264606476,0
mimic_perform_non_af_008,0,XGBoost,0.016377579420804977,0
mimic_perform_non_af_008,0,XGBoost,0.029716141521930695,0
mimic_perform_non_af_008,0,XGBoost,0.00045296456664800644,0
mimic_perform_non_af_008,0,XGBoost,0.0004665153392124921,0
mimic_perform_non_af_008,0,XGBoost,0.0004232024075463414,0
mimic_perform_non_af_008,0,XGBoost,0.0006386503810063004,0
mimic_perform_non_af_008,0,XGBoost,0.00042759106145240366,0
mimic_perform_non_af_008,0,XGBoost,0.00032640964491292834,0
mimic_perform_non_af_008,0,XGBoost,0.00024733872851356864,0
mimic_perform_non_af_008,0,XGBoost,0.0003965043288189918,0
mimic_perform_non_af_008,0,XGBoost,0.0017286159563809633,0
mimic_perform_non_af_008,0,XGBoost,0.001339369802735746,0
mimic_perform_non_af_008,0,XGBoost,0.0025601608213037252,0
mimic_perform_non_af_008,0,XGBoost,0.001749125774949789,0
mimic_perform_non_af_008,0,XGBoost,0.0004825579817406833,0
mimic_perform_non_af_008,0,XGBoost,0.00216089328750968,0
mimic_perform_non_af_008,0,XGBoost,0.0012119574239477515,0
mimic_perform_non_af_008,0,XGBoost,0.0016259073745459318,0
mimic_perform_non_af_008,0,XGBoost,0.0003127955715171993,0
mimic_perform_non_af_008,0,XGBoost,0.0004848566895816475,0
mimic_perform_non_af_008,0,XGBoost,0.00027278976631350815,0
mimic_perform_non_af_008,0,XGBoost,0.00045296456664800644,0
mimic_perform_non_af_008,0,XGBoost,0.024644915014505386,0
mimic_perform_non_af_008,0,XGBoost,0.03449279069900513,0
mimic_perform_non_af_008,0,XGBoost,0.0018859745468944311,0
mimic_perform_non_af_008,0,XGBoost,0.0059908609837293625,0
mimic_perform_non_af_008,0,XGBoost,0.005719047971069813,0
mimic_perform_non_af_008,0,XGBoost,0.00043354631634429097,0
mimic_perform_non_af_008,0,XGBoost,0.01012501958757639,0
mimic_perform_non_af_008,0,XGBoost,0.005498984828591347,0
mimic_perform_non_af_008,0,XGBoost,0.0017173697706311941,0
mimic_perform_non_af_008,0,XGBoost,0.0004993220209144056,0
mimic_perform_non_af_008,0,XGBoost,0.0059908609837293625,0
mimic_perform_non_af_008,0,XGBoost,0.0004993220209144056,0
mimic_perform_non_af_008,0,XGBoost,0.00043354631634429097,0
mimic_perform_non_af_008,0,XGBoost,0.003048894228413701,0
mimic_perform_non_af_008,0,XGBoost,0.007939120754599571,0
mimic_perform_non_af_008,0,XGBoost,0.005168079398572445,0
mimic_perform_non_af_008,0,XGBoost,0.0003269443695899099,0
mimic_perform_non_af_008,0,XGBoost,0.005787419155240059,0
mimic_perform_non_af_008,0,XGBoost,0.000515039311721921,0
mimic_perform_non_af_008,0,XGBoost,0.00030556588899344206,0
mimic_perform_non_af_008,0,XGBoost,0.0009671495063230395,0
mimic_perform_non_af_008,0,XGBoost,0.0022071944549679756,0
mimic_perform_non_af_008,0,XGBoost,0.00043354631634429097,0
mimic_perform_non_af_008,0,XGBoost,0.00043354631634429097,0
mimic_perform_non_af_008,0,XGBoost,0.0001297595736104995,0
mimic_perform_non_af_008,0,XGBoost,0.0001297595736104995,0
mimic_perform_non_af_008,0,XGBoost,0.0002582468732725829,0
mimic_perform_non_af_008,0,XGBoost,0.010525589808821678,0
mimic_perform_non_af_008,0,XGBoost,0.0016209795139729977,0
mimic_perform_non_af_008,0,XGBoost,0.0009938707808032632,0
mimic_perform_non_af_008,0,XGBoost,0.00017986397142522037,0
mimic_perform_non_af_008,0,XGBoost,0.0002582468732725829,0
mimic_perform_non_af_008,0,XGBoost,0.0002535733219701797,0
mimic_perform_non_af_008,0,XGBoost,0.00029453675961121917,0
mimic_perform_non_af_008,0,XGBoost,0.00020374590530991554,0
mimic_perform_non_af_008,0,XGBoost,0.00020089764439035207,0
mimic_perform_non_af_008,0,XGBoost,0.0012235757894814014,0
mimic_perform_non_af_008,0,XGBoost,0.0005159866996109486,0
mimic_perform_non_af_008,0,XGBoost,0.00122482527513057,0
mimic_perform_non_af_008,0,XGBoost,0.0004765477206092328,0
mimic_perform_non_af_008,0,XGBoost,0.0003375049855094403,0
mimic_perform_non_af_008,0,XGBoost,0.0003608083934523165,0
mimic_perform_non_af_008,0,XGBoost,0.0004848566895816475,0
mimic_perform_non_af_008,0,XGBoost,0.0002484972064848989,0
mimic_perform_non_af_008,0,XGBoost,0.00027846338343806565,0
mimic_perform_non_af_008,0,XGBoost,0.0004848566895816475,0
mimic_perform_non_af_008,0,XGBoost,0.00030556588899344206,0
mimic_perform_non_af_008,0,XGBoost,0.019941551610827446,0
mimic_perform_non_af_008,0,XGBoost,0.02095082215964794,0
mimic_perform_non_af_008,0,XGBoost,0.13453765213489532,0
mimic_perform_non_af_008,0,XGBoost,0.0057332925498485565,0
mimic_perform_non_af_008,0,XGBoost,0.008438565768301487,0
mimic_perform_non_af_008,0,XGBoost,0.0031950424890965223,0
mimic_perform_non_af_008,0,XGBoost,0.0009252208983525634,0
mimic_perform_non_af_008,0,XGBoost,0.0011096473317593336,0
mimic_perform_non_af_008,0,XGBoost,0.004257757682353258,0
mimic_perform_non_af_008,0,XGBoost,0.001649416284635663,0
mimic_perform_non_af_008,0,XGBoost,0.014790527522563934,0
mimic_perform_non_af_008,0,XGBoost,0.013042316772043705,0
mimic_perform_non_af_008,0,XGBoost,0.0029559065587818623,0
mimic_perform_non_af_009,0,XGBoost,0.0002510199265088886,0
mimic_perform_non_af_009,0,XGBoost,0.000242125490331091,0
mimic_perform_non_af_009,0,XGBoost,0.000242125490331091,0
mimic_perform_non_af_009,0,XGBoost,0.0002525931631680578,0
mimic_perform_non_af_009,0,XGBoost,0.00012006868200842291,0
mimic_perform_non_af_009,0,XGBoost,0.00041140918619930744,0
mimic_perform_non_af_009,0,XGBoost,0.00022783967142459005,0
mimic_perform_non_af_009,0,XGBoost,0.00035336276050657034,0
mimic_perform_non_af_009,0,XGBoost,0.0005610962398350239,0
mimic_perform_non_af_009,0,XGBoost,0.0006166641251184046,0
mimic_perform_non_af_009,0,XGBoost,0.0001946347183547914,0
mimic_perform_non_af_009,0,XGBoost,0.00020773963478859514,0
mimic_perform_non_af_009,0,XGBoost,0.00023295453866012394,0
mimic_perform_non_af_009,0,XGBoost,0.0002312730357516557,0
mimic_perform_non_af_009,0,XGBoost,0.00020795167074538767,0
mimic_perform_non_af_009,0,XGBoost,0.00022351885854732245,0
mimic_perform_non_af_009,0,XGBoost,0.00027298359782435,0
mimic_perform_non_af_009,0,XGBoost,0.00012110365787521005,0
mimic_perform_non_af_009,0,XGBoost,0.0011848616413772106,0
mimic_perform_non_af_009,0,XGBoost,0.0006334084901027381,0
mimic_perform_non_af_009,0,XGBoost,0.00023418314231093973,0
mimic_perform_non_af_009,0,XGBoost,0.0002725927042774856,0
mimic_perform_non_af_009,0,XGBoost,0.00025011543766595423,0
mimic_perform_non_af_009,0,XGBoost,0.00018175243167206645,0
mimic_perform_non_af_009,0,XGBoost,0.00018175243167206645,0
mimic_perform_non_af_009,0,XGBoost,0.00018679857021197677,0
mimic_perform_non_af_009,0,XGBoost,0.00018175243167206645,0
mimic_perform_non_af_009,0,XGBoost,0.0001536703493911773,0
mimic_perform_non_af_009,0,XGBoost,0.00029381425702013075,0
mimic_perform_non_af_009,0,XGBoost,0.0002813446626532823,0
mimic_perform_non_af_009,0,XGBoost,0.00017864377878140658,0
mimic_perform_non_af_009,0,XGBoost,0.00023295453866012394,0
mimic_perform_non_af_009,0,XGBoost,0.00018175243167206645,0
mimic_perform_non_af_009,0,XGBoost,0.00022168486611917615,0
mimic_perform_non_af_009,0,XGBoost,9.485183545621112e-05,0
mimic_perform_non_af_009,0,XGBoost,0.0005319021875038743,0
mimic_perform_non_af_009,0,XGBoost,0.0001946347183547914,0
mimic_perform_non_af_009,0,XGBoost,0.00047074476606212556,0
mimic_perform_non_af_009,0,XGBoost,0.0002579889551270753,0
mimic_perform_non_af_009,0,XGBoost,0.00023295453866012394,0
mimic_perform_non_af_009,0,XGBoost,0.00023769396648276597,0
mimic_perform_non_af_009,0,XGBoost,0.00024884738377295434,0
mimic_perform_non_af_009,0,XGBoost,0.000306250381981954,0
mimic_perform_non_af_009,0,XGBoost,0.00029797834577038884,0
mimic_perform_non_af_009,0,XGBoost,0.00018494091636966914,0
mimic_perform_non_af_009,0,XGBoost,0.00030794323538430035,0
mimic_perform_non_af_009,0,XGBoost,0.0003672769234981388,0
mimic_perform_non_af_009,0,XGBoost,0.0002164705510949716,0
mimic_perform_non_af_009,0,XGBoost,0.00023769396648276597,0
mimic_perform_non_af_009,0,XGBoost,0.0005581420264206827,0
mimic_perform_non_af_009,0,XGBoost,0.000306250381981954,0
mimic_perform_non_af_009,0,XGBoost,0.000306250381981954,0
mimic_perform_non_af_009,0,XGBoost,0.0002240785543108359,0
mimic_perform_non_af_009,0,XGBoost,0.0017362985527142882,0
mimic_perform_non_af_009,0,XGBoost,0.003650252241641283,0
mimic_perform_non_af_009,0,XGBoost,0.00041585377766750753,0
mimic_perform_non_af_009,0,XGBoost,0.0002394221373833716,0
mimic_perform_non_af_009,0,XGBoost,0.0002312730357516557,0
mimic_perform_non_af_009,0,XGBoost,0.0003373129293322563,0
mimic_perform_non_af_009,0,XGBoost,0.0002510199265088886,0
mimic_perform_non_af_009,0,XGBoost,0.0004838220775127411,0
mimic_perform_non_af_009,0,XGBoost,0.000242125490331091,0
mimic_perform_non_af_009,0,XGBoost,0.00029797834577038884,0
mimic_perform_non_af_009,0,XGBoost,0.00022168486611917615,0
mimic_perform_non_af_009,0,XGBoost,0.0002579889551270753,0
mimic_perform_non_af_009,0,XGBoost,0.00047074476606212556,0
mimic_perform_non_af_009,0,XGBoost,0.00024884738377295434,0
mimic_perform_non_af_009,0,XGBoost,0.0002788331767078489,0
mimic_perform_non_af_009,0,XGBoost,0.00024884738377295434,0
mimic_perform_non_af_009,0,XGBoost,0.0004486118850763887,0
mimic_perform_non_af_009,0,XGBoost,0.00024282945378217846,0
mimic_perform_non_af_009,0,XGBoost,0.00018175243167206645,0
mimic_perform_non_af_009,0,XGBoost,0.0003853423986583948,0
mimic_perform_non_af_009,0,XGBoost,0.0003479544830042869,0
mimic_perform_non_af_009,0,XGBoost,0.0002996254770550877,0
mimic_perform_non_af_009,0,XGBoost,0.0002456571673974395,0
mimic_perform_non_af_009,0,XGBoost,0.00030458049150183797,0
mimic_perform_non_af_009,0,XGBoost,0.0007397206500172615,0
mimic_perform_non_af_009,0,XGBoost,0.00030794323538430035,0
mimic_perform_non_af_009,0,XGBoost,0.00035735691199079156,0
mimic_perform_non_af_009,0,XGBoost,0.0003749346360564232,0
mimic_perform_non_af_009,0,XGBoost,0.0003706652787514031,0
mimic_perform_non_af_009,0,XGBoost,0.00035761354956775904,0
mimic_perform_non_af_009,0,XGBoost,0.0005855148192495108,0
mimic_perform_non_af_009,0,XGBoost,0.0002129819622496143,0
mimic_perform_non_af_009,0,XGBoost,0.0002456571673974395,0
mimic_perform_non_af_009,0,XGBoost,0.0003749346360564232,0
mimic_perform_non_af_009,0,XGBoost,0.00038040458457544446,0
mimic_perform_non_af_009,0,XGBoost,0.0003479544830042869,0
mimic_perform_non_af_009,0,XGBoost,0.0002456571673974395,0
mimic_perform_non_af_009,0,XGBoost,0.0002456571673974395,0
mimic_perform_non_af_009,0,XGBoost,0.00039658788591623306,0
mimic_perform_non_af_009,0,XGBoost,0.0002741910284385085,0
mimic_perform_non_af_009,0,XGBoost,0.00035735691199079156,0
mimic_perform_non_af_009,0,XGBoost,0.0003625705430749804,0
mimic_perform_non_af_009,0,XGBoost,0.00035735691199079156,0
mimic_perform_non_af_009,0,XGBoost,0.00030523541499860585,0
mimic_perform_non_af_009,0,XGBoost,0.00267106294631958,0
mimic_perform_non_af_009,0,XGBoost,0.003170980606228113,0
mimic_perform_non_af_009,0,XGBoost,0.009357172064483166,0
mimic_perform_non_af_009,0,XGBoost,0.006442074663937092,0
mimic_perform_non_af_009,0,XGBoost,0.004206961486488581,0
mimic_perform_non_af_009,0,XGBoost,0.00018848215404432267,0
mimic_perform_non_af_009,0,XGBoost,0.0003479544830042869,0
mimic_perform_non_af_009,0,XGBoost,0.00035735691199079156,0
mimic_perform_non_af_009,0,XGBoost,0.0002741910284385085,0
mimic_perform_non_af_009,0,XGBoost,0.0002741910284385085,0
mimic_perform_non_af_009,0,XGBoost,0.00010837708396138623,0
mimic_perform_non_af_009,0,XGBoost,0.0002614070544950664,0
mimic_perform_non_af_009,0,XGBoost,0.0002630250819493085,0
mimic_perform_non_af_009,0,XGBoost,0.0002669768291525543,0
mimic_perform_non_af_009,0,XGBoost,0.0003317324735689908,0
mimic_perform_non_af_009,0,XGBoost,0.0003533026610966772,0
mimic_perform_non_af_009,0,XGBoost,0.0003406970645301044,0
mimic_perform_non_af_009,0,XGBoost,0.00035735691199079156,0
mimic_perform_non_af_009,0,XGBoost,0.00035735691199079156,0
mimic_perform_non_af_009,0,XGBoost,0.0002741910284385085,0
mimic_perform_non_af_009,0,XGBoost,0.00905837956815958,0
mimic_perform_non_af_010,0,XGBoost,0.01234226580709219,0
mimic_perform_non_af_010,0,XGBoost,0.00048400129890069366,0
mimic_perform_non_af_010,0,XGBoost,0.00021731638116762042,0
mimic_perform_non_af_010,0,XGBoost,0.00016805686755105853,0
mimic_perform_non_af_010,0,XGBoost,0.00026708299992606044,0
mimic_perform_non_af_010,0,XGBoost,0.0007195751531980932,0
mimic_perform_non_af_010,0,XGBoost,0.0004136728239245713,0
mimic_perform_non_af_010,0,XGBoost,0.00038686249172315,0
mimic_perform_non_af_010,0,XGBoost,0.0002596080885268748,0
mimic_perform_non_af_010,0,XGBoost,0.00024000242410693318,0
mimic_perform_non_af_010,0,XGBoost,0.212434321641922,0
mimic_perform_non_af_010,0,XGBoost,0.001311169471591711,0
mimic_perform_non_af_010,0,XGBoost,0.037397127598524094,0
mimic_perform_non_af_010,0,XGBoost,0.0006903012981638312,0
mimic_perform_non_af_010,0,XGBoost,0.0006426668260246515,0
mimic_perform_non_af_010,0,XGBoost,0.00922426674515009,0
mimic_perform_non_af_010,0,XGBoost,0.9679471254348755,1
mimic_perform_non_af_010,0,XGBoost,0.9776517748832703,1
mimic_perform_non_af_010,0,XGBoost,0.9932910203933716,1
mimic_perform_non_af_010,0,XGBoost,0.9957937002182007,1
mimic_perform_non_af_010,0,XGBoost,0.07474525272846222,0
mimic_perform_non_af_010,0,XGBoost,0.0002459022798575461,0
mimic_perform_non_af_010,0,XGBoost,0.0004178714589215815,0
mimic_perform_non_af_010,0,XGBoost,0.000923207844607532,0
mimic_perform_non_af_010,0,XGBoost,0.008573650382459164,0
mimic_perform_non_af_010,0,XGBoost,0.06410392373800278,0
mimic_perform_non_af_010,0,XGBoost,0.001325286808423698,0
mimic_perform_non_af_010,0,XGBoost,0.0009602165082469583,0
mimic_perform_non_af_010,0,XGBoost,0.0006903012981638312,0
mimic_perform_non_af_010,0,XGBoost,0.0005057977978140116,0
mimic_perform_non_af_010,0,XGBoost,0.0037818646524101496,0
mimic_perform_non_af_010,0,XGBoost,0.0004924284876324236,0
mimic_perform_non_af_010,0,XGBoost,0.003543986938893795,0
mimic_perform_non_af_010,0,XGBoost,0.006070748437196016,0
mimic_perform_non_af_010,0,XGBoost,0.0019907380919903517,0
mimic_perform_non_af_010,0,XGBoost,0.0007733381353318691,0
mimic_perform_non_af_010,0,XGBoost,0.002304674591869116,0
mimic_perform_non_af_010,0,XGBoost,0.004417419899255037,0
mimic_perform_non_af_010,0,XGBoost,0.0008800068753771484,0
mimic_perform_non_af_010,0,XGBoost,0.00043122065835632384,0
mimic_perform_non_af_010,0,XGBoost,0.010103549808263779,0
mimic_perform_non_af_010,0,XGBoost,0.0026028535794466734,0
mimic_perform_non_af_010,0,XGBoost,0.0005721284542232752,0
mimic_perform_non_af_010,0,XGBoost,0.00015372619964182377,0
mimic_perform_non_af_010,0,XGBoost,0.00012421967403497547,0
mimic_perform_non_af_010,0,XGBoost,0.0005096576060168445,0
mimic_perform_non_af_010,0,XGBoost,0.003058103146031499,0
mimic_perform_non_af_010,0,XGBoost,0.00023706206411588937,0
mimic_perform_non_af_010,0,XGBoost,0.00023706206411588937,0
mimic_perform_non_af_010,0,XGBoost,0.00015832114149816334,0
mimic_perform_non_af_010,0,XGBoost,0.00012092838005628437,0
mimic_perform_non_af_010,0,XGBoost,0.0006016931147314608,0
mimic_perform_non_af_010,0,XGBoost,0.001053229090757668,0
mimic_perform_non_af_010,0,XGBoost,0.0013852088013663888,0
mimic_perform_non_af_010,0,XGBoost,0.0010818152222782373,0
mimic_perform_non_af_010,0,XGBoost,0.0003168329712934792,0
mimic_perform_non_af_010,0,XGBoost,0.0003340110124554485,0
mimic_perform_non_af_010,0,XGBoost,0.00021674318122677505,0
mimic_perform_non_af_010,0,XGBoost,0.00015832114149816334,0
mimic_perform_non_af_010,0,XGBoost,0.00015235651517286897,0
mimic_perform_non_af_010,0,XGBoost,0.00018599347095005214,0
mimic_perform_non_af_010,0,XGBoost,0.0031850244849920273,0
mimic_perform_non_af_010,0,XGBoost,0.0031850244849920273,0
mimic_perform_non_af_010,0,XGBoost,0.00023624615278095007,0
mimic_perform_non_af_010,0,XGBoost,0.00023624615278095007,0
mimic_perform_non_af_010,0,XGBoost,0.00028889990062452853,0
mimic_perform_non_af_010,0,XGBoost,0.00023624615278095007,0
mimic_perform_non_af_010,0,XGBoost,0.0003076271968893707,0
mimic_perform_non_af_010,0,XGBoost,0.00032750811078585684,0
mimic_perform_non_af_010,0,XGBoost,0.0007699662819504738,0
mimic_perform_non_af_010,0,XGBoost,0.0008267943630926311,0
mimic_perform_non_af_010,0,XGBoost,0.012558974325656891,0
mimic_perform_non_af_010,0,XGBoost,0.00014087866293266416,0
mimic_perform_non_af_010,0,XGBoost,0.0002123357553500682,0
mimic_perform_non_af_010,0,XGBoost,0.001600411836989224,0
mimic_perform_non_af_010,0,XGBoost,0.0010859775356948376,0
mimic_perform_non_af_010,0,XGBoost,0.00024137820582836866,0
mimic_perform_non_af_010,0,XGBoost,0.00014318271132651716,0
mimic_perform_non_af_010,0,XGBoost,0.00022895398433320224,0
mimic_perform_non_af_010,0,XGBoost,0.00015896600962150842,0
mimic_perform_non_af_010,0,XGBoost,0.00015896600962150842,0
mimic_perform_non_af_010,0,XGBoost,0.00017281377222388983,0
mimic_perform_non_af_010,0,XGBoost,0.000202411029022187,0
mimic_perform_non_af_010,0,XGBoost,0.002898660022765398,0
mimic_perform_non_af_010,0,XGBoost,0.002031925832852721,0
mimic_perform_non_af_010,0,XGBoost,0.003061498049646616,0
mimic_perform_non_af_010,0,XGBoost,0.005066354293376207,0
mimic_perform_non_af_010,0,XGBoost,0.00188148464076221,0
mimic_perform_non_af_010,0,XGBoost,0.9543917179107666,1
mimic_perform_non_af_010,0,XGBoost,0.07134023308753967,0
mimic_perform_non_af_010,0,XGBoost,0.10167943686246872,0
mimic_perform_non_af_010,0,XGBoost,0.04022718966007233,0
mimic_perform_non_af_010,0,XGBoost,0.017630962654948235,0
mimic_perform_non_af_010,0,XGBoost,0.0019313846714794636,0
mimic_perform_non_af_010,0,XGBoost,0.00022471463307738304,0
mimic_perform_non_af_010,0,XGBoost,0.00032035811454989016,0
mimic_perform_non_af_010,0,XGBoost,0.00037934244028292596,0
mimic_perform_non_af_010,0,XGBoost,0.0018658165354281664,0
mimic_perform_non_af_010,0,XGBoost,0.0013244729489088058,0
mimic_perform_non_af_010,0,XGBoost,0.0012105896603316069,0
mimic_perform_non_af_010,0,XGBoost,0.0002594643156044185,0
mimic_perform_non_af_010,0,XGBoost,0.0002285051450598985,0
mimic_perform_non_af_010,0,XGBoost,0.00022895398433320224,0
mimic_perform_non_af_010,0,XGBoost,0.0021546469070017338,0
mimic_perform_non_af_010,0,XGBoost,0.00019018977764062583,0
mimic_perform_non_af_010,0,XGBoost,0.0008445957209914923,0
mimic_perform_non_af_010,0,XGBoost,0.0024207294918596745,0
mimic_perform_non_af_010,0,XGBoost,0.004155190195888281,0
mimic_perform_non_af_010,0,XGBoost,0.0017077316297218204,0
mimic_perform_non_af_010,0,XGBoost,0.0007195751531980932,0
mimic_perform_non_af_010,0,XGBoost,0.0005057977978140116,0
mimic_perform_non_af_010,0,XGBoost,0.003812280483543873,0
mimic_perform_non_af_010,0,XGBoost,0.001123750233091414,0
mimic_perform_non_af_010,0,XGBoost,0.0029948356095701456,0
mimic_perform_non_af_010,0,XGBoost,0.0002791358856484294,0
mimic_perform_non_af_010,0,XGBoost,0.0002285051450598985,0
mimic_perform_non_af_010,0,XGBoost,0.00024137820582836866,0
mimic_perform_non_af_010,0,XGBoost,0.0010432025883346796,0
mimic_perform_non_af_011,0,XGBoost,0.00024242899962700903,0
mimic_perform_non_af_011,0,XGBoost,0.0012839455157518387,0
mimic_perform_non_af_011,0,XGBoost,0.0013277549296617508,0
mimic_perform_non_af_011,0,XGBoost,0.0011346925748512149,0
mimic_perform_non_af_011,0,XGBoost,0.0042273784056305885,0
mimic_perform_non_af_011,0,XGBoost,0.002552287420257926,0
mimic_perform_non_af_011,0,XGBoost,0.0002602494496386498,0
mimic_perform_non_af_011,0,XGBoost,0.00039844054845161736,0
mimic_perform_non_af_011,0,XGBoost,0.0012643117224797606,0
mimic_perform_non_af_011,0,XGBoost,0.040385134518146515,0
mimic_perform_non_af_011,0,XGBoost,0.011569508351385593,0
mimic_perform_non_af_011,0,XGBoost,0.013031083159148693,0
mimic_perform_non_af_011,0,XGBoost,0.0021740857046097517,0
mimic_perform_non_af_011,0,XGBoost,0.0030656910967081785,0
mimic_perform_non_af_011,0,XGBoost,0.0015980502357706428,0
mimic_perform_non_af_011,0,XGBoost,0.00599847873672843,0
mimic_perform_non_af_011,0,XGBoost,0.0011355008464306593,0
mimic_perform_non_af_011,0,XGBoost,0.02598467282950878,0
mimic_perform_non_af_011,0,XGBoost,0.007106905337423086,0
mimic_perform_non_af_011,0,XGBoost,0.013064954429864883,0
mimic_perform_non_af_011,0,XGBoost,0.1826791614294052,0
mimic_perform_non_af_011,0,XGBoost,0.057675234973430634,0
mimic_perform_non_af_011,0,XGBoost,0.005235207267105579,0
mimic_perform_non_af_011,0,XGBoost,0.005808336194604635,0
mimic_perform_non_af_011,0,XGBoost,0.0051511661149561405,0
mimic_perform_non_af_011,0,XGBoost,0.003919126931577921,0
mimic_perform_non_af_011,0,XGBoost,0.006874375510960817,0
mimic_perform_non_af_011,0,XGBoost,0.0038692548405379057,0
mimic_perform_non_af_011,0,XGBoost,0.0016365625197067857,0
mimic_perform_non_af_011,0,XGBoost,0.004032521974295378,0
mimic_perform_non_af_011,0,XGBoost,0.01002406980842352,0
mimic_perform_non_af_011,0,XGBoost,0.043981943279504776,0
mimic_perform_non_af_011,0,XGBoost,0.007897048257291317,0
mimic_perform_non_af_011,0,XGBoost,0.002496464177966118,0
mimic_perform_non_af_011,0,XGBoost,0.02709970995783806,0
mimic_perform_non_af_011,0,XGBoost,0.007766420487314463,0
mimic_perform_non_af_011,0,XGBoost,0.0007546177948825061,0
mimic_perform_non_af_011,0,XGBoost,0.001869654981419444,0
mimic_perform_non_af_011,0,XGBoost,0.0007521309307776392,0
mimic_perform_non_af_011,0,XGBoost,0.003948526456952095,0
mimic_perform_non_af_011,0,XGBoost,0.031774476170539856,0
mimic_perform_non_af_011,0,XGBoost,0.009040872566401958,0
mimic_perform_non_af_011,0,XGBoost,0.0005924777942709625,0
mimic_perform_non_af_011,0,XGBoost,0.0002361452643526718,0
mimic_perform_non_af_011,0,XGBoost,0.00019270740449428558,0
mimic_perform_non_af_011,0,XGBoost,0.00011517474194988608,0
mimic_perform_non_af_011,0,XGBoost,0.0002090496418531984,0
mimic_perform_non_af_011,0,XGBoost,0.0001433846482541412,0
mimic_perform_non_af_011,0,XGBoost,0.0005453210324048996,0
mimic_perform_non_af_011,0,XGBoost,0.0004433805006556213,0
mimic_perform_non_af_011,0,XGBoost,0.005791190546005964,0
mimic_perform_non_af_011,0,XGBoost,0.0010497421026229858,0
mimic_perform_non_af_011,0,XGBoost,0.04352514073252678,0
mimic_perform_non_af_011,0,XGBoost,0.0005645283381454647,0
mimic_perform_non_af_011,0,XGBoost,0.00017541760462336242,0
mimic_perform_non_af_011,0,XGBoost,0.00018874922534450889,0
mimic_perform_non_af_011,0,XGBoost,0.00019410523236729205,0
mimic_perform_non_af_011,0,XGBoost,0.0025748461484909058,0
mimic_perform_non_af_011,0,XGBoost,0.01814388297498226,0
mimic_perform_non_af_011,0,XGBoost,0.0016809648368507624,0
mimic_perform_non_af_011,0,XGBoost,0.0018767223227769136,0
mimic_perform_non_af_011,0,XGBoost,0.0013065465027466416,0
mimic_perform_non_af_011,0,XGBoost,0.0011449989397078753,0
mimic_perform_non_af_011,0,XGBoost,0.001204035826958716,0
mimic_perform_non_af_011,0,XGBoost,0.0002761115611065179,0
mimic_perform_non_af_011,0,XGBoost,0.0006220731302164495,0
mimic_perform_non_af_011,0,XGBoost,0.00048007568693719804,0
mimic_perform_non_af_011,0,XGBoost,0.0008932362543419003,0
mimic_perform_non_af_011,0,XGBoost,0.0002809908182825893,0
mimic_perform_non_af_011,0,XGBoost,0.00046997645404189825,0
mimic_perform_non_af_011,0,XGBoost,0.0007031135610304773,0
mimic_perform_non_af_011,0,XGBoost,0.0004627928137779236,0
mimic_perform_non_af_011,0,XGBoost,0.00017081608530133963,0
mimic_perform_non_af_011,0,XGBoost,0.0001861256459960714,0
mimic_perform_non_af_011,0,XGBoost,0.00015569660172332078,0
mimic_perform_non_af_011,0,XGBoost,0.0001652898790780455,0
mimic_perform_non_af_011,0,XGBoost,0.0006356515223160386,0
mimic_perform_non_af_011,0,XGBoost,0.00875779427587986,0
mimic_perform_non_af_011,0,XGBoost,0.09354341775178909,0
mimic_perform_non_af_011,0,XGBoost,0.029186410829424858,0
mimic_perform_non_af_011,0,XGBoost,0.040640197694301605,0
mimic_perform_non_af_011,0,XGBoost,0.0013406600337475538,0
mimic_perform_non_af_011,0,XGBoost,0.0012060467852279544,0
mimic_perform_non_af_011,0,XGBoost,0.0044354661367833614,0
mimic_perform_non_af_011,0,XGBoost,0.001975337043404579,0
mimic_perform_non_af_011,0,XGBoost,0.0001489735150244087,0
mimic_perform_non_af_011,0,XGBoost,0.00016782675811555237,0
mimic_perform_non_af_011,0,XGBoost,0.0014380381908267736,0
mimic_perform_non_af_011,0,XGBoost,0.0011164795141667128,0
mimic_perform_non_af_011,0,XGBoost,0.0014231964014470577,0
mimic_perform_non_af_011,0,XGBoost,0.0012449861969798803,0
mimic_perform_non_af_011,0,XGBoost,0.0007561697857454419,0
mimic_perform_non_af_011,0,XGBoost,0.00312019232660532,0
mimic_perform_non_af_011,0,XGBoost,0.0018968343501910567,0
mimic_perform_non_af_011,0,XGBoost,0.2001306414604187,0
mimic_perform_non_af_011,0,XGBoost,0.011467552743852139,0
mimic_perform_non_af_011,0,XGBoost,0.009789541363716125,0
mimic_perform_non_af_011,0,XGBoost,0.003446875372901559,0
mimic_perform_non_af_011,0,XGBoost,0.001174827804788947,0
mimic_perform_non_af_011,0,XGBoost,0.00315792765468359,0
mimic_perform_non_af_011,0,XGBoost,0.0009673757595010102,0
mimic_perform_non_af_011,0,XGBoost,0.001167513313703239,0
mimic_perform_non_af_011,0,XGBoost,0.010362306609749794,0
mimic_perform_non_af_011,0,XGBoost,0.00024991901591420174,0
mimic_perform_non_af_011,0,XGBoost,0.001550695626065135,0
mimic_perform_non_af_011,0,XGBoost,0.00021245016250759363,0
mimic_perform_non_af_011,0,XGBoost,0.0008159663993865252,0
mimic_perform_non_af_011,0,XGBoost,0.0005347575643099844,0
mimic_perform_non_af_011,0,XGBoost,0.00033173023257404566,0
mimic_perform_non_af_011,0,XGBoost,0.00033173023257404566,0
mimic_perform_non_af_011,0,XGBoost,0.0011056745424866676,0
mimic_perform_non_af_011,0,XGBoost,0.000693749519996345,0
mimic_perform_non_af_011,0,XGBoost,0.001026632497087121,0
mimic_perform_non_af_011,0,XGBoost,0.00048323467490263283,0
mimic_perform_non_af_011,0,XGBoost,0.00040709335007704794,0
mimic_perform_non_af_011,0,XGBoost,0.0003864714235533029,0
mimic_perform_non_af_011,0,XGBoost,0.0005297003081068397,0
mimic_perform_non_af_011,0,XGBoost,0.00032775860745459795,0
mimic_perform_non_af_012,0,XGBoost,0.9939508438110352,1
mimic_perform_non_af_012,0,XGBoost,0.9957671165466309,1
mimic_perform_non_af_012,0,XGBoost,0.9924523234367371,1
mimic_perform_non_af_012,0,XGBoost,0.9975399971008301,1
mimic_perform_non_af_012,0,XGBoost,0.9981974959373474,1
mimic_perform_non_af_012,0,XGBoost,0.9499680399894714,1
mimic_perform_non_af_012,0,XGBoost,0.8850314617156982,1
mimic_perform_non_af_012,0,XGBoost,0.8093246817588806,1
mimic_perform_non_af_012,0,XGBoost,0.7819907069206238,1
mimic_perform_non_af_012,0,XGBoost,0.9756858348846436,1
mimic_perform_non_af_012,0,XGBoost,0.9609714150428772,1
mimic_perform_non_af_012,0,XGBoost,0.601922333240509,1
mimic_perform_non_af_012,0,XGBoost,0.5325111746788025,1
mimic_perform_non_af_012,0,XGBoost,0.9878082871437073,1
mimic_perform_non_af_012,0,XGBoost,0.9774754047393799,1
mimic_perform_non_af_012,0,XGBoost,0.9886208176612854,1
mimic_perform_non_af_012,0,XGBoost,0.9805528521537781,1
mimic_perform_non_af_012,0,XGBoost,0.9855387210845947,1
mimic_perform_non_af_012,0,XGBoost,0.9517486691474915,1
mimic_perform_non_af_012,0,XGBoost,0.9600220918655396,1
mimic_perform_non_af_012,0,XGBoost,0.9913591146469116,1
mimic_perform_non_af_012,0,XGBoost,0.973553478717804,1
mimic_perform_non_af_012,0,XGBoost,0.9912612438201904,1
mimic_perform_non_af_012,0,XGBoost,0.9918476343154907,1
mimic_perform_non_af_012,0,XGBoost,0.9750185012817383,1
mimic_perform_non_af_012,0,XGBoost,0.9859199523925781,1
mimic_perform_non_af_012,0,XGBoost,0.9633585214614868,1
mimic_perform_non_af_012,0,XGBoost,0.7377211451530457,1
mimic_perform_non_af_012,0,XGBoost,0.8635350465774536,1
mimic_perform_non_af_012,0,XGBoost,0.9777272939682007,1
mimic_perform_non_af_012,0,XGBoost,0.9886705875396729,1
mimic_perform_non_af_012,0,XGBoost,0.9980681538581848,1
mimic_perform_non_af_012,0,XGBoost,0.9196087121963501,1
mimic_perform_non_af_012,0,XGBoost,0.9949310421943665,1
mimic_perform_non_af_012,0,XGBoost,0.9927104711532593,1
mimic_perform_non_af_012,0,XGBoost,0.9941755533218384,1
mimic_perform_non_af_012,0,XGBoost,0.8609141707420349,1
mimic_perform_non_af_012,0,XGBoost,0.8494809865951538,1
mimic_perform_non_af_012,0,XGBoost,0.9571212530136108,1
mimic_perform_non_af_012,0,XGBoost,0.9457420110702515,1
mimic_perform_non_af_012,0,XGBoost,0.9062355160713196,1
mimic_perform_non_af_012,0,XGBoost,0.9348360300064087,1
mimic_perform_non_af_012,0,XGBoost,0.9214265942573547,1
mimic_perform_non_af_012,0,XGBoost,0.8991591334342957,1
mimic_perform_non_af_012,0,XGBoost,0.7748996615409851,1
mimic_perform_non_af_012,0,XGBoost,0.8562813401222229,1
mimic_perform_non_af_012,0,XGBoost,0.9937991499900818,1
mimic_perform_non_af_012,0,XGBoost,0.9967798590660095,1
mimic_perform_non_af_012,0,XGBoost,0.9873608350753784,1
mimic_perform_non_af_012,0,XGBoost,0.9902153015136719,1
mimic_perform_non_af_012,0,XGBoost,0.9852981567382812,1
mimic_perform_non_af_012,0,XGBoost,0.9868603348731995,1
mimic_perform_non_af_012,0,XGBoost,0.7745695114135742,1
mimic_perform_non_af_012,0,XGBoost,0.9817683696746826,1
mimic_perform_non_af_012,0,XGBoost,0.45680224895477295,0
mimic_perform_non_af_012,0,XGBoost,0.9936849474906921,1
mimic_perform_non_af_012,0,XGBoost,0.994658887386322,1
mimic_perform_non_af_012,0,XGBoost,0.9925234913825989,1
mimic_perform_non_af_012,0,XGBoost,0.9955424666404724,1
mimic_perform_non_af_012,0,XGBoost,0.9961351156234741,1
mimic_perform_non_af_012,0,XGBoost,0.8920242190361023,1
mimic_perform_non_af_012,0,XGBoost,0.9331211447715759,1
mimic_perform_non_af_012,0,XGBoost,0.8907470703125,1
mimic_perform_non_af_012,0,XGBoost,0.9446172118186951,1
mimic_perform_non_af_012,0,XGBoost,0.9805365800857544,1
mimic_perform_non_af_012,0,XGBoost,0.9962586164474487,1
mimic_perform_non_af_012,0,XGBoost,0.998863935470581,1
mimic_perform_non_af_012,0,XGBoost,0.9941442608833313,1
mimic_perform_non_af_012,0,XGBoost,0.9977132081985474,1
mimic_perform_non_af_012,0,XGBoost,0.9968181848526001,1
mimic_perform_non_af_012,0,XGBoost,0.9986153841018677,1
mimic_perform_non_af_012,0,XGBoost,0.9488921761512756,1
mimic_perform_non_af_012,0,XGBoost,0.7437273859977722,1
mimic_perform_non_af_012,0,XGBoost,0.9926630258560181,1
mimic_perform_non_af_012,0,XGBoost,0.9975091218948364,1
mimic_perform_non_af_012,0,XGBoost,0.9845355153083801,1
mimic_perform_non_af_012,0,XGBoost,0.9982731342315674,1
mimic_perform_non_af_012,0,XGBoost,0.9984215497970581,1
mimic_perform_non_af_012,0,XGBoost,0.9972967505455017,1
mimic_perform_non_af_012,0,XGBoost,0.9887110590934753,1
mimic_perform_non_af_012,0,XGBoost,0.830443263053894,1
mimic_perform_non_af_012,0,XGBoost,0.9889974594116211,1
mimic_perform_non_af_012,0,XGBoost,0.8098334670066833,1
mimic_perform_non_af_012,0,XGBoost,0.9918925762176514,1
mimic_perform_non_af_012,0,XGBoost,0.986842691898346,1
mimic_perform_non_af_012,0,XGBoost,0.9770922660827637,1
mimic_perform_non_af_012,0,XGBoost,0.9768610596656799,1
mimic_perform_non_af_012,0,XGBoost,0.8169330954551697,1
mimic_perform_non_af_012,0,XGBoost,0.8797507286071777,1
mimic_perform_non_af_012,0,XGBoost,0.8363445997238159,1
mimic_perform_non_af_012,0,XGBoost,0.802734375,1
mimic_perform_non_af_012,0,XGBoost,0.9492844939231873,1
mimic_perform_non_af_012,0,XGBoost,0.9156548380851746,1
mimic_perform_non_af_012,0,XGBoost,0.9952312111854553,1
mimic_perform_non_af_012,0,XGBoost,0.945830762386322,1
mimic_perform_non_af_012,0,XGBoost,0.9043684601783752,1
mimic_perform_non_af_012,0,XGBoost,0.9057994484901428,1
mimic_perform_non_af_012,0,XGBoost,0.9740638732910156,1
mimic_perform_non_af_012,0,XGBoost,0.894278883934021,1
mimic_perform_non_af_012,0,XGBoost,0.988558292388916,1
mimic_perform_non_af_012,0,XGBoost,0.8627027869224548,1
mimic_perform_non_af_012,0,XGBoost,0.9888226985931396,1
mimic_perform_non_af_012,0,XGBoost,0.9978220462799072,1
mimic_perform_non_af_012,0,XGBoost,0.9968984127044678,1
mimic_perform_non_af_012,0,XGBoost,0.9846388697624207,1
mimic_perform_non_af_012,0,XGBoost,0.9935511350631714,1
mimic_perform_non_af_012,0,XGBoost,0.994600772857666,1
mimic_perform_non_af_012,0,XGBoost,0.9935795068740845,1
mimic_perform_non_af_012,0,XGBoost,0.9918524622917175,1
mimic_perform_non_af_012,0,XGBoost,0.9930764436721802,1
mimic_perform_non_af_012,0,XGBoost,0.8038921356201172,1
mimic_perform_non_af_012,0,XGBoost,0.9378317594528198,1
mimic_perform_non_af_012,0,XGBoost,0.8473247289657593,1
mimic_perform_non_af_012,0,XGBoost,0.9954159259796143,1
mimic_perform_non_af_012,0,XGBoost,0.9969902038574219,1
mimic_perform_non_af_012,0,XGBoost,0.992651641368866,1
mimic_perform_non_af_012,0,XGBoost,0.9889089465141296,1
mimic_perform_non_af_012,0,XGBoost,0.9736499786376953,1
mimic_perform_non_af_013,0,XGBoost,0.0005690240068361163,0
mimic_perform_non_af_013,0,XGBoost,0.0005672240513376892,0
mimic_perform_non_af_013,0,XGBoost,0.0005438525695353746,0
mimic_perform_non_af_013,0,XGBoost,0.00047242778236977756,0
mimic_perform_non_af_013,0,XGBoost,0.00045418841182254255,0
mimic_perform_non_af_013,0,XGBoost,0.00039064648444764316,0
mimic_perform_non_af_013,0,XGBoost,0.0009781273547559977,0
mimic_perform_non_af_013,0,XGBoost,0.00039064648444764316,0
mimic_perform_non_af_013,0,XGBoost,0.0005492406780831516,0
mimic_perform_non_af_013,0,XGBoost,0.0005779738421551883,0
mimic_perform_non_af_013,0,XGBoost,0.00041752264951355755,0
mimic_perform_non_af_013,0,XGBoost,0.0007823772029951215,0
mimic_perform_non_af_013,0,XGBoost,0.00044885973329655826,0
mimic_perform_non_af_013,0,XGBoost,0.00022446174989454448,0
mimic_perform_non_af_013,0,XGBoost,0.0005479624378494918,0
mimic_perform_non_af_013,0,XGBoost,0.0005260343896225095,0
mimic_perform_non_af_013,0,XGBoost,0.000376598589355126,0
mimic_perform_non_af_013,0,XGBoost,0.00032390799606218934,0
mimic_perform_non_af_013,0,XGBoost,0.0005260343896225095,0
mimic_perform_non_af_013,0,XGBoost,0.000376598589355126,0
mimic_perform_non_af_013,0,XGBoost,0.0006357796373777092,0
mimic_perform_non_af_013,0,XGBoost,0.00045418841182254255,0
mimic_perform_non_af_013,0,XGBoost,0.0005438525695353746,0
mimic_perform_non_af_013,0,XGBoost,0.0005690240068361163,0
mimic_perform_non_af_013,0,XGBoost,0.0009386157616972923,0
mimic_perform_non_af_013,0,XGBoost,0.0006448325584642589,0
mimic_perform_non_af_013,0,XGBoost,0.0016815162962302566,0
mimic_perform_non_af_013,0,XGBoost,0.0058077494613826275,0
mimic_perform_non_af_013,0,XGBoost,0.01212997641414404,0
mimic_perform_non_af_013,0,XGBoost,0.0030175980646163225,0
mimic_perform_non_af_013,0,XGBoost,0.025459976866841316,0
mimic_perform_non_af_013,0,XGBoost,0.0016521455254405737,0
mimic_perform_non_af_013,0,XGBoost,0.0028147988487035036,0
mimic_perform_non_af_013,0,XGBoost,0.0006787303718738258,0
mimic_perform_non_af_013,0,XGBoost,0.0006585197988897562,0
mimic_perform_non_af_013,0,XGBoost,0.0004383359046187252,0
mimic_perform_non_af_013,0,XGBoost,0.0006255439948290586,0
mimic_perform_non_af_013,0,XGBoost,0.0005492406780831516,0
mimic_perform_non_af_013,0,XGBoost,0.0006186963291838765,0
mimic_perform_non_af_013,0,XGBoost,0.00046477781143039465,0
mimic_perform_non_af_013,0,XGBoost,0.00032069976441562176,0
mimic_perform_non_af_013,0,XGBoost,0.00032069976441562176,0
mimic_perform_non_af_013,0,XGBoost,0.00035106288851238787,0
mimic_perform_non_af_013,0,XGBoost,0.0007257270626723766,0
mimic_perform_non_af_013,0,XGBoost,0.0004777964495588094,0
mimic_perform_non_af_013,0,XGBoost,0.0008430064772255719,0
mimic_perform_non_af_013,0,XGBoost,0.0007955298060551286,0
mimic_perform_non_af_013,0,XGBoost,0.0010133171454071999,0
mimic_perform_non_af_013,0,XGBoost,0.00045418841182254255,0
mimic_perform_non_af_013,0,XGBoost,0.0005918722599744797,0
mimic_perform_non_af_013,0,XGBoost,0.0006458920543082058,0
mimic_perform_non_af_013,0,XGBoost,0.0005479624378494918,0
mimic_perform_non_af_013,0,XGBoost,0.0005479624378494918,0
mimic_perform_non_af_013,0,XGBoost,0.0004587668227031827,0
mimic_perform_non_af_013,0,XGBoost,0.00047242778236977756,0
mimic_perform_non_af_013,0,XGBoost,0.0006255439948290586,0
mimic_perform_non_af_013,0,XGBoost,0.00045418841182254255,0
mimic_perform_non_af_013,0,XGBoost,0.0005086083547212183,0
mimic_perform_non_af_013,0,XGBoost,0.0007492482545785606,0
mimic_perform_non_af_013,0,XGBoost,0.0005647145444527268,0
mimic_perform_non_af_013,0,XGBoost,0.0005851809401065111,0
mimic_perform_non_af_013,0,XGBoost,0.0005672240513376892,0
mimic_perform_non_af_013,0,XGBoost,0.00047242778236977756,0
mimic_perform_non_af_013,0,XGBoost,0.0006255439948290586,0
mimic_perform_non_af_013,0,XGBoost,0.0007733724196441472,0
mimic_perform_non_af_013,0,XGBoost,0.00034488592064008117,0
mimic_perform_non_af_013,0,XGBoost,0.0003236345073673874,0
mimic_perform_non_af_013,0,XGBoost,0.00032390799606218934,0
mimic_perform_non_af_013,0,XGBoost,0.00047736719716340303,0
mimic_perform_non_af_013,0,XGBoost,0.0004398770979605615,0
mimic_perform_non_af_013,0,XGBoost,0.00047242778236977756,0
mimic_perform_non_af_013,0,XGBoost,0.0006115023279562593,0
mimic_perform_non_af_013,0,XGBoost,0.0006405837484635413,0
mimic_perform_non_af_013,0,XGBoost,0.0008997588302008808,0
mimic_perform_non_af_013,0,XGBoost,0.0007064334931783378,0
mimic_perform_non_af_013,0,XGBoost,0.0008672534604556859,0
mimic_perform_non_af_013,0,XGBoost,0.0005851809401065111,0
mimic_perform_non_af_013,0,XGBoost,0.0005186963826417923,0
mimic_perform_non_af_013,0,XGBoost,0.00047242778236977756,0
mimic_perform_non_af_013,0,XGBoost,0.0006298654479905963,0
mimic_perform_non_af_013,0,XGBoost,0.0006371071212925017,0
mimic_perform_non_af_013,0,XGBoost,0.0005757061881013215,0
mimic_perform_non_af_013,0,XGBoost,0.0004718258569482714,0
mimic_perform_non_af_013,0,XGBoost,0.0006448325584642589,0
mimic_perform_non_af_013,0,XGBoost,0.00022132984304334968,0
mimic_perform_non_af_013,0,XGBoost,0.00032069976441562176,0
mimic_perform_non_af_013,0,XGBoost,0.0004408667446114123,0
mimic_perform_non_af_013,0,XGBoost,0.0005260343896225095,0
mimic_perform_non_af_013,0,XGBoost,0.0006243036477826536,0
mimic_perform_non_af_013,0,XGBoost,0.00018865367746911943,0
mimic_perform_non_af_013,0,XGBoost,0.0004777964495588094,0
mimic_perform_non_af_013,0,XGBoost,0.0002810845908243209,0
mimic_perform_non_af_013,0,XGBoost,0.0007257270626723766,0
mimic_perform_non_af_013,0,XGBoost,0.0005479624378494918,0
mimic_perform_non_af_013,0,XGBoost,0.0008417258504778147,0
mimic_perform_non_af_013,0,XGBoost,0.0005479624378494918,0
mimic_perform_non_af_013,0,XGBoost,0.0011057882802560925,0
mimic_perform_non_af_013,0,XGBoost,0.00022446174989454448,0
mimic_perform_non_af_013,0,XGBoost,0.00037198548670858145,0
mimic_perform_non_af_013,0,XGBoost,0.00027366087306290865,0
mimic_perform_non_af_013,0,XGBoost,0.0005438525695353746,0
mimic_perform_non_af_013,0,XGBoost,0.00045418841182254255,0
mimic_perform_non_af_013,0,XGBoost,0.0004350609960965812,0
mimic_perform_non_af_013,0,XGBoost,0.0006448325584642589,0
mimic_perform_non_af_013,0,XGBoost,0.00047242778236977756,0
mimic_perform_non_af_013,0,XGBoost,0.00047242778236977756,0
mimic_perform_non_af_013,0,XGBoost,0.0002432625333312899,0
mimic_perform_non_af_013,0,XGBoost,0.0013170719612389803,0
mimic_perform_non_af_013,0,XGBoost,0.0006090242532081902,0
mimic_perform_non_af_013,0,XGBoost,0.0007405130309052765,0
mimic_perform_non_af_013,0,XGBoost,0.0003924239135812968,0
mimic_perform_non_af_013,0,XGBoost,0.00047242778236977756,0
mimic_perform_non_af_013,0,XGBoost,0.0006448325584642589,0
mimic_perform_non_af_013,0,XGBoost,0.0005438525695353746,0
mimic_perform_non_af_013,0,XGBoost,0.0003647312114480883,0
mimic_perform_non_af_013,0,XGBoost,0.00047242778236977756,0
mimic_perform_non_af_013,0,XGBoost,0.00045418841182254255,0
mimic_perform_non_af_013,0,XGBoost,0.0005522886058315635,0
mimic_perform_non_af_014,0,XGBoost,0.9982275366783142,1
mimic_perform_non_af_014,0,XGBoost,0.9983657002449036,1
mimic_perform_non_af_014,0,XGBoost,0.9971098303794861,1
mimic_perform_non_af_014,0,XGBoost,0.9976266026496887,1
mimic_perform_non_af_014,0,XGBoost,0.9988974332809448,1
mimic_perform_non_af_014,0,XGBoost,0.998738706111908,1
mimic_perform_non_af_014,0,XGBoost,0.998738706111908,1
mimic_perform_non_af_014,0,XGBoost,0.9989363551139832,1
mimic_perform_non_af_014,0,XGBoost,0.9984068274497986,1
mimic_perform_non_af_014,0,XGBoost,0.9985452890396118,1
mimic_perform_non_af_014,0,XGBoost,0.9982183575630188,1
mimic_perform_non_af_014,0,XGBoost,0.9988924860954285,1
mimic_perform_non_af_014,0,XGBoost,0.9988467693328857,1
mimic_perform_non_af_014,0,XGBoost,0.9991092085838318,1
mimic_perform_non_af_014,0,XGBoost,0.9992154836654663,1
mimic_perform_non_af_014,0,XGBoost,0.9990741014480591,1
mimic_perform_non_af_014,0,XGBoost,0.9991124272346497,1
mimic_perform_non_af_014,0,XGBoost,0.9991040825843811,1
mimic_perform_non_af_014,0,XGBoost,0.9990550875663757,1
mimic_perform_non_af_014,0,XGBoost,0.9985656142234802,1
mimic_perform_non_af_014,0,XGBoost,0.9985243678092957,1
mimic_perform_non_af_014,0,XGBoost,0.9980500936508179,1
mimic_perform_non_af_014,0,XGBoost,0.9983250498771667,1
mimic_perform_non_af_014,0,XGBoost,0.9978638291358948,1
mimic_perform_non_af_014,0,XGBoost,0.996161937713623,1
mimic_perform_non_af_014,0,XGBoost,0.9973202347755432,1
mimic_perform_non_af_014,0,XGBoost,0.9968400001525879,1
mimic_perform_non_af_014,0,XGBoost,0.998005211353302,1
mimic_perform_non_af_014,0,XGBoost,0.9986072182655334,1
mimic_perform_non_af_014,0,XGBoost,0.9984613656997681,1
mimic_perform_non_af_014,0,XGBoost,0.998336911201477,1
mimic_perform_non_af_014,0,XGBoost,0.9985432624816895,1
mimic_perform_non_af_014,0,XGBoost,0.9983090162277222,1
mimic_perform_non_af_014,0,XGBoost,0.9985575079917908,1
mimic_perform_non_af_014,0,XGBoost,0.9979404807090759,1
mimic_perform_non_af_014,0,XGBoost,0.9989506006240845,1
mimic_perform_non_af_014,0,XGBoost,0.9989506006240845,1
mimic_perform_non_af_014,0,XGBoost,0.998872697353363,1
mimic_perform_non_af_014,0,XGBoost,0.9957858920097351,1
mimic_perform_non_af_014,0,XGBoost,0.9988651275634766,1
mimic_perform_non_af_014,0,XGBoost,0.9980917572975159,1
mimic_perform_non_af_014,0,XGBoost,0.9983944296836853,1
mimic_perform_non_af_014,0,XGBoost,0.9964776635169983,1
mimic_perform_non_af_014,0,XGBoost,0.9981116056442261,1
mimic_perform_non_af_014,0,XGBoost,0.997844934463501,1
mimic_perform_non_af_014,0,XGBoost,0.9983484745025635,1
mimic_perform_non_af_014,0,XGBoost,0.9973878264427185,1
mimic_perform_non_af_014,0,XGBoost,0.9972298741340637,1
mimic_perform_non_af_014,0,XGBoost,0.9988974332809448,1
mimic_perform_non_af_014,0,XGBoost,0.9987406134605408,1
mimic_perform_non_af_014,0,XGBoost,0.999170184135437,1
mimic_perform_non_af_014,0,XGBoost,0.9989506006240845,1
mimic_perform_non_af_014,0,XGBoost,0.9976444840431213,1
mimic_perform_non_af_014,0,XGBoost,0.9975560903549194,1
mimic_perform_non_af_014,0,XGBoost,0.998492956161499,1
mimic_perform_non_af_014,0,XGBoost,0.9975329637527466,1
mimic_perform_non_af_014,0,XGBoost,0.9960247278213501,1
mimic_perform_non_af_014,0,XGBoost,0.99783855676651,1
mimic_perform_non_af_014,0,XGBoost,0.9987024068832397,1
mimic_perform_non_af_014,0,XGBoost,0.9975274205207825,1
mimic_perform_non_af_014,0,XGBoost,0.9967128038406372,1
mimic_perform_non_af_014,0,XGBoost,0.9981277585029602,1
mimic_perform_non_af_014,0,XGBoost,0.9969627261161804,1
mimic_perform_non_af_014,0,XGBoost,0.9987717270851135,1
mimic_perform_non_af_014,0,XGBoost,0.9990168809890747,1
mimic_perform_non_af_014,0,XGBoost,0.9990074038505554,1
mimic_perform_non_af_014,0,XGBoost,0.9986718893051147,1
mimic_perform_non_af_014,0,XGBoost,0.9988069534301758,1
mimic_perform_non_af_014,0,XGBoost,0.9980074763298035,1
mimic_perform_non_af_014,0,XGBoost,0.9949443936347961,1
mimic_perform_non_af_014,0,XGBoost,0.9983515739440918,1
mimic_perform_non_af_014,0,XGBoost,0.9984581470489502,1
mimic_perform_non_af_014,0,XGBoost,0.9981221556663513,1
mimic_perform_non_af_014,0,XGBoost,0.9969550371170044,1
mimic_perform_non_af_014,0,XGBoost,0.9983921647071838,1
mimic_perform_non_af_014,0,XGBoost,0.9984087347984314,1
mimic_perform_non_af_014,0,XGBoost,0.9974318146705627,1
mimic_perform_non_af_014,0,XGBoost,0.9984087347984314,1
mimic_perform_non_af_014,0,XGBoost,0.9981468915939331,1
mimic_perform_non_af_014,0,XGBoost,0.9989890456199646,1
mimic_perform_non_af_014,0,XGBoost,0.998975396156311,1
mimic_perform_non_af_014,0,XGBoost,0.9983381032943726,1
mimic_perform_non_af_014,0,XGBoost,0.9978366494178772,1
mimic_perform_non_af_014,0,XGBoost,0.9946410655975342,1
mimic_perform_non_af_014,0,XGBoost,0.9985081553459167,1
mimic_perform_non_af_014,0,XGBoost,0.9989312291145325,1
mimic_perform_non_af_014,0,XGBoost,0.999072790145874,1
mimic_perform_non_af_014,0,XGBoost,0.9991589784622192,1
mimic_perform_non_af_014,0,XGBoost,0.9991318583488464,1
mimic_perform_non_af_014,0,XGBoost,0.9988883137702942,1
mimic_perform_non_af_014,0,XGBoost,0.998933732509613,1
mimic_perform_non_af_014,0,XGBoost,0.9989645481109619,1
mimic_perform_non_af_014,0,XGBoost,0.9988980293273926,1
mimic_perform_non_af_014,0,XGBoost,0.9986461997032166,1
mimic_perform_non_af_014,0,XGBoost,0.9988025426864624,1
mimic_perform_non_af_014,0,XGBoost,0.9958964586257935,1
mimic_perform_non_af_014,0,XGBoost,0.9981221556663513,1
mimic_perform_non_af_014,0,XGBoost,0.998461127281189,1
mimic_perform_non_af_014,0,XGBoost,0.9989645481109619,1
mimic_perform_non_af_014,0,XGBoost,0.99906986951828,1
mimic_perform_non_af_014,0,XGBoost,0.9985424280166626,1
mimic_perform_non_af_014,0,XGBoost,0.9980883002281189,1
mimic_perform_non_af_014,0,XGBoost,0.9975857734680176,1
mimic_perform_non_af_014,0,XGBoost,0.998193085193634,1
mimic_perform_non_af_014,0,XGBoost,0.9969755411148071,1
mimic_perform_non_af_014,0,XGBoost,0.9988044500350952,1
mimic_perform_non_af_014,0,XGBoost,0.9988892674446106,1
mimic_perform_non_af_014,0,XGBoost,0.9983484745025635,1
mimic_perform_non_af_014,0,XGBoost,0.9962900876998901,1
mimic_perform_non_af_014,0,XGBoost,0.9980751276016235,1
mimic_perform_non_af_014,0,XGBoost,0.9956984519958496,1
mimic_perform_non_af_014,0,XGBoost,0.9963237047195435,1
mimic_perform_non_af_014,0,XGBoost,0.998738706111908,1
mimic_perform_non_af_014,0,XGBoost,0.9987553358078003,1
mimic_perform_non_af_014,0,XGBoost,0.9981221556663513,1
mimic_perform_non_af_014,0,XGBoost,0.9981221556663513,1
mimic_perform_non_af_014,0,XGBoost,0.9974028468132019,1
mimic_perform_non_af_014,0,XGBoost,0.99676114320755,1
mimic_perform_non_af_015,0,XGBoost,0.0015455230604857206,0
mimic_perform_non_af_015,0,XGBoost,0.01263059675693512,0
mimic_perform_non_af_015,0,XGBoost,0.0023171822540462017,0
mimic_perform_non_af_015,0,XGBoost,0.00074030488030985,0
mimic_perform_non_af_015,0,XGBoost,0.0006981025799177587,0
mimic_perform_non_af_015,0,XGBoost,0.00963063258677721,0
mimic_perform_non_af_015,0,XGBoost,0.22883662581443787,0
mimic_perform_non_af_015,0,XGBoost,0.3813442885875702,0
mimic_perform_non_af_015,0,XGBoost,0.0014440268278121948,0
mimic_perform_non_af_015,0,XGBoost,0.0006246447446756065,0
mimic_perform_non_af_015,0,XGBoost,0.0006584548391401768,0
mimic_perform_non_af_015,0,XGBoost,0.00074030488030985,0
mimic_perform_non_af_015,0,XGBoost,0.00074030488030985,0
mimic_perform_non_af_015,0,XGBoost,0.00074030488030985,0
mimic_perform_non_af_015,0,XGBoost,0.0032669894862920046,0
mimic_perform_non_af_015,0,XGBoost,0.016203410923480988,0
mimic_perform_non_af_015,0,XGBoost,0.002684329403564334,0
mimic_perform_non_af_015,0,XGBoost,0.002368238754570484,0
mimic_perform_non_af_015,0,XGBoost,0.002514998195692897,0
mimic_perform_non_af_015,0,XGBoost,0.007065176498144865,0
mimic_perform_non_af_015,0,XGBoost,0.0006584548391401768,0
mimic_perform_non_af_015,0,XGBoost,0.000581387197598815,0
mimic_perform_non_af_015,0,XGBoost,0.0004731170483864844,0
mimic_perform_non_af_015,0,XGBoost,0.0007466274546459317,0
mimic_perform_non_af_015,0,XGBoost,0.00074030488030985,0
mimic_perform_non_af_015,0,XGBoost,0.00074030488030985,0
mimic_perform_non_af_015,0,XGBoost,0.0005822659004479647,0
mimic_perform_non_af_015,0,XGBoost,0.006992548704147339,0
mimic_perform_non_af_015,0,XGBoost,0.01395219936966896,0
mimic_perform_non_af_015,0,XGBoost,0.008102761581540108,0
mimic_perform_non_af_015,0,XGBoost,0.005152794066816568,0
mimic_perform_non_af_015,0,XGBoost,0.0007897723116911948,0
mimic_perform_non_af_015,0,XGBoost,0.000588985625654459,0
mimic_perform_non_af_015,0,XGBoost,0.0006200992502272129,0
mimic_perform_non_af_015,0,XGBoost,0.00036579518928192556,0
mimic_perform_non_af_015,0,XGBoost,0.00036162088508717716,0
mimic_perform_non_af_015,0,XGBoost,0.0005588961066678166,0
mimic_perform_non_af_015,0,XGBoost,0.00579543923959136,0
mimic_perform_non_af_015,0,XGBoost,0.004062951542437077,0
mimic_perform_non_af_015,0,XGBoost,0.004294126760214567,0
mimic_perform_non_af_015,0,XGBoost,0.002154570072889328,0
mimic_perform_non_af_015,0,XGBoost,0.0011491664918139577,0
mimic_perform_non_af_015,0,XGBoost,0.00028880409081466496,0
mimic_perform_non_af_015,0,XGBoost,0.0005822659004479647,0
mimic_perform_non_af_015,0,XGBoost,0.00038622558349743485,0
mimic_perform_non_af_015,0,XGBoost,0.0003642205847427249,0
mimic_perform_non_af_015,0,XGBoost,0.0008394290925934911,0
mimic_perform_non_af_015,0,XGBoost,0.00074030488030985,0
mimic_perform_non_af_015,0,XGBoost,0.0006981025799177587,0
mimic_perform_non_af_015,0,XGBoost,0.0005441297544166446,0
mimic_perform_non_af_015,0,XGBoost,0.0005587405757978559,0
mimic_perform_non_af_015,0,XGBoost,0.00074030488030985,0
mimic_perform_non_af_015,0,XGBoost,0.0004095817275810987,0
mimic_perform_non_af_015,0,XGBoost,0.0030889634508639574,0
mimic_perform_non_af_015,0,XGBoost,0.003238794393837452,0
mimic_perform_non_af_015,0,XGBoost,0.00263758422806859,0
mimic_perform_non_af_015,0,XGBoost,0.0007450719713233411,0
mimic_perform_non_af_015,0,XGBoost,0.0028003607876598835,0
mimic_perform_non_af_015,0,XGBoost,0.0028831034433096647,0
mimic_perform_non_af_015,0,XGBoost,0.0015755676431581378,0
mimic_perform_non_af_015,0,XGBoost,0.9169214367866516,1
mimic_perform_non_af_015,0,XGBoost,0.997814416885376,1
mimic_perform_non_af_015,0,XGBoost,0.388022780418396,0
mimic_perform_non_af_015,0,XGBoost,0.0021991743706166744,0
mimic_perform_non_af_015,0,XGBoost,0.0009426967590115964,0
mimic_perform_non_af_015,0,XGBoost,0.0032154249493032694,0
mimic_perform_non_af_015,0,XGBoost,0.002425017999485135,0
mimic_perform_non_af_015,0,XGBoost,0.0012232355074957013,0
mimic_perform_non_af_015,0,XGBoost,0.0006839327397756279,0
mimic_perform_non_af_015,0,XGBoost,0.0009098375448957086,0
mimic_perform_non_af_015,0,XGBoost,0.0009398296824656427,0
mimic_perform_non_af_015,0,XGBoost,0.00045891402987763286,0
mimic_perform_non_af_015,0,XGBoost,0.00036162088508717716,0
mimic_perform_non_af_015,0,XGBoost,0.0008470930042676628,0
mimic_perform_non_af_015,0,XGBoost,0.00025084312073886395,0
mimic_perform_non_af_015,0,XGBoost,0.0003379312693141401,0
mimic_perform_non_af_015,0,XGBoost,0.0003379312693141401,0
mimic_perform_non_af_015,0,XGBoost,0.0016413703560829163,0
mimic_perform_non_af_015,0,XGBoost,0.009061303921043873,0
mimic_perform_non_af_015,0,XGBoost,0.011733613908290863,0
mimic_perform_non_af_015,0,XGBoost,0.0013636831426993012,0
mimic_perform_non_af_015,0,XGBoost,0.00074030488030985,0
mimic_perform_non_af_015,0,XGBoost,0.0002148963394574821,0
mimic_perform_non_af_015,0,XGBoost,0.00030905145104043186,0
mimic_perform_non_af_015,0,XGBoost,0.0004298244311939925,0
mimic_perform_non_af_015,0,XGBoost,0.0005587405757978559,0
mimic_perform_non_af_015,0,XGBoost,0.00074030488030985,0
mimic_perform_non_af_015,0,XGBoost,0.0007022948702797294,0
mimic_perform_non_af_015,0,XGBoost,0.0006981025799177587,0
mimic_perform_non_af_015,0,XGBoost,0.00074030488030985,0
mimic_perform_non_af_015,0,XGBoost,0.0012954798294231296,0
mimic_perform_non_af_015,0,XGBoost,0.0017755242297425866,0
mimic_perform_non_af_015,0,XGBoost,0.0007382589974440634,0
mimic_perform_non_af_015,0,XGBoost,0.0014534794026985765,0
mimic_perform_non_af_015,0,XGBoost,0.0018895980902016163,0
mimic_perform_non_af_015,0,XGBoost,0.0010663758730515838,0
mimic_perform_non_af_015,0,XGBoost,0.0010733978124335408,0
mimic_perform_non_af_015,0,XGBoost,0.008267722092568874,0
mimic_perform_non_af_015,0,XGBoost,0.005961594171822071,0
mimic_perform_non_af_015,0,XGBoost,0.00074030488030985,0
mimic_perform_non_af_015,0,XGBoost,0.00074030488030985,0
mimic_perform_non_af_015,0,XGBoost,0.000588985625654459,0
mimic_perform_non_af_015,0,XGBoost,0.0006711671594530344,0
mimic_perform_non_af_015,0,XGBoost,0.00047900420031510293,0
mimic_perform_non_af_015,0,XGBoost,0.001697996282018721,0
mimic_perform_non_af_015,0,XGBoost,0.00074030488030985,0
mimic_perform_non_af_015,0,XGBoost,0.0008698317687958479,0
mimic_perform_non_af_015,0,XGBoost,0.00036162088508717716,0
mimic_perform_non_af_015,0,XGBoost,0.0005077503155916929,0
mimic_perform_non_af_015,0,XGBoost,0.0007022948702797294,0
mimic_perform_non_af_015,0,XGBoost,0.00074030488030985,0
mimic_perform_non_af_015,0,XGBoost,0.00074030488030985,0
mimic_perform_non_af_015,0,XGBoost,0.0007171892793849111,0
mimic_perform_non_af_015,0,XGBoost,0.00048648027586750686,0
mimic_perform_non_af_015,0,XGBoost,0.00084948685253039,0
mimic_perform_non_af_015,0,XGBoost,0.0005238570738583803,0
mimic_perform_non_af_015,0,XGBoost,0.0006528118392452598,0
mimic_perform_non_af_015,0,XGBoost,0.0006629197741858661,0
mimic_perform_non_af_016,0,XGBoost,0.0007600217359140515,0
mimic_perform_non_af_016,0,XGBoost,0.0009818470571190119,0
mimic_perform_non_af_016,0,XGBoost,0.0008268479141406715,0
mimic_perform_non_af_016,0,XGBoost,0.0044838059693574905,0
mimic_perform_non_af_016,0,XGBoost,0.0022411656100302935,0
mimic_perform_non_af_016,0,XGBoost,0.0008826353587210178,0
mimic_perform_non_af_016,0,XGBoost,0.0394434779882431,0
mimic_perform_non_af_016,0,XGBoost,0.21200935542583466,0
mimic_perform_non_af_016,0,XGBoost,0.19710220396518707,0
mimic_perform_non_af_016,0,XGBoost,0.0005153430392965674,0
mimic_perform_non_af_016,0,XGBoost,0.0005076058441773057,0
mimic_perform_non_af_016,0,XGBoost,0.0008973847143352032,0
mimic_perform_non_af_016,0,XGBoost,0.001306856982409954,0
mimic_perform_non_af_016,0,XGBoost,0.0007144020055420697,0
mimic_perform_non_af_016,0,XGBoost,0.0004914685850962996,0
mimic_perform_non_af_016,0,XGBoost,0.00025198794901371,0
mimic_perform_non_af_016,0,XGBoost,0.00025198794901371,0
mimic_perform_non_af_016,0,XGBoost,0.00024838990066200495,0
mimic_perform_non_af_016,0,XGBoost,0.0002553105296101421,0
mimic_perform_non_af_016,0,XGBoost,0.0002553105296101421,0
mimic_perform_non_af_016,0,XGBoost,0.00025198794901371,0
mimic_perform_non_af_016,0,XGBoost,0.0002283916692249477,0
mimic_perform_non_af_016,0,XGBoost,0.00018312754400540143,0
mimic_perform_non_af_016,0,XGBoost,0.00018277011986356229,0
mimic_perform_non_af_016,0,XGBoost,0.0003107929660473019,0
mimic_perform_non_af_016,0,XGBoost,0.00037235714262351394,0
mimic_perform_non_af_016,0,XGBoost,0.001570249325595796,0
mimic_perform_non_af_016,0,XGBoost,0.005120251793414354,0
mimic_perform_non_af_016,0,XGBoost,0.0013327598571777344,0
mimic_perform_non_af_016,0,XGBoost,0.0008812412270344794,0
mimic_perform_non_af_016,0,XGBoost,0.0008103101863525808,0
mimic_perform_non_af_016,0,XGBoost,0.0006661456427536905,0
mimic_perform_non_af_016,0,XGBoost,0.006536409258842468,0
mimic_perform_non_af_016,0,XGBoost,0.00735301710665226,0
mimic_perform_non_af_016,0,XGBoost,0.008438151329755783,0
mimic_perform_non_af_016,0,XGBoost,0.00030508529744111,0
mimic_perform_non_af_016,0,XGBoost,0.0006952499970793724,0
mimic_perform_non_af_016,0,XGBoost,0.018790099769830704,0
mimic_perform_non_af_016,0,XGBoost,0.0140529191121459,0
mimic_perform_non_af_016,0,XGBoost,0.008888103067874908,0
mimic_perform_non_af_016,0,XGBoost,0.0008145497995428741,0
mimic_perform_non_af_016,0,XGBoost,0.0008493856294080615,0
mimic_perform_non_af_016,0,XGBoost,0.0010740524157881737,0
mimic_perform_non_af_016,0,XGBoost,0.001527056796476245,0
mimic_perform_non_af_016,0,XGBoost,0.002011119155213237,0
mimic_perform_non_af_016,0,XGBoost,0.0010475711897015572,0
mimic_perform_non_af_016,0,XGBoost,0.004573401995003223,0
mimic_perform_non_af_016,0,XGBoost,0.0015913834795355797,0
mimic_perform_non_af_016,0,XGBoost,0.001152581418864429,0
mimic_perform_non_af_016,0,XGBoost,0.0002590194344520569,0
mimic_perform_non_af_016,0,XGBoost,0.00020391985890455544,0
mimic_perform_non_af_016,0,XGBoost,0.00024930882500484586,0
mimic_perform_non_af_016,0,XGBoost,0.010126486420631409,0
mimic_perform_non_af_016,0,XGBoost,0.0033523952588438988,0
mimic_perform_non_af_016,0,XGBoost,0.0035235106479376554,0
mimic_perform_non_af_016,0,XGBoost,0.0002067620662273839,0
mimic_perform_non_af_016,0,XGBoost,0.0007768928189761937,0
mimic_perform_non_af_016,0,XGBoost,0.0011772667057812214,0
mimic_perform_non_af_016,0,XGBoost,0.0007600217359140515,0
mimic_perform_non_af_016,0,XGBoost,0.00018277011986356229,0
mimic_perform_non_af_016,0,XGBoost,0.005174145568162203,0
mimic_perform_non_af_016,0,XGBoost,0.025841696187853813,0
mimic_perform_non_af_016,0,XGBoost,0.0028202985413372517,0
mimic_perform_non_af_016,0,XGBoost,0.009186221286654472,0
mimic_perform_non_af_016,0,XGBoost,0.01126206386834383,0
mimic_perform_non_af_016,0,XGBoost,0.0004518071364145726,0
mimic_perform_non_af_016,0,XGBoost,0.0011413302272558212,0
mimic_perform_non_af_016,0,XGBoost,0.0014595892280340195,0
mimic_perform_non_af_016,0,XGBoost,0.00032776425359770656,0
mimic_perform_non_af_016,0,XGBoost,0.00023138154938351363,0
mimic_perform_non_af_016,0,XGBoost,0.00018653018923942,0
mimic_perform_non_af_016,0,XGBoost,0.00022794592950958759,0
mimic_perform_non_af_016,0,XGBoost,0.0002067620662273839,0
mimic_perform_non_af_016,0,XGBoost,0.0002113204391207546,0
mimic_perform_non_af_016,0,XGBoost,0.0003066500648856163,0
mimic_perform_non_af_016,0,XGBoost,0.00018277011986356229,0
mimic_perform_non_af_016,0,XGBoost,0.0003176444151904434,0
mimic_perform_non_af_016,0,XGBoost,0.0003107929660473019,0
mimic_perform_non_af_016,0,XGBoost,0.00018277011986356229,0
mimic_perform_non_af_016,0,XGBoost,0.00018277011986356229,0
mimic_perform_non_af_016,0,XGBoost,0.007211433257907629,0
mimic_perform_non_af_016,0,XGBoost,0.004479676950722933,0
mimic_perform_non_af_016,0,XGBoost,0.004640345927327871,0
mimic_perform_non_af_016,0,XGBoost,0.0001899914932437241,0
mimic_perform_non_af_016,0,XGBoost,0.00018751899187918752,0
mimic_perform_non_af_016,0,XGBoost,0.0002361544902669266,0
mimic_perform_non_af_016,0,XGBoost,0.00022794592950958759,0
mimic_perform_non_af_016,0,XGBoost,0.000189983329619281,0
mimic_perform_non_af_016,0,XGBoost,0.0002067620662273839,0
mimic_perform_non_af_016,0,XGBoost,0.0002067620662273839,0
mimic_perform_non_af_016,0,XGBoost,0.0003107929660473019,0
mimic_perform_non_af_016,0,XGBoost,0.00018277011986356229,0
mimic_perform_non_af_016,0,XGBoost,0.00018277011986356229,0
mimic_perform_non_af_016,0,XGBoost,0.0003107929660473019,0
mimic_perform_non_af_016,0,XGBoost,0.00018653018923942,0
mimic_perform_non_af_016,0,XGBoost,0.00021493116219062358,0
mimic_perform_non_af_016,0,XGBoost,0.0002067620662273839,0
mimic_perform_non_af_016,0,XGBoost,0.00014826310507487506,0
mimic_perform_non_af_016,0,XGBoost,0.00024547407520003617,0
mimic_perform_non_af_016,0,XGBoost,0.00022794592950958759,0
mimic_perform_non_af_016,0,XGBoost,0.00024970609229058027,0
mimic_perform_non_af_016,0,XGBoost,0.00018277011986356229,0
mimic_perform_non_af_016,0,XGBoost,0.00021493116219062358,0
mimic_perform_non_af_016,0,XGBoost,0.0002542591537348926,0
mimic_perform_non_af_016,0,XGBoost,0.00018679964705370367,0
mimic_perform_non_af_016,0,XGBoost,0.00024101254530251026,0
mimic_perform_non_af_016,0,XGBoost,0.00023971406335476786,0
mimic_perform_non_af_016,0,XGBoost,0.00024547407520003617,0
mimic_perform_non_af_016,0,XGBoost,0.00016825842612888664,0
mimic_perform_non_af_016,0,XGBoost,0.00032914296025410295,0
mimic_perform_non_af_016,0,XGBoost,0.0018647309625521302,0
mimic_perform_non_af_016,0,XGBoost,0.0012358786771073937,0
mimic_perform_non_af_016,0,XGBoost,0.0003230712900403887,0
mimic_perform_non_af_016,0,XGBoost,0.00018277011986356229,0
mimic_perform_non_af_016,0,XGBoost,0.0003066500648856163,0
mimic_perform_non_af_016,0,XGBoost,0.0001899914932437241,0
mimic_perform_non_af_016,0,XGBoost,0.00024560681777074933,0
mimic_perform_non_af_016,0,XGBoost,0.024246828630566597,0
